2025-10-14 15:28:07,531 - INFO - Getting proxy IP for current session
2025-10-14 15:28:08,739 - INFO - Proxy url dict created for request
2025-10-14 15:28:08,739 - INFO - Setting up crawler to extract data
2025-10-14 15:28:16,853 - INFO - Navigating to Marriott home page...
2025-10-14 15:28:19,060 - ERROR - Exception in callback AsyncIOEventEmitter._emit_run.<locals>.callback(<Task finishe...'continue_'")>) at C:\Users\amod.mishra_engineos\AppData\Local\Programs\Python\Python311\Lib\site-packages\pyee\asyncio.py:97
handle: <Handle AsyncIOEventEmitter._emit_run.<locals>.callback(<Task finishe...'continue_'")>) at C:\Users\amod.mishra_engineos\AppData\Local\Programs\Python\Python311\Lib\site-packages\pyee\asyncio.py:97>
Traceback (most recent call last):
  File "C:\Users\amod.mishra_engineos\AppData\Local\Programs\Python\Python311\Lib\asyncio\events.py", line 84, in _run
    self._context.run(self._callback, *self._args)
  File "C:\Users\amod.mishra_engineos\AppData\Local\Programs\Python\Python311\Lib\site-packages\pyee\asyncio.py", line 105, in callback
    self.emit("error", exc)
  File "C:\Users\amod.mishra_engineos\AppData\Local\Programs\Python\Python311\Lib\site-packages\pyee\asyncio.py", line 70, in emit
    return super().emit(event, *args, **kwargs)
           ^^^^^^^^^^^^^^^^^^^^^^^^^^^^^^^^^^^^
  File "C:\Users\amod.mishra_engineos\AppData\Local\Programs\Python\Python311\Lib\site-packages\pyee\base.py", line 223, in emit
    self._emit_handle_potential_error(event, args[0] if args else None)
  File "C:\Users\amod.mishra_engineos\AppData\Local\Programs\Python\Python311\Lib\site-packages\pyee\base.py", line 181, in _emit_handle_potential_error
    raise error
  File "C:\Users\amod.mishra_engineos\Odynn-Hotel-Framework\crm_core\hotel_crawlers\marriott\marriott_botright.py", line 102, in handle_route
    response = await route.continue_()
                     ^^^^^^^^^^^^^^^
AttributeError: 'Request' object has no attribute 'continue_'
2025-10-14 15:28:19,960 - ERROR - Exception in callback AsyncIOEventEmitter._emit_run.<locals>.callback(<Task finishe...'continue_'")>) at C:\Users\amod.mishra_engineos\AppData\Local\Programs\Python\Python311\Lib\site-packages\pyee\asyncio.py:97
handle: <Handle AsyncIOEventEmitter._emit_run.<locals>.callback(<Task finishe...'continue_'")>) at C:\Users\amod.mishra_engineos\AppData\Local\Programs\Python\Python311\Lib\site-packages\pyee\asyncio.py:97>
Traceback (most recent call last):
  File "C:\Users\amod.mishra_engineos\AppData\Local\Programs\Python\Python311\Lib\asyncio\events.py", line 84, in _run
    self._context.run(self._callback, *self._args)
  File "C:\Users\amod.mishra_engineos\AppData\Local\Programs\Python\Python311\Lib\site-packages\pyee\asyncio.py", line 105, in callback
    self.emit("error", exc)
  File "C:\Users\amod.mishra_engineos\AppData\Local\Programs\Python\Python311\Lib\site-packages\pyee\asyncio.py", line 70, in emit
    return super().emit(event, *args, **kwargs)
           ^^^^^^^^^^^^^^^^^^^^^^^^^^^^^^^^^^^^
  File "C:\Users\amod.mishra_engineos\AppData\Local\Programs\Python\Python311\Lib\site-packages\pyee\base.py", line 223, in emit
    self._emit_handle_potential_error(event, args[0] if args else None)
  File "C:\Users\amod.mishra_engineos\AppData\Local\Programs\Python\Python311\Lib\site-packages\pyee\base.py", line 181, in _emit_handle_potential_error
    raise error
  File "C:\Users\amod.mishra_engineos\Odynn-Hotel-Framework\crm_core\hotel_crawlers\marriott\marriott_botright.py", line 102, in handle_route
    response = await route.continue_()
                     ^^^^^^^^^^^^^^^
AttributeError: 'Request' object has no attribute 'continue_'
2025-10-14 15:28:20,268 - ERROR - Exception in callback AsyncIOEventEmitter._emit_run.<locals>.callback(<Task finishe...'continue_'")>) at C:\Users\amod.mishra_engineos\AppData\Local\Programs\Python\Python311\Lib\site-packages\pyee\asyncio.py:97
handle: <Handle AsyncIOEventEmitter._emit_run.<locals>.callback(<Task finishe...'continue_'")>) at C:\Users\amod.mishra_engineos\AppData\Local\Programs\Python\Python311\Lib\site-packages\pyee\asyncio.py:97>
Traceback (most recent call last):
  File "C:\Users\amod.mishra_engineos\AppData\Local\Programs\Python\Python311\Lib\asyncio\events.py", line 84, in _run
    self._context.run(self._callback, *self._args)
  File "C:\Users\amod.mishra_engineos\AppData\Local\Programs\Python\Python311\Lib\site-packages\pyee\asyncio.py", line 105, in callback
    self.emit("error", exc)
  File "C:\Users\amod.mishra_engineos\AppData\Local\Programs\Python\Python311\Lib\site-packages\pyee\asyncio.py", line 70, in emit
    return super().emit(event, *args, **kwargs)
           ^^^^^^^^^^^^^^^^^^^^^^^^^^^^^^^^^^^^
  File "C:\Users\amod.mishra_engineos\AppData\Local\Programs\Python\Python311\Lib\site-packages\pyee\base.py", line 223, in emit
    self._emit_handle_potential_error(event, args[0] if args else None)
  File "C:\Users\amod.mishra_engineos\AppData\Local\Programs\Python\Python311\Lib\site-packages\pyee\base.py", line 181, in _emit_handle_potential_error
    raise error
  File "C:\Users\amod.mishra_engineos\Odynn-Hotel-Framework\crm_core\hotel_crawlers\marriott\marriott_botright.py", line 102, in handle_route
    response = await route.continue_()
                     ^^^^^^^^^^^^^^^
AttributeError: 'Request' object has no attribute 'continue_'
2025-10-14 15:28:20,282 - ERROR - Exception in callback AsyncIOEventEmitter._emit_run.<locals>.callback(<Task finishe...'continue_'")>) at C:\Users\amod.mishra_engineos\AppData\Local\Programs\Python\Python311\Lib\site-packages\pyee\asyncio.py:97
handle: <Handle AsyncIOEventEmitter._emit_run.<locals>.callback(<Task finishe...'continue_'")>) at C:\Users\amod.mishra_engineos\AppData\Local\Programs\Python\Python311\Lib\site-packages\pyee\asyncio.py:97>
Traceback (most recent call last):
  File "C:\Users\amod.mishra_engineos\AppData\Local\Programs\Python\Python311\Lib\asyncio\events.py", line 84, in _run
    self._context.run(self._callback, *self._args)
  File "C:\Users\amod.mishra_engineos\AppData\Local\Programs\Python\Python311\Lib\site-packages\pyee\asyncio.py", line 105, in callback
    self.emit("error", exc)
  File "C:\Users\amod.mishra_engineos\AppData\Local\Programs\Python\Python311\Lib\site-packages\pyee\asyncio.py", line 70, in emit
    return super().emit(event, *args, **kwargs)
           ^^^^^^^^^^^^^^^^^^^^^^^^^^^^^^^^^^^^
  File "C:\Users\amod.mishra_engineos\AppData\Local\Programs\Python\Python311\Lib\site-packages\pyee\base.py", line 223, in emit
    self._emit_handle_potential_error(event, args[0] if args else None)
  File "C:\Users\amod.mishra_engineos\AppData\Local\Programs\Python\Python311\Lib\site-packages\pyee\base.py", line 181, in _emit_handle_potential_error
    raise error
  File "C:\Users\amod.mishra_engineos\Odynn-Hotel-Framework\crm_core\hotel_crawlers\marriott\marriott_botright.py", line 102, in handle_route
    response = await route.continue_()
                     ^^^^^^^^^^^^^^^
AttributeError: 'Request' object has no attribute 'continue_'
2025-10-14 15:28:20,421 - ERROR - Exception in callback AsyncIOEventEmitter._emit_run.<locals>.callback(<Task finishe...'continue_'")>) at C:\Users\amod.mishra_engineos\AppData\Local\Programs\Python\Python311\Lib\site-packages\pyee\asyncio.py:97
handle: <Handle AsyncIOEventEmitter._emit_run.<locals>.callback(<Task finishe...'continue_'")>) at C:\Users\amod.mishra_engineos\AppData\Local\Programs\Python\Python311\Lib\site-packages\pyee\asyncio.py:97>
Traceback (most recent call last):
  File "C:\Users\amod.mishra_engineos\AppData\Local\Programs\Python\Python311\Lib\asyncio\events.py", line 84, in _run
    self._context.run(self._callback, *self._args)
  File "C:\Users\amod.mishra_engineos\AppData\Local\Programs\Python\Python311\Lib\site-packages\pyee\asyncio.py", line 105, in callback
    self.emit("error", exc)
  File "C:\Users\amod.mishra_engineos\AppData\Local\Programs\Python\Python311\Lib\site-packages\pyee\asyncio.py", line 70, in emit
    return super().emit(event, *args, **kwargs)
           ^^^^^^^^^^^^^^^^^^^^^^^^^^^^^^^^^^^^
  File "C:\Users\amod.mishra_engineos\AppData\Local\Programs\Python\Python311\Lib\site-packages\pyee\base.py", line 223, in emit
    self._emit_handle_potential_error(event, args[0] if args else None)
  File "C:\Users\amod.mishra_engineos\AppData\Local\Programs\Python\Python311\Lib\site-packages\pyee\base.py", line 181, in _emit_handle_potential_error
    raise error
  File "C:\Users\amod.mishra_engineos\Odynn-Hotel-Framework\crm_core\hotel_crawlers\marriott\marriott_botright.py", line 102, in handle_route
    response = await route.continue_()
                     ^^^^^^^^^^^^^^^
AttributeError: 'Request' object has no attribute 'continue_'
2025-10-14 15:28:20,491 - ERROR - Exception in callback AsyncIOEventEmitter._emit_run.<locals>.callback(<Task finishe...'continue_'")>) at C:\Users\amod.mishra_engineos\AppData\Local\Programs\Python\Python311\Lib\site-packages\pyee\asyncio.py:97
handle: <Handle AsyncIOEventEmitter._emit_run.<locals>.callback(<Task finishe...'continue_'")>) at C:\Users\amod.mishra_engineos\AppData\Local\Programs\Python\Python311\Lib\site-packages\pyee\asyncio.py:97>
Traceback (most recent call last):
  File "C:\Users\amod.mishra_engineos\AppData\Local\Programs\Python\Python311\Lib\asyncio\events.py", line 84, in _run
    self._context.run(self._callback, *self._args)
  File "C:\Users\amod.mishra_engineos\AppData\Local\Programs\Python\Python311\Lib\site-packages\pyee\asyncio.py", line 105, in callback
    self.emit("error", exc)
  File "C:\Users\amod.mishra_engineos\AppData\Local\Programs\Python\Python311\Lib\site-packages\pyee\asyncio.py", line 70, in emit
    return super().emit(event, *args, **kwargs)
           ^^^^^^^^^^^^^^^^^^^^^^^^^^^^^^^^^^^^
  File "C:\Users\amod.mishra_engineos\AppData\Local\Programs\Python\Python311\Lib\site-packages\pyee\base.py", line 223, in emit
    self._emit_handle_potential_error(event, args[0] if args else None)
  File "C:\Users\amod.mishra_engineos\AppData\Local\Programs\Python\Python311\Lib\site-packages\pyee\base.py", line 181, in _emit_handle_potential_error
    raise error
  File "C:\Users\amod.mishra_engineos\Odynn-Hotel-Framework\crm_core\hotel_crawlers\marriott\marriott_botright.py", line 102, in handle_route
    response = await route.continue_()
                     ^^^^^^^^^^^^^^^
AttributeError: 'Request' object has no attribute 'continue_'
2025-10-14 15:28:21,005 - ERROR - Exception in callback AsyncIOEventEmitter._emit_run.<locals>.callback(<Task finishe...'continue_'")>) at C:\Users\amod.mishra_engineos\AppData\Local\Programs\Python\Python311\Lib\site-packages\pyee\asyncio.py:97
handle: <Handle AsyncIOEventEmitter._emit_run.<locals>.callback(<Task finishe...'continue_'")>) at C:\Users\amod.mishra_engineos\AppData\Local\Programs\Python\Python311\Lib\site-packages\pyee\asyncio.py:97>
Traceback (most recent call last):
  File "C:\Users\amod.mishra_engineos\AppData\Local\Programs\Python\Python311\Lib\asyncio\events.py", line 84, in _run
    self._context.run(self._callback, *self._args)
  File "C:\Users\amod.mishra_engineos\AppData\Local\Programs\Python\Python311\Lib\site-packages\pyee\asyncio.py", line 105, in callback
    self.emit("error", exc)
  File "C:\Users\amod.mishra_engineos\AppData\Local\Programs\Python\Python311\Lib\site-packages\pyee\asyncio.py", line 70, in emit
    return super().emit(event, *args, **kwargs)
           ^^^^^^^^^^^^^^^^^^^^^^^^^^^^^^^^^^^^
  File "C:\Users\amod.mishra_engineos\AppData\Local\Programs\Python\Python311\Lib\site-packages\pyee\base.py", line 223, in emit
    self._emit_handle_potential_error(event, args[0] if args else None)
  File "C:\Users\amod.mishra_engineos\AppData\Local\Programs\Python\Python311\Lib\site-packages\pyee\base.py", line 181, in _emit_handle_potential_error
    raise error
  File "C:\Users\amod.mishra_engineos\Odynn-Hotel-Framework\crm_core\hotel_crawlers\marriott\marriott_botright.py", line 102, in handle_route
    response = await route.continue_()
                     ^^^^^^^^^^^^^^^
AttributeError: 'Request' object has no attribute 'continue_'
2025-10-14 15:28:21,375 - ERROR - Exception in callback AsyncIOEventEmitter._emit_run.<locals>.callback(<Task finishe...'continue_'")>) at C:\Users\amod.mishra_engineos\AppData\Local\Programs\Python\Python311\Lib\site-packages\pyee\asyncio.py:97
handle: <Handle AsyncIOEventEmitter._emit_run.<locals>.callback(<Task finishe...'continue_'")>) at C:\Users\amod.mishra_engineos\AppData\Local\Programs\Python\Python311\Lib\site-packages\pyee\asyncio.py:97>
Traceback (most recent call last):
  File "C:\Users\amod.mishra_engineos\AppData\Local\Programs\Python\Python311\Lib\asyncio\events.py", line 84, in _run
    self._context.run(self._callback, *self._args)
  File "C:\Users\amod.mishra_engineos\AppData\Local\Programs\Python\Python311\Lib\site-packages\pyee\asyncio.py", line 105, in callback
    self.emit("error", exc)
  File "C:\Users\amod.mishra_engineos\AppData\Local\Programs\Python\Python311\Lib\site-packages\pyee\asyncio.py", line 70, in emit
    return super().emit(event, *args, **kwargs)
           ^^^^^^^^^^^^^^^^^^^^^^^^^^^^^^^^^^^^
  File "C:\Users\amod.mishra_engineos\AppData\Local\Programs\Python\Python311\Lib\site-packages\pyee\base.py", line 223, in emit
    self._emit_handle_potential_error(event, args[0] if args else None)
  File "C:\Users\amod.mishra_engineos\AppData\Local\Programs\Python\Python311\Lib\site-packages\pyee\base.py", line 181, in _emit_handle_potential_error
    raise error
  File "C:\Users\amod.mishra_engineos\Odynn-Hotel-Framework\crm_core\hotel_crawlers\marriott\marriott_botright.py", line 102, in handle_route
    response = await route.continue_()
                     ^^^^^^^^^^^^^^^
AttributeError: 'Request' object has no attribute 'continue_'
2025-10-14 15:28:21,381 - ERROR - Exception in callback AsyncIOEventEmitter._emit_run.<locals>.callback(<Task finishe...'continue_'")>) at C:\Users\amod.mishra_engineos\AppData\Local\Programs\Python\Python311\Lib\site-packages\pyee\asyncio.py:97
handle: <Handle AsyncIOEventEmitter._emit_run.<locals>.callback(<Task finishe...'continue_'")>) at C:\Users\amod.mishra_engineos\AppData\Local\Programs\Python\Python311\Lib\site-packages\pyee\asyncio.py:97>
Traceback (most recent call last):
  File "C:\Users\amod.mishra_engineos\AppData\Local\Programs\Python\Python311\Lib\asyncio\events.py", line 84, in _run
    self._context.run(self._callback, *self._args)
  File "C:\Users\amod.mishra_engineos\AppData\Local\Programs\Python\Python311\Lib\site-packages\pyee\asyncio.py", line 105, in callback
    self.emit("error", exc)
  File "C:\Users\amod.mishra_engineos\AppData\Local\Programs\Python\Python311\Lib\site-packages\pyee\asyncio.py", line 70, in emit
    return super().emit(event, *args, **kwargs)
           ^^^^^^^^^^^^^^^^^^^^^^^^^^^^^^^^^^^^
  File "C:\Users\amod.mishra_engineos\AppData\Local\Programs\Python\Python311\Lib\site-packages\pyee\base.py", line 223, in emit
    self._emit_handle_potential_error(event, args[0] if args else None)
  File "C:\Users\amod.mishra_engineos\AppData\Local\Programs\Python\Python311\Lib\site-packages\pyee\base.py", line 181, in _emit_handle_potential_error
    raise error
  File "C:\Users\amod.mishra_engineos\Odynn-Hotel-Framework\crm_core\hotel_crawlers\marriott\marriott_botright.py", line 102, in handle_route
    response = await route.continue_()
                     ^^^^^^^^^^^^^^^
AttributeError: 'Request' object has no attribute 'continue_'
2025-10-14 15:28:21,514 - ERROR - Exception in callback AsyncIOEventEmitter._emit_run.<locals>.callback(<Task finishe...'continue_'")>) at C:\Users\amod.mishra_engineos\AppData\Local\Programs\Python\Python311\Lib\site-packages\pyee\asyncio.py:97
handle: <Handle AsyncIOEventEmitter._emit_run.<locals>.callback(<Task finishe...'continue_'")>) at C:\Users\amod.mishra_engineos\AppData\Local\Programs\Python\Python311\Lib\site-packages\pyee\asyncio.py:97>
Traceback (most recent call last):
  File "C:\Users\amod.mishra_engineos\AppData\Local\Programs\Python\Python311\Lib\asyncio\events.py", line 84, in _run
    self._context.run(self._callback, *self._args)
  File "C:\Users\amod.mishra_engineos\AppData\Local\Programs\Python\Python311\Lib\site-packages\pyee\asyncio.py", line 105, in callback
    self.emit("error", exc)
  File "C:\Users\amod.mishra_engineos\AppData\Local\Programs\Python\Python311\Lib\site-packages\pyee\asyncio.py", line 70, in emit
    return super().emit(event, *args, **kwargs)
           ^^^^^^^^^^^^^^^^^^^^^^^^^^^^^^^^^^^^
  File "C:\Users\amod.mishra_engineos\AppData\Local\Programs\Python\Python311\Lib\site-packages\pyee\base.py", line 223, in emit
    self._emit_handle_potential_error(event, args[0] if args else None)
  File "C:\Users\amod.mishra_engineos\AppData\Local\Programs\Python\Python311\Lib\site-packages\pyee\base.py", line 181, in _emit_handle_potential_error
    raise error
  File "C:\Users\amod.mishra_engineos\Odynn-Hotel-Framework\crm_core\hotel_crawlers\marriott\marriott_botright.py", line 102, in handle_route
    response = await route.continue_()
                     ^^^^^^^^^^^^^^^
AttributeError: 'Request' object has no attribute 'continue_'
2025-10-14 15:28:21,740 - ERROR - Exception in callback AsyncIOEventEmitter._emit_run.<locals>.callback(<Task finishe...'continue_'")>) at C:\Users\amod.mishra_engineos\AppData\Local\Programs\Python\Python311\Lib\site-packages\pyee\asyncio.py:97
handle: <Handle AsyncIOEventEmitter._emit_run.<locals>.callback(<Task finishe...'continue_'")>) at C:\Users\amod.mishra_engineos\AppData\Local\Programs\Python\Python311\Lib\site-packages\pyee\asyncio.py:97>
Traceback (most recent call last):
  File "C:\Users\amod.mishra_engineos\AppData\Local\Programs\Python\Python311\Lib\asyncio\events.py", line 84, in _run
    self._context.run(self._callback, *self._args)
  File "C:\Users\amod.mishra_engineos\AppData\Local\Programs\Python\Python311\Lib\site-packages\pyee\asyncio.py", line 105, in callback
    self.emit("error", exc)
  File "C:\Users\amod.mishra_engineos\AppData\Local\Programs\Python\Python311\Lib\site-packages\pyee\asyncio.py", line 70, in emit
    return super().emit(event, *args, **kwargs)
           ^^^^^^^^^^^^^^^^^^^^^^^^^^^^^^^^^^^^
  File "C:\Users\amod.mishra_engineos\AppData\Local\Programs\Python\Python311\Lib\site-packages\pyee\base.py", line 223, in emit
    self._emit_handle_potential_error(event, args[0] if args else None)
  File "C:\Users\amod.mishra_engineos\AppData\Local\Programs\Python\Python311\Lib\site-packages\pyee\base.py", line 181, in _emit_handle_potential_error
    raise error
  File "C:\Users\amod.mishra_engineos\Odynn-Hotel-Framework\crm_core\hotel_crawlers\marriott\marriott_botright.py", line 102, in handle_route
    response = await route.continue_()
                     ^^^^^^^^^^^^^^^
AttributeError: 'Request' object has no attribute 'continue_'
2025-10-14 15:28:22,236 - ERROR - Exception in callback AsyncIOEventEmitter._emit_run.<locals>.callback(<Task finishe...'continue_'")>) at C:\Users\amod.mishra_engineos\AppData\Local\Programs\Python\Python311\Lib\site-packages\pyee\asyncio.py:97
handle: <Handle AsyncIOEventEmitter._emit_run.<locals>.callback(<Task finishe...'continue_'")>) at C:\Users\amod.mishra_engineos\AppData\Local\Programs\Python\Python311\Lib\site-packages\pyee\asyncio.py:97>
Traceback (most recent call last):
  File "C:\Users\amod.mishra_engineos\AppData\Local\Programs\Python\Python311\Lib\asyncio\events.py", line 84, in _run
    self._context.run(self._callback, *self._args)
  File "C:\Users\amod.mishra_engineos\AppData\Local\Programs\Python\Python311\Lib\site-packages\pyee\asyncio.py", line 105, in callback
    self.emit("error", exc)
  File "C:\Users\amod.mishra_engineos\AppData\Local\Programs\Python\Python311\Lib\site-packages\pyee\asyncio.py", line 70, in emit
    return super().emit(event, *args, **kwargs)
           ^^^^^^^^^^^^^^^^^^^^^^^^^^^^^^^^^^^^
  File "C:\Users\amod.mishra_engineos\AppData\Local\Programs\Python\Python311\Lib\site-packages\pyee\base.py", line 223, in emit
    self._emit_handle_potential_error(event, args[0] if args else None)
  File "C:\Users\amod.mishra_engineos\AppData\Local\Programs\Python\Python311\Lib\site-packages\pyee\base.py", line 181, in _emit_handle_potential_error
    raise error
  File "C:\Users\amod.mishra_engineos\Odynn-Hotel-Framework\crm_core\hotel_crawlers\marriott\marriott_botright.py", line 102, in handle_route
    response = await route.continue_()
                     ^^^^^^^^^^^^^^^
AttributeError: 'Request' object has no attribute 'continue_'
2025-10-14 15:28:22,405 - ERROR - Exception in callback AsyncIOEventEmitter._emit_run.<locals>.callback(<Task finishe...'continue_'")>) at C:\Users\amod.mishra_engineos\AppData\Local\Programs\Python\Python311\Lib\site-packages\pyee\asyncio.py:97
handle: <Handle AsyncIOEventEmitter._emit_run.<locals>.callback(<Task finishe...'continue_'")>) at C:\Users\amod.mishra_engineos\AppData\Local\Programs\Python\Python311\Lib\site-packages\pyee\asyncio.py:97>
Traceback (most recent call last):
  File "C:\Users\amod.mishra_engineos\AppData\Local\Programs\Python\Python311\Lib\asyncio\events.py", line 84, in _run
    self._context.run(self._callback, *self._args)
  File "C:\Users\amod.mishra_engineos\AppData\Local\Programs\Python\Python311\Lib\site-packages\pyee\asyncio.py", line 105, in callback
    self.emit("error", exc)
  File "C:\Users\amod.mishra_engineos\AppData\Local\Programs\Python\Python311\Lib\site-packages\pyee\asyncio.py", line 70, in emit
    return super().emit(event, *args, **kwargs)
           ^^^^^^^^^^^^^^^^^^^^^^^^^^^^^^^^^^^^
  File "C:\Users\amod.mishra_engineos\AppData\Local\Programs\Python\Python311\Lib\site-packages\pyee\base.py", line 223, in emit
    self._emit_handle_potential_error(event, args[0] if args else None)
  File "C:\Users\amod.mishra_engineos\AppData\Local\Programs\Python\Python311\Lib\site-packages\pyee\base.py", line 181, in _emit_handle_potential_error
    raise error
  File "C:\Users\amod.mishra_engineos\Odynn-Hotel-Framework\crm_core\hotel_crawlers\marriott\marriott_botright.py", line 102, in handle_route
    response = await route.continue_()
                     ^^^^^^^^^^^^^^^
AttributeError: 'Request' object has no attribute 'continue_'
2025-10-14 15:28:22,580 - ERROR - Exception in callback AsyncIOEventEmitter._emit_run.<locals>.callback(<Task finishe...'continue_'")>) at C:\Users\amod.mishra_engineos\AppData\Local\Programs\Python\Python311\Lib\site-packages\pyee\asyncio.py:97
handle: <Handle AsyncIOEventEmitter._emit_run.<locals>.callback(<Task finishe...'continue_'")>) at C:\Users\amod.mishra_engineos\AppData\Local\Programs\Python\Python311\Lib\site-packages\pyee\asyncio.py:97>
Traceback (most recent call last):
  File "C:\Users\amod.mishra_engineos\AppData\Local\Programs\Python\Python311\Lib\asyncio\events.py", line 84, in _run
    self._context.run(self._callback, *self._args)
  File "C:\Users\amod.mishra_engineos\AppData\Local\Programs\Python\Python311\Lib\site-packages\pyee\asyncio.py", line 105, in callback
    self.emit("error", exc)
  File "C:\Users\amod.mishra_engineos\AppData\Local\Programs\Python\Python311\Lib\site-packages\pyee\asyncio.py", line 70, in emit
    return super().emit(event, *args, **kwargs)
           ^^^^^^^^^^^^^^^^^^^^^^^^^^^^^^^^^^^^
  File "C:\Users\amod.mishra_engineos\AppData\Local\Programs\Python\Python311\Lib\site-packages\pyee\base.py", line 223, in emit
    self._emit_handle_potential_error(event, args[0] if args else None)
  File "C:\Users\amod.mishra_engineos\AppData\Local\Programs\Python\Python311\Lib\site-packages\pyee\base.py", line 181, in _emit_handle_potential_error
    raise error
  File "C:\Users\amod.mishra_engineos\Odynn-Hotel-Framework\crm_core\hotel_crawlers\marriott\marriott_botright.py", line 102, in handle_route
    response = await route.continue_()
                     ^^^^^^^^^^^^^^^
AttributeError: 'Request' object has no attribute 'continue_'
2025-10-14 15:28:22,588 - ERROR - Exception in callback AsyncIOEventEmitter._emit_run.<locals>.callback(<Task finishe...'continue_'")>) at C:\Users\amod.mishra_engineos\AppData\Local\Programs\Python\Python311\Lib\site-packages\pyee\asyncio.py:97
handle: <Handle AsyncIOEventEmitter._emit_run.<locals>.callback(<Task finishe...'continue_'")>) at C:\Users\amod.mishra_engineos\AppData\Local\Programs\Python\Python311\Lib\site-packages\pyee\asyncio.py:97>
Traceback (most recent call last):
  File "C:\Users\amod.mishra_engineos\AppData\Local\Programs\Python\Python311\Lib\asyncio\events.py", line 84, in _run
    self._context.run(self._callback, *self._args)
  File "C:\Users\amod.mishra_engineos\AppData\Local\Programs\Python\Python311\Lib\site-packages\pyee\asyncio.py", line 105, in callback
    self.emit("error", exc)
  File "C:\Users\amod.mishra_engineos\AppData\Local\Programs\Python\Python311\Lib\site-packages\pyee\asyncio.py", line 70, in emit
    return super().emit(event, *args, **kwargs)
           ^^^^^^^^^^^^^^^^^^^^^^^^^^^^^^^^^^^^
  File "C:\Users\amod.mishra_engineos\AppData\Local\Programs\Python\Python311\Lib\site-packages\pyee\base.py", line 223, in emit
    self._emit_handle_potential_error(event, args[0] if args else None)
  File "C:\Users\amod.mishra_engineos\AppData\Local\Programs\Python\Python311\Lib\site-packages\pyee\base.py", line 181, in _emit_handle_potential_error
    raise error
  File "C:\Users\amod.mishra_engineos\Odynn-Hotel-Framework\crm_core\hotel_crawlers\marriott\marriott_botright.py", line 102, in handle_route
    response = await route.continue_()
                     ^^^^^^^^^^^^^^^
AttributeError: 'Request' object has no attribute 'continue_'
2025-10-14 15:28:22,589 - ERROR - Exception in callback AsyncIOEventEmitter._emit_run.<locals>.callback(<Task finishe...'continue_'")>) at C:\Users\amod.mishra_engineos\AppData\Local\Programs\Python\Python311\Lib\site-packages\pyee\asyncio.py:97
handle: <Handle AsyncIOEventEmitter._emit_run.<locals>.callback(<Task finishe...'continue_'")>) at C:\Users\amod.mishra_engineos\AppData\Local\Programs\Python\Python311\Lib\site-packages\pyee\asyncio.py:97>
Traceback (most recent call last):
  File "C:\Users\amod.mishra_engineos\AppData\Local\Programs\Python\Python311\Lib\asyncio\events.py", line 84, in _run
    self._context.run(self._callback, *self._args)
  File "C:\Users\amod.mishra_engineos\AppData\Local\Programs\Python\Python311\Lib\site-packages\pyee\asyncio.py", line 105, in callback
    self.emit("error", exc)
  File "C:\Users\amod.mishra_engineos\AppData\Local\Programs\Python\Python311\Lib\site-packages\pyee\asyncio.py", line 70, in emit
    return super().emit(event, *args, **kwargs)
           ^^^^^^^^^^^^^^^^^^^^^^^^^^^^^^^^^^^^
  File "C:\Users\amod.mishra_engineos\AppData\Local\Programs\Python\Python311\Lib\site-packages\pyee\base.py", line 223, in emit
    self._emit_handle_potential_error(event, args[0] if args else None)
  File "C:\Users\amod.mishra_engineos\AppData\Local\Programs\Python\Python311\Lib\site-packages\pyee\base.py", line 181, in _emit_handle_potential_error
    raise error
  File "C:\Users\amod.mishra_engineos\Odynn-Hotel-Framework\crm_core\hotel_crawlers\marriott\marriott_botright.py", line 102, in handle_route
    response = await route.continue_()
                     ^^^^^^^^^^^^^^^
AttributeError: 'Request' object has no attribute 'continue_'
2025-10-14 15:28:22,842 - ERROR - Exception in callback AsyncIOEventEmitter._emit_run.<locals>.callback(<Task finishe...'continue_'")>) at C:\Users\amod.mishra_engineos\AppData\Local\Programs\Python\Python311\Lib\site-packages\pyee\asyncio.py:97
handle: <Handle AsyncIOEventEmitter._emit_run.<locals>.callback(<Task finishe...'continue_'")>) at C:\Users\amod.mishra_engineos\AppData\Local\Programs\Python\Python311\Lib\site-packages\pyee\asyncio.py:97>
Traceback (most recent call last):
  File "C:\Users\amod.mishra_engineos\AppData\Local\Programs\Python\Python311\Lib\asyncio\events.py", line 84, in _run
    self._context.run(self._callback, *self._args)
  File "C:\Users\amod.mishra_engineos\AppData\Local\Programs\Python\Python311\Lib\site-packages\pyee\asyncio.py", line 105, in callback
    self.emit("error", exc)
  File "C:\Users\amod.mishra_engineos\AppData\Local\Programs\Python\Python311\Lib\site-packages\pyee\asyncio.py", line 70, in emit
    return super().emit(event, *args, **kwargs)
           ^^^^^^^^^^^^^^^^^^^^^^^^^^^^^^^^^^^^
  File "C:\Users\amod.mishra_engineos\AppData\Local\Programs\Python\Python311\Lib\site-packages\pyee\base.py", line 223, in emit
    self._emit_handle_potential_error(event, args[0] if args else None)
  File "C:\Users\amod.mishra_engineos\AppData\Local\Programs\Python\Python311\Lib\site-packages\pyee\base.py", line 181, in _emit_handle_potential_error
    raise error
  File "C:\Users\amod.mishra_engineos\Odynn-Hotel-Framework\crm_core\hotel_crawlers\marriott\marriott_botright.py", line 102, in handle_route
    response = await route.continue_()
                     ^^^^^^^^^^^^^^^
AttributeError: 'Request' object has no attribute 'continue_'
2025-10-14 15:28:22,844 - ERROR - Exception in callback AsyncIOEventEmitter._emit_run.<locals>.callback(<Task finishe...'continue_'")>) at C:\Users\amod.mishra_engineos\AppData\Local\Programs\Python\Python311\Lib\site-packages\pyee\asyncio.py:97
handle: <Handle AsyncIOEventEmitter._emit_run.<locals>.callback(<Task finishe...'continue_'")>) at C:\Users\amod.mishra_engineos\AppData\Local\Programs\Python\Python311\Lib\site-packages\pyee\asyncio.py:97>
Traceback (most recent call last):
  File "C:\Users\amod.mishra_engineos\AppData\Local\Programs\Python\Python311\Lib\asyncio\events.py", line 84, in _run
    self._context.run(self._callback, *self._args)
  File "C:\Users\amod.mishra_engineos\AppData\Local\Programs\Python\Python311\Lib\site-packages\pyee\asyncio.py", line 105, in callback
    self.emit("error", exc)
  File "C:\Users\amod.mishra_engineos\AppData\Local\Programs\Python\Python311\Lib\site-packages\pyee\asyncio.py", line 70, in emit
    return super().emit(event, *args, **kwargs)
           ^^^^^^^^^^^^^^^^^^^^^^^^^^^^^^^^^^^^
  File "C:\Users\amod.mishra_engineos\AppData\Local\Programs\Python\Python311\Lib\site-packages\pyee\base.py", line 223, in emit
    self._emit_handle_potential_error(event, args[0] if args else None)
  File "C:\Users\amod.mishra_engineos\AppData\Local\Programs\Python\Python311\Lib\site-packages\pyee\base.py", line 181, in _emit_handle_potential_error
    raise error
  File "C:\Users\amod.mishra_engineos\Odynn-Hotel-Framework\crm_core\hotel_crawlers\marriott\marriott_botright.py", line 102, in handle_route
    response = await route.continue_()
                     ^^^^^^^^^^^^^^^
AttributeError: 'Request' object has no attribute 'continue_'
2025-10-14 15:28:23,342 - ERROR - Exception in callback AsyncIOEventEmitter._emit_run.<locals>.callback(<Task finishe...'continue_'")>) at C:\Users\amod.mishra_engineos\AppData\Local\Programs\Python\Python311\Lib\site-packages\pyee\asyncio.py:97
handle: <Handle AsyncIOEventEmitter._emit_run.<locals>.callback(<Task finishe...'continue_'")>) at C:\Users\amod.mishra_engineos\AppData\Local\Programs\Python\Python311\Lib\site-packages\pyee\asyncio.py:97>
Traceback (most recent call last):
  File "C:\Users\amod.mishra_engineos\AppData\Local\Programs\Python\Python311\Lib\asyncio\events.py", line 84, in _run
    self._context.run(self._callback, *self._args)
  File "C:\Users\amod.mishra_engineos\AppData\Local\Programs\Python\Python311\Lib\site-packages\pyee\asyncio.py", line 105, in callback
    self.emit("error", exc)
  File "C:\Users\amod.mishra_engineos\AppData\Local\Programs\Python\Python311\Lib\site-packages\pyee\asyncio.py", line 70, in emit
    return super().emit(event, *args, **kwargs)
           ^^^^^^^^^^^^^^^^^^^^^^^^^^^^^^^^^^^^
  File "C:\Users\amod.mishra_engineos\AppData\Local\Programs\Python\Python311\Lib\site-packages\pyee\base.py", line 223, in emit
    self._emit_handle_potential_error(event, args[0] if args else None)
  File "C:\Users\amod.mishra_engineos\AppData\Local\Programs\Python\Python311\Lib\site-packages\pyee\base.py", line 181, in _emit_handle_potential_error
    raise error
  File "C:\Users\amod.mishra_engineos\Odynn-Hotel-Framework\crm_core\hotel_crawlers\marriott\marriott_botright.py", line 102, in handle_route
    response = await route.continue_()
                     ^^^^^^^^^^^^^^^
AttributeError: 'Request' object has no attribute 'continue_'
2025-10-14 15:28:24,167 - ERROR - Exception in callback AsyncIOEventEmitter._emit_run.<locals>.callback(<Task finishe...'continue_'")>) at C:\Users\amod.mishra_engineos\AppData\Local\Programs\Python\Python311\Lib\site-packages\pyee\asyncio.py:97
handle: <Handle AsyncIOEventEmitter._emit_run.<locals>.callback(<Task finishe...'continue_'")>) at C:\Users\amod.mishra_engineos\AppData\Local\Programs\Python\Python311\Lib\site-packages\pyee\asyncio.py:97>
Traceback (most recent call last):
  File "C:\Users\amod.mishra_engineos\AppData\Local\Programs\Python\Python311\Lib\asyncio\events.py", line 84, in _run
    self._context.run(self._callback, *self._args)
  File "C:\Users\amod.mishra_engineos\AppData\Local\Programs\Python\Python311\Lib\site-packages\pyee\asyncio.py", line 105, in callback
    self.emit("error", exc)
  File "C:\Users\amod.mishra_engineos\AppData\Local\Programs\Python\Python311\Lib\site-packages\pyee\asyncio.py", line 70, in emit
    return super().emit(event, *args, **kwargs)
           ^^^^^^^^^^^^^^^^^^^^^^^^^^^^^^^^^^^^
  File "C:\Users\amod.mishra_engineos\AppData\Local\Programs\Python\Python311\Lib\site-packages\pyee\base.py", line 223, in emit
    self._emit_handle_potential_error(event, args[0] if args else None)
  File "C:\Users\amod.mishra_engineos\AppData\Local\Programs\Python\Python311\Lib\site-packages\pyee\base.py", line 181, in _emit_handle_potential_error
    raise error
  File "C:\Users\amod.mishra_engineos\Odynn-Hotel-Framework\crm_core\hotel_crawlers\marriott\marriott_botright.py", line 102, in handle_route
    response = await route.continue_()
                     ^^^^^^^^^^^^^^^
AttributeError: 'Request' object has no attribute 'continue_'
2025-10-14 15:28:24,455 - ERROR - Exception in callback AsyncIOEventEmitter._emit_run.<locals>.callback(<Task finishe...'continue_'")>) at C:\Users\amod.mishra_engineos\AppData\Local\Programs\Python\Python311\Lib\site-packages\pyee\asyncio.py:97
handle: <Handle AsyncIOEventEmitter._emit_run.<locals>.callback(<Task finishe...'continue_'")>) at C:\Users\amod.mishra_engineos\AppData\Local\Programs\Python\Python311\Lib\site-packages\pyee\asyncio.py:97>
Traceback (most recent call last):
  File "C:\Users\amod.mishra_engineos\AppData\Local\Programs\Python\Python311\Lib\asyncio\events.py", line 84, in _run
    self._context.run(self._callback, *self._args)
  File "C:\Users\amod.mishra_engineos\AppData\Local\Programs\Python\Python311\Lib\site-packages\pyee\asyncio.py", line 105, in callback
    self.emit("error", exc)
  File "C:\Users\amod.mishra_engineos\AppData\Local\Programs\Python\Python311\Lib\site-packages\pyee\asyncio.py", line 70, in emit
    return super().emit(event, *args, **kwargs)
           ^^^^^^^^^^^^^^^^^^^^^^^^^^^^^^^^^^^^
  File "C:\Users\amod.mishra_engineos\AppData\Local\Programs\Python\Python311\Lib\site-packages\pyee\base.py", line 223, in emit
    self._emit_handle_potential_error(event, args[0] if args else None)
  File "C:\Users\amod.mishra_engineos\AppData\Local\Programs\Python\Python311\Lib\site-packages\pyee\base.py", line 181, in _emit_handle_potential_error
    raise error
  File "C:\Users\amod.mishra_engineos\Odynn-Hotel-Framework\crm_core\hotel_crawlers\marriott\marriott_botright.py", line 102, in handle_route
    response = await route.continue_()
                     ^^^^^^^^^^^^^^^
AttributeError: 'Request' object has no attribute 'continue_'
2025-10-14 15:28:25,322 - ERROR - Exception in callback AsyncIOEventEmitter._emit_run.<locals>.callback(<Task finishe...'continue_'")>) at C:\Users\amod.mishra_engineos\AppData\Local\Programs\Python\Python311\Lib\site-packages\pyee\asyncio.py:97
handle: <Handle AsyncIOEventEmitter._emit_run.<locals>.callback(<Task finishe...'continue_'")>) at C:\Users\amod.mishra_engineos\AppData\Local\Programs\Python\Python311\Lib\site-packages\pyee\asyncio.py:97>
Traceback (most recent call last):
  File "C:\Users\amod.mishra_engineos\AppData\Local\Programs\Python\Python311\Lib\asyncio\events.py", line 84, in _run
    self._context.run(self._callback, *self._args)
  File "C:\Users\amod.mishra_engineos\AppData\Local\Programs\Python\Python311\Lib\site-packages\pyee\asyncio.py", line 105, in callback
    self.emit("error", exc)
  File "C:\Users\amod.mishra_engineos\AppData\Local\Programs\Python\Python311\Lib\site-packages\pyee\asyncio.py", line 70, in emit
    return super().emit(event, *args, **kwargs)
           ^^^^^^^^^^^^^^^^^^^^^^^^^^^^^^^^^^^^
  File "C:\Users\amod.mishra_engineos\AppData\Local\Programs\Python\Python311\Lib\site-packages\pyee\base.py", line 223, in emit
    self._emit_handle_potential_error(event, args[0] if args else None)
  File "C:\Users\amod.mishra_engineos\AppData\Local\Programs\Python\Python311\Lib\site-packages\pyee\base.py", line 181, in _emit_handle_potential_error
    raise error
  File "C:\Users\amod.mishra_engineos\Odynn-Hotel-Framework\crm_core\hotel_crawlers\marriott\marriott_botright.py", line 102, in handle_route
    response = await route.continue_()
                     ^^^^^^^^^^^^^^^
AttributeError: 'Request' object has no attribute 'continue_'
2025-10-14 15:28:25,385 - ERROR - Exception in callback AsyncIOEventEmitter._emit_run.<locals>.callback(<Task finishe...'continue_'")>) at C:\Users\amod.mishra_engineos\AppData\Local\Programs\Python\Python311\Lib\site-packages\pyee\asyncio.py:97
handle: <Handle AsyncIOEventEmitter._emit_run.<locals>.callback(<Task finishe...'continue_'")>) at C:\Users\amod.mishra_engineos\AppData\Local\Programs\Python\Python311\Lib\site-packages\pyee\asyncio.py:97>
Traceback (most recent call last):
  File "C:\Users\amod.mishra_engineos\AppData\Local\Programs\Python\Python311\Lib\asyncio\events.py", line 84, in _run
    self._context.run(self._callback, *self._args)
  File "C:\Users\amod.mishra_engineos\AppData\Local\Programs\Python\Python311\Lib\site-packages\pyee\asyncio.py", line 105, in callback
    self.emit("error", exc)
  File "C:\Users\amod.mishra_engineos\AppData\Local\Programs\Python\Python311\Lib\site-packages\pyee\asyncio.py", line 70, in emit
    return super().emit(event, *args, **kwargs)
           ^^^^^^^^^^^^^^^^^^^^^^^^^^^^^^^^^^^^
  File "C:\Users\amod.mishra_engineos\AppData\Local\Programs\Python\Python311\Lib\site-packages\pyee\base.py", line 223, in emit
    self._emit_handle_potential_error(event, args[0] if args else None)
  File "C:\Users\amod.mishra_engineos\AppData\Local\Programs\Python\Python311\Lib\site-packages\pyee\base.py", line 181, in _emit_handle_potential_error
    raise error
  File "C:\Users\amod.mishra_engineos\Odynn-Hotel-Framework\crm_core\hotel_crawlers\marriott\marriott_botright.py", line 102, in handle_route
    response = await route.continue_()
                     ^^^^^^^^^^^^^^^
AttributeError: 'Request' object has no attribute 'continue_'
2025-10-14 15:28:25,387 - ERROR - Exception in callback AsyncIOEventEmitter._emit_run.<locals>.callback(<Task finishe...'continue_'")>) at C:\Users\amod.mishra_engineos\AppData\Local\Programs\Python\Python311\Lib\site-packages\pyee\asyncio.py:97
handle: <Handle AsyncIOEventEmitter._emit_run.<locals>.callback(<Task finishe...'continue_'")>) at C:\Users\amod.mishra_engineos\AppData\Local\Programs\Python\Python311\Lib\site-packages\pyee\asyncio.py:97>
Traceback (most recent call last):
  File "C:\Users\amod.mishra_engineos\AppData\Local\Programs\Python\Python311\Lib\asyncio\events.py", line 84, in _run
    self._context.run(self._callback, *self._args)
  File "C:\Users\amod.mishra_engineos\AppData\Local\Programs\Python\Python311\Lib\site-packages\pyee\asyncio.py", line 105, in callback
    self.emit("error", exc)
  File "C:\Users\amod.mishra_engineos\AppData\Local\Programs\Python\Python311\Lib\site-packages\pyee\asyncio.py", line 70, in emit
    return super().emit(event, *args, **kwargs)
           ^^^^^^^^^^^^^^^^^^^^^^^^^^^^^^^^^^^^
  File "C:\Users\amod.mishra_engineos\AppData\Local\Programs\Python\Python311\Lib\site-packages\pyee\base.py", line 223, in emit
    self._emit_handle_potential_error(event, args[0] if args else None)
  File "C:\Users\amod.mishra_engineos\AppData\Local\Programs\Python\Python311\Lib\site-packages\pyee\base.py", line 181, in _emit_handle_potential_error
    raise error
  File "C:\Users\amod.mishra_engineos\Odynn-Hotel-Framework\crm_core\hotel_crawlers\marriott\marriott_botright.py", line 102, in handle_route
    response = await route.continue_()
                     ^^^^^^^^^^^^^^^
AttributeError: 'Request' object has no attribute 'continue_'
2025-10-14 15:28:25,389 - ERROR - Exception in callback AsyncIOEventEmitter._emit_run.<locals>.callback(<Task finishe...'continue_'")>) at C:\Users\amod.mishra_engineos\AppData\Local\Programs\Python\Python311\Lib\site-packages\pyee\asyncio.py:97
handle: <Handle AsyncIOEventEmitter._emit_run.<locals>.callback(<Task finishe...'continue_'")>) at C:\Users\amod.mishra_engineos\AppData\Local\Programs\Python\Python311\Lib\site-packages\pyee\asyncio.py:97>
Traceback (most recent call last):
  File "C:\Users\amod.mishra_engineos\AppData\Local\Programs\Python\Python311\Lib\asyncio\events.py", line 84, in _run
    self._context.run(self._callback, *self._args)
  File "C:\Users\amod.mishra_engineos\AppData\Local\Programs\Python\Python311\Lib\site-packages\pyee\asyncio.py", line 105, in callback
    self.emit("error", exc)
  File "C:\Users\amod.mishra_engineos\AppData\Local\Programs\Python\Python311\Lib\site-packages\pyee\asyncio.py", line 70, in emit
    return super().emit(event, *args, **kwargs)
           ^^^^^^^^^^^^^^^^^^^^^^^^^^^^^^^^^^^^
  File "C:\Users\amod.mishra_engineos\AppData\Local\Programs\Python\Python311\Lib\site-packages\pyee\base.py", line 223, in emit
    self._emit_handle_potential_error(event, args[0] if args else None)
  File "C:\Users\amod.mishra_engineos\AppData\Local\Programs\Python\Python311\Lib\site-packages\pyee\base.py", line 181, in _emit_handle_potential_error
    raise error
  File "C:\Users\amod.mishra_engineos\Odynn-Hotel-Framework\crm_core\hotel_crawlers\marriott\marriott_botright.py", line 102, in handle_route
    response = await route.continue_()
                     ^^^^^^^^^^^^^^^
AttributeError: 'Request' object has no attribute 'continue_'
2025-10-14 15:28:25,390 - ERROR - Exception in callback AsyncIOEventEmitter._emit_run.<locals>.callback(<Task finishe...'continue_'")>) at C:\Users\amod.mishra_engineos\AppData\Local\Programs\Python\Python311\Lib\site-packages\pyee\asyncio.py:97
handle: <Handle AsyncIOEventEmitter._emit_run.<locals>.callback(<Task finishe...'continue_'")>) at C:\Users\amod.mishra_engineos\AppData\Local\Programs\Python\Python311\Lib\site-packages\pyee\asyncio.py:97>
Traceback (most recent call last):
  File "C:\Users\amod.mishra_engineos\AppData\Local\Programs\Python\Python311\Lib\asyncio\events.py", line 84, in _run
    self._context.run(self._callback, *self._args)
  File "C:\Users\amod.mishra_engineos\AppData\Local\Programs\Python\Python311\Lib\site-packages\pyee\asyncio.py", line 105, in callback
    self.emit("error", exc)
  File "C:\Users\amod.mishra_engineos\AppData\Local\Programs\Python\Python311\Lib\site-packages\pyee\asyncio.py", line 70, in emit
    return super().emit(event, *args, **kwargs)
           ^^^^^^^^^^^^^^^^^^^^^^^^^^^^^^^^^^^^
  File "C:\Users\amod.mishra_engineos\AppData\Local\Programs\Python\Python311\Lib\site-packages\pyee\base.py", line 223, in emit
    self._emit_handle_potential_error(event, args[0] if args else None)
  File "C:\Users\amod.mishra_engineos\AppData\Local\Programs\Python\Python311\Lib\site-packages\pyee\base.py", line 181, in _emit_handle_potential_error
    raise error
  File "C:\Users\amod.mishra_engineos\Odynn-Hotel-Framework\crm_core\hotel_crawlers\marriott\marriott_botright.py", line 102, in handle_route
    response = await route.continue_()
                     ^^^^^^^^^^^^^^^
AttributeError: 'Request' object has no attribute 'continue_'
2025-10-14 15:28:25,430 - ERROR - Exception in callback AsyncIOEventEmitter._emit_run.<locals>.callback(<Task finishe...'continue_'")>) at C:\Users\amod.mishra_engineos\AppData\Local\Programs\Python\Python311\Lib\site-packages\pyee\asyncio.py:97
handle: <Handle AsyncIOEventEmitter._emit_run.<locals>.callback(<Task finishe...'continue_'")>) at C:\Users\amod.mishra_engineos\AppData\Local\Programs\Python\Python311\Lib\site-packages\pyee\asyncio.py:97>
Traceback (most recent call last):
  File "C:\Users\amod.mishra_engineos\AppData\Local\Programs\Python\Python311\Lib\asyncio\events.py", line 84, in _run
    self._context.run(self._callback, *self._args)
  File "C:\Users\amod.mishra_engineos\AppData\Local\Programs\Python\Python311\Lib\site-packages\pyee\asyncio.py", line 105, in callback
    self.emit("error", exc)
  File "C:\Users\amod.mishra_engineos\AppData\Local\Programs\Python\Python311\Lib\site-packages\pyee\asyncio.py", line 70, in emit
    return super().emit(event, *args, **kwargs)
           ^^^^^^^^^^^^^^^^^^^^^^^^^^^^^^^^^^^^
  File "C:\Users\amod.mishra_engineos\AppData\Local\Programs\Python\Python311\Lib\site-packages\pyee\base.py", line 223, in emit
    self._emit_handle_potential_error(event, args[0] if args else None)
  File "C:\Users\amod.mishra_engineos\AppData\Local\Programs\Python\Python311\Lib\site-packages\pyee\base.py", line 181, in _emit_handle_potential_error
    raise error
  File "C:\Users\amod.mishra_engineos\Odynn-Hotel-Framework\crm_core\hotel_crawlers\marriott\marriott_botright.py", line 102, in handle_route
    response = await route.continue_()
                     ^^^^^^^^^^^^^^^
AttributeError: 'Request' object has no attribute 'continue_'
2025-10-14 15:28:25,906 - ERROR - Exception in callback AsyncIOEventEmitter._emit_run.<locals>.callback(<Task finishe...'continue_'")>) at C:\Users\amod.mishra_engineos\AppData\Local\Programs\Python\Python311\Lib\site-packages\pyee\asyncio.py:97
handle: <Handle AsyncIOEventEmitter._emit_run.<locals>.callback(<Task finishe...'continue_'")>) at C:\Users\amod.mishra_engineos\AppData\Local\Programs\Python\Python311\Lib\site-packages\pyee\asyncio.py:97>
Traceback (most recent call last):
  File "C:\Users\amod.mishra_engineos\AppData\Local\Programs\Python\Python311\Lib\asyncio\events.py", line 84, in _run
    self._context.run(self._callback, *self._args)
  File "C:\Users\amod.mishra_engineos\AppData\Local\Programs\Python\Python311\Lib\site-packages\pyee\asyncio.py", line 105, in callback
    self.emit("error", exc)
  File "C:\Users\amod.mishra_engineos\AppData\Local\Programs\Python\Python311\Lib\site-packages\pyee\asyncio.py", line 70, in emit
    return super().emit(event, *args, **kwargs)
           ^^^^^^^^^^^^^^^^^^^^^^^^^^^^^^^^^^^^
  File "C:\Users\amod.mishra_engineos\AppData\Local\Programs\Python\Python311\Lib\site-packages\pyee\base.py", line 223, in emit
    self._emit_handle_potential_error(event, args[0] if args else None)
  File "C:\Users\amod.mishra_engineos\AppData\Local\Programs\Python\Python311\Lib\site-packages\pyee\base.py", line 181, in _emit_handle_potential_error
    raise error
  File "C:\Users\amod.mishra_engineos\Odynn-Hotel-Framework\crm_core\hotel_crawlers\marriott\marriott_botright.py", line 102, in handle_route
    response = await route.continue_()
                     ^^^^^^^^^^^^^^^
AttributeError: 'Request' object has no attribute 'continue_'
2025-10-14 15:28:25,917 - ERROR - Exception in callback AsyncIOEventEmitter._emit_run.<locals>.callback(<Task finishe...'continue_'")>) at C:\Users\amod.mishra_engineos\AppData\Local\Programs\Python\Python311\Lib\site-packages\pyee\asyncio.py:97
handle: <Handle AsyncIOEventEmitter._emit_run.<locals>.callback(<Task finishe...'continue_'")>) at C:\Users\amod.mishra_engineos\AppData\Local\Programs\Python\Python311\Lib\site-packages\pyee\asyncio.py:97>
Traceback (most recent call last):
  File "C:\Users\amod.mishra_engineos\AppData\Local\Programs\Python\Python311\Lib\asyncio\events.py", line 84, in _run
    self._context.run(self._callback, *self._args)
  File "C:\Users\amod.mishra_engineos\AppData\Local\Programs\Python\Python311\Lib\site-packages\pyee\asyncio.py", line 105, in callback
    self.emit("error", exc)
  File "C:\Users\amod.mishra_engineos\AppData\Local\Programs\Python\Python311\Lib\site-packages\pyee\asyncio.py", line 70, in emit
    return super().emit(event, *args, **kwargs)
           ^^^^^^^^^^^^^^^^^^^^^^^^^^^^^^^^^^^^
  File "C:\Users\amod.mishra_engineos\AppData\Local\Programs\Python\Python311\Lib\site-packages\pyee\base.py", line 223, in emit
    self._emit_handle_potential_error(event, args[0] if args else None)
  File "C:\Users\amod.mishra_engineos\AppData\Local\Programs\Python\Python311\Lib\site-packages\pyee\base.py", line 181, in _emit_handle_potential_error
    raise error
  File "C:\Users\amod.mishra_engineos\Odynn-Hotel-Framework\crm_core\hotel_crawlers\marriott\marriott_botright.py", line 102, in handle_route
    response = await route.continue_()
                     ^^^^^^^^^^^^^^^
AttributeError: 'Request' object has no attribute 'continue_'
2025-10-14 15:28:25,936 - ERROR - Exception in callback AsyncIOEventEmitter._emit_run.<locals>.callback(<Task finishe...'continue_'")>) at C:\Users\amod.mishra_engineos\AppData\Local\Programs\Python\Python311\Lib\site-packages\pyee\asyncio.py:97
handle: <Handle AsyncIOEventEmitter._emit_run.<locals>.callback(<Task finishe...'continue_'")>) at C:\Users\amod.mishra_engineos\AppData\Local\Programs\Python\Python311\Lib\site-packages\pyee\asyncio.py:97>
Traceback (most recent call last):
  File "C:\Users\amod.mishra_engineos\AppData\Local\Programs\Python\Python311\Lib\asyncio\events.py", line 84, in _run
    self._context.run(self._callback, *self._args)
  File "C:\Users\amod.mishra_engineos\AppData\Local\Programs\Python\Python311\Lib\site-packages\pyee\asyncio.py", line 105, in callback
    self.emit("error", exc)
  File "C:\Users\amod.mishra_engineos\AppData\Local\Programs\Python\Python311\Lib\site-packages\pyee\asyncio.py", line 70, in emit
    return super().emit(event, *args, **kwargs)
           ^^^^^^^^^^^^^^^^^^^^^^^^^^^^^^^^^^^^
  File "C:\Users\amod.mishra_engineos\AppData\Local\Programs\Python\Python311\Lib\site-packages\pyee\base.py", line 223, in emit
    self._emit_handle_potential_error(event, args[0] if args else None)
  File "C:\Users\amod.mishra_engineos\AppData\Local\Programs\Python\Python311\Lib\site-packages\pyee\base.py", line 181, in _emit_handle_potential_error
    raise error
  File "C:\Users\amod.mishra_engineos\Odynn-Hotel-Framework\crm_core\hotel_crawlers\marriott\marriott_botright.py", line 102, in handle_route
    response = await route.continue_()
                     ^^^^^^^^^^^^^^^
AttributeError: 'Request' object has no attribute 'continue_'
2025-10-14 15:28:25,941 - ERROR - Exception in callback AsyncIOEventEmitter._emit_run.<locals>.callback(<Task finishe...'continue_'")>) at C:\Users\amod.mishra_engineos\AppData\Local\Programs\Python\Python311\Lib\site-packages\pyee\asyncio.py:97
handle: <Handle AsyncIOEventEmitter._emit_run.<locals>.callback(<Task finishe...'continue_'")>) at C:\Users\amod.mishra_engineos\AppData\Local\Programs\Python\Python311\Lib\site-packages\pyee\asyncio.py:97>
Traceback (most recent call last):
  File "C:\Users\amod.mishra_engineos\AppData\Local\Programs\Python\Python311\Lib\asyncio\events.py", line 84, in _run
    self._context.run(self._callback, *self._args)
  File "C:\Users\amod.mishra_engineos\AppData\Local\Programs\Python\Python311\Lib\site-packages\pyee\asyncio.py", line 105, in callback
    self.emit("error", exc)
  File "C:\Users\amod.mishra_engineos\AppData\Local\Programs\Python\Python311\Lib\site-packages\pyee\asyncio.py", line 70, in emit
    return super().emit(event, *args, **kwargs)
           ^^^^^^^^^^^^^^^^^^^^^^^^^^^^^^^^^^^^
  File "C:\Users\amod.mishra_engineos\AppData\Local\Programs\Python\Python311\Lib\site-packages\pyee\base.py", line 223, in emit
    self._emit_handle_potential_error(event, args[0] if args else None)
  File "C:\Users\amod.mishra_engineos\AppData\Local\Programs\Python\Python311\Lib\site-packages\pyee\base.py", line 181, in _emit_handle_potential_error
    raise error
  File "C:\Users\amod.mishra_engineos\Odynn-Hotel-Framework\crm_core\hotel_crawlers\marriott\marriott_botright.py", line 102, in handle_route
    response = await route.continue_()
                     ^^^^^^^^^^^^^^^
AttributeError: 'Request' object has no attribute 'continue_'
2025-10-14 15:28:25,943 - ERROR - Exception in callback AsyncIOEventEmitter._emit_run.<locals>.callback(<Task finishe...'continue_'")>) at C:\Users\amod.mishra_engineos\AppData\Local\Programs\Python\Python311\Lib\site-packages\pyee\asyncio.py:97
handle: <Handle AsyncIOEventEmitter._emit_run.<locals>.callback(<Task finishe...'continue_'")>) at C:\Users\amod.mishra_engineos\AppData\Local\Programs\Python\Python311\Lib\site-packages\pyee\asyncio.py:97>
Traceback (most recent call last):
  File "C:\Users\amod.mishra_engineos\AppData\Local\Programs\Python\Python311\Lib\asyncio\events.py", line 84, in _run
    self._context.run(self._callback, *self._args)
  File "C:\Users\amod.mishra_engineos\AppData\Local\Programs\Python\Python311\Lib\site-packages\pyee\asyncio.py", line 105, in callback
    self.emit("error", exc)
  File "C:\Users\amod.mishra_engineos\AppData\Local\Programs\Python\Python311\Lib\site-packages\pyee\asyncio.py", line 70, in emit
    return super().emit(event, *args, **kwargs)
           ^^^^^^^^^^^^^^^^^^^^^^^^^^^^^^^^^^^^
  File "C:\Users\amod.mishra_engineos\AppData\Local\Programs\Python\Python311\Lib\site-packages\pyee\base.py", line 223, in emit
    self._emit_handle_potential_error(event, args[0] if args else None)
  File "C:\Users\amod.mishra_engineos\AppData\Local\Programs\Python\Python311\Lib\site-packages\pyee\base.py", line 181, in _emit_handle_potential_error
    raise error
  File "C:\Users\amod.mishra_engineos\Odynn-Hotel-Framework\crm_core\hotel_crawlers\marriott\marriott_botright.py", line 102, in handle_route
    response = await route.continue_()
                     ^^^^^^^^^^^^^^^
AttributeError: 'Request' object has no attribute 'continue_'
2025-10-14 15:28:25,945 - ERROR - Exception in callback AsyncIOEventEmitter._emit_run.<locals>.callback(<Task finishe...'continue_'")>) at C:\Users\amod.mishra_engineos\AppData\Local\Programs\Python\Python311\Lib\site-packages\pyee\asyncio.py:97
handle: <Handle AsyncIOEventEmitter._emit_run.<locals>.callback(<Task finishe...'continue_'")>) at C:\Users\amod.mishra_engineos\AppData\Local\Programs\Python\Python311\Lib\site-packages\pyee\asyncio.py:97>
Traceback (most recent call last):
  File "C:\Users\amod.mishra_engineos\AppData\Local\Programs\Python\Python311\Lib\asyncio\events.py", line 84, in _run
    self._context.run(self._callback, *self._args)
  File "C:\Users\amod.mishra_engineos\AppData\Local\Programs\Python\Python311\Lib\site-packages\pyee\asyncio.py", line 105, in callback
    self.emit("error", exc)
  File "C:\Users\amod.mishra_engineos\AppData\Local\Programs\Python\Python311\Lib\site-packages\pyee\asyncio.py", line 70, in emit
    return super().emit(event, *args, **kwargs)
           ^^^^^^^^^^^^^^^^^^^^^^^^^^^^^^^^^^^^
  File "C:\Users\amod.mishra_engineos\AppData\Local\Programs\Python\Python311\Lib\site-packages\pyee\base.py", line 223, in emit
    self._emit_handle_potential_error(event, args[0] if args else None)
  File "C:\Users\amod.mishra_engineos\AppData\Local\Programs\Python\Python311\Lib\site-packages\pyee\base.py", line 181, in _emit_handle_potential_error
    raise error
  File "C:\Users\amod.mishra_engineos\Odynn-Hotel-Framework\crm_core\hotel_crawlers\marriott\marriott_botright.py", line 102, in handle_route
    response = await route.continue_()
                     ^^^^^^^^^^^^^^^
AttributeError: 'Request' object has no attribute 'continue_'
2025-10-14 15:28:25,946 - ERROR - Exception in callback AsyncIOEventEmitter._emit_run.<locals>.callback(<Task finishe...'continue_'")>) at C:\Users\amod.mishra_engineos\AppData\Local\Programs\Python\Python311\Lib\site-packages\pyee\asyncio.py:97
handle: <Handle AsyncIOEventEmitter._emit_run.<locals>.callback(<Task finishe...'continue_'")>) at C:\Users\amod.mishra_engineos\AppData\Local\Programs\Python\Python311\Lib\site-packages\pyee\asyncio.py:97>
Traceback (most recent call last):
  File "C:\Users\amod.mishra_engineos\AppData\Local\Programs\Python\Python311\Lib\asyncio\events.py", line 84, in _run
    self._context.run(self._callback, *self._args)
  File "C:\Users\amod.mishra_engineos\AppData\Local\Programs\Python\Python311\Lib\site-packages\pyee\asyncio.py", line 105, in callback
    self.emit("error", exc)
  File "C:\Users\amod.mishra_engineos\AppData\Local\Programs\Python\Python311\Lib\site-packages\pyee\asyncio.py", line 70, in emit
    return super().emit(event, *args, **kwargs)
           ^^^^^^^^^^^^^^^^^^^^^^^^^^^^^^^^^^^^
  File "C:\Users\amod.mishra_engineos\AppData\Local\Programs\Python\Python311\Lib\site-packages\pyee\base.py", line 223, in emit
    self._emit_handle_potential_error(event, args[0] if args else None)
  File "C:\Users\amod.mishra_engineos\AppData\Local\Programs\Python\Python311\Lib\site-packages\pyee\base.py", line 181, in _emit_handle_potential_error
    raise error
  File "C:\Users\amod.mishra_engineos\Odynn-Hotel-Framework\crm_core\hotel_crawlers\marriott\marriott_botright.py", line 102, in handle_route
    response = await route.continue_()
                     ^^^^^^^^^^^^^^^
AttributeError: 'Request' object has no attribute 'continue_'
2025-10-14 15:28:26,047 - ERROR - Exception in callback AsyncIOEventEmitter._emit_run.<locals>.callback(<Task finishe...'continue_'")>) at C:\Users\amod.mishra_engineos\AppData\Local\Programs\Python\Python311\Lib\site-packages\pyee\asyncio.py:97
handle: <Handle AsyncIOEventEmitter._emit_run.<locals>.callback(<Task finishe...'continue_'")>) at C:\Users\amod.mishra_engineos\AppData\Local\Programs\Python\Python311\Lib\site-packages\pyee\asyncio.py:97>
Traceback (most recent call last):
  File "C:\Users\amod.mishra_engineos\AppData\Local\Programs\Python\Python311\Lib\asyncio\events.py", line 84, in _run
    self._context.run(self._callback, *self._args)
  File "C:\Users\amod.mishra_engineos\AppData\Local\Programs\Python\Python311\Lib\site-packages\pyee\asyncio.py", line 105, in callback
    self.emit("error", exc)
  File "C:\Users\amod.mishra_engineos\AppData\Local\Programs\Python\Python311\Lib\site-packages\pyee\asyncio.py", line 70, in emit
    return super().emit(event, *args, **kwargs)
           ^^^^^^^^^^^^^^^^^^^^^^^^^^^^^^^^^^^^
  File "C:\Users\amod.mishra_engineos\AppData\Local\Programs\Python\Python311\Lib\site-packages\pyee\base.py", line 223, in emit
    self._emit_handle_potential_error(event, args[0] if args else None)
  File "C:\Users\amod.mishra_engineos\AppData\Local\Programs\Python\Python311\Lib\site-packages\pyee\base.py", line 181, in _emit_handle_potential_error
    raise error
  File "C:\Users\amod.mishra_engineos\Odynn-Hotel-Framework\crm_core\hotel_crawlers\marriott\marriott_botright.py", line 102, in handle_route
    response = await route.continue_()
                     ^^^^^^^^^^^^^^^
AttributeError: 'Request' object has no attribute 'continue_'
2025-10-14 15:28:26,445 - ERROR - Exception in callback AsyncIOEventEmitter._emit_run.<locals>.callback(<Task finishe...'continue_'")>) at C:\Users\amod.mishra_engineos\AppData\Local\Programs\Python\Python311\Lib\site-packages\pyee\asyncio.py:97
handle: <Handle AsyncIOEventEmitter._emit_run.<locals>.callback(<Task finishe...'continue_'")>) at C:\Users\amod.mishra_engineos\AppData\Local\Programs\Python\Python311\Lib\site-packages\pyee\asyncio.py:97>
Traceback (most recent call last):
  File "C:\Users\amod.mishra_engineos\AppData\Local\Programs\Python\Python311\Lib\asyncio\events.py", line 84, in _run
    self._context.run(self._callback, *self._args)
  File "C:\Users\amod.mishra_engineos\AppData\Local\Programs\Python\Python311\Lib\site-packages\pyee\asyncio.py", line 105, in callback
    self.emit("error", exc)
  File "C:\Users\amod.mishra_engineos\AppData\Local\Programs\Python\Python311\Lib\site-packages\pyee\asyncio.py", line 70, in emit
    return super().emit(event, *args, **kwargs)
           ^^^^^^^^^^^^^^^^^^^^^^^^^^^^^^^^^^^^
  File "C:\Users\amod.mishra_engineos\AppData\Local\Programs\Python\Python311\Lib\site-packages\pyee\base.py", line 223, in emit
    self._emit_handle_potential_error(event, args[0] if args else None)
  File "C:\Users\amod.mishra_engineos\AppData\Local\Programs\Python\Python311\Lib\site-packages\pyee\base.py", line 181, in _emit_handle_potential_error
    raise error
  File "C:\Users\amod.mishra_engineos\Odynn-Hotel-Framework\crm_core\hotel_crawlers\marriott\marriott_botright.py", line 102, in handle_route
    response = await route.continue_()
                     ^^^^^^^^^^^^^^^
AttributeError: 'Request' object has no attribute 'continue_'
2025-10-14 15:28:26,448 - ERROR - Exception in callback AsyncIOEventEmitter._emit_run.<locals>.callback(<Task finishe...'continue_'")>) at C:\Users\amod.mishra_engineos\AppData\Local\Programs\Python\Python311\Lib\site-packages\pyee\asyncio.py:97
handle: <Handle AsyncIOEventEmitter._emit_run.<locals>.callback(<Task finishe...'continue_'")>) at C:\Users\amod.mishra_engineos\AppData\Local\Programs\Python\Python311\Lib\site-packages\pyee\asyncio.py:97>
Traceback (most recent call last):
  File "C:\Users\amod.mishra_engineos\AppData\Local\Programs\Python\Python311\Lib\asyncio\events.py", line 84, in _run
    self._context.run(self._callback, *self._args)
  File "C:\Users\amod.mishra_engineos\AppData\Local\Programs\Python\Python311\Lib\site-packages\pyee\asyncio.py", line 105, in callback
    self.emit("error", exc)
  File "C:\Users\amod.mishra_engineos\AppData\Local\Programs\Python\Python311\Lib\site-packages\pyee\asyncio.py", line 70, in emit
    return super().emit(event, *args, **kwargs)
           ^^^^^^^^^^^^^^^^^^^^^^^^^^^^^^^^^^^^
  File "C:\Users\amod.mishra_engineos\AppData\Local\Programs\Python\Python311\Lib\site-packages\pyee\base.py", line 223, in emit
    self._emit_handle_potential_error(event, args[0] if args else None)
  File "C:\Users\amod.mishra_engineos\AppData\Local\Programs\Python\Python311\Lib\site-packages\pyee\base.py", line 181, in _emit_handle_potential_error
    raise error
  File "C:\Users\amod.mishra_engineos\Odynn-Hotel-Framework\crm_core\hotel_crawlers\marriott\marriott_botright.py", line 102, in handle_route
    response = await route.continue_()
                     ^^^^^^^^^^^^^^^
AttributeError: 'Request' object has no attribute 'continue_'
2025-10-14 15:28:26,450 - ERROR - Exception in callback AsyncIOEventEmitter._emit_run.<locals>.callback(<Task finishe...'continue_'")>) at C:\Users\amod.mishra_engineos\AppData\Local\Programs\Python\Python311\Lib\site-packages\pyee\asyncio.py:97
handle: <Handle AsyncIOEventEmitter._emit_run.<locals>.callback(<Task finishe...'continue_'")>) at C:\Users\amod.mishra_engineos\AppData\Local\Programs\Python\Python311\Lib\site-packages\pyee\asyncio.py:97>
Traceback (most recent call last):
  File "C:\Users\amod.mishra_engineos\AppData\Local\Programs\Python\Python311\Lib\asyncio\events.py", line 84, in _run
    self._context.run(self._callback, *self._args)
  File "C:\Users\amod.mishra_engineos\AppData\Local\Programs\Python\Python311\Lib\site-packages\pyee\asyncio.py", line 105, in callback
    self.emit("error", exc)
  File "C:\Users\amod.mishra_engineos\AppData\Local\Programs\Python\Python311\Lib\site-packages\pyee\asyncio.py", line 70, in emit
    return super().emit(event, *args, **kwargs)
           ^^^^^^^^^^^^^^^^^^^^^^^^^^^^^^^^^^^^
  File "C:\Users\amod.mishra_engineos\AppData\Local\Programs\Python\Python311\Lib\site-packages\pyee\base.py", line 223, in emit
    self._emit_handle_potential_error(event, args[0] if args else None)
  File "C:\Users\amod.mishra_engineos\AppData\Local\Programs\Python\Python311\Lib\site-packages\pyee\base.py", line 181, in _emit_handle_potential_error
    raise error
  File "C:\Users\amod.mishra_engineos\Odynn-Hotel-Framework\crm_core\hotel_crawlers\marriott\marriott_botright.py", line 102, in handle_route
    response = await route.continue_()
                     ^^^^^^^^^^^^^^^
AttributeError: 'Request' object has no attribute 'continue_'
2025-10-14 15:28:26,472 - ERROR - Exception in callback AsyncIOEventEmitter._emit_run.<locals>.callback(<Task finishe...'continue_'")>) at C:\Users\amod.mishra_engineos\AppData\Local\Programs\Python\Python311\Lib\site-packages\pyee\asyncio.py:97
handle: <Handle AsyncIOEventEmitter._emit_run.<locals>.callback(<Task finishe...'continue_'")>) at C:\Users\amod.mishra_engineos\AppData\Local\Programs\Python\Python311\Lib\site-packages\pyee\asyncio.py:97>
Traceback (most recent call last):
  File "C:\Users\amod.mishra_engineos\AppData\Local\Programs\Python\Python311\Lib\asyncio\events.py", line 84, in _run
    self._context.run(self._callback, *self._args)
  File "C:\Users\amod.mishra_engineos\AppData\Local\Programs\Python\Python311\Lib\site-packages\pyee\asyncio.py", line 105, in callback
    self.emit("error", exc)
  File "C:\Users\amod.mishra_engineos\AppData\Local\Programs\Python\Python311\Lib\site-packages\pyee\asyncio.py", line 70, in emit
    return super().emit(event, *args, **kwargs)
           ^^^^^^^^^^^^^^^^^^^^^^^^^^^^^^^^^^^^
  File "C:\Users\amod.mishra_engineos\AppData\Local\Programs\Python\Python311\Lib\site-packages\pyee\base.py", line 223, in emit
    self._emit_handle_potential_error(event, args[0] if args else None)
  File "C:\Users\amod.mishra_engineos\AppData\Local\Programs\Python\Python311\Lib\site-packages\pyee\base.py", line 181, in _emit_handle_potential_error
    raise error
  File "C:\Users\amod.mishra_engineos\Odynn-Hotel-Framework\crm_core\hotel_crawlers\marriott\marriott_botright.py", line 102, in handle_route
    response = await route.continue_()
                     ^^^^^^^^^^^^^^^
AttributeError: 'Request' object has no attribute 'continue_'
2025-10-14 15:28:26,473 - ERROR - Exception in callback AsyncIOEventEmitter._emit_run.<locals>.callback(<Task finishe...'continue_'")>) at C:\Users\amod.mishra_engineos\AppData\Local\Programs\Python\Python311\Lib\site-packages\pyee\asyncio.py:97
handle: <Handle AsyncIOEventEmitter._emit_run.<locals>.callback(<Task finishe...'continue_'")>) at C:\Users\amod.mishra_engineos\AppData\Local\Programs\Python\Python311\Lib\site-packages\pyee\asyncio.py:97>
Traceback (most recent call last):
  File "C:\Users\amod.mishra_engineos\AppData\Local\Programs\Python\Python311\Lib\asyncio\events.py", line 84, in _run
    self._context.run(self._callback, *self._args)
  File "C:\Users\amod.mishra_engineos\AppData\Local\Programs\Python\Python311\Lib\site-packages\pyee\asyncio.py", line 105, in callback
    self.emit("error", exc)
  File "C:\Users\amod.mishra_engineos\AppData\Local\Programs\Python\Python311\Lib\site-packages\pyee\asyncio.py", line 70, in emit
    return super().emit(event, *args, **kwargs)
           ^^^^^^^^^^^^^^^^^^^^^^^^^^^^^^^^^^^^
  File "C:\Users\amod.mishra_engineos\AppData\Local\Programs\Python\Python311\Lib\site-packages\pyee\base.py", line 223, in emit
    self._emit_handle_potential_error(event, args[0] if args else None)
  File "C:\Users\amod.mishra_engineos\AppData\Local\Programs\Python\Python311\Lib\site-packages\pyee\base.py", line 181, in _emit_handle_potential_error
    raise error
  File "C:\Users\amod.mishra_engineos\Odynn-Hotel-Framework\crm_core\hotel_crawlers\marriott\marriott_botright.py", line 102, in handle_route
    response = await route.continue_()
                     ^^^^^^^^^^^^^^^
AttributeError: 'Request' object has no attribute 'continue_'
2025-10-14 15:28:26,483 - ERROR - Exception in callback AsyncIOEventEmitter._emit_run.<locals>.callback(<Task finishe...'continue_'")>) at C:\Users\amod.mishra_engineos\AppData\Local\Programs\Python\Python311\Lib\site-packages\pyee\asyncio.py:97
handle: <Handle AsyncIOEventEmitter._emit_run.<locals>.callback(<Task finishe...'continue_'")>) at C:\Users\amod.mishra_engineos\AppData\Local\Programs\Python\Python311\Lib\site-packages\pyee\asyncio.py:97>
Traceback (most recent call last):
  File "C:\Users\amod.mishra_engineos\AppData\Local\Programs\Python\Python311\Lib\asyncio\events.py", line 84, in _run
    self._context.run(self._callback, *self._args)
  File "C:\Users\amod.mishra_engineos\AppData\Local\Programs\Python\Python311\Lib\site-packages\pyee\asyncio.py", line 105, in callback
    self.emit("error", exc)
  File "C:\Users\amod.mishra_engineos\AppData\Local\Programs\Python\Python311\Lib\site-packages\pyee\asyncio.py", line 70, in emit
    return super().emit(event, *args, **kwargs)
           ^^^^^^^^^^^^^^^^^^^^^^^^^^^^^^^^^^^^
  File "C:\Users\amod.mishra_engineos\AppData\Local\Programs\Python\Python311\Lib\site-packages\pyee\base.py", line 223, in emit
    self._emit_handle_potential_error(event, args[0] if args else None)
  File "C:\Users\amod.mishra_engineos\AppData\Local\Programs\Python\Python311\Lib\site-packages\pyee\base.py", line 181, in _emit_handle_potential_error
    raise error
  File "C:\Users\amod.mishra_engineos\Odynn-Hotel-Framework\crm_core\hotel_crawlers\marriott\marriott_botright.py", line 102, in handle_route
    response = await route.continue_()
                     ^^^^^^^^^^^^^^^
AttributeError: 'Request' object has no attribute 'continue_'
2025-10-14 15:28:26,575 - ERROR - Exception in callback AsyncIOEventEmitter._emit_run.<locals>.callback(<Task finishe...'continue_'")>) at C:\Users\amod.mishra_engineos\AppData\Local\Programs\Python\Python311\Lib\site-packages\pyee\asyncio.py:97
handle: <Handle AsyncIOEventEmitter._emit_run.<locals>.callback(<Task finishe...'continue_'")>) at C:\Users\amod.mishra_engineos\AppData\Local\Programs\Python\Python311\Lib\site-packages\pyee\asyncio.py:97>
Traceback (most recent call last):
  File "C:\Users\amod.mishra_engineos\AppData\Local\Programs\Python\Python311\Lib\asyncio\events.py", line 84, in _run
    self._context.run(self._callback, *self._args)
  File "C:\Users\amod.mishra_engineos\AppData\Local\Programs\Python\Python311\Lib\site-packages\pyee\asyncio.py", line 105, in callback
    self.emit("error", exc)
  File "C:\Users\amod.mishra_engineos\AppData\Local\Programs\Python\Python311\Lib\site-packages\pyee\asyncio.py", line 70, in emit
    return super().emit(event, *args, **kwargs)
           ^^^^^^^^^^^^^^^^^^^^^^^^^^^^^^^^^^^^
  File "C:\Users\amod.mishra_engineos\AppData\Local\Programs\Python\Python311\Lib\site-packages\pyee\base.py", line 223, in emit
    self._emit_handle_potential_error(event, args[0] if args else None)
  File "C:\Users\amod.mishra_engineos\AppData\Local\Programs\Python\Python311\Lib\site-packages\pyee\base.py", line 181, in _emit_handle_potential_error
    raise error
  File "C:\Users\amod.mishra_engineos\Odynn-Hotel-Framework\crm_core\hotel_crawlers\marriott\marriott_botright.py", line 102, in handle_route
    response = await route.continue_()
                     ^^^^^^^^^^^^^^^
AttributeError: 'Request' object has no attribute 'continue_'
2025-10-14 15:28:26,685 - ERROR - Exception in callback AsyncIOEventEmitter._emit_run.<locals>.callback(<Task finishe...'continue_'")>) at C:\Users\amod.mishra_engineos\AppData\Local\Programs\Python\Python311\Lib\site-packages\pyee\asyncio.py:97
handle: <Handle AsyncIOEventEmitter._emit_run.<locals>.callback(<Task finishe...'continue_'")>) at C:\Users\amod.mishra_engineos\AppData\Local\Programs\Python\Python311\Lib\site-packages\pyee\asyncio.py:97>
Traceback (most recent call last):
  File "C:\Users\amod.mishra_engineos\AppData\Local\Programs\Python\Python311\Lib\asyncio\events.py", line 84, in _run
    self._context.run(self._callback, *self._args)
  File "C:\Users\amod.mishra_engineos\AppData\Local\Programs\Python\Python311\Lib\site-packages\pyee\asyncio.py", line 105, in callback
    self.emit("error", exc)
  File "C:\Users\amod.mishra_engineos\AppData\Local\Programs\Python\Python311\Lib\site-packages\pyee\asyncio.py", line 70, in emit
    return super().emit(event, *args, **kwargs)
           ^^^^^^^^^^^^^^^^^^^^^^^^^^^^^^^^^^^^
  File "C:\Users\amod.mishra_engineos\AppData\Local\Programs\Python\Python311\Lib\site-packages\pyee\base.py", line 223, in emit
    self._emit_handle_potential_error(event, args[0] if args else None)
  File "C:\Users\amod.mishra_engineos\AppData\Local\Programs\Python\Python311\Lib\site-packages\pyee\base.py", line 181, in _emit_handle_potential_error
    raise error
  File "C:\Users\amod.mishra_engineos\Odynn-Hotel-Framework\crm_core\hotel_crawlers\marriott\marriott_botright.py", line 102, in handle_route
    response = await route.continue_()
                     ^^^^^^^^^^^^^^^
AttributeError: 'Request' object has no attribute 'continue_'
2025-10-14 15:28:27,012 - ERROR - Exception in callback AsyncIOEventEmitter._emit_run.<locals>.callback(<Task finishe...'continue_'")>) at C:\Users\amod.mishra_engineos\AppData\Local\Programs\Python\Python311\Lib\site-packages\pyee\asyncio.py:97
handle: <Handle AsyncIOEventEmitter._emit_run.<locals>.callback(<Task finishe...'continue_'")>) at C:\Users\amod.mishra_engineos\AppData\Local\Programs\Python\Python311\Lib\site-packages\pyee\asyncio.py:97>
Traceback (most recent call last):
  File "C:\Users\amod.mishra_engineos\AppData\Local\Programs\Python\Python311\Lib\asyncio\events.py", line 84, in _run
    self._context.run(self._callback, *self._args)
  File "C:\Users\amod.mishra_engineos\AppData\Local\Programs\Python\Python311\Lib\site-packages\pyee\asyncio.py", line 105, in callback
    self.emit("error", exc)
  File "C:\Users\amod.mishra_engineos\AppData\Local\Programs\Python\Python311\Lib\site-packages\pyee\asyncio.py", line 70, in emit
    return super().emit(event, *args, **kwargs)
           ^^^^^^^^^^^^^^^^^^^^^^^^^^^^^^^^^^^^
  File "C:\Users\amod.mishra_engineos\AppData\Local\Programs\Python\Python311\Lib\site-packages\pyee\base.py", line 223, in emit
    self._emit_handle_potential_error(event, args[0] if args else None)
  File "C:\Users\amod.mishra_engineos\AppData\Local\Programs\Python\Python311\Lib\site-packages\pyee\base.py", line 181, in _emit_handle_potential_error
    raise error
  File "C:\Users\amod.mishra_engineos\Odynn-Hotel-Framework\crm_core\hotel_crawlers\marriott\marriott_botright.py", line 102, in handle_route
    response = await route.continue_()
                     ^^^^^^^^^^^^^^^
AttributeError: 'Request' object has no attribute 'continue_'
2025-10-14 15:28:27,145 - ERROR - Exception in callback AsyncIOEventEmitter._emit_run.<locals>.callback(<Task finishe...'continue_'")>) at C:\Users\amod.mishra_engineos\AppData\Local\Programs\Python\Python311\Lib\site-packages\pyee\asyncio.py:97
handle: <Handle AsyncIOEventEmitter._emit_run.<locals>.callback(<Task finishe...'continue_'")>) at C:\Users\amod.mishra_engineos\AppData\Local\Programs\Python\Python311\Lib\site-packages\pyee\asyncio.py:97>
Traceback (most recent call last):
  File "C:\Users\amod.mishra_engineos\AppData\Local\Programs\Python\Python311\Lib\asyncio\events.py", line 84, in _run
    self._context.run(self._callback, *self._args)
  File "C:\Users\amod.mishra_engineos\AppData\Local\Programs\Python\Python311\Lib\site-packages\pyee\asyncio.py", line 105, in callback
    self.emit("error", exc)
  File "C:\Users\amod.mishra_engineos\AppData\Local\Programs\Python\Python311\Lib\site-packages\pyee\asyncio.py", line 70, in emit
    return super().emit(event, *args, **kwargs)
           ^^^^^^^^^^^^^^^^^^^^^^^^^^^^^^^^^^^^
  File "C:\Users\amod.mishra_engineos\AppData\Local\Programs\Python\Python311\Lib\site-packages\pyee\base.py", line 223, in emit
    self._emit_handle_potential_error(event, args[0] if args else None)
  File "C:\Users\amod.mishra_engineos\AppData\Local\Programs\Python\Python311\Lib\site-packages\pyee\base.py", line 181, in _emit_handle_potential_error
    raise error
  File "C:\Users\amod.mishra_engineos\Odynn-Hotel-Framework\crm_core\hotel_crawlers\marriott\marriott_botright.py", line 102, in handle_route
    response = await route.continue_()
                     ^^^^^^^^^^^^^^^
AttributeError: 'Request' object has no attribute 'continue_'
2025-10-14 15:28:27,256 - ERROR - Exception in callback AsyncIOEventEmitter._emit_run.<locals>.callback(<Task finishe...'continue_'")>) at C:\Users\amod.mishra_engineos\AppData\Local\Programs\Python\Python311\Lib\site-packages\pyee\asyncio.py:97
handle: <Handle AsyncIOEventEmitter._emit_run.<locals>.callback(<Task finishe...'continue_'")>) at C:\Users\amod.mishra_engineos\AppData\Local\Programs\Python\Python311\Lib\site-packages\pyee\asyncio.py:97>
Traceback (most recent call last):
  File "C:\Users\amod.mishra_engineos\AppData\Local\Programs\Python\Python311\Lib\asyncio\events.py", line 84, in _run
    self._context.run(self._callback, *self._args)
  File "C:\Users\amod.mishra_engineos\AppData\Local\Programs\Python\Python311\Lib\site-packages\pyee\asyncio.py", line 105, in callback
    self.emit("error", exc)
  File "C:\Users\amod.mishra_engineos\AppData\Local\Programs\Python\Python311\Lib\site-packages\pyee\asyncio.py", line 70, in emit
    return super().emit(event, *args, **kwargs)
           ^^^^^^^^^^^^^^^^^^^^^^^^^^^^^^^^^^^^
  File "C:\Users\amod.mishra_engineos\AppData\Local\Programs\Python\Python311\Lib\site-packages\pyee\base.py", line 223, in emit
    self._emit_handle_potential_error(event, args[0] if args else None)
  File "C:\Users\amod.mishra_engineos\AppData\Local\Programs\Python\Python311\Lib\site-packages\pyee\base.py", line 181, in _emit_handle_potential_error
    raise error
  File "C:\Users\amod.mishra_engineos\Odynn-Hotel-Framework\crm_core\hotel_crawlers\marriott\marriott_botright.py", line 102, in handle_route
    response = await route.continue_()
                     ^^^^^^^^^^^^^^^
AttributeError: 'Request' object has no attribute 'continue_'
2025-10-14 15:28:27,298 - ERROR - Exception in callback AsyncIOEventEmitter._emit_run.<locals>.callback(<Task finishe...'continue_'")>) at C:\Users\amod.mishra_engineos\AppData\Local\Programs\Python\Python311\Lib\site-packages\pyee\asyncio.py:97
handle: <Handle AsyncIOEventEmitter._emit_run.<locals>.callback(<Task finishe...'continue_'")>) at C:\Users\amod.mishra_engineos\AppData\Local\Programs\Python\Python311\Lib\site-packages\pyee\asyncio.py:97>
Traceback (most recent call last):
  File "C:\Users\amod.mishra_engineos\AppData\Local\Programs\Python\Python311\Lib\asyncio\events.py", line 84, in _run
    self._context.run(self._callback, *self._args)
  File "C:\Users\amod.mishra_engineos\AppData\Local\Programs\Python\Python311\Lib\site-packages\pyee\asyncio.py", line 105, in callback
    self.emit("error", exc)
  File "C:\Users\amod.mishra_engineos\AppData\Local\Programs\Python\Python311\Lib\site-packages\pyee\asyncio.py", line 70, in emit
    return super().emit(event, *args, **kwargs)
           ^^^^^^^^^^^^^^^^^^^^^^^^^^^^^^^^^^^^
  File "C:\Users\amod.mishra_engineos\AppData\Local\Programs\Python\Python311\Lib\site-packages\pyee\base.py", line 223, in emit
    self._emit_handle_potential_error(event, args[0] if args else None)
  File "C:\Users\amod.mishra_engineos\AppData\Local\Programs\Python\Python311\Lib\site-packages\pyee\base.py", line 181, in _emit_handle_potential_error
    raise error
  File "C:\Users\amod.mishra_engineos\Odynn-Hotel-Framework\crm_core\hotel_crawlers\marriott\marriott_botright.py", line 102, in handle_route
    response = await route.continue_()
                     ^^^^^^^^^^^^^^^
AttributeError: 'Request' object has no attribute 'continue_'
2025-10-14 15:28:27,299 - ERROR - Exception in callback AsyncIOEventEmitter._emit_run.<locals>.callback(<Task finishe...'continue_'")>) at C:\Users\amod.mishra_engineos\AppData\Local\Programs\Python\Python311\Lib\site-packages\pyee\asyncio.py:97
handle: <Handle AsyncIOEventEmitter._emit_run.<locals>.callback(<Task finishe...'continue_'")>) at C:\Users\amod.mishra_engineos\AppData\Local\Programs\Python\Python311\Lib\site-packages\pyee\asyncio.py:97>
Traceback (most recent call last):
  File "C:\Users\amod.mishra_engineos\AppData\Local\Programs\Python\Python311\Lib\asyncio\events.py", line 84, in _run
    self._context.run(self._callback, *self._args)
  File "C:\Users\amod.mishra_engineos\AppData\Local\Programs\Python\Python311\Lib\site-packages\pyee\asyncio.py", line 105, in callback
    self.emit("error", exc)
  File "C:\Users\amod.mishra_engineos\AppData\Local\Programs\Python\Python311\Lib\site-packages\pyee\asyncio.py", line 70, in emit
    return super().emit(event, *args, **kwargs)
           ^^^^^^^^^^^^^^^^^^^^^^^^^^^^^^^^^^^^
  File "C:\Users\amod.mishra_engineos\AppData\Local\Programs\Python\Python311\Lib\site-packages\pyee\base.py", line 223, in emit
    self._emit_handle_potential_error(event, args[0] if args else None)
  File "C:\Users\amod.mishra_engineos\AppData\Local\Programs\Python\Python311\Lib\site-packages\pyee\base.py", line 181, in _emit_handle_potential_error
    raise error
  File "C:\Users\amod.mishra_engineos\Odynn-Hotel-Framework\crm_core\hotel_crawlers\marriott\marriott_botright.py", line 102, in handle_route
    response = await route.continue_()
                     ^^^^^^^^^^^^^^^
AttributeError: 'Request' object has no attribute 'continue_'
2025-10-14 15:28:27,349 - ERROR - Exception in callback AsyncIOEventEmitter._emit_run.<locals>.callback(<Task finishe...'continue_'")>) at C:\Users\amod.mishra_engineos\AppData\Local\Programs\Python\Python311\Lib\site-packages\pyee\asyncio.py:97
handle: <Handle AsyncIOEventEmitter._emit_run.<locals>.callback(<Task finishe...'continue_'")>) at C:\Users\amod.mishra_engineos\AppData\Local\Programs\Python\Python311\Lib\site-packages\pyee\asyncio.py:97>
Traceback (most recent call last):
  File "C:\Users\amod.mishra_engineos\AppData\Local\Programs\Python\Python311\Lib\asyncio\events.py", line 84, in _run
    self._context.run(self._callback, *self._args)
  File "C:\Users\amod.mishra_engineos\AppData\Local\Programs\Python\Python311\Lib\site-packages\pyee\asyncio.py", line 105, in callback
    self.emit("error", exc)
  File "C:\Users\amod.mishra_engineos\AppData\Local\Programs\Python\Python311\Lib\site-packages\pyee\asyncio.py", line 70, in emit
    return super().emit(event, *args, **kwargs)
           ^^^^^^^^^^^^^^^^^^^^^^^^^^^^^^^^^^^^
  File "C:\Users\amod.mishra_engineos\AppData\Local\Programs\Python\Python311\Lib\site-packages\pyee\base.py", line 223, in emit
    self._emit_handle_potential_error(event, args[0] if args else None)
  File "C:\Users\amod.mishra_engineos\AppData\Local\Programs\Python\Python311\Lib\site-packages\pyee\base.py", line 181, in _emit_handle_potential_error
    raise error
  File "C:\Users\amod.mishra_engineos\Odynn-Hotel-Framework\crm_core\hotel_crawlers\marriott\marriott_botright.py", line 102, in handle_route
    response = await route.continue_()
                     ^^^^^^^^^^^^^^^
AttributeError: 'Request' object has no attribute 'continue_'
2025-10-14 15:28:27,486 - ERROR - Exception in callback AsyncIOEventEmitter._emit_run.<locals>.callback(<Task finishe...'continue_'")>) at C:\Users\amod.mishra_engineos\AppData\Local\Programs\Python\Python311\Lib\site-packages\pyee\asyncio.py:97
handle: <Handle AsyncIOEventEmitter._emit_run.<locals>.callback(<Task finishe...'continue_'")>) at C:\Users\amod.mishra_engineos\AppData\Local\Programs\Python\Python311\Lib\site-packages\pyee\asyncio.py:97>
Traceback (most recent call last):
  File "C:\Users\amod.mishra_engineos\AppData\Local\Programs\Python\Python311\Lib\asyncio\events.py", line 84, in _run
    self._context.run(self._callback, *self._args)
  File "C:\Users\amod.mishra_engineos\AppData\Local\Programs\Python\Python311\Lib\site-packages\pyee\asyncio.py", line 105, in callback
    self.emit("error", exc)
  File "C:\Users\amod.mishra_engineos\AppData\Local\Programs\Python\Python311\Lib\site-packages\pyee\asyncio.py", line 70, in emit
    return super().emit(event, *args, **kwargs)
           ^^^^^^^^^^^^^^^^^^^^^^^^^^^^^^^^^^^^
  File "C:\Users\amod.mishra_engineos\AppData\Local\Programs\Python\Python311\Lib\site-packages\pyee\base.py", line 223, in emit
    self._emit_handle_potential_error(event, args[0] if args else None)
  File "C:\Users\amod.mishra_engineos\AppData\Local\Programs\Python\Python311\Lib\site-packages\pyee\base.py", line 181, in _emit_handle_potential_error
    raise error
  File "C:\Users\amod.mishra_engineos\Odynn-Hotel-Framework\crm_core\hotel_crawlers\marriott\marriott_botright.py", line 102, in handle_route
    response = await route.continue_()
                     ^^^^^^^^^^^^^^^
AttributeError: 'Request' object has no attribute 'continue_'
2025-10-14 15:28:27,531 - ERROR - Exception in callback AsyncIOEventEmitter._emit_run.<locals>.callback(<Task finishe...'continue_'")>) at C:\Users\amod.mishra_engineos\AppData\Local\Programs\Python\Python311\Lib\site-packages\pyee\asyncio.py:97
handle: <Handle AsyncIOEventEmitter._emit_run.<locals>.callback(<Task finishe...'continue_'")>) at C:\Users\amod.mishra_engineos\AppData\Local\Programs\Python\Python311\Lib\site-packages\pyee\asyncio.py:97>
Traceback (most recent call last):
  File "C:\Users\amod.mishra_engineos\AppData\Local\Programs\Python\Python311\Lib\asyncio\events.py", line 84, in _run
    self._context.run(self._callback, *self._args)
  File "C:\Users\amod.mishra_engineos\AppData\Local\Programs\Python\Python311\Lib\site-packages\pyee\asyncio.py", line 105, in callback
    self.emit("error", exc)
  File "C:\Users\amod.mishra_engineos\AppData\Local\Programs\Python\Python311\Lib\site-packages\pyee\asyncio.py", line 70, in emit
    return super().emit(event, *args, **kwargs)
           ^^^^^^^^^^^^^^^^^^^^^^^^^^^^^^^^^^^^
  File "C:\Users\amod.mishra_engineos\AppData\Local\Programs\Python\Python311\Lib\site-packages\pyee\base.py", line 223, in emit
    self._emit_handle_potential_error(event, args[0] if args else None)
  File "C:\Users\amod.mishra_engineos\AppData\Local\Programs\Python\Python311\Lib\site-packages\pyee\base.py", line 181, in _emit_handle_potential_error
    raise error
  File "C:\Users\amod.mishra_engineos\Odynn-Hotel-Framework\crm_core\hotel_crawlers\marriott\marriott_botright.py", line 102, in handle_route
    response = await route.continue_()
                     ^^^^^^^^^^^^^^^
AttributeError: 'Request' object has no attribute 'continue_'
2025-10-14 15:28:27,868 - ERROR - Exception in callback AsyncIOEventEmitter._emit_run.<locals>.callback(<Task finishe...'continue_'")>) at C:\Users\amod.mishra_engineos\AppData\Local\Programs\Python\Python311\Lib\site-packages\pyee\asyncio.py:97
handle: <Handle AsyncIOEventEmitter._emit_run.<locals>.callback(<Task finishe...'continue_'")>) at C:\Users\amod.mishra_engineos\AppData\Local\Programs\Python\Python311\Lib\site-packages\pyee\asyncio.py:97>
Traceback (most recent call last):
  File "C:\Users\amod.mishra_engineos\AppData\Local\Programs\Python\Python311\Lib\asyncio\events.py", line 84, in _run
    self._context.run(self._callback, *self._args)
  File "C:\Users\amod.mishra_engineos\AppData\Local\Programs\Python\Python311\Lib\site-packages\pyee\asyncio.py", line 105, in callback
    self.emit("error", exc)
  File "C:\Users\amod.mishra_engineos\AppData\Local\Programs\Python\Python311\Lib\site-packages\pyee\asyncio.py", line 70, in emit
    return super().emit(event, *args, **kwargs)
           ^^^^^^^^^^^^^^^^^^^^^^^^^^^^^^^^^^^^
  File "C:\Users\amod.mishra_engineos\AppData\Local\Programs\Python\Python311\Lib\site-packages\pyee\base.py", line 223, in emit
    self._emit_handle_potential_error(event, args[0] if args else None)
  File "C:\Users\amod.mishra_engineos\AppData\Local\Programs\Python\Python311\Lib\site-packages\pyee\base.py", line 181, in _emit_handle_potential_error
    raise error
  File "C:\Users\amod.mishra_engineos\Odynn-Hotel-Framework\crm_core\hotel_crawlers\marriott\marriott_botright.py", line 102, in handle_route
    response = await route.continue_()
                     ^^^^^^^^^^^^^^^
AttributeError: 'Request' object has no attribute 'continue_'
2025-10-14 15:28:28,140 - ERROR - Exception in callback AsyncIOEventEmitter._emit_run.<locals>.callback(<Task finishe...'continue_'")>) at C:\Users\amod.mishra_engineos\AppData\Local\Programs\Python\Python311\Lib\site-packages\pyee\asyncio.py:97
handle: <Handle AsyncIOEventEmitter._emit_run.<locals>.callback(<Task finishe...'continue_'")>) at C:\Users\amod.mishra_engineos\AppData\Local\Programs\Python\Python311\Lib\site-packages\pyee\asyncio.py:97>
Traceback (most recent call last):
  File "C:\Users\amod.mishra_engineos\AppData\Local\Programs\Python\Python311\Lib\asyncio\events.py", line 84, in _run
    self._context.run(self._callback, *self._args)
  File "C:\Users\amod.mishra_engineos\AppData\Local\Programs\Python\Python311\Lib\site-packages\pyee\asyncio.py", line 105, in callback
    self.emit("error", exc)
  File "C:\Users\amod.mishra_engineos\AppData\Local\Programs\Python\Python311\Lib\site-packages\pyee\asyncio.py", line 70, in emit
    return super().emit(event, *args, **kwargs)
           ^^^^^^^^^^^^^^^^^^^^^^^^^^^^^^^^^^^^
  File "C:\Users\amod.mishra_engineos\AppData\Local\Programs\Python\Python311\Lib\site-packages\pyee\base.py", line 223, in emit
    self._emit_handle_potential_error(event, args[0] if args else None)
  File "C:\Users\amod.mishra_engineos\AppData\Local\Programs\Python\Python311\Lib\site-packages\pyee\base.py", line 181, in _emit_handle_potential_error
    raise error
  File "C:\Users\amod.mishra_engineos\Odynn-Hotel-Framework\crm_core\hotel_crawlers\marriott\marriott_botright.py", line 102, in handle_route
    response = await route.continue_()
                     ^^^^^^^^^^^^^^^
AttributeError: 'Request' object has no attribute 'continue_'
2025-10-14 15:28:28,269 - ERROR - Exception in callback AsyncIOEventEmitter._emit_run.<locals>.callback(<Task finishe...'continue_'")>) at C:\Users\amod.mishra_engineos\AppData\Local\Programs\Python\Python311\Lib\site-packages\pyee\asyncio.py:97
handle: <Handle AsyncIOEventEmitter._emit_run.<locals>.callback(<Task finishe...'continue_'")>) at C:\Users\amod.mishra_engineos\AppData\Local\Programs\Python\Python311\Lib\site-packages\pyee\asyncio.py:97>
Traceback (most recent call last):
  File "C:\Users\amod.mishra_engineos\AppData\Local\Programs\Python\Python311\Lib\asyncio\events.py", line 84, in _run
    self._context.run(self._callback, *self._args)
  File "C:\Users\amod.mishra_engineos\AppData\Local\Programs\Python\Python311\Lib\site-packages\pyee\asyncio.py", line 105, in callback
    self.emit("error", exc)
  File "C:\Users\amod.mishra_engineos\AppData\Local\Programs\Python\Python311\Lib\site-packages\pyee\asyncio.py", line 70, in emit
    return super().emit(event, *args, **kwargs)
           ^^^^^^^^^^^^^^^^^^^^^^^^^^^^^^^^^^^^
  File "C:\Users\amod.mishra_engineos\AppData\Local\Programs\Python\Python311\Lib\site-packages\pyee\base.py", line 223, in emit
    self._emit_handle_potential_error(event, args[0] if args else None)
  File "C:\Users\amod.mishra_engineos\AppData\Local\Programs\Python\Python311\Lib\site-packages\pyee\base.py", line 181, in _emit_handle_potential_error
    raise error
  File "C:\Users\amod.mishra_engineos\Odynn-Hotel-Framework\crm_core\hotel_crawlers\marriott\marriott_botright.py", line 102, in handle_route
    response = await route.continue_()
                     ^^^^^^^^^^^^^^^
AttributeError: 'Request' object has no attribute 'continue_'
2025-10-14 15:28:28,273 - ERROR - Exception in callback AsyncIOEventEmitter._emit_run.<locals>.callback(<Task finishe...'continue_'")>) at C:\Users\amod.mishra_engineos\AppData\Local\Programs\Python\Python311\Lib\site-packages\pyee\asyncio.py:97
handle: <Handle AsyncIOEventEmitter._emit_run.<locals>.callback(<Task finishe...'continue_'")>) at C:\Users\amod.mishra_engineos\AppData\Local\Programs\Python\Python311\Lib\site-packages\pyee\asyncio.py:97>
Traceback (most recent call last):
  File "C:\Users\amod.mishra_engineos\AppData\Local\Programs\Python\Python311\Lib\asyncio\events.py", line 84, in _run
    self._context.run(self._callback, *self._args)
  File "C:\Users\amod.mishra_engineos\AppData\Local\Programs\Python\Python311\Lib\site-packages\pyee\asyncio.py", line 105, in callback
    self.emit("error", exc)
  File "C:\Users\amod.mishra_engineos\AppData\Local\Programs\Python\Python311\Lib\site-packages\pyee\asyncio.py", line 70, in emit
    return super().emit(event, *args, **kwargs)
           ^^^^^^^^^^^^^^^^^^^^^^^^^^^^^^^^^^^^
  File "C:\Users\amod.mishra_engineos\AppData\Local\Programs\Python\Python311\Lib\site-packages\pyee\base.py", line 223, in emit
    self._emit_handle_potential_error(event, args[0] if args else None)
  File "C:\Users\amod.mishra_engineos\AppData\Local\Programs\Python\Python311\Lib\site-packages\pyee\base.py", line 181, in _emit_handle_potential_error
    raise error
  File "C:\Users\amod.mishra_engineos\Odynn-Hotel-Framework\crm_core\hotel_crawlers\marriott\marriott_botright.py", line 102, in handle_route
    response = await route.continue_()
                     ^^^^^^^^^^^^^^^
AttributeError: 'Request' object has no attribute 'continue_'
2025-10-14 15:28:28,274 - ERROR - Exception in callback AsyncIOEventEmitter._emit_run.<locals>.callback(<Task finishe...'continue_'")>) at C:\Users\amod.mishra_engineos\AppData\Local\Programs\Python\Python311\Lib\site-packages\pyee\asyncio.py:97
handle: <Handle AsyncIOEventEmitter._emit_run.<locals>.callback(<Task finishe...'continue_'")>) at C:\Users\amod.mishra_engineos\AppData\Local\Programs\Python\Python311\Lib\site-packages\pyee\asyncio.py:97>
Traceback (most recent call last):
  File "C:\Users\amod.mishra_engineos\AppData\Local\Programs\Python\Python311\Lib\asyncio\events.py", line 84, in _run
    self._context.run(self._callback, *self._args)
  File "C:\Users\amod.mishra_engineos\AppData\Local\Programs\Python\Python311\Lib\site-packages\pyee\asyncio.py", line 105, in callback
    self.emit("error", exc)
  File "C:\Users\amod.mishra_engineos\AppData\Local\Programs\Python\Python311\Lib\site-packages\pyee\asyncio.py", line 70, in emit
    return super().emit(event, *args, **kwargs)
           ^^^^^^^^^^^^^^^^^^^^^^^^^^^^^^^^^^^^
  File "C:\Users\amod.mishra_engineos\AppData\Local\Programs\Python\Python311\Lib\site-packages\pyee\base.py", line 223, in emit
    self._emit_handle_potential_error(event, args[0] if args else None)
  File "C:\Users\amod.mishra_engineos\AppData\Local\Programs\Python\Python311\Lib\site-packages\pyee\base.py", line 181, in _emit_handle_potential_error
    raise error
  File "C:\Users\amod.mishra_engineos\Odynn-Hotel-Framework\crm_core\hotel_crawlers\marriott\marriott_botright.py", line 102, in handle_route
    response = await route.continue_()
                     ^^^^^^^^^^^^^^^
AttributeError: 'Request' object has no attribute 'continue_'
2025-10-14 15:28:28,296 - ERROR - Exception in callback AsyncIOEventEmitter._emit_run.<locals>.callback(<Task finishe...'continue_'")>) at C:\Users\amod.mishra_engineos\AppData\Local\Programs\Python\Python311\Lib\site-packages\pyee\asyncio.py:97
handle: <Handle AsyncIOEventEmitter._emit_run.<locals>.callback(<Task finishe...'continue_'")>) at C:\Users\amod.mishra_engineos\AppData\Local\Programs\Python\Python311\Lib\site-packages\pyee\asyncio.py:97>
Traceback (most recent call last):
  File "C:\Users\amod.mishra_engineos\AppData\Local\Programs\Python\Python311\Lib\asyncio\events.py", line 84, in _run
    self._context.run(self._callback, *self._args)
  File "C:\Users\amod.mishra_engineos\AppData\Local\Programs\Python\Python311\Lib\site-packages\pyee\asyncio.py", line 105, in callback
    self.emit("error", exc)
  File "C:\Users\amod.mishra_engineos\AppData\Local\Programs\Python\Python311\Lib\site-packages\pyee\asyncio.py", line 70, in emit
    return super().emit(event, *args, **kwargs)
           ^^^^^^^^^^^^^^^^^^^^^^^^^^^^^^^^^^^^
  File "C:\Users\amod.mishra_engineos\AppData\Local\Programs\Python\Python311\Lib\site-packages\pyee\base.py", line 223, in emit
    self._emit_handle_potential_error(event, args[0] if args else None)
  File "C:\Users\amod.mishra_engineos\AppData\Local\Programs\Python\Python311\Lib\site-packages\pyee\base.py", line 181, in _emit_handle_potential_error
    raise error
  File "C:\Users\amod.mishra_engineos\Odynn-Hotel-Framework\crm_core\hotel_crawlers\marriott\marriott_botright.py", line 102, in handle_route
    response = await route.continue_()
                     ^^^^^^^^^^^^^^^
AttributeError: 'Request' object has no attribute 'continue_'
2025-10-14 15:28:28,313 - ERROR - Exception in callback AsyncIOEventEmitter._emit_run.<locals>.callback(<Task finishe...'continue_'")>) at C:\Users\amod.mishra_engineos\AppData\Local\Programs\Python\Python311\Lib\site-packages\pyee\asyncio.py:97
handle: <Handle AsyncIOEventEmitter._emit_run.<locals>.callback(<Task finishe...'continue_'")>) at C:\Users\amod.mishra_engineos\AppData\Local\Programs\Python\Python311\Lib\site-packages\pyee\asyncio.py:97>
Traceback (most recent call last):
  File "C:\Users\amod.mishra_engineos\AppData\Local\Programs\Python\Python311\Lib\asyncio\events.py", line 84, in _run
    self._context.run(self._callback, *self._args)
  File "C:\Users\amod.mishra_engineos\AppData\Local\Programs\Python\Python311\Lib\site-packages\pyee\asyncio.py", line 105, in callback
    self.emit("error", exc)
  File "C:\Users\amod.mishra_engineos\AppData\Local\Programs\Python\Python311\Lib\site-packages\pyee\asyncio.py", line 70, in emit
    return super().emit(event, *args, **kwargs)
           ^^^^^^^^^^^^^^^^^^^^^^^^^^^^^^^^^^^^
  File "C:\Users\amod.mishra_engineos\AppData\Local\Programs\Python\Python311\Lib\site-packages\pyee\base.py", line 223, in emit
    self._emit_handle_potential_error(event, args[0] if args else None)
  File "C:\Users\amod.mishra_engineos\AppData\Local\Programs\Python\Python311\Lib\site-packages\pyee\base.py", line 181, in _emit_handle_potential_error
    raise error
  File "C:\Users\amod.mishra_engineos\Odynn-Hotel-Framework\crm_core\hotel_crawlers\marriott\marriott_botright.py", line 102, in handle_route
    response = await route.continue_()
                     ^^^^^^^^^^^^^^^
AttributeError: 'Request' object has no attribute 'continue_'
2025-10-14 15:28:28,431 - ERROR - Exception in callback AsyncIOEventEmitter._emit_run.<locals>.callback(<Task finishe...'continue_'")>) at C:\Users\amod.mishra_engineos\AppData\Local\Programs\Python\Python311\Lib\site-packages\pyee\asyncio.py:97
handle: <Handle AsyncIOEventEmitter._emit_run.<locals>.callback(<Task finishe...'continue_'")>) at C:\Users\amod.mishra_engineos\AppData\Local\Programs\Python\Python311\Lib\site-packages\pyee\asyncio.py:97>
Traceback (most recent call last):
  File "C:\Users\amod.mishra_engineos\AppData\Local\Programs\Python\Python311\Lib\asyncio\events.py", line 84, in _run
    self._context.run(self._callback, *self._args)
  File "C:\Users\amod.mishra_engineos\AppData\Local\Programs\Python\Python311\Lib\site-packages\pyee\asyncio.py", line 105, in callback
    self.emit("error", exc)
  File "C:\Users\amod.mishra_engineos\AppData\Local\Programs\Python\Python311\Lib\site-packages\pyee\asyncio.py", line 70, in emit
    return super().emit(event, *args, **kwargs)
           ^^^^^^^^^^^^^^^^^^^^^^^^^^^^^^^^^^^^
  File "C:\Users\amod.mishra_engineos\AppData\Local\Programs\Python\Python311\Lib\site-packages\pyee\base.py", line 223, in emit
    self._emit_handle_potential_error(event, args[0] if args else None)
  File "C:\Users\amod.mishra_engineos\AppData\Local\Programs\Python\Python311\Lib\site-packages\pyee\base.py", line 181, in _emit_handle_potential_error
    raise error
  File "C:\Users\amod.mishra_engineos\Odynn-Hotel-Framework\crm_core\hotel_crawlers\marriott\marriott_botright.py", line 102, in handle_route
    response = await route.continue_()
                     ^^^^^^^^^^^^^^^
AttributeError: 'Request' object has no attribute 'continue_'
2025-10-14 15:28:28,438 - ERROR - Exception in callback AsyncIOEventEmitter._emit_run.<locals>.callback(<Task finishe...'continue_'")>) at C:\Users\amod.mishra_engineos\AppData\Local\Programs\Python\Python311\Lib\site-packages\pyee\asyncio.py:97
handle: <Handle AsyncIOEventEmitter._emit_run.<locals>.callback(<Task finishe...'continue_'")>) at C:\Users\amod.mishra_engineos\AppData\Local\Programs\Python\Python311\Lib\site-packages\pyee\asyncio.py:97>
Traceback (most recent call last):
  File "C:\Users\amod.mishra_engineos\AppData\Local\Programs\Python\Python311\Lib\asyncio\events.py", line 84, in _run
    self._context.run(self._callback, *self._args)
  File "C:\Users\amod.mishra_engineos\AppData\Local\Programs\Python\Python311\Lib\site-packages\pyee\asyncio.py", line 105, in callback
    self.emit("error", exc)
  File "C:\Users\amod.mishra_engineos\AppData\Local\Programs\Python\Python311\Lib\site-packages\pyee\asyncio.py", line 70, in emit
    return super().emit(event, *args, **kwargs)
           ^^^^^^^^^^^^^^^^^^^^^^^^^^^^^^^^^^^^
  File "C:\Users\amod.mishra_engineos\AppData\Local\Programs\Python\Python311\Lib\site-packages\pyee\base.py", line 223, in emit
    self._emit_handle_potential_error(event, args[0] if args else None)
  File "C:\Users\amod.mishra_engineos\AppData\Local\Programs\Python\Python311\Lib\site-packages\pyee\base.py", line 181, in _emit_handle_potential_error
    raise error
  File "C:\Users\amod.mishra_engineos\Odynn-Hotel-Framework\crm_core\hotel_crawlers\marriott\marriott_botright.py", line 102, in handle_route
    response = await route.continue_()
                     ^^^^^^^^^^^^^^^
AttributeError: 'Request' object has no attribute 'continue_'
2025-10-14 15:28:28,440 - ERROR - Exception in callback AsyncIOEventEmitter._emit_run.<locals>.callback(<Task finishe...'continue_'")>) at C:\Users\amod.mishra_engineos\AppData\Local\Programs\Python\Python311\Lib\site-packages\pyee\asyncio.py:97
handle: <Handle AsyncIOEventEmitter._emit_run.<locals>.callback(<Task finishe...'continue_'")>) at C:\Users\amod.mishra_engineos\AppData\Local\Programs\Python\Python311\Lib\site-packages\pyee\asyncio.py:97>
Traceback (most recent call last):
  File "C:\Users\amod.mishra_engineos\AppData\Local\Programs\Python\Python311\Lib\asyncio\events.py", line 84, in _run
    self._context.run(self._callback, *self._args)
  File "C:\Users\amod.mishra_engineos\AppData\Local\Programs\Python\Python311\Lib\site-packages\pyee\asyncio.py", line 105, in callback
    self.emit("error", exc)
  File "C:\Users\amod.mishra_engineos\AppData\Local\Programs\Python\Python311\Lib\site-packages\pyee\asyncio.py", line 70, in emit
    return super().emit(event, *args, **kwargs)
           ^^^^^^^^^^^^^^^^^^^^^^^^^^^^^^^^^^^^
  File "C:\Users\amod.mishra_engineos\AppData\Local\Programs\Python\Python311\Lib\site-packages\pyee\base.py", line 223, in emit
    self._emit_handle_potential_error(event, args[0] if args else None)
  File "C:\Users\amod.mishra_engineos\AppData\Local\Programs\Python\Python311\Lib\site-packages\pyee\base.py", line 181, in _emit_handle_potential_error
    raise error
  File "C:\Users\amod.mishra_engineos\Odynn-Hotel-Framework\crm_core\hotel_crawlers\marriott\marriott_botright.py", line 102, in handle_route
    response = await route.continue_()
                     ^^^^^^^^^^^^^^^
AttributeError: 'Request' object has no attribute 'continue_'
2025-10-14 15:28:28,444 - ERROR - Exception in callback AsyncIOEventEmitter._emit_run.<locals>.callback(<Task finishe...'continue_'")>) at C:\Users\amod.mishra_engineos\AppData\Local\Programs\Python\Python311\Lib\site-packages\pyee\asyncio.py:97
handle: <Handle AsyncIOEventEmitter._emit_run.<locals>.callback(<Task finishe...'continue_'")>) at C:\Users\amod.mishra_engineos\AppData\Local\Programs\Python\Python311\Lib\site-packages\pyee\asyncio.py:97>
Traceback (most recent call last):
  File "C:\Users\amod.mishra_engineos\AppData\Local\Programs\Python\Python311\Lib\asyncio\events.py", line 84, in _run
    self._context.run(self._callback, *self._args)
  File "C:\Users\amod.mishra_engineos\AppData\Local\Programs\Python\Python311\Lib\site-packages\pyee\asyncio.py", line 105, in callback
    self.emit("error", exc)
  File "C:\Users\amod.mishra_engineos\AppData\Local\Programs\Python\Python311\Lib\site-packages\pyee\asyncio.py", line 70, in emit
    return super().emit(event, *args, **kwargs)
           ^^^^^^^^^^^^^^^^^^^^^^^^^^^^^^^^^^^^
  File "C:\Users\amod.mishra_engineos\AppData\Local\Programs\Python\Python311\Lib\site-packages\pyee\base.py", line 223, in emit
    self._emit_handle_potential_error(event, args[0] if args else None)
  File "C:\Users\amod.mishra_engineos\AppData\Local\Programs\Python\Python311\Lib\site-packages\pyee\base.py", line 181, in _emit_handle_potential_error
    raise error
  File "C:\Users\amod.mishra_engineos\Odynn-Hotel-Framework\crm_core\hotel_crawlers\marriott\marriott_botright.py", line 102, in handle_route
    response = await route.continue_()
                     ^^^^^^^^^^^^^^^
AttributeError: 'Request' object has no attribute 'continue_'
2025-10-14 15:28:28,447 - ERROR - Exception in callback AsyncIOEventEmitter._emit_run.<locals>.callback(<Task finishe...'continue_'")>) at C:\Users\amod.mishra_engineos\AppData\Local\Programs\Python\Python311\Lib\site-packages\pyee\asyncio.py:97
handle: <Handle AsyncIOEventEmitter._emit_run.<locals>.callback(<Task finishe...'continue_'")>) at C:\Users\amod.mishra_engineos\AppData\Local\Programs\Python\Python311\Lib\site-packages\pyee\asyncio.py:97>
Traceback (most recent call last):
  File "C:\Users\amod.mishra_engineos\AppData\Local\Programs\Python\Python311\Lib\asyncio\events.py", line 84, in _run
    self._context.run(self._callback, *self._args)
  File "C:\Users\amod.mishra_engineos\AppData\Local\Programs\Python\Python311\Lib\site-packages\pyee\asyncio.py", line 105, in callback
    self.emit("error", exc)
  File "C:\Users\amod.mishra_engineos\AppData\Local\Programs\Python\Python311\Lib\site-packages\pyee\asyncio.py", line 70, in emit
    return super().emit(event, *args, **kwargs)
           ^^^^^^^^^^^^^^^^^^^^^^^^^^^^^^^^^^^^
  File "C:\Users\amod.mishra_engineos\AppData\Local\Programs\Python\Python311\Lib\site-packages\pyee\base.py", line 223, in emit
    self._emit_handle_potential_error(event, args[0] if args else None)
  File "C:\Users\amod.mishra_engineos\AppData\Local\Programs\Python\Python311\Lib\site-packages\pyee\base.py", line 181, in _emit_handle_potential_error
    raise error
  File "C:\Users\amod.mishra_engineos\Odynn-Hotel-Framework\crm_core\hotel_crawlers\marriott\marriott_botright.py", line 102, in handle_route
    response = await route.continue_()
                     ^^^^^^^^^^^^^^^
AttributeError: 'Request' object has no attribute 'continue_'
2025-10-14 15:28:28,449 - ERROR - Exception in callback AsyncIOEventEmitter._emit_run.<locals>.callback(<Task finishe...'continue_'")>) at C:\Users\amod.mishra_engineos\AppData\Local\Programs\Python\Python311\Lib\site-packages\pyee\asyncio.py:97
handle: <Handle AsyncIOEventEmitter._emit_run.<locals>.callback(<Task finishe...'continue_'")>) at C:\Users\amod.mishra_engineos\AppData\Local\Programs\Python\Python311\Lib\site-packages\pyee\asyncio.py:97>
Traceback (most recent call last):
  File "C:\Users\amod.mishra_engineos\AppData\Local\Programs\Python\Python311\Lib\asyncio\events.py", line 84, in _run
    self._context.run(self._callback, *self._args)
  File "C:\Users\amod.mishra_engineos\AppData\Local\Programs\Python\Python311\Lib\site-packages\pyee\asyncio.py", line 105, in callback
    self.emit("error", exc)
  File "C:\Users\amod.mishra_engineos\AppData\Local\Programs\Python\Python311\Lib\site-packages\pyee\asyncio.py", line 70, in emit
    return super().emit(event, *args, **kwargs)
           ^^^^^^^^^^^^^^^^^^^^^^^^^^^^^^^^^^^^
  File "C:\Users\amod.mishra_engineos\AppData\Local\Programs\Python\Python311\Lib\site-packages\pyee\base.py", line 223, in emit
    self._emit_handle_potential_error(event, args[0] if args else None)
  File "C:\Users\amod.mishra_engineos\AppData\Local\Programs\Python\Python311\Lib\site-packages\pyee\base.py", line 181, in _emit_handle_potential_error
    raise error
  File "C:\Users\amod.mishra_engineos\Odynn-Hotel-Framework\crm_core\hotel_crawlers\marriott\marriott_botright.py", line 102, in handle_route
    response = await route.continue_()
                     ^^^^^^^^^^^^^^^
AttributeError: 'Request' object has no attribute 'continue_'
2025-10-14 15:28:28,451 - ERROR - Exception in callback AsyncIOEventEmitter._emit_run.<locals>.callback(<Task finishe...'continue_'")>) at C:\Users\amod.mishra_engineos\AppData\Local\Programs\Python\Python311\Lib\site-packages\pyee\asyncio.py:97
handle: <Handle AsyncIOEventEmitter._emit_run.<locals>.callback(<Task finishe...'continue_'")>) at C:\Users\amod.mishra_engineos\AppData\Local\Programs\Python\Python311\Lib\site-packages\pyee\asyncio.py:97>
Traceback (most recent call last):
  File "C:\Users\amod.mishra_engineos\AppData\Local\Programs\Python\Python311\Lib\asyncio\events.py", line 84, in _run
    self._context.run(self._callback, *self._args)
  File "C:\Users\amod.mishra_engineos\AppData\Local\Programs\Python\Python311\Lib\site-packages\pyee\asyncio.py", line 105, in callback
    self.emit("error", exc)
  File "C:\Users\amod.mishra_engineos\AppData\Local\Programs\Python\Python311\Lib\site-packages\pyee\asyncio.py", line 70, in emit
    return super().emit(event, *args, **kwargs)
           ^^^^^^^^^^^^^^^^^^^^^^^^^^^^^^^^^^^^
  File "C:\Users\amod.mishra_engineos\AppData\Local\Programs\Python\Python311\Lib\site-packages\pyee\base.py", line 223, in emit
    self._emit_handle_potential_error(event, args[0] if args else None)
  File "C:\Users\amod.mishra_engineos\AppData\Local\Programs\Python\Python311\Lib\site-packages\pyee\base.py", line 181, in _emit_handle_potential_error
    raise error
  File "C:\Users\amod.mishra_engineos\Odynn-Hotel-Framework\crm_core\hotel_crawlers\marriott\marriott_botright.py", line 102, in handle_route
    response = await route.continue_()
                     ^^^^^^^^^^^^^^^
AttributeError: 'Request' object has no attribute 'continue_'
2025-10-14 15:28:28,452 - ERROR - Exception in callback AsyncIOEventEmitter._emit_run.<locals>.callback(<Task finishe...'continue_'")>) at C:\Users\amod.mishra_engineos\AppData\Local\Programs\Python\Python311\Lib\site-packages\pyee\asyncio.py:97
handle: <Handle AsyncIOEventEmitter._emit_run.<locals>.callback(<Task finishe...'continue_'")>) at C:\Users\amod.mishra_engineos\AppData\Local\Programs\Python\Python311\Lib\site-packages\pyee\asyncio.py:97>
Traceback (most recent call last):
  File "C:\Users\amod.mishra_engineos\AppData\Local\Programs\Python\Python311\Lib\asyncio\events.py", line 84, in _run
    self._context.run(self._callback, *self._args)
  File "C:\Users\amod.mishra_engineos\AppData\Local\Programs\Python\Python311\Lib\site-packages\pyee\asyncio.py", line 105, in callback
    self.emit("error", exc)
  File "C:\Users\amod.mishra_engineos\AppData\Local\Programs\Python\Python311\Lib\site-packages\pyee\asyncio.py", line 70, in emit
    return super().emit(event, *args, **kwargs)
           ^^^^^^^^^^^^^^^^^^^^^^^^^^^^^^^^^^^^
  File "C:\Users\amod.mishra_engineos\AppData\Local\Programs\Python\Python311\Lib\site-packages\pyee\base.py", line 223, in emit
    self._emit_handle_potential_error(event, args[0] if args else None)
  File "C:\Users\amod.mishra_engineos\AppData\Local\Programs\Python\Python311\Lib\site-packages\pyee\base.py", line 181, in _emit_handle_potential_error
    raise error
  File "C:\Users\amod.mishra_engineos\Odynn-Hotel-Framework\crm_core\hotel_crawlers\marriott\marriott_botright.py", line 102, in handle_route
    response = await route.continue_()
                     ^^^^^^^^^^^^^^^
AttributeError: 'Request' object has no attribute 'continue_'
2025-10-14 15:28:28,454 - ERROR - Exception in callback AsyncIOEventEmitter._emit_run.<locals>.callback(<Task finishe...'continue_'")>) at C:\Users\amod.mishra_engineos\AppData\Local\Programs\Python\Python311\Lib\site-packages\pyee\asyncio.py:97
handle: <Handle AsyncIOEventEmitter._emit_run.<locals>.callback(<Task finishe...'continue_'")>) at C:\Users\amod.mishra_engineos\AppData\Local\Programs\Python\Python311\Lib\site-packages\pyee\asyncio.py:97>
Traceback (most recent call last):
  File "C:\Users\amod.mishra_engineos\AppData\Local\Programs\Python\Python311\Lib\asyncio\events.py", line 84, in _run
    self._context.run(self._callback, *self._args)
  File "C:\Users\amod.mishra_engineos\AppData\Local\Programs\Python\Python311\Lib\site-packages\pyee\asyncio.py", line 105, in callback
    self.emit("error", exc)
  File "C:\Users\amod.mishra_engineos\AppData\Local\Programs\Python\Python311\Lib\site-packages\pyee\asyncio.py", line 70, in emit
    return super().emit(event, *args, **kwargs)
           ^^^^^^^^^^^^^^^^^^^^^^^^^^^^^^^^^^^^
  File "C:\Users\amod.mishra_engineos\AppData\Local\Programs\Python\Python311\Lib\site-packages\pyee\base.py", line 223, in emit
    self._emit_handle_potential_error(event, args[0] if args else None)
  File "C:\Users\amod.mishra_engineos\AppData\Local\Programs\Python\Python311\Lib\site-packages\pyee\base.py", line 181, in _emit_handle_potential_error
    raise error
  File "C:\Users\amod.mishra_engineos\Odynn-Hotel-Framework\crm_core\hotel_crawlers\marriott\marriott_botright.py", line 102, in handle_route
    response = await route.continue_()
                     ^^^^^^^^^^^^^^^
AttributeError: 'Request' object has no attribute 'continue_'
2025-10-14 15:28:28,455 - ERROR - Exception in callback AsyncIOEventEmitter._emit_run.<locals>.callback(<Task finishe...'continue_'")>) at C:\Users\amod.mishra_engineos\AppData\Local\Programs\Python\Python311\Lib\site-packages\pyee\asyncio.py:97
handle: <Handle AsyncIOEventEmitter._emit_run.<locals>.callback(<Task finishe...'continue_'")>) at C:\Users\amod.mishra_engineos\AppData\Local\Programs\Python\Python311\Lib\site-packages\pyee\asyncio.py:97>
Traceback (most recent call last):
  File "C:\Users\amod.mishra_engineos\AppData\Local\Programs\Python\Python311\Lib\asyncio\events.py", line 84, in _run
    self._context.run(self._callback, *self._args)
  File "C:\Users\amod.mishra_engineos\AppData\Local\Programs\Python\Python311\Lib\site-packages\pyee\asyncio.py", line 105, in callback
    self.emit("error", exc)
  File "C:\Users\amod.mishra_engineos\AppData\Local\Programs\Python\Python311\Lib\site-packages\pyee\asyncio.py", line 70, in emit
    return super().emit(event, *args, **kwargs)
           ^^^^^^^^^^^^^^^^^^^^^^^^^^^^^^^^^^^^
  File "C:\Users\amod.mishra_engineos\AppData\Local\Programs\Python\Python311\Lib\site-packages\pyee\base.py", line 223, in emit
    self._emit_handle_potential_error(event, args[0] if args else None)
  File "C:\Users\amod.mishra_engineos\AppData\Local\Programs\Python\Python311\Lib\site-packages\pyee\base.py", line 181, in _emit_handle_potential_error
    raise error
  File "C:\Users\amod.mishra_engineos\Odynn-Hotel-Framework\crm_core\hotel_crawlers\marriott\marriott_botright.py", line 102, in handle_route
    response = await route.continue_()
                     ^^^^^^^^^^^^^^^
AttributeError: 'Request' object has no attribute 'continue_'
2025-10-14 15:28:28,464 - ERROR - Exception in callback AsyncIOEventEmitter._emit_run.<locals>.callback(<Task finishe...'continue_'")>) at C:\Users\amod.mishra_engineos\AppData\Local\Programs\Python\Python311\Lib\site-packages\pyee\asyncio.py:97
handle: <Handle AsyncIOEventEmitter._emit_run.<locals>.callback(<Task finishe...'continue_'")>) at C:\Users\amod.mishra_engineos\AppData\Local\Programs\Python\Python311\Lib\site-packages\pyee\asyncio.py:97>
Traceback (most recent call last):
  File "C:\Users\amod.mishra_engineos\AppData\Local\Programs\Python\Python311\Lib\asyncio\events.py", line 84, in _run
    self._context.run(self._callback, *self._args)
  File "C:\Users\amod.mishra_engineos\AppData\Local\Programs\Python\Python311\Lib\site-packages\pyee\asyncio.py", line 105, in callback
    self.emit("error", exc)
  File "C:\Users\amod.mishra_engineos\AppData\Local\Programs\Python\Python311\Lib\site-packages\pyee\asyncio.py", line 70, in emit
    return super().emit(event, *args, **kwargs)
           ^^^^^^^^^^^^^^^^^^^^^^^^^^^^^^^^^^^^
  File "C:\Users\amod.mishra_engineos\AppData\Local\Programs\Python\Python311\Lib\site-packages\pyee\base.py", line 223, in emit
    self._emit_handle_potential_error(event, args[0] if args else None)
  File "C:\Users\amod.mishra_engineos\AppData\Local\Programs\Python\Python311\Lib\site-packages\pyee\base.py", line 181, in _emit_handle_potential_error
    raise error
  File "C:\Users\amod.mishra_engineos\Odynn-Hotel-Framework\crm_core\hotel_crawlers\marriott\marriott_botright.py", line 102, in handle_route
    response = await route.continue_()
                     ^^^^^^^^^^^^^^^
AttributeError: 'Request' object has no attribute 'continue_'
2025-10-14 15:28:28,466 - ERROR - Exception in callback AsyncIOEventEmitter._emit_run.<locals>.callback(<Task finishe...'continue_'")>) at C:\Users\amod.mishra_engineos\AppData\Local\Programs\Python\Python311\Lib\site-packages\pyee\asyncio.py:97
handle: <Handle AsyncIOEventEmitter._emit_run.<locals>.callback(<Task finishe...'continue_'")>) at C:\Users\amod.mishra_engineos\AppData\Local\Programs\Python\Python311\Lib\site-packages\pyee\asyncio.py:97>
Traceback (most recent call last):
  File "C:\Users\amod.mishra_engineos\AppData\Local\Programs\Python\Python311\Lib\asyncio\events.py", line 84, in _run
    self._context.run(self._callback, *self._args)
  File "C:\Users\amod.mishra_engineos\AppData\Local\Programs\Python\Python311\Lib\site-packages\pyee\asyncio.py", line 105, in callback
    self.emit("error", exc)
  File "C:\Users\amod.mishra_engineos\AppData\Local\Programs\Python\Python311\Lib\site-packages\pyee\asyncio.py", line 70, in emit
    return super().emit(event, *args, **kwargs)
           ^^^^^^^^^^^^^^^^^^^^^^^^^^^^^^^^^^^^
  File "C:\Users\amod.mishra_engineos\AppData\Local\Programs\Python\Python311\Lib\site-packages\pyee\base.py", line 223, in emit
    self._emit_handle_potential_error(event, args[0] if args else None)
  File "C:\Users\amod.mishra_engineos\AppData\Local\Programs\Python\Python311\Lib\site-packages\pyee\base.py", line 181, in _emit_handle_potential_error
    raise error
  File "C:\Users\amod.mishra_engineos\Odynn-Hotel-Framework\crm_core\hotel_crawlers\marriott\marriott_botright.py", line 102, in handle_route
    response = await route.continue_()
                     ^^^^^^^^^^^^^^^
AttributeError: 'Request' object has no attribute 'continue_'
2025-10-14 15:28:28,476 - ERROR - Exception in callback AsyncIOEventEmitter._emit_run.<locals>.callback(<Task finishe...'continue_'")>) at C:\Users\amod.mishra_engineos\AppData\Local\Programs\Python\Python311\Lib\site-packages\pyee\asyncio.py:97
handle: <Handle AsyncIOEventEmitter._emit_run.<locals>.callback(<Task finishe...'continue_'")>) at C:\Users\amod.mishra_engineos\AppData\Local\Programs\Python\Python311\Lib\site-packages\pyee\asyncio.py:97>
Traceback (most recent call last):
  File "C:\Users\amod.mishra_engineos\AppData\Local\Programs\Python\Python311\Lib\asyncio\events.py", line 84, in _run
    self._context.run(self._callback, *self._args)
  File "C:\Users\amod.mishra_engineos\AppData\Local\Programs\Python\Python311\Lib\site-packages\pyee\asyncio.py", line 105, in callback
    self.emit("error", exc)
  File "C:\Users\amod.mishra_engineos\AppData\Local\Programs\Python\Python311\Lib\site-packages\pyee\asyncio.py", line 70, in emit
    return super().emit(event, *args, **kwargs)
           ^^^^^^^^^^^^^^^^^^^^^^^^^^^^^^^^^^^^
  File "C:\Users\amod.mishra_engineos\AppData\Local\Programs\Python\Python311\Lib\site-packages\pyee\base.py", line 223, in emit
    self._emit_handle_potential_error(event, args[0] if args else None)
  File "C:\Users\amod.mishra_engineos\AppData\Local\Programs\Python\Python311\Lib\site-packages\pyee\base.py", line 181, in _emit_handle_potential_error
    raise error
  File "C:\Users\amod.mishra_engineos\Odynn-Hotel-Framework\crm_core\hotel_crawlers\marriott\marriott_botright.py", line 102, in handle_route
    response = await route.continue_()
                     ^^^^^^^^^^^^^^^
AttributeError: 'Request' object has no attribute 'continue_'
2025-10-14 15:28:28,489 - ERROR - Exception in callback AsyncIOEventEmitter._emit_run.<locals>.callback(<Task finishe...'continue_'")>) at C:\Users\amod.mishra_engineos\AppData\Local\Programs\Python\Python311\Lib\site-packages\pyee\asyncio.py:97
handle: <Handle AsyncIOEventEmitter._emit_run.<locals>.callback(<Task finishe...'continue_'")>) at C:\Users\amod.mishra_engineos\AppData\Local\Programs\Python\Python311\Lib\site-packages\pyee\asyncio.py:97>
Traceback (most recent call last):
  File "C:\Users\amod.mishra_engineos\AppData\Local\Programs\Python\Python311\Lib\asyncio\events.py", line 84, in _run
    self._context.run(self._callback, *self._args)
  File "C:\Users\amod.mishra_engineos\AppData\Local\Programs\Python\Python311\Lib\site-packages\pyee\asyncio.py", line 105, in callback
    self.emit("error", exc)
  File "C:\Users\amod.mishra_engineos\AppData\Local\Programs\Python\Python311\Lib\site-packages\pyee\asyncio.py", line 70, in emit
    return super().emit(event, *args, **kwargs)
           ^^^^^^^^^^^^^^^^^^^^^^^^^^^^^^^^^^^^
  File "C:\Users\amod.mishra_engineos\AppData\Local\Programs\Python\Python311\Lib\site-packages\pyee\base.py", line 223, in emit
    self._emit_handle_potential_error(event, args[0] if args else None)
  File "C:\Users\amod.mishra_engineos\AppData\Local\Programs\Python\Python311\Lib\site-packages\pyee\base.py", line 181, in _emit_handle_potential_error
    raise error
  File "C:\Users\amod.mishra_engineos\Odynn-Hotel-Framework\crm_core\hotel_crawlers\marriott\marriott_botright.py", line 102, in handle_route
    response = await route.continue_()
                     ^^^^^^^^^^^^^^^
AttributeError: 'Request' object has no attribute 'continue_'
2025-10-14 15:28:28,492 - ERROR - Exception in callback AsyncIOEventEmitter._emit_run.<locals>.callback(<Task finishe...'continue_'")>) at C:\Users\amod.mishra_engineos\AppData\Local\Programs\Python\Python311\Lib\site-packages\pyee\asyncio.py:97
handle: <Handle AsyncIOEventEmitter._emit_run.<locals>.callback(<Task finishe...'continue_'")>) at C:\Users\amod.mishra_engineos\AppData\Local\Programs\Python\Python311\Lib\site-packages\pyee\asyncio.py:97>
Traceback (most recent call last):
  File "C:\Users\amod.mishra_engineos\AppData\Local\Programs\Python\Python311\Lib\asyncio\events.py", line 84, in _run
    self._context.run(self._callback, *self._args)
  File "C:\Users\amod.mishra_engineos\AppData\Local\Programs\Python\Python311\Lib\site-packages\pyee\asyncio.py", line 105, in callback
    self.emit("error", exc)
  File "C:\Users\amod.mishra_engineos\AppData\Local\Programs\Python\Python311\Lib\site-packages\pyee\asyncio.py", line 70, in emit
    return super().emit(event, *args, **kwargs)
           ^^^^^^^^^^^^^^^^^^^^^^^^^^^^^^^^^^^^
  File "C:\Users\amod.mishra_engineos\AppData\Local\Programs\Python\Python311\Lib\site-packages\pyee\base.py", line 223, in emit
    self._emit_handle_potential_error(event, args[0] if args else None)
  File "C:\Users\amod.mishra_engineos\AppData\Local\Programs\Python\Python311\Lib\site-packages\pyee\base.py", line 181, in _emit_handle_potential_error
    raise error
  File "C:\Users\amod.mishra_engineos\Odynn-Hotel-Framework\crm_core\hotel_crawlers\marriott\marriott_botright.py", line 102, in handle_route
    response = await route.continue_()
                     ^^^^^^^^^^^^^^^
AttributeError: 'Request' object has no attribute 'continue_'
2025-10-14 15:28:28,494 - ERROR - Exception in callback AsyncIOEventEmitter._emit_run.<locals>.callback(<Task finishe...'continue_'")>) at C:\Users\amod.mishra_engineos\AppData\Local\Programs\Python\Python311\Lib\site-packages\pyee\asyncio.py:97
handle: <Handle AsyncIOEventEmitter._emit_run.<locals>.callback(<Task finishe...'continue_'")>) at C:\Users\amod.mishra_engineos\AppData\Local\Programs\Python\Python311\Lib\site-packages\pyee\asyncio.py:97>
Traceback (most recent call last):
  File "C:\Users\amod.mishra_engineos\AppData\Local\Programs\Python\Python311\Lib\asyncio\events.py", line 84, in _run
    self._context.run(self._callback, *self._args)
  File "C:\Users\amod.mishra_engineos\AppData\Local\Programs\Python\Python311\Lib\site-packages\pyee\asyncio.py", line 105, in callback
    self.emit("error", exc)
  File "C:\Users\amod.mishra_engineos\AppData\Local\Programs\Python\Python311\Lib\site-packages\pyee\asyncio.py", line 70, in emit
    return super().emit(event, *args, **kwargs)
           ^^^^^^^^^^^^^^^^^^^^^^^^^^^^^^^^^^^^
  File "C:\Users\amod.mishra_engineos\AppData\Local\Programs\Python\Python311\Lib\site-packages\pyee\base.py", line 223, in emit
    self._emit_handle_potential_error(event, args[0] if args else None)
  File "C:\Users\amod.mishra_engineos\AppData\Local\Programs\Python\Python311\Lib\site-packages\pyee\base.py", line 181, in _emit_handle_potential_error
    raise error
  File "C:\Users\amod.mishra_engineos\Odynn-Hotel-Framework\crm_core\hotel_crawlers\marriott\marriott_botright.py", line 102, in handle_route
    response = await route.continue_()
                     ^^^^^^^^^^^^^^^
AttributeError: 'Request' object has no attribute 'continue_'
2025-10-14 15:28:28,496 - ERROR - Exception in callback AsyncIOEventEmitter._emit_run.<locals>.callback(<Task finishe...'continue_'")>) at C:\Users\amod.mishra_engineos\AppData\Local\Programs\Python\Python311\Lib\site-packages\pyee\asyncio.py:97
handle: <Handle AsyncIOEventEmitter._emit_run.<locals>.callback(<Task finishe...'continue_'")>) at C:\Users\amod.mishra_engineos\AppData\Local\Programs\Python\Python311\Lib\site-packages\pyee\asyncio.py:97>
Traceback (most recent call last):
  File "C:\Users\amod.mishra_engineos\AppData\Local\Programs\Python\Python311\Lib\asyncio\events.py", line 84, in _run
    self._context.run(self._callback, *self._args)
  File "C:\Users\amod.mishra_engineos\AppData\Local\Programs\Python\Python311\Lib\site-packages\pyee\asyncio.py", line 105, in callback
    self.emit("error", exc)
  File "C:\Users\amod.mishra_engineos\AppData\Local\Programs\Python\Python311\Lib\site-packages\pyee\asyncio.py", line 70, in emit
    return super().emit(event, *args, **kwargs)
           ^^^^^^^^^^^^^^^^^^^^^^^^^^^^^^^^^^^^
  File "C:\Users\amod.mishra_engineos\AppData\Local\Programs\Python\Python311\Lib\site-packages\pyee\base.py", line 223, in emit
    self._emit_handle_potential_error(event, args[0] if args else None)
  File "C:\Users\amod.mishra_engineos\AppData\Local\Programs\Python\Python311\Lib\site-packages\pyee\base.py", line 181, in _emit_handle_potential_error
    raise error
  File "C:\Users\amod.mishra_engineos\Odynn-Hotel-Framework\crm_core\hotel_crawlers\marriott\marriott_botright.py", line 102, in handle_route
    response = await route.continue_()
                     ^^^^^^^^^^^^^^^
AttributeError: 'Request' object has no attribute 'continue_'
2025-10-14 15:28:28,524 - ERROR - Exception in callback AsyncIOEventEmitter._emit_run.<locals>.callback(<Task finishe...'continue_'")>) at C:\Users\amod.mishra_engineos\AppData\Local\Programs\Python\Python311\Lib\site-packages\pyee\asyncio.py:97
handle: <Handle AsyncIOEventEmitter._emit_run.<locals>.callback(<Task finishe...'continue_'")>) at C:\Users\amod.mishra_engineos\AppData\Local\Programs\Python\Python311\Lib\site-packages\pyee\asyncio.py:97>
Traceback (most recent call last):
  File "C:\Users\amod.mishra_engineos\AppData\Local\Programs\Python\Python311\Lib\asyncio\events.py", line 84, in _run
    self._context.run(self._callback, *self._args)
  File "C:\Users\amod.mishra_engineos\AppData\Local\Programs\Python\Python311\Lib\site-packages\pyee\asyncio.py", line 105, in callback
    self.emit("error", exc)
  File "C:\Users\amod.mishra_engineos\AppData\Local\Programs\Python\Python311\Lib\site-packages\pyee\asyncio.py", line 70, in emit
    return super().emit(event, *args, **kwargs)
           ^^^^^^^^^^^^^^^^^^^^^^^^^^^^^^^^^^^^
  File "C:\Users\amod.mishra_engineos\AppData\Local\Programs\Python\Python311\Lib\site-packages\pyee\base.py", line 223, in emit
    self._emit_handle_potential_error(event, args[0] if args else None)
  File "C:\Users\amod.mishra_engineos\AppData\Local\Programs\Python\Python311\Lib\site-packages\pyee\base.py", line 181, in _emit_handle_potential_error
    raise error
  File "C:\Users\amod.mishra_engineos\Odynn-Hotel-Framework\crm_core\hotel_crawlers\marriott\marriott_botright.py", line 102, in handle_route
    response = await route.continue_()
                     ^^^^^^^^^^^^^^^
AttributeError: 'Request' object has no attribute 'continue_'
2025-10-14 15:28:28,533 - ERROR - Exception in callback AsyncIOEventEmitter._emit_run.<locals>.callback(<Task finishe...'continue_'")>) at C:\Users\amod.mishra_engineos\AppData\Local\Programs\Python\Python311\Lib\site-packages\pyee\asyncio.py:97
handle: <Handle AsyncIOEventEmitter._emit_run.<locals>.callback(<Task finishe...'continue_'")>) at C:\Users\amod.mishra_engineos\AppData\Local\Programs\Python\Python311\Lib\site-packages\pyee\asyncio.py:97>
Traceback (most recent call last):
  File "C:\Users\amod.mishra_engineos\AppData\Local\Programs\Python\Python311\Lib\asyncio\events.py", line 84, in _run
    self._context.run(self._callback, *self._args)
  File "C:\Users\amod.mishra_engineos\AppData\Local\Programs\Python\Python311\Lib\site-packages\pyee\asyncio.py", line 105, in callback
    self.emit("error", exc)
  File "C:\Users\amod.mishra_engineos\AppData\Local\Programs\Python\Python311\Lib\site-packages\pyee\asyncio.py", line 70, in emit
    return super().emit(event, *args, **kwargs)
           ^^^^^^^^^^^^^^^^^^^^^^^^^^^^^^^^^^^^
  File "C:\Users\amod.mishra_engineos\AppData\Local\Programs\Python\Python311\Lib\site-packages\pyee\base.py", line 223, in emit
    self._emit_handle_potential_error(event, args[0] if args else None)
  File "C:\Users\amod.mishra_engineos\AppData\Local\Programs\Python\Python311\Lib\site-packages\pyee\base.py", line 181, in _emit_handle_potential_error
    raise error
  File "C:\Users\amod.mishra_engineos\Odynn-Hotel-Framework\crm_core\hotel_crawlers\marriott\marriott_botright.py", line 102, in handle_route
    response = await route.continue_()
                     ^^^^^^^^^^^^^^^
AttributeError: 'Request' object has no attribute 'continue_'
2025-10-14 15:28:28,536 - ERROR - Exception in callback AsyncIOEventEmitter._emit_run.<locals>.callback(<Task finishe...'continue_'")>) at C:\Users\amod.mishra_engineos\AppData\Local\Programs\Python\Python311\Lib\site-packages\pyee\asyncio.py:97
handle: <Handle AsyncIOEventEmitter._emit_run.<locals>.callback(<Task finishe...'continue_'")>) at C:\Users\amod.mishra_engineos\AppData\Local\Programs\Python\Python311\Lib\site-packages\pyee\asyncio.py:97>
Traceback (most recent call last):
  File "C:\Users\amod.mishra_engineos\AppData\Local\Programs\Python\Python311\Lib\asyncio\events.py", line 84, in _run
    self._context.run(self._callback, *self._args)
  File "C:\Users\amod.mishra_engineos\AppData\Local\Programs\Python\Python311\Lib\site-packages\pyee\asyncio.py", line 105, in callback
    self.emit("error", exc)
  File "C:\Users\amod.mishra_engineos\AppData\Local\Programs\Python\Python311\Lib\site-packages\pyee\asyncio.py", line 70, in emit
    return super().emit(event, *args, **kwargs)
           ^^^^^^^^^^^^^^^^^^^^^^^^^^^^^^^^^^^^
  File "C:\Users\amod.mishra_engineos\AppData\Local\Programs\Python\Python311\Lib\site-packages\pyee\base.py", line 223, in emit
    self._emit_handle_potential_error(event, args[0] if args else None)
  File "C:\Users\amod.mishra_engineos\AppData\Local\Programs\Python\Python311\Lib\site-packages\pyee\base.py", line 181, in _emit_handle_potential_error
    raise error
  File "C:\Users\amod.mishra_engineos\Odynn-Hotel-Framework\crm_core\hotel_crawlers\marriott\marriott_botright.py", line 102, in handle_route
    response = await route.continue_()
                     ^^^^^^^^^^^^^^^
AttributeError: 'Request' object has no attribute 'continue_'
2025-10-14 15:28:28,537 - ERROR - Exception in callback AsyncIOEventEmitter._emit_run.<locals>.callback(<Task finishe...'continue_'")>) at C:\Users\amod.mishra_engineos\AppData\Local\Programs\Python\Python311\Lib\site-packages\pyee\asyncio.py:97
handle: <Handle AsyncIOEventEmitter._emit_run.<locals>.callback(<Task finishe...'continue_'")>) at C:\Users\amod.mishra_engineos\AppData\Local\Programs\Python\Python311\Lib\site-packages\pyee\asyncio.py:97>
Traceback (most recent call last):
  File "C:\Users\amod.mishra_engineos\AppData\Local\Programs\Python\Python311\Lib\asyncio\events.py", line 84, in _run
    self._context.run(self._callback, *self._args)
  File "C:\Users\amod.mishra_engineos\AppData\Local\Programs\Python\Python311\Lib\site-packages\pyee\asyncio.py", line 105, in callback
    self.emit("error", exc)
  File "C:\Users\amod.mishra_engineos\AppData\Local\Programs\Python\Python311\Lib\site-packages\pyee\asyncio.py", line 70, in emit
    return super().emit(event, *args, **kwargs)
           ^^^^^^^^^^^^^^^^^^^^^^^^^^^^^^^^^^^^
  File "C:\Users\amod.mishra_engineos\AppData\Local\Programs\Python\Python311\Lib\site-packages\pyee\base.py", line 223, in emit
    self._emit_handle_potential_error(event, args[0] if args else None)
  File "C:\Users\amod.mishra_engineos\AppData\Local\Programs\Python\Python311\Lib\site-packages\pyee\base.py", line 181, in _emit_handle_potential_error
    raise error
  File "C:\Users\amod.mishra_engineos\Odynn-Hotel-Framework\crm_core\hotel_crawlers\marriott\marriott_botright.py", line 102, in handle_route
    response = await route.continue_()
                     ^^^^^^^^^^^^^^^
AttributeError: 'Request' object has no attribute 'continue_'
2025-10-14 15:28:28,538 - ERROR - Exception in callback AsyncIOEventEmitter._emit_run.<locals>.callback(<Task finishe...'continue_'")>) at C:\Users\amod.mishra_engineos\AppData\Local\Programs\Python\Python311\Lib\site-packages\pyee\asyncio.py:97
handle: <Handle AsyncIOEventEmitter._emit_run.<locals>.callback(<Task finishe...'continue_'")>) at C:\Users\amod.mishra_engineos\AppData\Local\Programs\Python\Python311\Lib\site-packages\pyee\asyncio.py:97>
Traceback (most recent call last):
  File "C:\Users\amod.mishra_engineos\AppData\Local\Programs\Python\Python311\Lib\asyncio\events.py", line 84, in _run
    self._context.run(self._callback, *self._args)
  File "C:\Users\amod.mishra_engineos\AppData\Local\Programs\Python\Python311\Lib\site-packages\pyee\asyncio.py", line 105, in callback
    self.emit("error", exc)
  File "C:\Users\amod.mishra_engineos\AppData\Local\Programs\Python\Python311\Lib\site-packages\pyee\asyncio.py", line 70, in emit
    return super().emit(event, *args, **kwargs)
           ^^^^^^^^^^^^^^^^^^^^^^^^^^^^^^^^^^^^
  File "C:\Users\amod.mishra_engineos\AppData\Local\Programs\Python\Python311\Lib\site-packages\pyee\base.py", line 223, in emit
    self._emit_handle_potential_error(event, args[0] if args else None)
  File "C:\Users\amod.mishra_engineos\AppData\Local\Programs\Python\Python311\Lib\site-packages\pyee\base.py", line 181, in _emit_handle_potential_error
    raise error
  File "C:\Users\amod.mishra_engineos\Odynn-Hotel-Framework\crm_core\hotel_crawlers\marriott\marriott_botright.py", line 102, in handle_route
    response = await route.continue_()
                     ^^^^^^^^^^^^^^^
AttributeError: 'Request' object has no attribute 'continue_'
2025-10-14 15:28:28,560 - ERROR - Exception in callback AsyncIOEventEmitter._emit_run.<locals>.callback(<Task finishe...'continue_'")>) at C:\Users\amod.mishra_engineos\AppData\Local\Programs\Python\Python311\Lib\site-packages\pyee\asyncio.py:97
handle: <Handle AsyncIOEventEmitter._emit_run.<locals>.callback(<Task finishe...'continue_'")>) at C:\Users\amod.mishra_engineos\AppData\Local\Programs\Python\Python311\Lib\site-packages\pyee\asyncio.py:97>
Traceback (most recent call last):
  File "C:\Users\amod.mishra_engineos\AppData\Local\Programs\Python\Python311\Lib\asyncio\events.py", line 84, in _run
    self._context.run(self._callback, *self._args)
  File "C:\Users\amod.mishra_engineos\AppData\Local\Programs\Python\Python311\Lib\site-packages\pyee\asyncio.py", line 105, in callback
    self.emit("error", exc)
  File "C:\Users\amod.mishra_engineos\AppData\Local\Programs\Python\Python311\Lib\site-packages\pyee\asyncio.py", line 70, in emit
    return super().emit(event, *args, **kwargs)
           ^^^^^^^^^^^^^^^^^^^^^^^^^^^^^^^^^^^^
  File "C:\Users\amod.mishra_engineos\AppData\Local\Programs\Python\Python311\Lib\site-packages\pyee\base.py", line 223, in emit
    self._emit_handle_potential_error(event, args[0] if args else None)
  File "C:\Users\amod.mishra_engineos\AppData\Local\Programs\Python\Python311\Lib\site-packages\pyee\base.py", line 181, in _emit_handle_potential_error
    raise error
  File "C:\Users\amod.mishra_engineos\Odynn-Hotel-Framework\crm_core\hotel_crawlers\marriott\marriott_botright.py", line 102, in handle_route
    response = await route.continue_()
                     ^^^^^^^^^^^^^^^
AttributeError: 'Request' object has no attribute 'continue_'
2025-10-14 15:28:28,563 - ERROR - Exception in callback AsyncIOEventEmitter._emit_run.<locals>.callback(<Task finishe...'continue_'")>) at C:\Users\amod.mishra_engineos\AppData\Local\Programs\Python\Python311\Lib\site-packages\pyee\asyncio.py:97
handle: <Handle AsyncIOEventEmitter._emit_run.<locals>.callback(<Task finishe...'continue_'")>) at C:\Users\amod.mishra_engineos\AppData\Local\Programs\Python\Python311\Lib\site-packages\pyee\asyncio.py:97>
Traceback (most recent call last):
  File "C:\Users\amod.mishra_engineos\AppData\Local\Programs\Python\Python311\Lib\asyncio\events.py", line 84, in _run
    self._context.run(self._callback, *self._args)
  File "C:\Users\amod.mishra_engineos\AppData\Local\Programs\Python\Python311\Lib\site-packages\pyee\asyncio.py", line 105, in callback
    self.emit("error", exc)
  File "C:\Users\amod.mishra_engineos\AppData\Local\Programs\Python\Python311\Lib\site-packages\pyee\asyncio.py", line 70, in emit
    return super().emit(event, *args, **kwargs)
           ^^^^^^^^^^^^^^^^^^^^^^^^^^^^^^^^^^^^
  File "C:\Users\amod.mishra_engineos\AppData\Local\Programs\Python\Python311\Lib\site-packages\pyee\base.py", line 223, in emit
    self._emit_handle_potential_error(event, args[0] if args else None)
  File "C:\Users\amod.mishra_engineos\AppData\Local\Programs\Python\Python311\Lib\site-packages\pyee\base.py", line 181, in _emit_handle_potential_error
    raise error
  File "C:\Users\amod.mishra_engineos\Odynn-Hotel-Framework\crm_core\hotel_crawlers\marriott\marriott_botright.py", line 102, in handle_route
    response = await route.continue_()
                     ^^^^^^^^^^^^^^^
AttributeError: 'Request' object has no attribute 'continue_'
2025-10-14 15:28:28,566 - ERROR - Exception in callback AsyncIOEventEmitter._emit_run.<locals>.callback(<Task finishe...'continue_'")>) at C:\Users\amod.mishra_engineos\AppData\Local\Programs\Python\Python311\Lib\site-packages\pyee\asyncio.py:97
handle: <Handle AsyncIOEventEmitter._emit_run.<locals>.callback(<Task finishe...'continue_'")>) at C:\Users\amod.mishra_engineos\AppData\Local\Programs\Python\Python311\Lib\site-packages\pyee\asyncio.py:97>
Traceback (most recent call last):
  File "C:\Users\amod.mishra_engineos\AppData\Local\Programs\Python\Python311\Lib\asyncio\events.py", line 84, in _run
    self._context.run(self._callback, *self._args)
  File "C:\Users\amod.mishra_engineos\AppData\Local\Programs\Python\Python311\Lib\site-packages\pyee\asyncio.py", line 105, in callback
    self.emit("error", exc)
  File "C:\Users\amod.mishra_engineos\AppData\Local\Programs\Python\Python311\Lib\site-packages\pyee\asyncio.py", line 70, in emit
    return super().emit(event, *args, **kwargs)
           ^^^^^^^^^^^^^^^^^^^^^^^^^^^^^^^^^^^^
  File "C:\Users\amod.mishra_engineos\AppData\Local\Programs\Python\Python311\Lib\site-packages\pyee\base.py", line 223, in emit
    self._emit_handle_potential_error(event, args[0] if args else None)
  File "C:\Users\amod.mishra_engineos\AppData\Local\Programs\Python\Python311\Lib\site-packages\pyee\base.py", line 181, in _emit_handle_potential_error
    raise error
  File "C:\Users\amod.mishra_engineos\Odynn-Hotel-Framework\crm_core\hotel_crawlers\marriott\marriott_botright.py", line 102, in handle_route
    response = await route.continue_()
                     ^^^^^^^^^^^^^^^
AttributeError: 'Request' object has no attribute 'continue_'
2025-10-14 15:28:28,601 - ERROR - Exception in callback AsyncIOEventEmitter._emit_run.<locals>.callback(<Task finishe...'continue_'")>) at C:\Users\amod.mishra_engineos\AppData\Local\Programs\Python\Python311\Lib\site-packages\pyee\asyncio.py:97
handle: <Handle AsyncIOEventEmitter._emit_run.<locals>.callback(<Task finishe...'continue_'")>) at C:\Users\amod.mishra_engineos\AppData\Local\Programs\Python\Python311\Lib\site-packages\pyee\asyncio.py:97>
Traceback (most recent call last):
  File "C:\Users\amod.mishra_engineos\AppData\Local\Programs\Python\Python311\Lib\asyncio\events.py", line 84, in _run
    self._context.run(self._callback, *self._args)
  File "C:\Users\amod.mishra_engineos\AppData\Local\Programs\Python\Python311\Lib\site-packages\pyee\asyncio.py", line 105, in callback
    self.emit("error", exc)
  File "C:\Users\amod.mishra_engineos\AppData\Local\Programs\Python\Python311\Lib\site-packages\pyee\asyncio.py", line 70, in emit
    return super().emit(event, *args, **kwargs)
           ^^^^^^^^^^^^^^^^^^^^^^^^^^^^^^^^^^^^
  File "C:\Users\amod.mishra_engineos\AppData\Local\Programs\Python\Python311\Lib\site-packages\pyee\base.py", line 223, in emit
    self._emit_handle_potential_error(event, args[0] if args else None)
  File "C:\Users\amod.mishra_engineos\AppData\Local\Programs\Python\Python311\Lib\site-packages\pyee\base.py", line 181, in _emit_handle_potential_error
    raise error
  File "C:\Users\amod.mishra_engineos\Odynn-Hotel-Framework\crm_core\hotel_crawlers\marriott\marriott_botright.py", line 102, in handle_route
    response = await route.continue_()
                     ^^^^^^^^^^^^^^^
AttributeError: 'Request' object has no attribute 'continue_'
2025-10-14 15:28:28,641 - ERROR - Exception in callback AsyncIOEventEmitter._emit_run.<locals>.callback(<Task finishe...'continue_'")>) at C:\Users\amod.mishra_engineos\AppData\Local\Programs\Python\Python311\Lib\site-packages\pyee\asyncio.py:97
handle: <Handle AsyncIOEventEmitter._emit_run.<locals>.callback(<Task finishe...'continue_'")>) at C:\Users\amod.mishra_engineos\AppData\Local\Programs\Python\Python311\Lib\site-packages\pyee\asyncio.py:97>
Traceback (most recent call last):
  File "C:\Users\amod.mishra_engineos\AppData\Local\Programs\Python\Python311\Lib\asyncio\events.py", line 84, in _run
    self._context.run(self._callback, *self._args)
  File "C:\Users\amod.mishra_engineos\AppData\Local\Programs\Python\Python311\Lib\site-packages\pyee\asyncio.py", line 105, in callback
    self.emit("error", exc)
  File "C:\Users\amod.mishra_engineos\AppData\Local\Programs\Python\Python311\Lib\site-packages\pyee\asyncio.py", line 70, in emit
    return super().emit(event, *args, **kwargs)
           ^^^^^^^^^^^^^^^^^^^^^^^^^^^^^^^^^^^^
  File "C:\Users\amod.mishra_engineos\AppData\Local\Programs\Python\Python311\Lib\site-packages\pyee\base.py", line 223, in emit
    self._emit_handle_potential_error(event, args[0] if args else None)
  File "C:\Users\amod.mishra_engineos\AppData\Local\Programs\Python\Python311\Lib\site-packages\pyee\base.py", line 181, in _emit_handle_potential_error
    raise error
  File "C:\Users\amod.mishra_engineos\Odynn-Hotel-Framework\crm_core\hotel_crawlers\marriott\marriott_botright.py", line 102, in handle_route
    response = await route.continue_()
                     ^^^^^^^^^^^^^^^
AttributeError: 'Request' object has no attribute 'continue_'
2025-10-14 15:28:28,653 - ERROR - Exception in callback AsyncIOEventEmitter._emit_run.<locals>.callback(<Task finishe...'continue_'")>) at C:\Users\amod.mishra_engineos\AppData\Local\Programs\Python\Python311\Lib\site-packages\pyee\asyncio.py:97
handle: <Handle AsyncIOEventEmitter._emit_run.<locals>.callback(<Task finishe...'continue_'")>) at C:\Users\amod.mishra_engineos\AppData\Local\Programs\Python\Python311\Lib\site-packages\pyee\asyncio.py:97>
Traceback (most recent call last):
  File "C:\Users\amod.mishra_engineos\AppData\Local\Programs\Python\Python311\Lib\asyncio\events.py", line 84, in _run
    self._context.run(self._callback, *self._args)
  File "C:\Users\amod.mishra_engineos\AppData\Local\Programs\Python\Python311\Lib\site-packages\pyee\asyncio.py", line 105, in callback
    self.emit("error", exc)
  File "C:\Users\amod.mishra_engineos\AppData\Local\Programs\Python\Python311\Lib\site-packages\pyee\asyncio.py", line 70, in emit
    return super().emit(event, *args, **kwargs)
           ^^^^^^^^^^^^^^^^^^^^^^^^^^^^^^^^^^^^
  File "C:\Users\amod.mishra_engineos\AppData\Local\Programs\Python\Python311\Lib\site-packages\pyee\base.py", line 223, in emit
    self._emit_handle_potential_error(event, args[0] if args else None)
  File "C:\Users\amod.mishra_engineos\AppData\Local\Programs\Python\Python311\Lib\site-packages\pyee\base.py", line 181, in _emit_handle_potential_error
    raise error
  File "C:\Users\amod.mishra_engineos\Odynn-Hotel-Framework\crm_core\hotel_crawlers\marriott\marriott_botright.py", line 102, in handle_route
    response = await route.continue_()
                     ^^^^^^^^^^^^^^^
AttributeError: 'Request' object has no attribute 'continue_'
2025-10-14 15:28:28,660 - ERROR - Exception in callback AsyncIOEventEmitter._emit_run.<locals>.callback(<Task finishe...'continue_'")>) at C:\Users\amod.mishra_engineos\AppData\Local\Programs\Python\Python311\Lib\site-packages\pyee\asyncio.py:97
handle: <Handle AsyncIOEventEmitter._emit_run.<locals>.callback(<Task finishe...'continue_'")>) at C:\Users\amod.mishra_engineos\AppData\Local\Programs\Python\Python311\Lib\site-packages\pyee\asyncio.py:97>
Traceback (most recent call last):
  File "C:\Users\amod.mishra_engineos\AppData\Local\Programs\Python\Python311\Lib\asyncio\events.py", line 84, in _run
    self._context.run(self._callback, *self._args)
  File "C:\Users\amod.mishra_engineos\AppData\Local\Programs\Python\Python311\Lib\site-packages\pyee\asyncio.py", line 105, in callback
    self.emit("error", exc)
  File "C:\Users\amod.mishra_engineos\AppData\Local\Programs\Python\Python311\Lib\site-packages\pyee\asyncio.py", line 70, in emit
    return super().emit(event, *args, **kwargs)
           ^^^^^^^^^^^^^^^^^^^^^^^^^^^^^^^^^^^^
  File "C:\Users\amod.mishra_engineos\AppData\Local\Programs\Python\Python311\Lib\site-packages\pyee\base.py", line 223, in emit
    self._emit_handle_potential_error(event, args[0] if args else None)
  File "C:\Users\amod.mishra_engineos\AppData\Local\Programs\Python\Python311\Lib\site-packages\pyee\base.py", line 181, in _emit_handle_potential_error
    raise error
  File "C:\Users\amod.mishra_engineos\Odynn-Hotel-Framework\crm_core\hotel_crawlers\marriott\marriott_botright.py", line 102, in handle_route
    response = await route.continue_()
                     ^^^^^^^^^^^^^^^
AttributeError: 'Request' object has no attribute 'continue_'
2025-10-14 15:28:28,663 - ERROR - Exception in callback AsyncIOEventEmitter._emit_run.<locals>.callback(<Task finishe...'continue_'")>) at C:\Users\amod.mishra_engineos\AppData\Local\Programs\Python\Python311\Lib\site-packages\pyee\asyncio.py:97
handle: <Handle AsyncIOEventEmitter._emit_run.<locals>.callback(<Task finishe...'continue_'")>) at C:\Users\amod.mishra_engineos\AppData\Local\Programs\Python\Python311\Lib\site-packages\pyee\asyncio.py:97>
Traceback (most recent call last):
  File "C:\Users\amod.mishra_engineos\AppData\Local\Programs\Python\Python311\Lib\asyncio\events.py", line 84, in _run
    self._context.run(self._callback, *self._args)
  File "C:\Users\amod.mishra_engineos\AppData\Local\Programs\Python\Python311\Lib\site-packages\pyee\asyncio.py", line 105, in callback
    self.emit("error", exc)
  File "C:\Users\amod.mishra_engineos\AppData\Local\Programs\Python\Python311\Lib\site-packages\pyee\asyncio.py", line 70, in emit
    return super().emit(event, *args, **kwargs)
           ^^^^^^^^^^^^^^^^^^^^^^^^^^^^^^^^^^^^
  File "C:\Users\amod.mishra_engineos\AppData\Local\Programs\Python\Python311\Lib\site-packages\pyee\base.py", line 223, in emit
    self._emit_handle_potential_error(event, args[0] if args else None)
  File "C:\Users\amod.mishra_engineos\AppData\Local\Programs\Python\Python311\Lib\site-packages\pyee\base.py", line 181, in _emit_handle_potential_error
    raise error
  File "C:\Users\amod.mishra_engineos\Odynn-Hotel-Framework\crm_core\hotel_crawlers\marriott\marriott_botright.py", line 102, in handle_route
    response = await route.continue_()
                     ^^^^^^^^^^^^^^^
AttributeError: 'Request' object has no attribute 'continue_'
2025-10-14 15:28:28,666 - ERROR - Exception in callback AsyncIOEventEmitter._emit_run.<locals>.callback(<Task finishe...'continue_'")>) at C:\Users\amod.mishra_engineos\AppData\Local\Programs\Python\Python311\Lib\site-packages\pyee\asyncio.py:97
handle: <Handle AsyncIOEventEmitter._emit_run.<locals>.callback(<Task finishe...'continue_'")>) at C:\Users\amod.mishra_engineos\AppData\Local\Programs\Python\Python311\Lib\site-packages\pyee\asyncio.py:97>
Traceback (most recent call last):
  File "C:\Users\amod.mishra_engineos\AppData\Local\Programs\Python\Python311\Lib\asyncio\events.py", line 84, in _run
    self._context.run(self._callback, *self._args)
  File "C:\Users\amod.mishra_engineos\AppData\Local\Programs\Python\Python311\Lib\site-packages\pyee\asyncio.py", line 105, in callback
    self.emit("error", exc)
  File "C:\Users\amod.mishra_engineos\AppData\Local\Programs\Python\Python311\Lib\site-packages\pyee\asyncio.py", line 70, in emit
    return super().emit(event, *args, **kwargs)
           ^^^^^^^^^^^^^^^^^^^^^^^^^^^^^^^^^^^^
  File "C:\Users\amod.mishra_engineos\AppData\Local\Programs\Python\Python311\Lib\site-packages\pyee\base.py", line 223, in emit
    self._emit_handle_potential_error(event, args[0] if args else None)
  File "C:\Users\amod.mishra_engineos\AppData\Local\Programs\Python\Python311\Lib\site-packages\pyee\base.py", line 181, in _emit_handle_potential_error
    raise error
  File "C:\Users\amod.mishra_engineos\Odynn-Hotel-Framework\crm_core\hotel_crawlers\marriott\marriott_botright.py", line 102, in handle_route
    response = await route.continue_()
                     ^^^^^^^^^^^^^^^
AttributeError: 'Request' object has no attribute 'continue_'
2025-10-14 15:28:28,671 - ERROR - Exception in callback AsyncIOEventEmitter._emit_run.<locals>.callback(<Task finishe...'continue_'")>) at C:\Users\amod.mishra_engineos\AppData\Local\Programs\Python\Python311\Lib\site-packages\pyee\asyncio.py:97
handle: <Handle AsyncIOEventEmitter._emit_run.<locals>.callback(<Task finishe...'continue_'")>) at C:\Users\amod.mishra_engineos\AppData\Local\Programs\Python\Python311\Lib\site-packages\pyee\asyncio.py:97>
Traceback (most recent call last):
  File "C:\Users\amod.mishra_engineos\AppData\Local\Programs\Python\Python311\Lib\asyncio\events.py", line 84, in _run
    self._context.run(self._callback, *self._args)
  File "C:\Users\amod.mishra_engineos\AppData\Local\Programs\Python\Python311\Lib\site-packages\pyee\asyncio.py", line 105, in callback
    self.emit("error", exc)
  File "C:\Users\amod.mishra_engineos\AppData\Local\Programs\Python\Python311\Lib\site-packages\pyee\asyncio.py", line 70, in emit
    return super().emit(event, *args, **kwargs)
           ^^^^^^^^^^^^^^^^^^^^^^^^^^^^^^^^^^^^
  File "C:\Users\amod.mishra_engineos\AppData\Local\Programs\Python\Python311\Lib\site-packages\pyee\base.py", line 223, in emit
    self._emit_handle_potential_error(event, args[0] if args else None)
  File "C:\Users\amod.mishra_engineos\AppData\Local\Programs\Python\Python311\Lib\site-packages\pyee\base.py", line 181, in _emit_handle_potential_error
    raise error
  File "C:\Users\amod.mishra_engineos\Odynn-Hotel-Framework\crm_core\hotel_crawlers\marriott\marriott_botright.py", line 102, in handle_route
    response = await route.continue_()
                     ^^^^^^^^^^^^^^^
AttributeError: 'Request' object has no attribute 'continue_'
2025-10-14 15:28:28,674 - ERROR - Exception in callback AsyncIOEventEmitter._emit_run.<locals>.callback(<Task finishe...'continue_'")>) at C:\Users\amod.mishra_engineos\AppData\Local\Programs\Python\Python311\Lib\site-packages\pyee\asyncio.py:97
handle: <Handle AsyncIOEventEmitter._emit_run.<locals>.callback(<Task finishe...'continue_'")>) at C:\Users\amod.mishra_engineos\AppData\Local\Programs\Python\Python311\Lib\site-packages\pyee\asyncio.py:97>
Traceback (most recent call last):
  File "C:\Users\amod.mishra_engineos\AppData\Local\Programs\Python\Python311\Lib\asyncio\events.py", line 84, in _run
    self._context.run(self._callback, *self._args)
  File "C:\Users\amod.mishra_engineos\AppData\Local\Programs\Python\Python311\Lib\site-packages\pyee\asyncio.py", line 105, in callback
    self.emit("error", exc)
  File "C:\Users\amod.mishra_engineos\AppData\Local\Programs\Python\Python311\Lib\site-packages\pyee\asyncio.py", line 70, in emit
    return super().emit(event, *args, **kwargs)
           ^^^^^^^^^^^^^^^^^^^^^^^^^^^^^^^^^^^^
  File "C:\Users\amod.mishra_engineos\AppData\Local\Programs\Python\Python311\Lib\site-packages\pyee\base.py", line 223, in emit
    self._emit_handle_potential_error(event, args[0] if args else None)
  File "C:\Users\amod.mishra_engineos\AppData\Local\Programs\Python\Python311\Lib\site-packages\pyee\base.py", line 181, in _emit_handle_potential_error
    raise error
  File "C:\Users\amod.mishra_engineos\Odynn-Hotel-Framework\crm_core\hotel_crawlers\marriott\marriott_botright.py", line 102, in handle_route
    response = await route.continue_()
                     ^^^^^^^^^^^^^^^
AttributeError: 'Request' object has no attribute 'continue_'
2025-10-14 15:28:28,676 - ERROR - Exception in callback AsyncIOEventEmitter._emit_run.<locals>.callback(<Task finishe...'continue_'")>) at C:\Users\amod.mishra_engineos\AppData\Local\Programs\Python\Python311\Lib\site-packages\pyee\asyncio.py:97
handle: <Handle AsyncIOEventEmitter._emit_run.<locals>.callback(<Task finishe...'continue_'")>) at C:\Users\amod.mishra_engineos\AppData\Local\Programs\Python\Python311\Lib\site-packages\pyee\asyncio.py:97>
Traceback (most recent call last):
  File "C:\Users\amod.mishra_engineos\AppData\Local\Programs\Python\Python311\Lib\asyncio\events.py", line 84, in _run
    self._context.run(self._callback, *self._args)
  File "C:\Users\amod.mishra_engineos\AppData\Local\Programs\Python\Python311\Lib\site-packages\pyee\asyncio.py", line 105, in callback
    self.emit("error", exc)
  File "C:\Users\amod.mishra_engineos\AppData\Local\Programs\Python\Python311\Lib\site-packages\pyee\asyncio.py", line 70, in emit
    return super().emit(event, *args, **kwargs)
           ^^^^^^^^^^^^^^^^^^^^^^^^^^^^^^^^^^^^
  File "C:\Users\amod.mishra_engineos\AppData\Local\Programs\Python\Python311\Lib\site-packages\pyee\base.py", line 223, in emit
    self._emit_handle_potential_error(event, args[0] if args else None)
  File "C:\Users\amod.mishra_engineos\AppData\Local\Programs\Python\Python311\Lib\site-packages\pyee\base.py", line 181, in _emit_handle_potential_error
    raise error
  File "C:\Users\amod.mishra_engineos\Odynn-Hotel-Framework\crm_core\hotel_crawlers\marriott\marriott_botright.py", line 102, in handle_route
    response = await route.continue_()
                     ^^^^^^^^^^^^^^^
AttributeError: 'Request' object has no attribute 'continue_'
2025-10-14 15:28:28,681 - ERROR - Exception in callback AsyncIOEventEmitter._emit_run.<locals>.callback(<Task finishe...'continue_'")>) at C:\Users\amod.mishra_engineos\AppData\Local\Programs\Python\Python311\Lib\site-packages\pyee\asyncio.py:97
handle: <Handle AsyncIOEventEmitter._emit_run.<locals>.callback(<Task finishe...'continue_'")>) at C:\Users\amod.mishra_engineos\AppData\Local\Programs\Python\Python311\Lib\site-packages\pyee\asyncio.py:97>
Traceback (most recent call last):
  File "C:\Users\amod.mishra_engineos\AppData\Local\Programs\Python\Python311\Lib\asyncio\events.py", line 84, in _run
    self._context.run(self._callback, *self._args)
  File "C:\Users\amod.mishra_engineos\AppData\Local\Programs\Python\Python311\Lib\site-packages\pyee\asyncio.py", line 105, in callback
    self.emit("error", exc)
  File "C:\Users\amod.mishra_engineos\AppData\Local\Programs\Python\Python311\Lib\site-packages\pyee\asyncio.py", line 70, in emit
    return super().emit(event, *args, **kwargs)
           ^^^^^^^^^^^^^^^^^^^^^^^^^^^^^^^^^^^^
  File "C:\Users\amod.mishra_engineos\AppData\Local\Programs\Python\Python311\Lib\site-packages\pyee\base.py", line 223, in emit
    self._emit_handle_potential_error(event, args[0] if args else None)
  File "C:\Users\amod.mishra_engineos\AppData\Local\Programs\Python\Python311\Lib\site-packages\pyee\base.py", line 181, in _emit_handle_potential_error
    raise error
  File "C:\Users\amod.mishra_engineos\Odynn-Hotel-Framework\crm_core\hotel_crawlers\marriott\marriott_botright.py", line 102, in handle_route
    response = await route.continue_()
                     ^^^^^^^^^^^^^^^
AttributeError: 'Request' object has no attribute 'continue_'
2025-10-14 15:28:28,825 - ERROR - Exception in callback AsyncIOEventEmitter._emit_run.<locals>.callback(<Task finishe...'continue_'")>) at C:\Users\amod.mishra_engineos\AppData\Local\Programs\Python\Python311\Lib\site-packages\pyee\asyncio.py:97
handle: <Handle AsyncIOEventEmitter._emit_run.<locals>.callback(<Task finishe...'continue_'")>) at C:\Users\amod.mishra_engineos\AppData\Local\Programs\Python\Python311\Lib\site-packages\pyee\asyncio.py:97>
Traceback (most recent call last):
  File "C:\Users\amod.mishra_engineos\AppData\Local\Programs\Python\Python311\Lib\asyncio\events.py", line 84, in _run
    self._context.run(self._callback, *self._args)
  File "C:\Users\amod.mishra_engineos\AppData\Local\Programs\Python\Python311\Lib\site-packages\pyee\asyncio.py", line 105, in callback
    self.emit("error", exc)
  File "C:\Users\amod.mishra_engineos\AppData\Local\Programs\Python\Python311\Lib\site-packages\pyee\asyncio.py", line 70, in emit
    return super().emit(event, *args, **kwargs)
           ^^^^^^^^^^^^^^^^^^^^^^^^^^^^^^^^^^^^
  File "C:\Users\amod.mishra_engineos\AppData\Local\Programs\Python\Python311\Lib\site-packages\pyee\base.py", line 223, in emit
    self._emit_handle_potential_error(event, args[0] if args else None)
  File "C:\Users\amod.mishra_engineos\AppData\Local\Programs\Python\Python311\Lib\site-packages\pyee\base.py", line 181, in _emit_handle_potential_error
    raise error
  File "C:\Users\amod.mishra_engineos\Odynn-Hotel-Framework\crm_core\hotel_crawlers\marriott\marriott_botright.py", line 102, in handle_route
    response = await route.continue_()
                     ^^^^^^^^^^^^^^^
AttributeError: 'Request' object has no attribute 'continue_'
2025-10-14 15:28:28,833 - ERROR - Exception in callback AsyncIOEventEmitter._emit_run.<locals>.callback(<Task finishe...'continue_'")>) at C:\Users\amod.mishra_engineos\AppData\Local\Programs\Python\Python311\Lib\site-packages\pyee\asyncio.py:97
handle: <Handle AsyncIOEventEmitter._emit_run.<locals>.callback(<Task finishe...'continue_'")>) at C:\Users\amod.mishra_engineos\AppData\Local\Programs\Python\Python311\Lib\site-packages\pyee\asyncio.py:97>
Traceback (most recent call last):
  File "C:\Users\amod.mishra_engineos\AppData\Local\Programs\Python\Python311\Lib\asyncio\events.py", line 84, in _run
    self._context.run(self._callback, *self._args)
  File "C:\Users\amod.mishra_engineos\AppData\Local\Programs\Python\Python311\Lib\site-packages\pyee\asyncio.py", line 105, in callback
    self.emit("error", exc)
  File "C:\Users\amod.mishra_engineos\AppData\Local\Programs\Python\Python311\Lib\site-packages\pyee\asyncio.py", line 70, in emit
    return super().emit(event, *args, **kwargs)
           ^^^^^^^^^^^^^^^^^^^^^^^^^^^^^^^^^^^^
  File "C:\Users\amod.mishra_engineos\AppData\Local\Programs\Python\Python311\Lib\site-packages\pyee\base.py", line 223, in emit
    self._emit_handle_potential_error(event, args[0] if args else None)
  File "C:\Users\amod.mishra_engineos\AppData\Local\Programs\Python\Python311\Lib\site-packages\pyee\base.py", line 181, in _emit_handle_potential_error
    raise error
  File "C:\Users\amod.mishra_engineos\Odynn-Hotel-Framework\crm_core\hotel_crawlers\marriott\marriott_botright.py", line 102, in handle_route
    response = await route.continue_()
                     ^^^^^^^^^^^^^^^
AttributeError: 'Request' object has no attribute 'continue_'
2025-10-14 15:28:28,838 - ERROR - Exception in callback AsyncIOEventEmitter._emit_run.<locals>.callback(<Task finishe...'continue_'")>) at C:\Users\amod.mishra_engineos\AppData\Local\Programs\Python\Python311\Lib\site-packages\pyee\asyncio.py:97
handle: <Handle AsyncIOEventEmitter._emit_run.<locals>.callback(<Task finishe...'continue_'")>) at C:\Users\amod.mishra_engineos\AppData\Local\Programs\Python\Python311\Lib\site-packages\pyee\asyncio.py:97>
Traceback (most recent call last):
  File "C:\Users\amod.mishra_engineos\AppData\Local\Programs\Python\Python311\Lib\asyncio\events.py", line 84, in _run
    self._context.run(self._callback, *self._args)
  File "C:\Users\amod.mishra_engineos\AppData\Local\Programs\Python\Python311\Lib\site-packages\pyee\asyncio.py", line 105, in callback
    self.emit("error", exc)
  File "C:\Users\amod.mishra_engineos\AppData\Local\Programs\Python\Python311\Lib\site-packages\pyee\asyncio.py", line 70, in emit
    return super().emit(event, *args, **kwargs)
           ^^^^^^^^^^^^^^^^^^^^^^^^^^^^^^^^^^^^
  File "C:\Users\amod.mishra_engineos\AppData\Local\Programs\Python\Python311\Lib\site-packages\pyee\base.py", line 223, in emit
    self._emit_handle_potential_error(event, args[0] if args else None)
  File "C:\Users\amod.mishra_engineos\AppData\Local\Programs\Python\Python311\Lib\site-packages\pyee\base.py", line 181, in _emit_handle_potential_error
    raise error
  File "C:\Users\amod.mishra_engineos\Odynn-Hotel-Framework\crm_core\hotel_crawlers\marriott\marriott_botright.py", line 102, in handle_route
    response = await route.continue_()
                     ^^^^^^^^^^^^^^^
AttributeError: 'Request' object has no attribute 'continue_'
2025-10-14 15:28:28,841 - ERROR - Exception in callback AsyncIOEventEmitter._emit_run.<locals>.callback(<Task finishe...'continue_'")>) at C:\Users\amod.mishra_engineos\AppData\Local\Programs\Python\Python311\Lib\site-packages\pyee\asyncio.py:97
handle: <Handle AsyncIOEventEmitter._emit_run.<locals>.callback(<Task finishe...'continue_'")>) at C:\Users\amod.mishra_engineos\AppData\Local\Programs\Python\Python311\Lib\site-packages\pyee\asyncio.py:97>
Traceback (most recent call last):
  File "C:\Users\amod.mishra_engineos\AppData\Local\Programs\Python\Python311\Lib\asyncio\events.py", line 84, in _run
    self._context.run(self._callback, *self._args)
  File "C:\Users\amod.mishra_engineos\AppData\Local\Programs\Python\Python311\Lib\site-packages\pyee\asyncio.py", line 105, in callback
    self.emit("error", exc)
  File "C:\Users\amod.mishra_engineos\AppData\Local\Programs\Python\Python311\Lib\site-packages\pyee\asyncio.py", line 70, in emit
    return super().emit(event, *args, **kwargs)
           ^^^^^^^^^^^^^^^^^^^^^^^^^^^^^^^^^^^^
  File "C:\Users\amod.mishra_engineos\AppData\Local\Programs\Python\Python311\Lib\site-packages\pyee\base.py", line 223, in emit
    self._emit_handle_potential_error(event, args[0] if args else None)
  File "C:\Users\amod.mishra_engineos\AppData\Local\Programs\Python\Python311\Lib\site-packages\pyee\base.py", line 181, in _emit_handle_potential_error
    raise error
  File "C:\Users\amod.mishra_engineos\Odynn-Hotel-Framework\crm_core\hotel_crawlers\marriott\marriott_botright.py", line 102, in handle_route
    response = await route.continue_()
                     ^^^^^^^^^^^^^^^
AttributeError: 'Request' object has no attribute 'continue_'
2025-10-14 15:28:28,842 - ERROR - Exception in callback AsyncIOEventEmitter._emit_run.<locals>.callback(<Task finishe...'continue_'")>) at C:\Users\amod.mishra_engineos\AppData\Local\Programs\Python\Python311\Lib\site-packages\pyee\asyncio.py:97
handle: <Handle AsyncIOEventEmitter._emit_run.<locals>.callback(<Task finishe...'continue_'")>) at C:\Users\amod.mishra_engineos\AppData\Local\Programs\Python\Python311\Lib\site-packages\pyee\asyncio.py:97>
Traceback (most recent call last):
  File "C:\Users\amod.mishra_engineos\AppData\Local\Programs\Python\Python311\Lib\asyncio\events.py", line 84, in _run
    self._context.run(self._callback, *self._args)
  File "C:\Users\amod.mishra_engineos\AppData\Local\Programs\Python\Python311\Lib\site-packages\pyee\asyncio.py", line 105, in callback
    self.emit("error", exc)
  File "C:\Users\amod.mishra_engineos\AppData\Local\Programs\Python\Python311\Lib\site-packages\pyee\asyncio.py", line 70, in emit
    return super().emit(event, *args, **kwargs)
           ^^^^^^^^^^^^^^^^^^^^^^^^^^^^^^^^^^^^
  File "C:\Users\amod.mishra_engineos\AppData\Local\Programs\Python\Python311\Lib\site-packages\pyee\base.py", line 223, in emit
    self._emit_handle_potential_error(event, args[0] if args else None)
  File "C:\Users\amod.mishra_engineos\AppData\Local\Programs\Python\Python311\Lib\site-packages\pyee\base.py", line 181, in _emit_handle_potential_error
    raise error
  File "C:\Users\amod.mishra_engineos\Odynn-Hotel-Framework\crm_core\hotel_crawlers\marriott\marriott_botright.py", line 102, in handle_route
    response = await route.continue_()
                     ^^^^^^^^^^^^^^^
AttributeError: 'Request' object has no attribute 'continue_'
2025-10-14 15:28:28,850 - ERROR - Exception in callback AsyncIOEventEmitter._emit_run.<locals>.callback(<Task finishe...'continue_'")>) at C:\Users\amod.mishra_engineos\AppData\Local\Programs\Python\Python311\Lib\site-packages\pyee\asyncio.py:97
handle: <Handle AsyncIOEventEmitter._emit_run.<locals>.callback(<Task finishe...'continue_'")>) at C:\Users\amod.mishra_engineos\AppData\Local\Programs\Python\Python311\Lib\site-packages\pyee\asyncio.py:97>
Traceback (most recent call last):
  File "C:\Users\amod.mishra_engineos\AppData\Local\Programs\Python\Python311\Lib\asyncio\events.py", line 84, in _run
    self._context.run(self._callback, *self._args)
  File "C:\Users\amod.mishra_engineos\AppData\Local\Programs\Python\Python311\Lib\site-packages\pyee\asyncio.py", line 105, in callback
    self.emit("error", exc)
  File "C:\Users\amod.mishra_engineos\AppData\Local\Programs\Python\Python311\Lib\site-packages\pyee\asyncio.py", line 70, in emit
    return super().emit(event, *args, **kwargs)
           ^^^^^^^^^^^^^^^^^^^^^^^^^^^^^^^^^^^^
  File "C:\Users\amod.mishra_engineos\AppData\Local\Programs\Python\Python311\Lib\site-packages\pyee\base.py", line 223, in emit
    self._emit_handle_potential_error(event, args[0] if args else None)
  File "C:\Users\amod.mishra_engineos\AppData\Local\Programs\Python\Python311\Lib\site-packages\pyee\base.py", line 181, in _emit_handle_potential_error
    raise error
  File "C:\Users\amod.mishra_engineos\Odynn-Hotel-Framework\crm_core\hotel_crawlers\marriott\marriott_botright.py", line 102, in handle_route
    response = await route.continue_()
                     ^^^^^^^^^^^^^^^
AttributeError: 'Request' object has no attribute 'continue_'
2025-10-14 15:28:29,047 - ERROR - Exception in callback AsyncIOEventEmitter._emit_run.<locals>.callback(<Task finishe...'continue_'")>) at C:\Users\amod.mishra_engineos\AppData\Local\Programs\Python\Python311\Lib\site-packages\pyee\asyncio.py:97
handle: <Handle AsyncIOEventEmitter._emit_run.<locals>.callback(<Task finishe...'continue_'")>) at C:\Users\amod.mishra_engineos\AppData\Local\Programs\Python\Python311\Lib\site-packages\pyee\asyncio.py:97>
Traceback (most recent call last):
  File "C:\Users\amod.mishra_engineos\AppData\Local\Programs\Python\Python311\Lib\asyncio\events.py", line 84, in _run
    self._context.run(self._callback, *self._args)
  File "C:\Users\amod.mishra_engineos\AppData\Local\Programs\Python\Python311\Lib\site-packages\pyee\asyncio.py", line 105, in callback
    self.emit("error", exc)
  File "C:\Users\amod.mishra_engineos\AppData\Local\Programs\Python\Python311\Lib\site-packages\pyee\asyncio.py", line 70, in emit
    return super().emit(event, *args, **kwargs)
           ^^^^^^^^^^^^^^^^^^^^^^^^^^^^^^^^^^^^
  File "C:\Users\amod.mishra_engineos\AppData\Local\Programs\Python\Python311\Lib\site-packages\pyee\base.py", line 223, in emit
    self._emit_handle_potential_error(event, args[0] if args else None)
  File "C:\Users\amod.mishra_engineos\AppData\Local\Programs\Python\Python311\Lib\site-packages\pyee\base.py", line 181, in _emit_handle_potential_error
    raise error
  File "C:\Users\amod.mishra_engineos\Odynn-Hotel-Framework\crm_core\hotel_crawlers\marriott\marriott_botright.py", line 102, in handle_route
    response = await route.continue_()
                     ^^^^^^^^^^^^^^^
AttributeError: 'Request' object has no attribute 'continue_'
2025-10-14 15:28:29,595 - ERROR - Exception in callback AsyncIOEventEmitter._emit_run.<locals>.callback(<Task finishe...'continue_'")>) at C:\Users\amod.mishra_engineos\AppData\Local\Programs\Python\Python311\Lib\site-packages\pyee\asyncio.py:97
handle: <Handle AsyncIOEventEmitter._emit_run.<locals>.callback(<Task finishe...'continue_'")>) at C:\Users\amod.mishra_engineos\AppData\Local\Programs\Python\Python311\Lib\site-packages\pyee\asyncio.py:97>
Traceback (most recent call last):
  File "C:\Users\amod.mishra_engineos\AppData\Local\Programs\Python\Python311\Lib\asyncio\events.py", line 84, in _run
    self._context.run(self._callback, *self._args)
  File "C:\Users\amod.mishra_engineos\AppData\Local\Programs\Python\Python311\Lib\site-packages\pyee\asyncio.py", line 105, in callback
    self.emit("error", exc)
  File "C:\Users\amod.mishra_engineos\AppData\Local\Programs\Python\Python311\Lib\site-packages\pyee\asyncio.py", line 70, in emit
    return super().emit(event, *args, **kwargs)
           ^^^^^^^^^^^^^^^^^^^^^^^^^^^^^^^^^^^^
  File "C:\Users\amod.mishra_engineos\AppData\Local\Programs\Python\Python311\Lib\site-packages\pyee\base.py", line 223, in emit
    self._emit_handle_potential_error(event, args[0] if args else None)
  File "C:\Users\amod.mishra_engineos\AppData\Local\Programs\Python\Python311\Lib\site-packages\pyee\base.py", line 181, in _emit_handle_potential_error
    raise error
  File "C:\Users\amod.mishra_engineos\Odynn-Hotel-Framework\crm_core\hotel_crawlers\marriott\marriott_botright.py", line 102, in handle_route
    response = await route.continue_()
                     ^^^^^^^^^^^^^^^
AttributeError: 'Request' object has no attribute 'continue_'
2025-10-14 15:28:29,738 - ERROR - Exception in callback AsyncIOEventEmitter._emit_run.<locals>.callback(<Task finishe...'continue_'")>) at C:\Users\amod.mishra_engineos\AppData\Local\Programs\Python\Python311\Lib\site-packages\pyee\asyncio.py:97
handle: <Handle AsyncIOEventEmitter._emit_run.<locals>.callback(<Task finishe...'continue_'")>) at C:\Users\amod.mishra_engineos\AppData\Local\Programs\Python\Python311\Lib\site-packages\pyee\asyncio.py:97>
Traceback (most recent call last):
  File "C:\Users\amod.mishra_engineos\AppData\Local\Programs\Python\Python311\Lib\asyncio\events.py", line 84, in _run
    self._context.run(self._callback, *self._args)
  File "C:\Users\amod.mishra_engineos\AppData\Local\Programs\Python\Python311\Lib\site-packages\pyee\asyncio.py", line 105, in callback
    self.emit("error", exc)
  File "C:\Users\amod.mishra_engineos\AppData\Local\Programs\Python\Python311\Lib\site-packages\pyee\asyncio.py", line 70, in emit
    return super().emit(event, *args, **kwargs)
           ^^^^^^^^^^^^^^^^^^^^^^^^^^^^^^^^^^^^
  File "C:\Users\amod.mishra_engineos\AppData\Local\Programs\Python\Python311\Lib\site-packages\pyee\base.py", line 223, in emit
    self._emit_handle_potential_error(event, args[0] if args else None)
  File "C:\Users\amod.mishra_engineos\AppData\Local\Programs\Python\Python311\Lib\site-packages\pyee\base.py", line 181, in _emit_handle_potential_error
    raise error
  File "C:\Users\amod.mishra_engineos\Odynn-Hotel-Framework\crm_core\hotel_crawlers\marriott\marriott_botright.py", line 102, in handle_route
    response = await route.continue_()
                     ^^^^^^^^^^^^^^^
AttributeError: 'Request' object has no attribute 'continue_'
2025-10-14 15:28:29,770 - ERROR - Exception in callback AsyncIOEventEmitter._emit_run.<locals>.callback(<Task finishe...'continue_'")>) at C:\Users\amod.mishra_engineos\AppData\Local\Programs\Python\Python311\Lib\site-packages\pyee\asyncio.py:97
handle: <Handle AsyncIOEventEmitter._emit_run.<locals>.callback(<Task finishe...'continue_'")>) at C:\Users\amod.mishra_engineos\AppData\Local\Programs\Python\Python311\Lib\site-packages\pyee\asyncio.py:97>
Traceback (most recent call last):
  File "C:\Users\amod.mishra_engineos\AppData\Local\Programs\Python\Python311\Lib\asyncio\events.py", line 84, in _run
    self._context.run(self._callback, *self._args)
  File "C:\Users\amod.mishra_engineos\AppData\Local\Programs\Python\Python311\Lib\site-packages\pyee\asyncio.py", line 105, in callback
    self.emit("error", exc)
  File "C:\Users\amod.mishra_engineos\AppData\Local\Programs\Python\Python311\Lib\site-packages\pyee\asyncio.py", line 70, in emit
    return super().emit(event, *args, **kwargs)
           ^^^^^^^^^^^^^^^^^^^^^^^^^^^^^^^^^^^^
  File "C:\Users\amod.mishra_engineos\AppData\Local\Programs\Python\Python311\Lib\site-packages\pyee\base.py", line 223, in emit
    self._emit_handle_potential_error(event, args[0] if args else None)
  File "C:\Users\amod.mishra_engineos\AppData\Local\Programs\Python\Python311\Lib\site-packages\pyee\base.py", line 181, in _emit_handle_potential_error
    raise error
  File "C:\Users\amod.mishra_engineos\Odynn-Hotel-Framework\crm_core\hotel_crawlers\marriott\marriott_botright.py", line 102, in handle_route
    response = await route.continue_()
                     ^^^^^^^^^^^^^^^
AttributeError: 'Request' object has no attribute 'continue_'
2025-10-14 15:28:29,799 - ERROR - Exception in callback AsyncIOEventEmitter._emit_run.<locals>.callback(<Task finishe...'continue_'")>) at C:\Users\amod.mishra_engineos\AppData\Local\Programs\Python\Python311\Lib\site-packages\pyee\asyncio.py:97
handle: <Handle AsyncIOEventEmitter._emit_run.<locals>.callback(<Task finishe...'continue_'")>) at C:\Users\amod.mishra_engineos\AppData\Local\Programs\Python\Python311\Lib\site-packages\pyee\asyncio.py:97>
Traceback (most recent call last):
  File "C:\Users\amod.mishra_engineos\AppData\Local\Programs\Python\Python311\Lib\asyncio\events.py", line 84, in _run
    self._context.run(self._callback, *self._args)
  File "C:\Users\amod.mishra_engineos\AppData\Local\Programs\Python\Python311\Lib\site-packages\pyee\asyncio.py", line 105, in callback
    self.emit("error", exc)
  File "C:\Users\amod.mishra_engineos\AppData\Local\Programs\Python\Python311\Lib\site-packages\pyee\asyncio.py", line 70, in emit
    return super().emit(event, *args, **kwargs)
           ^^^^^^^^^^^^^^^^^^^^^^^^^^^^^^^^^^^^
  File "C:\Users\amod.mishra_engineos\AppData\Local\Programs\Python\Python311\Lib\site-packages\pyee\base.py", line 223, in emit
    self._emit_handle_potential_error(event, args[0] if args else None)
  File "C:\Users\amod.mishra_engineos\AppData\Local\Programs\Python\Python311\Lib\site-packages\pyee\base.py", line 181, in _emit_handle_potential_error
    raise error
  File "C:\Users\amod.mishra_engineos\Odynn-Hotel-Framework\crm_core\hotel_crawlers\marriott\marriott_botright.py", line 102, in handle_route
    response = await route.continue_()
                     ^^^^^^^^^^^^^^^
AttributeError: 'Request' object has no attribute 'continue_'
2025-10-14 15:28:29,801 - ERROR - Exception in callback AsyncIOEventEmitter._emit_run.<locals>.callback(<Task finishe...'continue_'")>) at C:\Users\amod.mishra_engineos\AppData\Local\Programs\Python\Python311\Lib\site-packages\pyee\asyncio.py:97
handle: <Handle AsyncIOEventEmitter._emit_run.<locals>.callback(<Task finishe...'continue_'")>) at C:\Users\amod.mishra_engineos\AppData\Local\Programs\Python\Python311\Lib\site-packages\pyee\asyncio.py:97>
Traceback (most recent call last):
  File "C:\Users\amod.mishra_engineos\AppData\Local\Programs\Python\Python311\Lib\asyncio\events.py", line 84, in _run
    self._context.run(self._callback, *self._args)
  File "C:\Users\amod.mishra_engineos\AppData\Local\Programs\Python\Python311\Lib\site-packages\pyee\asyncio.py", line 105, in callback
    self.emit("error", exc)
  File "C:\Users\amod.mishra_engineos\AppData\Local\Programs\Python\Python311\Lib\site-packages\pyee\asyncio.py", line 70, in emit
    return super().emit(event, *args, **kwargs)
           ^^^^^^^^^^^^^^^^^^^^^^^^^^^^^^^^^^^^
  File "C:\Users\amod.mishra_engineos\AppData\Local\Programs\Python\Python311\Lib\site-packages\pyee\base.py", line 223, in emit
    self._emit_handle_potential_error(event, args[0] if args else None)
  File "C:\Users\amod.mishra_engineos\AppData\Local\Programs\Python\Python311\Lib\site-packages\pyee\base.py", line 181, in _emit_handle_potential_error
    raise error
  File "C:\Users\amod.mishra_engineos\Odynn-Hotel-Framework\crm_core\hotel_crawlers\marriott\marriott_botright.py", line 102, in handle_route
    response = await route.continue_()
                     ^^^^^^^^^^^^^^^
AttributeError: 'Request' object has no attribute 'continue_'
2025-10-14 15:28:29,834 - ERROR - Exception in callback AsyncIOEventEmitter._emit_run.<locals>.callback(<Task finishe...'continue_'")>) at C:\Users\amod.mishra_engineos\AppData\Local\Programs\Python\Python311\Lib\site-packages\pyee\asyncio.py:97
handle: <Handle AsyncIOEventEmitter._emit_run.<locals>.callback(<Task finishe...'continue_'")>) at C:\Users\amod.mishra_engineos\AppData\Local\Programs\Python\Python311\Lib\site-packages\pyee\asyncio.py:97>
Traceback (most recent call last):
  File "C:\Users\amod.mishra_engineos\AppData\Local\Programs\Python\Python311\Lib\asyncio\events.py", line 84, in _run
    self._context.run(self._callback, *self._args)
  File "C:\Users\amod.mishra_engineos\AppData\Local\Programs\Python\Python311\Lib\site-packages\pyee\asyncio.py", line 105, in callback
    self.emit("error", exc)
  File "C:\Users\amod.mishra_engineos\AppData\Local\Programs\Python\Python311\Lib\site-packages\pyee\asyncio.py", line 70, in emit
    return super().emit(event, *args, **kwargs)
           ^^^^^^^^^^^^^^^^^^^^^^^^^^^^^^^^^^^^
  File "C:\Users\amod.mishra_engineos\AppData\Local\Programs\Python\Python311\Lib\site-packages\pyee\base.py", line 223, in emit
    self._emit_handle_potential_error(event, args[0] if args else None)
  File "C:\Users\amod.mishra_engineos\AppData\Local\Programs\Python\Python311\Lib\site-packages\pyee\base.py", line 181, in _emit_handle_potential_error
    raise error
  File "C:\Users\amod.mishra_engineos\Odynn-Hotel-Framework\crm_core\hotel_crawlers\marriott\marriott_botright.py", line 102, in handle_route
    response = await route.continue_()
                     ^^^^^^^^^^^^^^^
AttributeError: 'Request' object has no attribute 'continue_'
2025-10-14 15:28:29,924 - ERROR - Exception in callback AsyncIOEventEmitter._emit_run.<locals>.callback(<Task finishe...'continue_'")>) at C:\Users\amod.mishra_engineos\AppData\Local\Programs\Python\Python311\Lib\site-packages\pyee\asyncio.py:97
handle: <Handle AsyncIOEventEmitter._emit_run.<locals>.callback(<Task finishe...'continue_'")>) at C:\Users\amod.mishra_engineos\AppData\Local\Programs\Python\Python311\Lib\site-packages\pyee\asyncio.py:97>
Traceback (most recent call last):
  File "C:\Users\amod.mishra_engineos\AppData\Local\Programs\Python\Python311\Lib\asyncio\events.py", line 84, in _run
    self._context.run(self._callback, *self._args)
  File "C:\Users\amod.mishra_engineos\AppData\Local\Programs\Python\Python311\Lib\site-packages\pyee\asyncio.py", line 105, in callback
    self.emit("error", exc)
  File "C:\Users\amod.mishra_engineos\AppData\Local\Programs\Python\Python311\Lib\site-packages\pyee\asyncio.py", line 70, in emit
    return super().emit(event, *args, **kwargs)
           ^^^^^^^^^^^^^^^^^^^^^^^^^^^^^^^^^^^^
  File "C:\Users\amod.mishra_engineos\AppData\Local\Programs\Python\Python311\Lib\site-packages\pyee\base.py", line 223, in emit
    self._emit_handle_potential_error(event, args[0] if args else None)
  File "C:\Users\amod.mishra_engineos\AppData\Local\Programs\Python\Python311\Lib\site-packages\pyee\base.py", line 181, in _emit_handle_potential_error
    raise error
  File "C:\Users\amod.mishra_engineos\Odynn-Hotel-Framework\crm_core\hotel_crawlers\marriott\marriott_botright.py", line 102, in handle_route
    response = await route.continue_()
                     ^^^^^^^^^^^^^^^
AttributeError: 'Request' object has no attribute 'continue_'
2025-10-14 15:28:30,078 - ERROR - Exception in callback AsyncIOEventEmitter._emit_run.<locals>.callback(<Task finishe...'continue_'")>) at C:\Users\amod.mishra_engineos\AppData\Local\Programs\Python\Python311\Lib\site-packages\pyee\asyncio.py:97
handle: <Handle AsyncIOEventEmitter._emit_run.<locals>.callback(<Task finishe...'continue_'")>) at C:\Users\amod.mishra_engineos\AppData\Local\Programs\Python\Python311\Lib\site-packages\pyee\asyncio.py:97>
Traceback (most recent call last):
  File "C:\Users\amod.mishra_engineos\AppData\Local\Programs\Python\Python311\Lib\asyncio\events.py", line 84, in _run
    self._context.run(self._callback, *self._args)
  File "C:\Users\amod.mishra_engineos\AppData\Local\Programs\Python\Python311\Lib\site-packages\pyee\asyncio.py", line 105, in callback
    self.emit("error", exc)
  File "C:\Users\amod.mishra_engineos\AppData\Local\Programs\Python\Python311\Lib\site-packages\pyee\asyncio.py", line 70, in emit
    return super().emit(event, *args, **kwargs)
           ^^^^^^^^^^^^^^^^^^^^^^^^^^^^^^^^^^^^
  File "C:\Users\amod.mishra_engineos\AppData\Local\Programs\Python\Python311\Lib\site-packages\pyee\base.py", line 223, in emit
    self._emit_handle_potential_error(event, args[0] if args else None)
  File "C:\Users\amod.mishra_engineos\AppData\Local\Programs\Python\Python311\Lib\site-packages\pyee\base.py", line 181, in _emit_handle_potential_error
    raise error
  File "C:\Users\amod.mishra_engineos\Odynn-Hotel-Framework\crm_core\hotel_crawlers\marriott\marriott_botright.py", line 102, in handle_route
    response = await route.continue_()
                     ^^^^^^^^^^^^^^^
AttributeError: 'Request' object has no attribute 'continue_'
2025-10-14 15:28:30,711 - ERROR - Exception in callback AsyncIOEventEmitter._emit_run.<locals>.callback(<Task finishe...'continue_'")>) at C:\Users\amod.mishra_engineos\AppData\Local\Programs\Python\Python311\Lib\site-packages\pyee\asyncio.py:97
handle: <Handle AsyncIOEventEmitter._emit_run.<locals>.callback(<Task finishe...'continue_'")>) at C:\Users\amod.mishra_engineos\AppData\Local\Programs\Python\Python311\Lib\site-packages\pyee\asyncio.py:97>
Traceback (most recent call last):
  File "C:\Users\amod.mishra_engineos\AppData\Local\Programs\Python\Python311\Lib\asyncio\events.py", line 84, in _run
    self._context.run(self._callback, *self._args)
  File "C:\Users\amod.mishra_engineos\AppData\Local\Programs\Python\Python311\Lib\site-packages\pyee\asyncio.py", line 105, in callback
    self.emit("error", exc)
  File "C:\Users\amod.mishra_engineos\AppData\Local\Programs\Python\Python311\Lib\site-packages\pyee\asyncio.py", line 70, in emit
    return super().emit(event, *args, **kwargs)
           ^^^^^^^^^^^^^^^^^^^^^^^^^^^^^^^^^^^^
  File "C:\Users\amod.mishra_engineos\AppData\Local\Programs\Python\Python311\Lib\site-packages\pyee\base.py", line 223, in emit
    self._emit_handle_potential_error(event, args[0] if args else None)
  File "C:\Users\amod.mishra_engineos\AppData\Local\Programs\Python\Python311\Lib\site-packages\pyee\base.py", line 181, in _emit_handle_potential_error
    raise error
  File "C:\Users\amod.mishra_engineos\Odynn-Hotel-Framework\crm_core\hotel_crawlers\marriott\marriott_botright.py", line 102, in handle_route
    response = await route.continue_()
                     ^^^^^^^^^^^^^^^
AttributeError: 'Request' object has no attribute 'continue_'
2025-10-14 15:28:30,957 - ERROR - Exception in callback AsyncIOEventEmitter._emit_run.<locals>.callback(<Task finishe...'continue_'")>) at C:\Users\amod.mishra_engineos\AppData\Local\Programs\Python\Python311\Lib\site-packages\pyee\asyncio.py:97
handle: <Handle AsyncIOEventEmitter._emit_run.<locals>.callback(<Task finishe...'continue_'")>) at C:\Users\amod.mishra_engineos\AppData\Local\Programs\Python\Python311\Lib\site-packages\pyee\asyncio.py:97>
Traceback (most recent call last):
  File "C:\Users\amod.mishra_engineos\AppData\Local\Programs\Python\Python311\Lib\asyncio\events.py", line 84, in _run
    self._context.run(self._callback, *self._args)
  File "C:\Users\amod.mishra_engineos\AppData\Local\Programs\Python\Python311\Lib\site-packages\pyee\asyncio.py", line 105, in callback
    self.emit("error", exc)
  File "C:\Users\amod.mishra_engineos\AppData\Local\Programs\Python\Python311\Lib\site-packages\pyee\asyncio.py", line 70, in emit
    return super().emit(event, *args, **kwargs)
           ^^^^^^^^^^^^^^^^^^^^^^^^^^^^^^^^^^^^
  File "C:\Users\amod.mishra_engineos\AppData\Local\Programs\Python\Python311\Lib\site-packages\pyee\base.py", line 223, in emit
    self._emit_handle_potential_error(event, args[0] if args else None)
  File "C:\Users\amod.mishra_engineos\AppData\Local\Programs\Python\Python311\Lib\site-packages\pyee\base.py", line 181, in _emit_handle_potential_error
    raise error
  File "C:\Users\amod.mishra_engineos\Odynn-Hotel-Framework\crm_core\hotel_crawlers\marriott\marriott_botright.py", line 102, in handle_route
    response = await route.continue_()
                     ^^^^^^^^^^^^^^^
AttributeError: 'Request' object has no attribute 'continue_'
2025-10-14 15:28:31,052 - ERROR - Exception in callback AsyncIOEventEmitter._emit_run.<locals>.callback(<Task finishe...'continue_'")>) at C:\Users\amod.mishra_engineos\AppData\Local\Programs\Python\Python311\Lib\site-packages\pyee\asyncio.py:97
handle: <Handle AsyncIOEventEmitter._emit_run.<locals>.callback(<Task finishe...'continue_'")>) at C:\Users\amod.mishra_engineos\AppData\Local\Programs\Python\Python311\Lib\site-packages\pyee\asyncio.py:97>
Traceback (most recent call last):
  File "C:\Users\amod.mishra_engineos\AppData\Local\Programs\Python\Python311\Lib\asyncio\events.py", line 84, in _run
    self._context.run(self._callback, *self._args)
  File "C:\Users\amod.mishra_engineos\AppData\Local\Programs\Python\Python311\Lib\site-packages\pyee\asyncio.py", line 105, in callback
    self.emit("error", exc)
  File "C:\Users\amod.mishra_engineos\AppData\Local\Programs\Python\Python311\Lib\site-packages\pyee\asyncio.py", line 70, in emit
    return super().emit(event, *args, **kwargs)
           ^^^^^^^^^^^^^^^^^^^^^^^^^^^^^^^^^^^^
  File "C:\Users\amod.mishra_engineos\AppData\Local\Programs\Python\Python311\Lib\site-packages\pyee\base.py", line 223, in emit
    self._emit_handle_potential_error(event, args[0] if args else None)
  File "C:\Users\amod.mishra_engineos\AppData\Local\Programs\Python\Python311\Lib\site-packages\pyee\base.py", line 181, in _emit_handle_potential_error
    raise error
  File "C:\Users\amod.mishra_engineos\Odynn-Hotel-Framework\crm_core\hotel_crawlers\marriott\marriott_botright.py", line 102, in handle_route
    response = await route.continue_()
                     ^^^^^^^^^^^^^^^
AttributeError: 'Request' object has no attribute 'continue_'
2025-10-14 15:28:31,063 - ERROR - Exception in callback AsyncIOEventEmitter._emit_run.<locals>.callback(<Task finishe...'continue_'")>) at C:\Users\amod.mishra_engineos\AppData\Local\Programs\Python\Python311\Lib\site-packages\pyee\asyncio.py:97
handle: <Handle AsyncIOEventEmitter._emit_run.<locals>.callback(<Task finishe...'continue_'")>) at C:\Users\amod.mishra_engineos\AppData\Local\Programs\Python\Python311\Lib\site-packages\pyee\asyncio.py:97>
Traceback (most recent call last):
  File "C:\Users\amod.mishra_engineos\AppData\Local\Programs\Python\Python311\Lib\asyncio\events.py", line 84, in _run
    self._context.run(self._callback, *self._args)
  File "C:\Users\amod.mishra_engineos\AppData\Local\Programs\Python\Python311\Lib\site-packages\pyee\asyncio.py", line 105, in callback
    self.emit("error", exc)
  File "C:\Users\amod.mishra_engineos\AppData\Local\Programs\Python\Python311\Lib\site-packages\pyee\asyncio.py", line 70, in emit
    return super().emit(event, *args, **kwargs)
           ^^^^^^^^^^^^^^^^^^^^^^^^^^^^^^^^^^^^
  File "C:\Users\amod.mishra_engineos\AppData\Local\Programs\Python\Python311\Lib\site-packages\pyee\base.py", line 223, in emit
    self._emit_handle_potential_error(event, args[0] if args else None)
  File "C:\Users\amod.mishra_engineos\AppData\Local\Programs\Python\Python311\Lib\site-packages\pyee\base.py", line 181, in _emit_handle_potential_error
    raise error
  File "C:\Users\amod.mishra_engineos\Odynn-Hotel-Framework\crm_core\hotel_crawlers\marriott\marriott_botright.py", line 102, in handle_route
    response = await route.continue_()
                     ^^^^^^^^^^^^^^^
AttributeError: 'Request' object has no attribute 'continue_'
2025-10-14 15:28:31,070 - ERROR - Exception in callback AsyncIOEventEmitter._emit_run.<locals>.callback(<Task finishe...'continue_'")>) at C:\Users\amod.mishra_engineos\AppData\Local\Programs\Python\Python311\Lib\site-packages\pyee\asyncio.py:97
handle: <Handle AsyncIOEventEmitter._emit_run.<locals>.callback(<Task finishe...'continue_'")>) at C:\Users\amod.mishra_engineos\AppData\Local\Programs\Python\Python311\Lib\site-packages\pyee\asyncio.py:97>
Traceback (most recent call last):
  File "C:\Users\amod.mishra_engineos\AppData\Local\Programs\Python\Python311\Lib\asyncio\events.py", line 84, in _run
    self._context.run(self._callback, *self._args)
  File "C:\Users\amod.mishra_engineos\AppData\Local\Programs\Python\Python311\Lib\site-packages\pyee\asyncio.py", line 105, in callback
    self.emit("error", exc)
  File "C:\Users\amod.mishra_engineos\AppData\Local\Programs\Python\Python311\Lib\site-packages\pyee\asyncio.py", line 70, in emit
    return super().emit(event, *args, **kwargs)
           ^^^^^^^^^^^^^^^^^^^^^^^^^^^^^^^^^^^^
  File "C:\Users\amod.mishra_engineos\AppData\Local\Programs\Python\Python311\Lib\site-packages\pyee\base.py", line 223, in emit
    self._emit_handle_potential_error(event, args[0] if args else None)
  File "C:\Users\amod.mishra_engineos\AppData\Local\Programs\Python\Python311\Lib\site-packages\pyee\base.py", line 181, in _emit_handle_potential_error
    raise error
  File "C:\Users\amod.mishra_engineos\Odynn-Hotel-Framework\crm_core\hotel_crawlers\marriott\marriott_botright.py", line 102, in handle_route
    response = await route.continue_()
                     ^^^^^^^^^^^^^^^
AttributeError: 'Request' object has no attribute 'continue_'
2025-10-14 15:28:31,075 - ERROR - Exception in callback AsyncIOEventEmitter._emit_run.<locals>.callback(<Task finishe...'continue_'")>) at C:\Users\amod.mishra_engineos\AppData\Local\Programs\Python\Python311\Lib\site-packages\pyee\asyncio.py:97
handle: <Handle AsyncIOEventEmitter._emit_run.<locals>.callback(<Task finishe...'continue_'")>) at C:\Users\amod.mishra_engineos\AppData\Local\Programs\Python\Python311\Lib\site-packages\pyee\asyncio.py:97>
Traceback (most recent call last):
  File "C:\Users\amod.mishra_engineos\AppData\Local\Programs\Python\Python311\Lib\asyncio\events.py", line 84, in _run
    self._context.run(self._callback, *self._args)
  File "C:\Users\amod.mishra_engineos\AppData\Local\Programs\Python\Python311\Lib\site-packages\pyee\asyncio.py", line 105, in callback
    self.emit("error", exc)
  File "C:\Users\amod.mishra_engineos\AppData\Local\Programs\Python\Python311\Lib\site-packages\pyee\asyncio.py", line 70, in emit
    return super().emit(event, *args, **kwargs)
           ^^^^^^^^^^^^^^^^^^^^^^^^^^^^^^^^^^^^
  File "C:\Users\amod.mishra_engineos\AppData\Local\Programs\Python\Python311\Lib\site-packages\pyee\base.py", line 223, in emit
    self._emit_handle_potential_error(event, args[0] if args else None)
  File "C:\Users\amod.mishra_engineos\AppData\Local\Programs\Python\Python311\Lib\site-packages\pyee\base.py", line 181, in _emit_handle_potential_error
    raise error
  File "C:\Users\amod.mishra_engineos\Odynn-Hotel-Framework\crm_core\hotel_crawlers\marriott\marriott_botright.py", line 102, in handle_route
    response = await route.continue_()
                     ^^^^^^^^^^^^^^^
AttributeError: 'Request' object has no attribute 'continue_'
2025-10-14 15:28:38,427 - ERROR - Exception in callback AsyncIOEventEmitter._emit_run.<locals>.callback(<Task finishe...'continue_'")>) at C:\Users\amod.mishra_engineos\AppData\Local\Programs\Python\Python311\Lib\site-packages\pyee\asyncio.py:97
handle: <Handle AsyncIOEventEmitter._emit_run.<locals>.callback(<Task finishe...'continue_'")>) at C:\Users\amod.mishra_engineos\AppData\Local\Programs\Python\Python311\Lib\site-packages\pyee\asyncio.py:97>
Traceback (most recent call last):
  File "C:\Users\amod.mishra_engineos\AppData\Local\Programs\Python\Python311\Lib\asyncio\events.py", line 84, in _run
    self._context.run(self._callback, *self._args)
  File "C:\Users\amod.mishra_engineos\AppData\Local\Programs\Python\Python311\Lib\site-packages\pyee\asyncio.py", line 105, in callback
    self.emit("error", exc)
  File "C:\Users\amod.mishra_engineos\AppData\Local\Programs\Python\Python311\Lib\site-packages\pyee\asyncio.py", line 70, in emit
    return super().emit(event, *args, **kwargs)
           ^^^^^^^^^^^^^^^^^^^^^^^^^^^^^^^^^^^^
  File "C:\Users\amod.mishra_engineos\AppData\Local\Programs\Python\Python311\Lib\site-packages\pyee\base.py", line 223, in emit
    self._emit_handle_potential_error(event, args[0] if args else None)
  File "C:\Users\amod.mishra_engineos\AppData\Local\Programs\Python\Python311\Lib\site-packages\pyee\base.py", line 181, in _emit_handle_potential_error
    raise error
  File "C:\Users\amod.mishra_engineos\Odynn-Hotel-Framework\crm_core\hotel_crawlers\marriott\marriott_botright.py", line 102, in handle_route
    response = await route.continue_()
                     ^^^^^^^^^^^^^^^
AttributeError: 'Request' object has no attribute 'continue_'
2025-10-14 15:28:38,432 - ERROR - Exception in callback AsyncIOEventEmitter._emit_run.<locals>.callback(<Task finishe...'continue_'")>) at C:\Users\amod.mishra_engineos\AppData\Local\Programs\Python\Python311\Lib\site-packages\pyee\asyncio.py:97
handle: <Handle AsyncIOEventEmitter._emit_run.<locals>.callback(<Task finishe...'continue_'")>) at C:\Users\amod.mishra_engineos\AppData\Local\Programs\Python\Python311\Lib\site-packages\pyee\asyncio.py:97>
Traceback (most recent call last):
  File "C:\Users\amod.mishra_engineos\AppData\Local\Programs\Python\Python311\Lib\asyncio\events.py", line 84, in _run
    self._context.run(self._callback, *self._args)
  File "C:\Users\amod.mishra_engineos\AppData\Local\Programs\Python\Python311\Lib\site-packages\pyee\asyncio.py", line 105, in callback
    self.emit("error", exc)
  File "C:\Users\amod.mishra_engineos\AppData\Local\Programs\Python\Python311\Lib\site-packages\pyee\asyncio.py", line 70, in emit
    return super().emit(event, *args, **kwargs)
           ^^^^^^^^^^^^^^^^^^^^^^^^^^^^^^^^^^^^
  File "C:\Users\amod.mishra_engineos\AppData\Local\Programs\Python\Python311\Lib\site-packages\pyee\base.py", line 223, in emit
    self._emit_handle_potential_error(event, args[0] if args else None)
  File "C:\Users\amod.mishra_engineos\AppData\Local\Programs\Python\Python311\Lib\site-packages\pyee\base.py", line 181, in _emit_handle_potential_error
    raise error
  File "C:\Users\amod.mishra_engineos\Odynn-Hotel-Framework\crm_core\hotel_crawlers\marriott\marriott_botright.py", line 102, in handle_route
    response = await route.continue_()
                     ^^^^^^^^^^^^^^^
AttributeError: 'Request' object has no attribute 'continue_'
2025-10-14 15:28:40,111 - ERROR - Exception in callback AsyncIOEventEmitter._emit_run.<locals>.callback(<Task finishe...'continue_'")>) at C:\Users\amod.mishra_engineos\AppData\Local\Programs\Python\Python311\Lib\site-packages\pyee\asyncio.py:97
handle: <Handle AsyncIOEventEmitter._emit_run.<locals>.callback(<Task finishe...'continue_'")>) at C:\Users\amod.mishra_engineos\AppData\Local\Programs\Python\Python311\Lib\site-packages\pyee\asyncio.py:97>
Traceback (most recent call last):
  File "C:\Users\amod.mishra_engineos\AppData\Local\Programs\Python\Python311\Lib\asyncio\events.py", line 84, in _run
    self._context.run(self._callback, *self._args)
  File "C:\Users\amod.mishra_engineos\AppData\Local\Programs\Python\Python311\Lib\site-packages\pyee\asyncio.py", line 105, in callback
    self.emit("error", exc)
  File "C:\Users\amod.mishra_engineos\AppData\Local\Programs\Python\Python311\Lib\site-packages\pyee\asyncio.py", line 70, in emit
    return super().emit(event, *args, **kwargs)
           ^^^^^^^^^^^^^^^^^^^^^^^^^^^^^^^^^^^^
  File "C:\Users\amod.mishra_engineos\AppData\Local\Programs\Python\Python311\Lib\site-packages\pyee\base.py", line 223, in emit
    self._emit_handle_potential_error(event, args[0] if args else None)
  File "C:\Users\amod.mishra_engineos\AppData\Local\Programs\Python\Python311\Lib\site-packages\pyee\base.py", line 181, in _emit_handle_potential_error
    raise error
  File "C:\Users\amod.mishra_engineos\Odynn-Hotel-Framework\crm_core\hotel_crawlers\marriott\marriott_botright.py", line 102, in handle_route
    response = await route.continue_()
                     ^^^^^^^^^^^^^^^
AttributeError: 'Request' object has no attribute 'continue_'
2025-10-14 15:28:40,232 - ERROR - Exception in callback AsyncIOEventEmitter._emit_run.<locals>.callback(<Task finishe...'continue_'")>) at C:\Users\amod.mishra_engineos\AppData\Local\Programs\Python\Python311\Lib\site-packages\pyee\asyncio.py:97
handle: <Handle AsyncIOEventEmitter._emit_run.<locals>.callback(<Task finishe...'continue_'")>) at C:\Users\amod.mishra_engineos\AppData\Local\Programs\Python\Python311\Lib\site-packages\pyee\asyncio.py:97>
Traceback (most recent call last):
  File "C:\Users\amod.mishra_engineos\AppData\Local\Programs\Python\Python311\Lib\asyncio\events.py", line 84, in _run
    self._context.run(self._callback, *self._args)
  File "C:\Users\amod.mishra_engineos\AppData\Local\Programs\Python\Python311\Lib\site-packages\pyee\asyncio.py", line 105, in callback
    self.emit("error", exc)
  File "C:\Users\amod.mishra_engineos\AppData\Local\Programs\Python\Python311\Lib\site-packages\pyee\asyncio.py", line 70, in emit
    return super().emit(event, *args, **kwargs)
           ^^^^^^^^^^^^^^^^^^^^^^^^^^^^^^^^^^^^
  File "C:\Users\amod.mishra_engineos\AppData\Local\Programs\Python\Python311\Lib\site-packages\pyee\base.py", line 223, in emit
    self._emit_handle_potential_error(event, args[0] if args else None)
  File "C:\Users\amod.mishra_engineos\AppData\Local\Programs\Python\Python311\Lib\site-packages\pyee\base.py", line 181, in _emit_handle_potential_error
    raise error
  File "C:\Users\amod.mishra_engineos\Odynn-Hotel-Framework\crm_core\hotel_crawlers\marriott\marriott_botright.py", line 102, in handle_route
    response = await route.continue_()
                     ^^^^^^^^^^^^^^^
AttributeError: 'Request' object has no attribute 'continue_'
2025-10-14 15:28:40,707 - ERROR - Exception in callback AsyncIOEventEmitter._emit_run.<locals>.callback(<Task finishe...'continue_'")>) at C:\Users\amod.mishra_engineos\AppData\Local\Programs\Python\Python311\Lib\site-packages\pyee\asyncio.py:97
handle: <Handle AsyncIOEventEmitter._emit_run.<locals>.callback(<Task finishe...'continue_'")>) at C:\Users\amod.mishra_engineos\AppData\Local\Programs\Python\Python311\Lib\site-packages\pyee\asyncio.py:97>
Traceback (most recent call last):
  File "C:\Users\amod.mishra_engineos\AppData\Local\Programs\Python\Python311\Lib\asyncio\events.py", line 84, in _run
    self._context.run(self._callback, *self._args)
  File "C:\Users\amod.mishra_engineos\AppData\Local\Programs\Python\Python311\Lib\site-packages\pyee\asyncio.py", line 105, in callback
    self.emit("error", exc)
  File "C:\Users\amod.mishra_engineos\AppData\Local\Programs\Python\Python311\Lib\site-packages\pyee\asyncio.py", line 70, in emit
    return super().emit(event, *args, **kwargs)
           ^^^^^^^^^^^^^^^^^^^^^^^^^^^^^^^^^^^^
  File "C:\Users\amod.mishra_engineos\AppData\Local\Programs\Python\Python311\Lib\site-packages\pyee\base.py", line 223, in emit
    self._emit_handle_potential_error(event, args[0] if args else None)
  File "C:\Users\amod.mishra_engineos\AppData\Local\Programs\Python\Python311\Lib\site-packages\pyee\base.py", line 181, in _emit_handle_potential_error
    raise error
  File "C:\Users\amod.mishra_engineos\Odynn-Hotel-Framework\crm_core\hotel_crawlers\marriott\marriott_botright.py", line 102, in handle_route
    response = await route.continue_()
                     ^^^^^^^^^^^^^^^
AttributeError: 'Request' object has no attribute 'continue_'
2025-10-14 15:28:40,790 - ERROR - Exception in callback AsyncIOEventEmitter._emit_run.<locals>.callback(<Task finishe...'continue_'")>) at C:\Users\amod.mishra_engineos\AppData\Local\Programs\Python\Python311\Lib\site-packages\pyee\asyncio.py:97
handle: <Handle AsyncIOEventEmitter._emit_run.<locals>.callback(<Task finishe...'continue_'")>) at C:\Users\amod.mishra_engineos\AppData\Local\Programs\Python\Python311\Lib\site-packages\pyee\asyncio.py:97>
Traceback (most recent call last):
  File "C:\Users\amod.mishra_engineos\AppData\Local\Programs\Python\Python311\Lib\asyncio\events.py", line 84, in _run
    self._context.run(self._callback, *self._args)
  File "C:\Users\amod.mishra_engineos\AppData\Local\Programs\Python\Python311\Lib\site-packages\pyee\asyncio.py", line 105, in callback
    self.emit("error", exc)
  File "C:\Users\amod.mishra_engineos\AppData\Local\Programs\Python\Python311\Lib\site-packages\pyee\asyncio.py", line 70, in emit
    return super().emit(event, *args, **kwargs)
           ^^^^^^^^^^^^^^^^^^^^^^^^^^^^^^^^^^^^
  File "C:\Users\amod.mishra_engineos\AppData\Local\Programs\Python\Python311\Lib\site-packages\pyee\base.py", line 223, in emit
    self._emit_handle_potential_error(event, args[0] if args else None)
  File "C:\Users\amod.mishra_engineos\AppData\Local\Programs\Python\Python311\Lib\site-packages\pyee\base.py", line 181, in _emit_handle_potential_error
    raise error
  File "C:\Users\amod.mishra_engineos\Odynn-Hotel-Framework\crm_core\hotel_crawlers\marriott\marriott_botright.py", line 102, in handle_route
    response = await route.continue_()
                     ^^^^^^^^^^^^^^^
AttributeError: 'Request' object has no attribute 'continue_'
2025-10-14 15:28:40,862 - ERROR - Exception in callback AsyncIOEventEmitter._emit_run.<locals>.callback(<Task finishe...'continue_'")>) at C:\Users\amod.mishra_engineos\AppData\Local\Programs\Python\Python311\Lib\site-packages\pyee\asyncio.py:97
handle: <Handle AsyncIOEventEmitter._emit_run.<locals>.callback(<Task finishe...'continue_'")>) at C:\Users\amod.mishra_engineos\AppData\Local\Programs\Python\Python311\Lib\site-packages\pyee\asyncio.py:97>
Traceback (most recent call last):
  File "C:\Users\amod.mishra_engineos\AppData\Local\Programs\Python\Python311\Lib\asyncio\events.py", line 84, in _run
    self._context.run(self._callback, *self._args)
  File "C:\Users\amod.mishra_engineos\AppData\Local\Programs\Python\Python311\Lib\site-packages\pyee\asyncio.py", line 105, in callback
    self.emit("error", exc)
  File "C:\Users\amod.mishra_engineos\AppData\Local\Programs\Python\Python311\Lib\site-packages\pyee\asyncio.py", line 70, in emit
    return super().emit(event, *args, **kwargs)
           ^^^^^^^^^^^^^^^^^^^^^^^^^^^^^^^^^^^^
  File "C:\Users\amod.mishra_engineos\AppData\Local\Programs\Python\Python311\Lib\site-packages\pyee\base.py", line 223, in emit
    self._emit_handle_potential_error(event, args[0] if args else None)
  File "C:\Users\amod.mishra_engineos\AppData\Local\Programs\Python\Python311\Lib\site-packages\pyee\base.py", line 181, in _emit_handle_potential_error
    raise error
  File "C:\Users\amod.mishra_engineos\Odynn-Hotel-Framework\crm_core\hotel_crawlers\marriott\marriott_botright.py", line 102, in handle_route
    response = await route.continue_()
                     ^^^^^^^^^^^^^^^
AttributeError: 'Request' object has no attribute 'continue_'
2025-10-14 15:28:44,034 - ERROR - Exception in callback AsyncIOEventEmitter._emit_run.<locals>.callback(<Task finishe...'continue_'")>) at C:\Users\amod.mishra_engineos\AppData\Local\Programs\Python\Python311\Lib\site-packages\pyee\asyncio.py:97
handle: <Handle AsyncIOEventEmitter._emit_run.<locals>.callback(<Task finishe...'continue_'")>) at C:\Users\amod.mishra_engineos\AppData\Local\Programs\Python\Python311\Lib\site-packages\pyee\asyncio.py:97>
Traceback (most recent call last):
  File "C:\Users\amod.mishra_engineos\AppData\Local\Programs\Python\Python311\Lib\asyncio\events.py", line 84, in _run
    self._context.run(self._callback, *self._args)
  File "C:\Users\amod.mishra_engineos\AppData\Local\Programs\Python\Python311\Lib\site-packages\pyee\asyncio.py", line 105, in callback
    self.emit("error", exc)
  File "C:\Users\amod.mishra_engineos\AppData\Local\Programs\Python\Python311\Lib\site-packages\pyee\asyncio.py", line 70, in emit
    return super().emit(event, *args, **kwargs)
           ^^^^^^^^^^^^^^^^^^^^^^^^^^^^^^^^^^^^
  File "C:\Users\amod.mishra_engineos\AppData\Local\Programs\Python\Python311\Lib\site-packages\pyee\base.py", line 223, in emit
    self._emit_handle_potential_error(event, args[0] if args else None)
  File "C:\Users\amod.mishra_engineos\AppData\Local\Programs\Python\Python311\Lib\site-packages\pyee\base.py", line 181, in _emit_handle_potential_error
    raise error
  File "C:\Users\amod.mishra_engineos\Odynn-Hotel-Framework\crm_core\hotel_crawlers\marriott\marriott_botright.py", line 102, in handle_route
    response = await route.continue_()
                     ^^^^^^^^^^^^^^^
AttributeError: 'Request' object has no attribute 'continue_'
2025-10-14 15:28:44,036 - ERROR - Exception in callback AsyncIOEventEmitter._emit_run.<locals>.callback(<Task finishe...'continue_'")>) at C:\Users\amod.mishra_engineos\AppData\Local\Programs\Python\Python311\Lib\site-packages\pyee\asyncio.py:97
handle: <Handle AsyncIOEventEmitter._emit_run.<locals>.callback(<Task finishe...'continue_'")>) at C:\Users\amod.mishra_engineos\AppData\Local\Programs\Python\Python311\Lib\site-packages\pyee\asyncio.py:97>
Traceback (most recent call last):
  File "C:\Users\amod.mishra_engineos\AppData\Local\Programs\Python\Python311\Lib\asyncio\events.py", line 84, in _run
    self._context.run(self._callback, *self._args)
  File "C:\Users\amod.mishra_engineos\AppData\Local\Programs\Python\Python311\Lib\site-packages\pyee\asyncio.py", line 105, in callback
    self.emit("error", exc)
  File "C:\Users\amod.mishra_engineos\AppData\Local\Programs\Python\Python311\Lib\site-packages\pyee\asyncio.py", line 70, in emit
    return super().emit(event, *args, **kwargs)
           ^^^^^^^^^^^^^^^^^^^^^^^^^^^^^^^^^^^^
  File "C:\Users\amod.mishra_engineos\AppData\Local\Programs\Python\Python311\Lib\site-packages\pyee\base.py", line 223, in emit
    self._emit_handle_potential_error(event, args[0] if args else None)
  File "C:\Users\amod.mishra_engineos\AppData\Local\Programs\Python\Python311\Lib\site-packages\pyee\base.py", line 181, in _emit_handle_potential_error
    raise error
  File "C:\Users\amod.mishra_engineos\Odynn-Hotel-Framework\crm_core\hotel_crawlers\marriott\marriott_botright.py", line 102, in handle_route
    response = await route.continue_()
                     ^^^^^^^^^^^^^^^
AttributeError: 'Request' object has no attribute 'continue_'
2025-10-14 15:28:46,509 - ERROR - Exception in callback AsyncIOEventEmitter._emit_run.<locals>.callback(<Task finishe...'continue_'")>) at C:\Users\amod.mishra_engineos\AppData\Local\Programs\Python\Python311\Lib\site-packages\pyee\asyncio.py:97
handle: <Handle AsyncIOEventEmitter._emit_run.<locals>.callback(<Task finishe...'continue_'")>) at C:\Users\amod.mishra_engineos\AppData\Local\Programs\Python\Python311\Lib\site-packages\pyee\asyncio.py:97>
Traceback (most recent call last):
  File "C:\Users\amod.mishra_engineos\AppData\Local\Programs\Python\Python311\Lib\asyncio\events.py", line 84, in _run
    self._context.run(self._callback, *self._args)
  File "C:\Users\amod.mishra_engineos\AppData\Local\Programs\Python\Python311\Lib\site-packages\pyee\asyncio.py", line 105, in callback
    self.emit("error", exc)
  File "C:\Users\amod.mishra_engineos\AppData\Local\Programs\Python\Python311\Lib\site-packages\pyee\asyncio.py", line 70, in emit
    return super().emit(event, *args, **kwargs)
           ^^^^^^^^^^^^^^^^^^^^^^^^^^^^^^^^^^^^
  File "C:\Users\amod.mishra_engineos\AppData\Local\Programs\Python\Python311\Lib\site-packages\pyee\base.py", line 223, in emit
    self._emit_handle_potential_error(event, args[0] if args else None)
  File "C:\Users\amod.mishra_engineos\AppData\Local\Programs\Python\Python311\Lib\site-packages\pyee\base.py", line 181, in _emit_handle_potential_error
    raise error
  File "C:\Users\amod.mishra_engineos\Odynn-Hotel-Framework\crm_core\hotel_crawlers\marriott\marriott_botright.py", line 102, in handle_route
    response = await route.continue_()
                     ^^^^^^^^^^^^^^^
AttributeError: 'Request' object has no attribute 'continue_'
2025-10-14 15:28:46,581 - ERROR - Exception in callback AsyncIOEventEmitter._emit_run.<locals>.callback(<Task finishe...'continue_'")>) at C:\Users\amod.mishra_engineos\AppData\Local\Programs\Python\Python311\Lib\site-packages\pyee\asyncio.py:97
handle: <Handle AsyncIOEventEmitter._emit_run.<locals>.callback(<Task finishe...'continue_'")>) at C:\Users\amod.mishra_engineos\AppData\Local\Programs\Python\Python311\Lib\site-packages\pyee\asyncio.py:97>
Traceback (most recent call last):
  File "C:\Users\amod.mishra_engineos\AppData\Local\Programs\Python\Python311\Lib\asyncio\events.py", line 84, in _run
    self._context.run(self._callback, *self._args)
  File "C:\Users\amod.mishra_engineos\AppData\Local\Programs\Python\Python311\Lib\site-packages\pyee\asyncio.py", line 105, in callback
    self.emit("error", exc)
  File "C:\Users\amod.mishra_engineos\AppData\Local\Programs\Python\Python311\Lib\site-packages\pyee\asyncio.py", line 70, in emit
    return super().emit(event, *args, **kwargs)
           ^^^^^^^^^^^^^^^^^^^^^^^^^^^^^^^^^^^^
  File "C:\Users\amod.mishra_engineos\AppData\Local\Programs\Python\Python311\Lib\site-packages\pyee\base.py", line 223, in emit
    self._emit_handle_potential_error(event, args[0] if args else None)
  File "C:\Users\amod.mishra_engineos\AppData\Local\Programs\Python\Python311\Lib\site-packages\pyee\base.py", line 181, in _emit_handle_potential_error
    raise error
  File "C:\Users\amod.mishra_engineos\Odynn-Hotel-Framework\crm_core\hotel_crawlers\marriott\marriott_botright.py", line 102, in handle_route
    response = await route.continue_()
                     ^^^^^^^^^^^^^^^
AttributeError: 'Request' object has no attribute 'continue_'
2025-10-14 15:29:14,040 - ERROR - Exception during scraping: Page.click: Timeout 30000ms exceeded.
Call log:
  - waiting for locator("//div[contains(@class, 'DayPicker-Day') and @aria-label='Tue Jan 06 2026']")
Traceback (most recent call last):
  File "C:\Users\amod.mishra_engineos\Odynn-Hotel-Framework\crm_core\hotel_crawlers\marriott\marriott_botright.py", line 136, in get_search_data
    await page.click(f"//div[contains(@class, 'DayPicker-Day') and @aria-label='{check_in_label}']")
  File "C:\Users\amod.mishra_engineos\AppData\Local\Programs\Python\Python311\Lib\site-packages\playwright\async_api\_generated.py", line 9878, in click
    await self._impl_obj.click(
  File "C:\Users\amod.mishra_engineos\AppData\Local\Programs\Python\Python311\Lib\site-packages\playwright\_impl\_page.py", line 858, in click
    return await self._main_frame.click(**locals_to_params(locals()))
           ^^^^^^^^^^^^^^^^^^^^^^^^^^^^^^^^^^^^^^^^^^^^^^^^^^^^^^^^^^
  File "C:\Users\amod.mishra_engineos\AppData\Local\Programs\Python\Python311\Lib\site-packages\playwright\_impl\_frame.py", line 549, in click
    await self._channel.send("click", self._timeout, locals_to_params(locals()))
  File "C:\Users\amod.mishra_engineos\AppData\Local\Programs\Python\Python311\Lib\site-packages\playwright\_impl\_connection.py", line 69, in send
    return await self._connection.wrap_api_call(
           ^^^^^^^^^^^^^^^^^^^^^^^^^^^^^^^^^^^^^
  File "C:\Users\amod.mishra_engineos\AppData\Local\Programs\Python\Python311\Lib\site-packages\playwright\_impl\_connection.py", line 558, in wrap_api_call
    raise rewrite_error(error, f"{parsed_st['apiName']}: {error}") from None
playwright._impl._errors.TimeoutError: Page.click: Timeout 30000ms exceeded.
Call log:
  - waiting for locator("//div[contains(@class, 'DayPicker-Day') and @aria-label='Tue Jan 06 2026']")

2025-10-14 15:37:53,935 - INFO - Getting proxy IP for current session
2025-10-14 15:37:55,140 - INFO - Proxy url dict created for request
2025-10-14 15:37:55,141 - INFO - Setting up crawler to extract data
2025-10-14 15:37:55,901 - INFO - Navigating to Marriott home page...
2025-10-14 15:37:57,997 - ERROR - Exception in callback AsyncIOEventEmitter._emit_run.<locals>.callback(<Task finishe...'continue_'")>) at C:\Users\amod.mishra_engineos\AppData\Local\Programs\Python\Python311\Lib\site-packages\pyee\asyncio.py:97
handle: <Handle AsyncIOEventEmitter._emit_run.<locals>.callback(<Task finishe...'continue_'")>) at C:\Users\amod.mishra_engineos\AppData\Local\Programs\Python\Python311\Lib\site-packages\pyee\asyncio.py:97>
Traceback (most recent call last):
  File "C:\Users\amod.mishra_engineos\AppData\Local\Programs\Python\Python311\Lib\asyncio\events.py", line 84, in _run
    self._context.run(self._callback, *self._args)
  File "C:\Users\amod.mishra_engineos\AppData\Local\Programs\Python\Python311\Lib\site-packages\pyee\asyncio.py", line 105, in callback
    self.emit("error", exc)
  File "C:\Users\amod.mishra_engineos\AppData\Local\Programs\Python\Python311\Lib\site-packages\pyee\asyncio.py", line 70, in emit
    return super().emit(event, *args, **kwargs)
           ^^^^^^^^^^^^^^^^^^^^^^^^^^^^^^^^^^^^
  File "C:\Users\amod.mishra_engineos\AppData\Local\Programs\Python\Python311\Lib\site-packages\pyee\base.py", line 223, in emit
    self._emit_handle_potential_error(event, args[0] if args else None)
  File "C:\Users\amod.mishra_engineos\AppData\Local\Programs\Python\Python311\Lib\site-packages\pyee\base.py", line 181, in _emit_handle_potential_error
    raise error
  File "C:\Users\amod.mishra_engineos\Odynn-Hotel-Framework\crm_core\hotel_crawlers\marriott\marriott_botright.py", line 112, in handle_route
    response = await route.continue_()
                     ^^^^^^^^^^^^^^^
AttributeError: 'Request' object has no attribute 'continue_'
2025-10-14 15:37:58,896 - ERROR - Exception in callback AsyncIOEventEmitter._emit_run.<locals>.callback(<Task finishe...'continue_'")>) at C:\Users\amod.mishra_engineos\AppData\Local\Programs\Python\Python311\Lib\site-packages\pyee\asyncio.py:97
handle: <Handle AsyncIOEventEmitter._emit_run.<locals>.callback(<Task finishe...'continue_'")>) at C:\Users\amod.mishra_engineos\AppData\Local\Programs\Python\Python311\Lib\site-packages\pyee\asyncio.py:97>
Traceback (most recent call last):
  File "C:\Users\amod.mishra_engineos\AppData\Local\Programs\Python\Python311\Lib\asyncio\events.py", line 84, in _run
    self._context.run(self._callback, *self._args)
  File "C:\Users\amod.mishra_engineos\AppData\Local\Programs\Python\Python311\Lib\site-packages\pyee\asyncio.py", line 105, in callback
    self.emit("error", exc)
  File "C:\Users\amod.mishra_engineos\AppData\Local\Programs\Python\Python311\Lib\site-packages\pyee\asyncio.py", line 70, in emit
    return super().emit(event, *args, **kwargs)
           ^^^^^^^^^^^^^^^^^^^^^^^^^^^^^^^^^^^^
  File "C:\Users\amod.mishra_engineos\AppData\Local\Programs\Python\Python311\Lib\site-packages\pyee\base.py", line 223, in emit
    self._emit_handle_potential_error(event, args[0] if args else None)
  File "C:\Users\amod.mishra_engineos\AppData\Local\Programs\Python\Python311\Lib\site-packages\pyee\base.py", line 181, in _emit_handle_potential_error
    raise error
  File "C:\Users\amod.mishra_engineos\Odynn-Hotel-Framework\crm_core\hotel_crawlers\marriott\marriott_botright.py", line 112, in handle_route
    response = await route.continue_()
                     ^^^^^^^^^^^^^^^
AttributeError: 'Request' object has no attribute 'continue_'
2025-10-14 15:37:59,432 - ERROR - Exception in callback AsyncIOEventEmitter._emit_run.<locals>.callback(<Task finishe...'continue_'")>) at C:\Users\amod.mishra_engineos\AppData\Local\Programs\Python\Python311\Lib\site-packages\pyee\asyncio.py:97
handle: <Handle AsyncIOEventEmitter._emit_run.<locals>.callback(<Task finishe...'continue_'")>) at C:\Users\amod.mishra_engineos\AppData\Local\Programs\Python\Python311\Lib\site-packages\pyee\asyncio.py:97>
Traceback (most recent call last):
  File "C:\Users\amod.mishra_engineos\AppData\Local\Programs\Python\Python311\Lib\asyncio\events.py", line 84, in _run
    self._context.run(self._callback, *self._args)
  File "C:\Users\amod.mishra_engineos\AppData\Local\Programs\Python\Python311\Lib\site-packages\pyee\asyncio.py", line 105, in callback
    self.emit("error", exc)
  File "C:\Users\amod.mishra_engineos\AppData\Local\Programs\Python\Python311\Lib\site-packages\pyee\asyncio.py", line 70, in emit
    return super().emit(event, *args, **kwargs)
           ^^^^^^^^^^^^^^^^^^^^^^^^^^^^^^^^^^^^
  File "C:\Users\amod.mishra_engineos\AppData\Local\Programs\Python\Python311\Lib\site-packages\pyee\base.py", line 223, in emit
    self._emit_handle_potential_error(event, args[0] if args else None)
  File "C:\Users\amod.mishra_engineos\AppData\Local\Programs\Python\Python311\Lib\site-packages\pyee\base.py", line 181, in _emit_handle_potential_error
    raise error
  File "C:\Users\amod.mishra_engineos\Odynn-Hotel-Framework\crm_core\hotel_crawlers\marriott\marriott_botright.py", line 112, in handle_route
    response = await route.continue_()
                     ^^^^^^^^^^^^^^^
AttributeError: 'Request' object has no attribute 'continue_'
2025-10-14 15:37:59,441 - ERROR - Exception in callback AsyncIOEventEmitter._emit_run.<locals>.callback(<Task finishe...'continue_'")>) at C:\Users\amod.mishra_engineos\AppData\Local\Programs\Python\Python311\Lib\site-packages\pyee\asyncio.py:97
handle: <Handle AsyncIOEventEmitter._emit_run.<locals>.callback(<Task finishe...'continue_'")>) at C:\Users\amod.mishra_engineos\AppData\Local\Programs\Python\Python311\Lib\site-packages\pyee\asyncio.py:97>
Traceback (most recent call last):
  File "C:\Users\amod.mishra_engineos\AppData\Local\Programs\Python\Python311\Lib\asyncio\events.py", line 84, in _run
    self._context.run(self._callback, *self._args)
  File "C:\Users\amod.mishra_engineos\AppData\Local\Programs\Python\Python311\Lib\site-packages\pyee\asyncio.py", line 105, in callback
    self.emit("error", exc)
  File "C:\Users\amod.mishra_engineos\AppData\Local\Programs\Python\Python311\Lib\site-packages\pyee\asyncio.py", line 70, in emit
    return super().emit(event, *args, **kwargs)
           ^^^^^^^^^^^^^^^^^^^^^^^^^^^^^^^^^^^^
  File "C:\Users\amod.mishra_engineos\AppData\Local\Programs\Python\Python311\Lib\site-packages\pyee\base.py", line 223, in emit
    self._emit_handle_potential_error(event, args[0] if args else None)
  File "C:\Users\amod.mishra_engineos\AppData\Local\Programs\Python\Python311\Lib\site-packages\pyee\base.py", line 181, in _emit_handle_potential_error
    raise error
  File "C:\Users\amod.mishra_engineos\Odynn-Hotel-Framework\crm_core\hotel_crawlers\marriott\marriott_botright.py", line 112, in handle_route
    response = await route.continue_()
                     ^^^^^^^^^^^^^^^
AttributeError: 'Request' object has no attribute 'continue_'
2025-10-14 15:37:59,590 - ERROR - Exception in callback AsyncIOEventEmitter._emit_run.<locals>.callback(<Task finishe...'continue_'")>) at C:\Users\amod.mishra_engineos\AppData\Local\Programs\Python\Python311\Lib\site-packages\pyee\asyncio.py:97
handle: <Handle AsyncIOEventEmitter._emit_run.<locals>.callback(<Task finishe...'continue_'")>) at C:\Users\amod.mishra_engineos\AppData\Local\Programs\Python\Python311\Lib\site-packages\pyee\asyncio.py:97>
Traceback (most recent call last):
  File "C:\Users\amod.mishra_engineos\AppData\Local\Programs\Python\Python311\Lib\asyncio\events.py", line 84, in _run
    self._context.run(self._callback, *self._args)
  File "C:\Users\amod.mishra_engineos\AppData\Local\Programs\Python\Python311\Lib\site-packages\pyee\asyncio.py", line 105, in callback
    self.emit("error", exc)
  File "C:\Users\amod.mishra_engineos\AppData\Local\Programs\Python\Python311\Lib\site-packages\pyee\asyncio.py", line 70, in emit
    return super().emit(event, *args, **kwargs)
           ^^^^^^^^^^^^^^^^^^^^^^^^^^^^^^^^^^^^
  File "C:\Users\amod.mishra_engineos\AppData\Local\Programs\Python\Python311\Lib\site-packages\pyee\base.py", line 223, in emit
    self._emit_handle_potential_error(event, args[0] if args else None)
  File "C:\Users\amod.mishra_engineos\AppData\Local\Programs\Python\Python311\Lib\site-packages\pyee\base.py", line 181, in _emit_handle_potential_error
    raise error
  File "C:\Users\amod.mishra_engineos\Odynn-Hotel-Framework\crm_core\hotel_crawlers\marriott\marriott_botright.py", line 112, in handle_route
    response = await route.continue_()
                     ^^^^^^^^^^^^^^^
AttributeError: 'Request' object has no attribute 'continue_'
2025-10-14 15:37:59,725 - ERROR - Exception in callback AsyncIOEventEmitter._emit_run.<locals>.callback(<Task finishe...'continue_'")>) at C:\Users\amod.mishra_engineos\AppData\Local\Programs\Python\Python311\Lib\site-packages\pyee\asyncio.py:97
handle: <Handle AsyncIOEventEmitter._emit_run.<locals>.callback(<Task finishe...'continue_'")>) at C:\Users\amod.mishra_engineos\AppData\Local\Programs\Python\Python311\Lib\site-packages\pyee\asyncio.py:97>
Traceback (most recent call last):
  File "C:\Users\amod.mishra_engineos\AppData\Local\Programs\Python\Python311\Lib\asyncio\events.py", line 84, in _run
    self._context.run(self._callback, *self._args)
  File "C:\Users\amod.mishra_engineos\AppData\Local\Programs\Python\Python311\Lib\site-packages\pyee\asyncio.py", line 105, in callback
    self.emit("error", exc)
  File "C:\Users\amod.mishra_engineos\AppData\Local\Programs\Python\Python311\Lib\site-packages\pyee\asyncio.py", line 70, in emit
    return super().emit(event, *args, **kwargs)
           ^^^^^^^^^^^^^^^^^^^^^^^^^^^^^^^^^^^^
  File "C:\Users\amod.mishra_engineos\AppData\Local\Programs\Python\Python311\Lib\site-packages\pyee\base.py", line 223, in emit
    self._emit_handle_potential_error(event, args[0] if args else None)
  File "C:\Users\amod.mishra_engineos\AppData\Local\Programs\Python\Python311\Lib\site-packages\pyee\base.py", line 181, in _emit_handle_potential_error
    raise error
  File "C:\Users\amod.mishra_engineos\Odynn-Hotel-Framework\crm_core\hotel_crawlers\marriott\marriott_botright.py", line 112, in handle_route
    response = await route.continue_()
                     ^^^^^^^^^^^^^^^
AttributeError: 'Request' object has no attribute 'continue_'
2025-10-14 15:38:00,146 - ERROR - Exception in callback AsyncIOEventEmitter._emit_run.<locals>.callback(<Task finishe...'continue_'")>) at C:\Users\amod.mishra_engineos\AppData\Local\Programs\Python\Python311\Lib\site-packages\pyee\asyncio.py:97
handle: <Handle AsyncIOEventEmitter._emit_run.<locals>.callback(<Task finishe...'continue_'")>) at C:\Users\amod.mishra_engineos\AppData\Local\Programs\Python\Python311\Lib\site-packages\pyee\asyncio.py:97>
Traceback (most recent call last):
  File "C:\Users\amod.mishra_engineos\AppData\Local\Programs\Python\Python311\Lib\asyncio\events.py", line 84, in _run
    self._context.run(self._callback, *self._args)
  File "C:\Users\amod.mishra_engineos\AppData\Local\Programs\Python\Python311\Lib\site-packages\pyee\asyncio.py", line 105, in callback
    self.emit("error", exc)
  File "C:\Users\amod.mishra_engineos\AppData\Local\Programs\Python\Python311\Lib\site-packages\pyee\asyncio.py", line 70, in emit
    return super().emit(event, *args, **kwargs)
           ^^^^^^^^^^^^^^^^^^^^^^^^^^^^^^^^^^^^
  File "C:\Users\amod.mishra_engineos\AppData\Local\Programs\Python\Python311\Lib\site-packages\pyee\base.py", line 223, in emit
    self._emit_handle_potential_error(event, args[0] if args else None)
  File "C:\Users\amod.mishra_engineos\AppData\Local\Programs\Python\Python311\Lib\site-packages\pyee\base.py", line 181, in _emit_handle_potential_error
    raise error
  File "C:\Users\amod.mishra_engineos\Odynn-Hotel-Framework\crm_core\hotel_crawlers\marriott\marriott_botright.py", line 112, in handle_route
    response = await route.continue_()
                     ^^^^^^^^^^^^^^^
AttributeError: 'Request' object has no attribute 'continue_'
2025-10-14 15:38:00,325 - ERROR - Exception in callback AsyncIOEventEmitter._emit_run.<locals>.callback(<Task finishe...'continue_'")>) at C:\Users\amod.mishra_engineos\AppData\Local\Programs\Python\Python311\Lib\site-packages\pyee\asyncio.py:97
handle: <Handle AsyncIOEventEmitter._emit_run.<locals>.callback(<Task finishe...'continue_'")>) at C:\Users\amod.mishra_engineos\AppData\Local\Programs\Python\Python311\Lib\site-packages\pyee\asyncio.py:97>
Traceback (most recent call last):
  File "C:\Users\amod.mishra_engineos\AppData\Local\Programs\Python\Python311\Lib\asyncio\events.py", line 84, in _run
    self._context.run(self._callback, *self._args)
  File "C:\Users\amod.mishra_engineos\AppData\Local\Programs\Python\Python311\Lib\site-packages\pyee\asyncio.py", line 105, in callback
    self.emit("error", exc)
  File "C:\Users\amod.mishra_engineos\AppData\Local\Programs\Python\Python311\Lib\site-packages\pyee\asyncio.py", line 70, in emit
    return super().emit(event, *args, **kwargs)
           ^^^^^^^^^^^^^^^^^^^^^^^^^^^^^^^^^^^^
  File "C:\Users\amod.mishra_engineos\AppData\Local\Programs\Python\Python311\Lib\site-packages\pyee\base.py", line 223, in emit
    self._emit_handle_potential_error(event, args[0] if args else None)
  File "C:\Users\amod.mishra_engineos\AppData\Local\Programs\Python\Python311\Lib\site-packages\pyee\base.py", line 181, in _emit_handle_potential_error
    raise error
  File "C:\Users\amod.mishra_engineos\Odynn-Hotel-Framework\crm_core\hotel_crawlers\marriott\marriott_botright.py", line 112, in handle_route
    response = await route.continue_()
                     ^^^^^^^^^^^^^^^
AttributeError: 'Request' object has no attribute 'continue_'
2025-10-14 15:38:00,346 - ERROR - Exception in callback AsyncIOEventEmitter._emit_run.<locals>.callback(<Task finishe...'continue_'")>) at C:\Users\amod.mishra_engineos\AppData\Local\Programs\Python\Python311\Lib\site-packages\pyee\asyncio.py:97
handle: <Handle AsyncIOEventEmitter._emit_run.<locals>.callback(<Task finishe...'continue_'")>) at C:\Users\amod.mishra_engineos\AppData\Local\Programs\Python\Python311\Lib\site-packages\pyee\asyncio.py:97>
Traceback (most recent call last):
  File "C:\Users\amod.mishra_engineos\AppData\Local\Programs\Python\Python311\Lib\asyncio\events.py", line 84, in _run
    self._context.run(self._callback, *self._args)
  File "C:\Users\amod.mishra_engineos\AppData\Local\Programs\Python\Python311\Lib\site-packages\pyee\asyncio.py", line 105, in callback
    self.emit("error", exc)
  File "C:\Users\amod.mishra_engineos\AppData\Local\Programs\Python\Python311\Lib\site-packages\pyee\asyncio.py", line 70, in emit
    return super().emit(event, *args, **kwargs)
           ^^^^^^^^^^^^^^^^^^^^^^^^^^^^^^^^^^^^
  File "C:\Users\amod.mishra_engineos\AppData\Local\Programs\Python\Python311\Lib\site-packages\pyee\base.py", line 223, in emit
    self._emit_handle_potential_error(event, args[0] if args else None)
  File "C:\Users\amod.mishra_engineos\AppData\Local\Programs\Python\Python311\Lib\site-packages\pyee\base.py", line 181, in _emit_handle_potential_error
    raise error
  File "C:\Users\amod.mishra_engineos\Odynn-Hotel-Framework\crm_core\hotel_crawlers\marriott\marriott_botright.py", line 112, in handle_route
    response = await route.continue_()
                     ^^^^^^^^^^^^^^^
AttributeError: 'Request' object has no attribute 'continue_'
2025-10-14 15:38:00,420 - ERROR - Exception in callback AsyncIOEventEmitter._emit_run.<locals>.callback(<Task finishe...'continue_'")>) at C:\Users\amod.mishra_engineos\AppData\Local\Programs\Python\Python311\Lib\site-packages\pyee\asyncio.py:97
handle: <Handle AsyncIOEventEmitter._emit_run.<locals>.callback(<Task finishe...'continue_'")>) at C:\Users\amod.mishra_engineos\AppData\Local\Programs\Python\Python311\Lib\site-packages\pyee\asyncio.py:97>
Traceback (most recent call last):
  File "C:\Users\amod.mishra_engineos\AppData\Local\Programs\Python\Python311\Lib\asyncio\events.py", line 84, in _run
    self._context.run(self._callback, *self._args)
  File "C:\Users\amod.mishra_engineos\AppData\Local\Programs\Python\Python311\Lib\site-packages\pyee\asyncio.py", line 105, in callback
    self.emit("error", exc)
  File "C:\Users\amod.mishra_engineos\AppData\Local\Programs\Python\Python311\Lib\site-packages\pyee\asyncio.py", line 70, in emit
    return super().emit(event, *args, **kwargs)
           ^^^^^^^^^^^^^^^^^^^^^^^^^^^^^^^^^^^^
  File "C:\Users\amod.mishra_engineos\AppData\Local\Programs\Python\Python311\Lib\site-packages\pyee\base.py", line 223, in emit
    self._emit_handle_potential_error(event, args[0] if args else None)
  File "C:\Users\amod.mishra_engineos\AppData\Local\Programs\Python\Python311\Lib\site-packages\pyee\base.py", line 181, in _emit_handle_potential_error
    raise error
  File "C:\Users\amod.mishra_engineos\Odynn-Hotel-Framework\crm_core\hotel_crawlers\marriott\marriott_botright.py", line 112, in handle_route
    response = await route.continue_()
                     ^^^^^^^^^^^^^^^
AttributeError: 'Request' object has no attribute 'continue_'
2025-10-14 15:38:00,762 - ERROR - Exception in callback AsyncIOEventEmitter._emit_run.<locals>.callback(<Task finishe...'continue_'")>) at C:\Users\amod.mishra_engineos\AppData\Local\Programs\Python\Python311\Lib\site-packages\pyee\asyncio.py:97
handle: <Handle AsyncIOEventEmitter._emit_run.<locals>.callback(<Task finishe...'continue_'")>) at C:\Users\amod.mishra_engineos\AppData\Local\Programs\Python\Python311\Lib\site-packages\pyee\asyncio.py:97>
Traceback (most recent call last):
  File "C:\Users\amod.mishra_engineos\AppData\Local\Programs\Python\Python311\Lib\asyncio\events.py", line 84, in _run
    self._context.run(self._callback, *self._args)
  File "C:\Users\amod.mishra_engineos\AppData\Local\Programs\Python\Python311\Lib\site-packages\pyee\asyncio.py", line 105, in callback
    self.emit("error", exc)
  File "C:\Users\amod.mishra_engineos\AppData\Local\Programs\Python\Python311\Lib\site-packages\pyee\asyncio.py", line 70, in emit
    return super().emit(event, *args, **kwargs)
           ^^^^^^^^^^^^^^^^^^^^^^^^^^^^^^^^^^^^
  File "C:\Users\amod.mishra_engineos\AppData\Local\Programs\Python\Python311\Lib\site-packages\pyee\base.py", line 223, in emit
    self._emit_handle_potential_error(event, args[0] if args else None)
  File "C:\Users\amod.mishra_engineos\AppData\Local\Programs\Python\Python311\Lib\site-packages\pyee\base.py", line 181, in _emit_handle_potential_error
    raise error
  File "C:\Users\amod.mishra_engineos\Odynn-Hotel-Framework\crm_core\hotel_crawlers\marriott\marriott_botright.py", line 112, in handle_route
    response = await route.continue_()
                     ^^^^^^^^^^^^^^^
AttributeError: 'Request' object has no attribute 'continue_'
2025-10-14 15:38:01,146 - ERROR - Exception in callback AsyncIOEventEmitter._emit_run.<locals>.callback(<Task finishe...'continue_'")>) at C:\Users\amod.mishra_engineos\AppData\Local\Programs\Python\Python311\Lib\site-packages\pyee\asyncio.py:97
handle: <Handle AsyncIOEventEmitter._emit_run.<locals>.callback(<Task finishe...'continue_'")>) at C:\Users\amod.mishra_engineos\AppData\Local\Programs\Python\Python311\Lib\site-packages\pyee\asyncio.py:97>
Traceback (most recent call last):
  File "C:\Users\amod.mishra_engineos\AppData\Local\Programs\Python\Python311\Lib\asyncio\events.py", line 84, in _run
    self._context.run(self._callback, *self._args)
  File "C:\Users\amod.mishra_engineos\AppData\Local\Programs\Python\Python311\Lib\site-packages\pyee\asyncio.py", line 105, in callback
    self.emit("error", exc)
  File "C:\Users\amod.mishra_engineos\AppData\Local\Programs\Python\Python311\Lib\site-packages\pyee\asyncio.py", line 70, in emit
    return super().emit(event, *args, **kwargs)
           ^^^^^^^^^^^^^^^^^^^^^^^^^^^^^^^^^^^^
  File "C:\Users\amod.mishra_engineos\AppData\Local\Programs\Python\Python311\Lib\site-packages\pyee\base.py", line 223, in emit
    self._emit_handle_potential_error(event, args[0] if args else None)
  File "C:\Users\amod.mishra_engineos\AppData\Local\Programs\Python\Python311\Lib\site-packages\pyee\base.py", line 181, in _emit_handle_potential_error
    raise error
  File "C:\Users\amod.mishra_engineos\Odynn-Hotel-Framework\crm_core\hotel_crawlers\marriott\marriott_botright.py", line 112, in handle_route
    response = await route.continue_()
                     ^^^^^^^^^^^^^^^
AttributeError: 'Request' object has no attribute 'continue_'
2025-10-14 15:38:01,147 - ERROR - Exception in callback AsyncIOEventEmitter._emit_run.<locals>.callback(<Task finishe...'continue_'")>) at C:\Users\amod.mishra_engineos\AppData\Local\Programs\Python\Python311\Lib\site-packages\pyee\asyncio.py:97
handle: <Handle AsyncIOEventEmitter._emit_run.<locals>.callback(<Task finishe...'continue_'")>) at C:\Users\amod.mishra_engineos\AppData\Local\Programs\Python\Python311\Lib\site-packages\pyee\asyncio.py:97>
Traceback (most recent call last):
  File "C:\Users\amod.mishra_engineos\AppData\Local\Programs\Python\Python311\Lib\asyncio\events.py", line 84, in _run
    self._context.run(self._callback, *self._args)
  File "C:\Users\amod.mishra_engineos\AppData\Local\Programs\Python\Python311\Lib\site-packages\pyee\asyncio.py", line 105, in callback
    self.emit("error", exc)
  File "C:\Users\amod.mishra_engineos\AppData\Local\Programs\Python\Python311\Lib\site-packages\pyee\asyncio.py", line 70, in emit
    return super().emit(event, *args, **kwargs)
           ^^^^^^^^^^^^^^^^^^^^^^^^^^^^^^^^^^^^
  File "C:\Users\amod.mishra_engineos\AppData\Local\Programs\Python\Python311\Lib\site-packages\pyee\base.py", line 223, in emit
    self._emit_handle_potential_error(event, args[0] if args else None)
  File "C:\Users\amod.mishra_engineos\AppData\Local\Programs\Python\Python311\Lib\site-packages\pyee\base.py", line 181, in _emit_handle_potential_error
    raise error
  File "C:\Users\amod.mishra_engineos\Odynn-Hotel-Framework\crm_core\hotel_crawlers\marriott\marriott_botright.py", line 112, in handle_route
    response = await route.continue_()
                     ^^^^^^^^^^^^^^^
AttributeError: 'Request' object has no attribute 'continue_'
2025-10-14 15:38:01,222 - ERROR - Exception in callback AsyncIOEventEmitter._emit_run.<locals>.callback(<Task finishe...'continue_'")>) at C:\Users\amod.mishra_engineos\AppData\Local\Programs\Python\Python311\Lib\site-packages\pyee\asyncio.py:97
handle: <Handle AsyncIOEventEmitter._emit_run.<locals>.callback(<Task finishe...'continue_'")>) at C:\Users\amod.mishra_engineos\AppData\Local\Programs\Python\Python311\Lib\site-packages\pyee\asyncio.py:97>
Traceback (most recent call last):
  File "C:\Users\amod.mishra_engineos\AppData\Local\Programs\Python\Python311\Lib\asyncio\events.py", line 84, in _run
    self._context.run(self._callback, *self._args)
  File "C:\Users\amod.mishra_engineos\AppData\Local\Programs\Python\Python311\Lib\site-packages\pyee\asyncio.py", line 105, in callback
    self.emit("error", exc)
  File "C:\Users\amod.mishra_engineos\AppData\Local\Programs\Python\Python311\Lib\site-packages\pyee\asyncio.py", line 70, in emit
    return super().emit(event, *args, **kwargs)
           ^^^^^^^^^^^^^^^^^^^^^^^^^^^^^^^^^^^^
  File "C:\Users\amod.mishra_engineos\AppData\Local\Programs\Python\Python311\Lib\site-packages\pyee\base.py", line 223, in emit
    self._emit_handle_potential_error(event, args[0] if args else None)
  File "C:\Users\amod.mishra_engineos\AppData\Local\Programs\Python\Python311\Lib\site-packages\pyee\base.py", line 181, in _emit_handle_potential_error
    raise error
  File "C:\Users\amod.mishra_engineos\Odynn-Hotel-Framework\crm_core\hotel_crawlers\marriott\marriott_botright.py", line 112, in handle_route
    response = await route.continue_()
                     ^^^^^^^^^^^^^^^
AttributeError: 'Request' object has no attribute 'continue_'
2025-10-14 15:38:01,291 - ERROR - Exception in callback AsyncIOEventEmitter._emit_run.<locals>.callback(<Task finishe...'continue_'")>) at C:\Users\amod.mishra_engineos\AppData\Local\Programs\Python\Python311\Lib\site-packages\pyee\asyncio.py:97
handle: <Handle AsyncIOEventEmitter._emit_run.<locals>.callback(<Task finishe...'continue_'")>) at C:\Users\amod.mishra_engineos\AppData\Local\Programs\Python\Python311\Lib\site-packages\pyee\asyncio.py:97>
Traceback (most recent call last):
  File "C:\Users\amod.mishra_engineos\AppData\Local\Programs\Python\Python311\Lib\asyncio\events.py", line 84, in _run
    self._context.run(self._callback, *self._args)
  File "C:\Users\amod.mishra_engineos\AppData\Local\Programs\Python\Python311\Lib\site-packages\pyee\asyncio.py", line 105, in callback
    self.emit("error", exc)
  File "C:\Users\amod.mishra_engineos\AppData\Local\Programs\Python\Python311\Lib\site-packages\pyee\asyncio.py", line 70, in emit
    return super().emit(event, *args, **kwargs)
           ^^^^^^^^^^^^^^^^^^^^^^^^^^^^^^^^^^^^
  File "C:\Users\amod.mishra_engineos\AppData\Local\Programs\Python\Python311\Lib\site-packages\pyee\base.py", line 223, in emit
    self._emit_handle_potential_error(event, args[0] if args else None)
  File "C:\Users\amod.mishra_engineos\AppData\Local\Programs\Python\Python311\Lib\site-packages\pyee\base.py", line 181, in _emit_handle_potential_error
    raise error
  File "C:\Users\amod.mishra_engineos\Odynn-Hotel-Framework\crm_core\hotel_crawlers\marriott\marriott_botright.py", line 112, in handle_route
    response = await route.continue_()
                     ^^^^^^^^^^^^^^^
AttributeError: 'Request' object has no attribute 'continue_'
2025-10-14 15:38:01,343 - ERROR - Exception in callback AsyncIOEventEmitter._emit_run.<locals>.callback(<Task finishe...'continue_'")>) at C:\Users\amod.mishra_engineos\AppData\Local\Programs\Python\Python311\Lib\site-packages\pyee\asyncio.py:97
handle: <Handle AsyncIOEventEmitter._emit_run.<locals>.callback(<Task finishe...'continue_'")>) at C:\Users\amod.mishra_engineos\AppData\Local\Programs\Python\Python311\Lib\site-packages\pyee\asyncio.py:97>
Traceback (most recent call last):
  File "C:\Users\amod.mishra_engineos\AppData\Local\Programs\Python\Python311\Lib\asyncio\events.py", line 84, in _run
    self._context.run(self._callback, *self._args)
  File "C:\Users\amod.mishra_engineos\AppData\Local\Programs\Python\Python311\Lib\site-packages\pyee\asyncio.py", line 105, in callback
    self.emit("error", exc)
  File "C:\Users\amod.mishra_engineos\AppData\Local\Programs\Python\Python311\Lib\site-packages\pyee\asyncio.py", line 70, in emit
    return super().emit(event, *args, **kwargs)
           ^^^^^^^^^^^^^^^^^^^^^^^^^^^^^^^^^^^^
  File "C:\Users\amod.mishra_engineos\AppData\Local\Programs\Python\Python311\Lib\site-packages\pyee\base.py", line 223, in emit
    self._emit_handle_potential_error(event, args[0] if args else None)
  File "C:\Users\amod.mishra_engineos\AppData\Local\Programs\Python\Python311\Lib\site-packages\pyee\base.py", line 181, in _emit_handle_potential_error
    raise error
  File "C:\Users\amod.mishra_engineos\Odynn-Hotel-Framework\crm_core\hotel_crawlers\marriott\marriott_botright.py", line 112, in handle_route
    response = await route.continue_()
                     ^^^^^^^^^^^^^^^
AttributeError: 'Request' object has no attribute 'continue_'
2025-10-14 15:38:01,453 - ERROR - Exception in callback AsyncIOEventEmitter._emit_run.<locals>.callback(<Task finishe...'continue_'")>) at C:\Users\amod.mishra_engineos\AppData\Local\Programs\Python\Python311\Lib\site-packages\pyee\asyncio.py:97
handle: <Handle AsyncIOEventEmitter._emit_run.<locals>.callback(<Task finishe...'continue_'")>) at C:\Users\amod.mishra_engineos\AppData\Local\Programs\Python\Python311\Lib\site-packages\pyee\asyncio.py:97>
Traceback (most recent call last):
  File "C:\Users\amod.mishra_engineos\AppData\Local\Programs\Python\Python311\Lib\asyncio\events.py", line 84, in _run
    self._context.run(self._callback, *self._args)
  File "C:\Users\amod.mishra_engineos\AppData\Local\Programs\Python\Python311\Lib\site-packages\pyee\asyncio.py", line 105, in callback
    self.emit("error", exc)
  File "C:\Users\amod.mishra_engineos\AppData\Local\Programs\Python\Python311\Lib\site-packages\pyee\asyncio.py", line 70, in emit
    return super().emit(event, *args, **kwargs)
           ^^^^^^^^^^^^^^^^^^^^^^^^^^^^^^^^^^^^
  File "C:\Users\amod.mishra_engineos\AppData\Local\Programs\Python\Python311\Lib\site-packages\pyee\base.py", line 223, in emit
    self._emit_handle_potential_error(event, args[0] if args else None)
  File "C:\Users\amod.mishra_engineos\AppData\Local\Programs\Python\Python311\Lib\site-packages\pyee\base.py", line 181, in _emit_handle_potential_error
    raise error
  File "C:\Users\amod.mishra_engineos\Odynn-Hotel-Framework\crm_core\hotel_crawlers\marriott\marriott_botright.py", line 112, in handle_route
    response = await route.continue_()
                     ^^^^^^^^^^^^^^^
AttributeError: 'Request' object has no attribute 'continue_'
2025-10-14 15:38:01,484 - ERROR - Exception in callback AsyncIOEventEmitter._emit_run.<locals>.callback(<Task finishe...'continue_'")>) at C:\Users\amod.mishra_engineos\AppData\Local\Programs\Python\Python311\Lib\site-packages\pyee\asyncio.py:97
handle: <Handle AsyncIOEventEmitter._emit_run.<locals>.callback(<Task finishe...'continue_'")>) at C:\Users\amod.mishra_engineos\AppData\Local\Programs\Python\Python311\Lib\site-packages\pyee\asyncio.py:97>
Traceback (most recent call last):
  File "C:\Users\amod.mishra_engineos\AppData\Local\Programs\Python\Python311\Lib\asyncio\events.py", line 84, in _run
    self._context.run(self._callback, *self._args)
  File "C:\Users\amod.mishra_engineos\AppData\Local\Programs\Python\Python311\Lib\site-packages\pyee\asyncio.py", line 105, in callback
    self.emit("error", exc)
  File "C:\Users\amod.mishra_engineos\AppData\Local\Programs\Python\Python311\Lib\site-packages\pyee\asyncio.py", line 70, in emit
    return super().emit(event, *args, **kwargs)
           ^^^^^^^^^^^^^^^^^^^^^^^^^^^^^^^^^^^^
  File "C:\Users\amod.mishra_engineos\AppData\Local\Programs\Python\Python311\Lib\site-packages\pyee\base.py", line 223, in emit
    self._emit_handle_potential_error(event, args[0] if args else None)
  File "C:\Users\amod.mishra_engineos\AppData\Local\Programs\Python\Python311\Lib\site-packages\pyee\base.py", line 181, in _emit_handle_potential_error
    raise error
  File "C:\Users\amod.mishra_engineos\Odynn-Hotel-Framework\crm_core\hotel_crawlers\marriott\marriott_botright.py", line 112, in handle_route
    response = await route.continue_()
                     ^^^^^^^^^^^^^^^
AttributeError: 'Request' object has no attribute 'continue_'
2025-10-14 15:38:01,985 - ERROR - Exception in callback AsyncIOEventEmitter._emit_run.<locals>.callback(<Task finishe...'continue_'")>) at C:\Users\amod.mishra_engineos\AppData\Local\Programs\Python\Python311\Lib\site-packages\pyee\asyncio.py:97
handle: <Handle AsyncIOEventEmitter._emit_run.<locals>.callback(<Task finishe...'continue_'")>) at C:\Users\amod.mishra_engineos\AppData\Local\Programs\Python\Python311\Lib\site-packages\pyee\asyncio.py:97>
Traceback (most recent call last):
  File "C:\Users\amod.mishra_engineos\AppData\Local\Programs\Python\Python311\Lib\asyncio\events.py", line 84, in _run
    self._context.run(self._callback, *self._args)
  File "C:\Users\amod.mishra_engineos\AppData\Local\Programs\Python\Python311\Lib\site-packages\pyee\asyncio.py", line 105, in callback
    self.emit("error", exc)
  File "C:\Users\amod.mishra_engineos\AppData\Local\Programs\Python\Python311\Lib\site-packages\pyee\asyncio.py", line 70, in emit
    return super().emit(event, *args, **kwargs)
           ^^^^^^^^^^^^^^^^^^^^^^^^^^^^^^^^^^^^
  File "C:\Users\amod.mishra_engineos\AppData\Local\Programs\Python\Python311\Lib\site-packages\pyee\base.py", line 223, in emit
    self._emit_handle_potential_error(event, args[0] if args else None)
  File "C:\Users\amod.mishra_engineos\AppData\Local\Programs\Python\Python311\Lib\site-packages\pyee\base.py", line 181, in _emit_handle_potential_error
    raise error
  File "C:\Users\amod.mishra_engineos\Odynn-Hotel-Framework\crm_core\hotel_crawlers\marriott\marriott_botright.py", line 112, in handle_route
    response = await route.continue_()
                     ^^^^^^^^^^^^^^^
AttributeError: 'Request' object has no attribute 'continue_'
2025-10-14 15:38:02,007 - ERROR - Exception in callback AsyncIOEventEmitter._emit_run.<locals>.callback(<Task finishe...'continue_'")>) at C:\Users\amod.mishra_engineos\AppData\Local\Programs\Python\Python311\Lib\site-packages\pyee\asyncio.py:97
handle: <Handle AsyncIOEventEmitter._emit_run.<locals>.callback(<Task finishe...'continue_'")>) at C:\Users\amod.mishra_engineos\AppData\Local\Programs\Python\Python311\Lib\site-packages\pyee\asyncio.py:97>
Traceback (most recent call last):
  File "C:\Users\amod.mishra_engineos\AppData\Local\Programs\Python\Python311\Lib\asyncio\events.py", line 84, in _run
    self._context.run(self._callback, *self._args)
  File "C:\Users\amod.mishra_engineos\AppData\Local\Programs\Python\Python311\Lib\site-packages\pyee\asyncio.py", line 105, in callback
    self.emit("error", exc)
  File "C:\Users\amod.mishra_engineos\AppData\Local\Programs\Python\Python311\Lib\site-packages\pyee\asyncio.py", line 70, in emit
    return super().emit(event, *args, **kwargs)
           ^^^^^^^^^^^^^^^^^^^^^^^^^^^^^^^^^^^^
  File "C:\Users\amod.mishra_engineos\AppData\Local\Programs\Python\Python311\Lib\site-packages\pyee\base.py", line 223, in emit
    self._emit_handle_potential_error(event, args[0] if args else None)
  File "C:\Users\amod.mishra_engineos\AppData\Local\Programs\Python\Python311\Lib\site-packages\pyee\base.py", line 181, in _emit_handle_potential_error
    raise error
  File "C:\Users\amod.mishra_engineos\Odynn-Hotel-Framework\crm_core\hotel_crawlers\marriott\marriott_botright.py", line 112, in handle_route
    response = await route.continue_()
                     ^^^^^^^^^^^^^^^
AttributeError: 'Request' object has no attribute 'continue_'
2025-10-14 15:38:02,128 - ERROR - Exception in callback AsyncIOEventEmitter._emit_run.<locals>.callback(<Task finishe...'continue_'")>) at C:\Users\amod.mishra_engineos\AppData\Local\Programs\Python\Python311\Lib\site-packages\pyee\asyncio.py:97
handle: <Handle AsyncIOEventEmitter._emit_run.<locals>.callback(<Task finishe...'continue_'")>) at C:\Users\amod.mishra_engineos\AppData\Local\Programs\Python\Python311\Lib\site-packages\pyee\asyncio.py:97>
Traceback (most recent call last):
  File "C:\Users\amod.mishra_engineos\AppData\Local\Programs\Python\Python311\Lib\asyncio\events.py", line 84, in _run
    self._context.run(self._callback, *self._args)
  File "C:\Users\amod.mishra_engineos\AppData\Local\Programs\Python\Python311\Lib\site-packages\pyee\asyncio.py", line 105, in callback
    self.emit("error", exc)
  File "C:\Users\amod.mishra_engineos\AppData\Local\Programs\Python\Python311\Lib\site-packages\pyee\asyncio.py", line 70, in emit
    return super().emit(event, *args, **kwargs)
           ^^^^^^^^^^^^^^^^^^^^^^^^^^^^^^^^^^^^
  File "C:\Users\amod.mishra_engineos\AppData\Local\Programs\Python\Python311\Lib\site-packages\pyee\base.py", line 223, in emit
    self._emit_handle_potential_error(event, args[0] if args else None)
  File "C:\Users\amod.mishra_engineos\AppData\Local\Programs\Python\Python311\Lib\site-packages\pyee\base.py", line 181, in _emit_handle_potential_error
    raise error
  File "C:\Users\amod.mishra_engineos\Odynn-Hotel-Framework\crm_core\hotel_crawlers\marriott\marriott_botright.py", line 112, in handle_route
    response = await route.continue_()
                     ^^^^^^^^^^^^^^^
AttributeError: 'Request' object has no attribute 'continue_'
2025-10-14 15:38:02,143 - ERROR - Exception in callback AsyncIOEventEmitter._emit_run.<locals>.callback(<Task finishe...'continue_'")>) at C:\Users\amod.mishra_engineos\AppData\Local\Programs\Python\Python311\Lib\site-packages\pyee\asyncio.py:97
handle: <Handle AsyncIOEventEmitter._emit_run.<locals>.callback(<Task finishe...'continue_'")>) at C:\Users\amod.mishra_engineos\AppData\Local\Programs\Python\Python311\Lib\site-packages\pyee\asyncio.py:97>
Traceback (most recent call last):
  File "C:\Users\amod.mishra_engineos\AppData\Local\Programs\Python\Python311\Lib\asyncio\events.py", line 84, in _run
    self._context.run(self._callback, *self._args)
  File "C:\Users\amod.mishra_engineos\AppData\Local\Programs\Python\Python311\Lib\site-packages\pyee\asyncio.py", line 105, in callback
    self.emit("error", exc)
  File "C:\Users\amod.mishra_engineos\AppData\Local\Programs\Python\Python311\Lib\site-packages\pyee\asyncio.py", line 70, in emit
    return super().emit(event, *args, **kwargs)
           ^^^^^^^^^^^^^^^^^^^^^^^^^^^^^^^^^^^^
  File "C:\Users\amod.mishra_engineos\AppData\Local\Programs\Python\Python311\Lib\site-packages\pyee\base.py", line 223, in emit
    self._emit_handle_potential_error(event, args[0] if args else None)
  File "C:\Users\amod.mishra_engineos\AppData\Local\Programs\Python\Python311\Lib\site-packages\pyee\base.py", line 181, in _emit_handle_potential_error
    raise error
  File "C:\Users\amod.mishra_engineos\Odynn-Hotel-Framework\crm_core\hotel_crawlers\marriott\marriott_botright.py", line 112, in handle_route
    response = await route.continue_()
                     ^^^^^^^^^^^^^^^
AttributeError: 'Request' object has no attribute 'continue_'
2025-10-14 15:38:02,149 - ERROR - Exception in callback AsyncIOEventEmitter._emit_run.<locals>.callback(<Task finishe...'continue_'")>) at C:\Users\amod.mishra_engineos\AppData\Local\Programs\Python\Python311\Lib\site-packages\pyee\asyncio.py:97
handle: <Handle AsyncIOEventEmitter._emit_run.<locals>.callback(<Task finishe...'continue_'")>) at C:\Users\amod.mishra_engineos\AppData\Local\Programs\Python\Python311\Lib\site-packages\pyee\asyncio.py:97>
Traceback (most recent call last):
  File "C:\Users\amod.mishra_engineos\AppData\Local\Programs\Python\Python311\Lib\asyncio\events.py", line 84, in _run
    self._context.run(self._callback, *self._args)
  File "C:\Users\amod.mishra_engineos\AppData\Local\Programs\Python\Python311\Lib\site-packages\pyee\asyncio.py", line 105, in callback
    self.emit("error", exc)
  File "C:\Users\amod.mishra_engineos\AppData\Local\Programs\Python\Python311\Lib\site-packages\pyee\asyncio.py", line 70, in emit
    return super().emit(event, *args, **kwargs)
           ^^^^^^^^^^^^^^^^^^^^^^^^^^^^^^^^^^^^
  File "C:\Users\amod.mishra_engineos\AppData\Local\Programs\Python\Python311\Lib\site-packages\pyee\base.py", line 223, in emit
    self._emit_handle_potential_error(event, args[0] if args else None)
  File "C:\Users\amod.mishra_engineos\AppData\Local\Programs\Python\Python311\Lib\site-packages\pyee\base.py", line 181, in _emit_handle_potential_error
    raise error
  File "C:\Users\amod.mishra_engineos\Odynn-Hotel-Framework\crm_core\hotel_crawlers\marriott\marriott_botright.py", line 112, in handle_route
    response = await route.continue_()
                     ^^^^^^^^^^^^^^^
AttributeError: 'Request' object has no attribute 'continue_'
2025-10-14 15:38:02,154 - ERROR - Exception in callback AsyncIOEventEmitter._emit_run.<locals>.callback(<Task finishe...'continue_'")>) at C:\Users\amod.mishra_engineos\AppData\Local\Programs\Python\Python311\Lib\site-packages\pyee\asyncio.py:97
handle: <Handle AsyncIOEventEmitter._emit_run.<locals>.callback(<Task finishe...'continue_'")>) at C:\Users\amod.mishra_engineos\AppData\Local\Programs\Python\Python311\Lib\site-packages\pyee\asyncio.py:97>
Traceback (most recent call last):
  File "C:\Users\amod.mishra_engineos\AppData\Local\Programs\Python\Python311\Lib\asyncio\events.py", line 84, in _run
    self._context.run(self._callback, *self._args)
  File "C:\Users\amod.mishra_engineos\AppData\Local\Programs\Python\Python311\Lib\site-packages\pyee\asyncio.py", line 105, in callback
    self.emit("error", exc)
  File "C:\Users\amod.mishra_engineos\AppData\Local\Programs\Python\Python311\Lib\site-packages\pyee\asyncio.py", line 70, in emit
    return super().emit(event, *args, **kwargs)
           ^^^^^^^^^^^^^^^^^^^^^^^^^^^^^^^^^^^^
  File "C:\Users\amod.mishra_engineos\AppData\Local\Programs\Python\Python311\Lib\site-packages\pyee\base.py", line 223, in emit
    self._emit_handle_potential_error(event, args[0] if args else None)
  File "C:\Users\amod.mishra_engineos\AppData\Local\Programs\Python\Python311\Lib\site-packages\pyee\base.py", line 181, in _emit_handle_potential_error
    raise error
  File "C:\Users\amod.mishra_engineos\Odynn-Hotel-Framework\crm_core\hotel_crawlers\marriott\marriott_botright.py", line 112, in handle_route
    response = await route.continue_()
                     ^^^^^^^^^^^^^^^
AttributeError: 'Request' object has no attribute 'continue_'
2025-10-14 15:38:02,157 - ERROR - Exception in callback AsyncIOEventEmitter._emit_run.<locals>.callback(<Task finishe...'continue_'")>) at C:\Users\amod.mishra_engineos\AppData\Local\Programs\Python\Python311\Lib\site-packages\pyee\asyncio.py:97
handle: <Handle AsyncIOEventEmitter._emit_run.<locals>.callback(<Task finishe...'continue_'")>) at C:\Users\amod.mishra_engineos\AppData\Local\Programs\Python\Python311\Lib\site-packages\pyee\asyncio.py:97>
Traceback (most recent call last):
  File "C:\Users\amod.mishra_engineos\AppData\Local\Programs\Python\Python311\Lib\asyncio\events.py", line 84, in _run
    self._context.run(self._callback, *self._args)
  File "C:\Users\amod.mishra_engineos\AppData\Local\Programs\Python\Python311\Lib\site-packages\pyee\asyncio.py", line 105, in callback
    self.emit("error", exc)
  File "C:\Users\amod.mishra_engineos\AppData\Local\Programs\Python\Python311\Lib\site-packages\pyee\asyncio.py", line 70, in emit
    return super().emit(event, *args, **kwargs)
           ^^^^^^^^^^^^^^^^^^^^^^^^^^^^^^^^^^^^
  File "C:\Users\amod.mishra_engineos\AppData\Local\Programs\Python\Python311\Lib\site-packages\pyee\base.py", line 223, in emit
    self._emit_handle_potential_error(event, args[0] if args else None)
  File "C:\Users\amod.mishra_engineos\AppData\Local\Programs\Python\Python311\Lib\site-packages\pyee\base.py", line 181, in _emit_handle_potential_error
    raise error
  File "C:\Users\amod.mishra_engineos\Odynn-Hotel-Framework\crm_core\hotel_crawlers\marriott\marriott_botright.py", line 112, in handle_route
    response = await route.continue_()
                     ^^^^^^^^^^^^^^^
AttributeError: 'Request' object has no attribute 'continue_'
2025-10-14 15:38:02,158 - ERROR - Exception in callback AsyncIOEventEmitter._emit_run.<locals>.callback(<Task finishe...'continue_'")>) at C:\Users\amod.mishra_engineos\AppData\Local\Programs\Python\Python311\Lib\site-packages\pyee\asyncio.py:97
handle: <Handle AsyncIOEventEmitter._emit_run.<locals>.callback(<Task finishe...'continue_'")>) at C:\Users\amod.mishra_engineos\AppData\Local\Programs\Python\Python311\Lib\site-packages\pyee\asyncio.py:97>
Traceback (most recent call last):
  File "C:\Users\amod.mishra_engineos\AppData\Local\Programs\Python\Python311\Lib\asyncio\events.py", line 84, in _run
    self._context.run(self._callback, *self._args)
  File "C:\Users\amod.mishra_engineos\AppData\Local\Programs\Python\Python311\Lib\site-packages\pyee\asyncio.py", line 105, in callback
    self.emit("error", exc)
  File "C:\Users\amod.mishra_engineos\AppData\Local\Programs\Python\Python311\Lib\site-packages\pyee\asyncio.py", line 70, in emit
    return super().emit(event, *args, **kwargs)
           ^^^^^^^^^^^^^^^^^^^^^^^^^^^^^^^^^^^^
  File "C:\Users\amod.mishra_engineos\AppData\Local\Programs\Python\Python311\Lib\site-packages\pyee\base.py", line 223, in emit
    self._emit_handle_potential_error(event, args[0] if args else None)
  File "C:\Users\amod.mishra_engineos\AppData\Local\Programs\Python\Python311\Lib\site-packages\pyee\base.py", line 181, in _emit_handle_potential_error
    raise error
  File "C:\Users\amod.mishra_engineos\Odynn-Hotel-Framework\crm_core\hotel_crawlers\marriott\marriott_botright.py", line 112, in handle_route
    response = await route.continue_()
                     ^^^^^^^^^^^^^^^
AttributeError: 'Request' object has no attribute 'continue_'
2025-10-14 15:38:02,261 - ERROR - Exception in callback AsyncIOEventEmitter._emit_run.<locals>.callback(<Task finishe...'continue_'")>) at C:\Users\amod.mishra_engineos\AppData\Local\Programs\Python\Python311\Lib\site-packages\pyee\asyncio.py:97
handle: <Handle AsyncIOEventEmitter._emit_run.<locals>.callback(<Task finishe...'continue_'")>) at C:\Users\amod.mishra_engineos\AppData\Local\Programs\Python\Python311\Lib\site-packages\pyee\asyncio.py:97>
Traceback (most recent call last):
  File "C:\Users\amod.mishra_engineos\AppData\Local\Programs\Python\Python311\Lib\asyncio\events.py", line 84, in _run
    self._context.run(self._callback, *self._args)
  File "C:\Users\amod.mishra_engineos\AppData\Local\Programs\Python\Python311\Lib\site-packages\pyee\asyncio.py", line 105, in callback
    self.emit("error", exc)
  File "C:\Users\amod.mishra_engineos\AppData\Local\Programs\Python\Python311\Lib\site-packages\pyee\asyncio.py", line 70, in emit
    return super().emit(event, *args, **kwargs)
           ^^^^^^^^^^^^^^^^^^^^^^^^^^^^^^^^^^^^
  File "C:\Users\amod.mishra_engineos\AppData\Local\Programs\Python\Python311\Lib\site-packages\pyee\base.py", line 223, in emit
    self._emit_handle_potential_error(event, args[0] if args else None)
  File "C:\Users\amod.mishra_engineos\AppData\Local\Programs\Python\Python311\Lib\site-packages\pyee\base.py", line 181, in _emit_handle_potential_error
    raise error
  File "C:\Users\amod.mishra_engineos\Odynn-Hotel-Framework\crm_core\hotel_crawlers\marriott\marriott_botright.py", line 112, in handle_route
    response = await route.continue_()
                     ^^^^^^^^^^^^^^^
AttributeError: 'Request' object has no attribute 'continue_'
2025-10-14 15:38:02,327 - ERROR - Exception in callback AsyncIOEventEmitter._emit_run.<locals>.callback(<Task finishe...'continue_'")>) at C:\Users\amod.mishra_engineos\AppData\Local\Programs\Python\Python311\Lib\site-packages\pyee\asyncio.py:97
handle: <Handle AsyncIOEventEmitter._emit_run.<locals>.callback(<Task finishe...'continue_'")>) at C:\Users\amod.mishra_engineos\AppData\Local\Programs\Python\Python311\Lib\site-packages\pyee\asyncio.py:97>
Traceback (most recent call last):
  File "C:\Users\amod.mishra_engineos\AppData\Local\Programs\Python\Python311\Lib\asyncio\events.py", line 84, in _run
    self._context.run(self._callback, *self._args)
  File "C:\Users\amod.mishra_engineos\AppData\Local\Programs\Python\Python311\Lib\site-packages\pyee\asyncio.py", line 105, in callback
    self.emit("error", exc)
  File "C:\Users\amod.mishra_engineos\AppData\Local\Programs\Python\Python311\Lib\site-packages\pyee\asyncio.py", line 70, in emit
    return super().emit(event, *args, **kwargs)
           ^^^^^^^^^^^^^^^^^^^^^^^^^^^^^^^^^^^^
  File "C:\Users\amod.mishra_engineos\AppData\Local\Programs\Python\Python311\Lib\site-packages\pyee\base.py", line 223, in emit
    self._emit_handle_potential_error(event, args[0] if args else None)
  File "C:\Users\amod.mishra_engineos\AppData\Local\Programs\Python\Python311\Lib\site-packages\pyee\base.py", line 181, in _emit_handle_potential_error
    raise error
  File "C:\Users\amod.mishra_engineos\Odynn-Hotel-Framework\crm_core\hotel_crawlers\marriott\marriott_botright.py", line 112, in handle_route
    response = await route.continue_()
                     ^^^^^^^^^^^^^^^
AttributeError: 'Request' object has no attribute 'continue_'
2025-10-14 15:38:02,624 - ERROR - Exception in callback AsyncIOEventEmitter._emit_run.<locals>.callback(<Task finishe...'continue_'")>) at C:\Users\amod.mishra_engineos\AppData\Local\Programs\Python\Python311\Lib\site-packages\pyee\asyncio.py:97
handle: <Handle AsyncIOEventEmitter._emit_run.<locals>.callback(<Task finishe...'continue_'")>) at C:\Users\amod.mishra_engineos\AppData\Local\Programs\Python\Python311\Lib\site-packages\pyee\asyncio.py:97>
Traceback (most recent call last):
  File "C:\Users\amod.mishra_engineos\AppData\Local\Programs\Python\Python311\Lib\asyncio\events.py", line 84, in _run
    self._context.run(self._callback, *self._args)
  File "C:\Users\amod.mishra_engineos\AppData\Local\Programs\Python\Python311\Lib\site-packages\pyee\asyncio.py", line 105, in callback
    self.emit("error", exc)
  File "C:\Users\amod.mishra_engineos\AppData\Local\Programs\Python\Python311\Lib\site-packages\pyee\asyncio.py", line 70, in emit
    return super().emit(event, *args, **kwargs)
           ^^^^^^^^^^^^^^^^^^^^^^^^^^^^^^^^^^^^
  File "C:\Users\amod.mishra_engineos\AppData\Local\Programs\Python\Python311\Lib\site-packages\pyee\base.py", line 223, in emit
    self._emit_handle_potential_error(event, args[0] if args else None)
  File "C:\Users\amod.mishra_engineos\AppData\Local\Programs\Python\Python311\Lib\site-packages\pyee\base.py", line 181, in _emit_handle_potential_error
    raise error
  File "C:\Users\amod.mishra_engineos\Odynn-Hotel-Framework\crm_core\hotel_crawlers\marriott\marriott_botright.py", line 112, in handle_route
    response = await route.continue_()
                     ^^^^^^^^^^^^^^^
AttributeError: 'Request' object has no attribute 'continue_'
2025-10-14 15:38:02,649 - ERROR - Exception in callback AsyncIOEventEmitter._emit_run.<locals>.callback(<Task finishe...'continue_'")>) at C:\Users\amod.mishra_engineos\AppData\Local\Programs\Python\Python311\Lib\site-packages\pyee\asyncio.py:97
handle: <Handle AsyncIOEventEmitter._emit_run.<locals>.callback(<Task finishe...'continue_'")>) at C:\Users\amod.mishra_engineos\AppData\Local\Programs\Python\Python311\Lib\site-packages\pyee\asyncio.py:97>
Traceback (most recent call last):
  File "C:\Users\amod.mishra_engineos\AppData\Local\Programs\Python\Python311\Lib\asyncio\events.py", line 84, in _run
    self._context.run(self._callback, *self._args)
  File "C:\Users\amod.mishra_engineos\AppData\Local\Programs\Python\Python311\Lib\site-packages\pyee\asyncio.py", line 105, in callback
    self.emit("error", exc)
  File "C:\Users\amod.mishra_engineos\AppData\Local\Programs\Python\Python311\Lib\site-packages\pyee\asyncio.py", line 70, in emit
    return super().emit(event, *args, **kwargs)
           ^^^^^^^^^^^^^^^^^^^^^^^^^^^^^^^^^^^^
  File "C:\Users\amod.mishra_engineos\AppData\Local\Programs\Python\Python311\Lib\site-packages\pyee\base.py", line 223, in emit
    self._emit_handle_potential_error(event, args[0] if args else None)
  File "C:\Users\amod.mishra_engineos\AppData\Local\Programs\Python\Python311\Lib\site-packages\pyee\base.py", line 181, in _emit_handle_potential_error
    raise error
  File "C:\Users\amod.mishra_engineos\Odynn-Hotel-Framework\crm_core\hotel_crawlers\marriott\marriott_botright.py", line 112, in handle_route
    response = await route.continue_()
                     ^^^^^^^^^^^^^^^
AttributeError: 'Request' object has no attribute 'continue_'
2025-10-14 15:38:02,694 - ERROR - Exception in callback AsyncIOEventEmitter._emit_run.<locals>.callback(<Task finishe...'continue_'")>) at C:\Users\amod.mishra_engineos\AppData\Local\Programs\Python\Python311\Lib\site-packages\pyee\asyncio.py:97
handle: <Handle AsyncIOEventEmitter._emit_run.<locals>.callback(<Task finishe...'continue_'")>) at C:\Users\amod.mishra_engineos\AppData\Local\Programs\Python\Python311\Lib\site-packages\pyee\asyncio.py:97>
Traceback (most recent call last):
  File "C:\Users\amod.mishra_engineos\AppData\Local\Programs\Python\Python311\Lib\asyncio\events.py", line 84, in _run
    self._context.run(self._callback, *self._args)
  File "C:\Users\amod.mishra_engineos\AppData\Local\Programs\Python\Python311\Lib\site-packages\pyee\asyncio.py", line 105, in callback
    self.emit("error", exc)
  File "C:\Users\amod.mishra_engineos\AppData\Local\Programs\Python\Python311\Lib\site-packages\pyee\asyncio.py", line 70, in emit
    return super().emit(event, *args, **kwargs)
           ^^^^^^^^^^^^^^^^^^^^^^^^^^^^^^^^^^^^
  File "C:\Users\amod.mishra_engineos\AppData\Local\Programs\Python\Python311\Lib\site-packages\pyee\base.py", line 223, in emit
    self._emit_handle_potential_error(event, args[0] if args else None)
  File "C:\Users\amod.mishra_engineos\AppData\Local\Programs\Python\Python311\Lib\site-packages\pyee\base.py", line 181, in _emit_handle_potential_error
    raise error
  File "C:\Users\amod.mishra_engineos\Odynn-Hotel-Framework\crm_core\hotel_crawlers\marriott\marriott_botright.py", line 112, in handle_route
    response = await route.continue_()
                     ^^^^^^^^^^^^^^^
AttributeError: 'Request' object has no attribute 'continue_'
2025-10-14 15:38:02,719 - ERROR - Exception in callback AsyncIOEventEmitter._emit_run.<locals>.callback(<Task finishe...'continue_'")>) at C:\Users\amod.mishra_engineos\AppData\Local\Programs\Python\Python311\Lib\site-packages\pyee\asyncio.py:97
handle: <Handle AsyncIOEventEmitter._emit_run.<locals>.callback(<Task finishe...'continue_'")>) at C:\Users\amod.mishra_engineos\AppData\Local\Programs\Python\Python311\Lib\site-packages\pyee\asyncio.py:97>
Traceback (most recent call last):
  File "C:\Users\amod.mishra_engineos\AppData\Local\Programs\Python\Python311\Lib\asyncio\events.py", line 84, in _run
    self._context.run(self._callback, *self._args)
  File "C:\Users\amod.mishra_engineos\AppData\Local\Programs\Python\Python311\Lib\site-packages\pyee\asyncio.py", line 105, in callback
    self.emit("error", exc)
  File "C:\Users\amod.mishra_engineos\AppData\Local\Programs\Python\Python311\Lib\site-packages\pyee\asyncio.py", line 70, in emit
    return super().emit(event, *args, **kwargs)
           ^^^^^^^^^^^^^^^^^^^^^^^^^^^^^^^^^^^^
  File "C:\Users\amod.mishra_engineos\AppData\Local\Programs\Python\Python311\Lib\site-packages\pyee\base.py", line 223, in emit
    self._emit_handle_potential_error(event, args[0] if args else None)
  File "C:\Users\amod.mishra_engineos\AppData\Local\Programs\Python\Python311\Lib\site-packages\pyee\base.py", line 181, in _emit_handle_potential_error
    raise error
  File "C:\Users\amod.mishra_engineos\Odynn-Hotel-Framework\crm_core\hotel_crawlers\marriott\marriott_botright.py", line 112, in handle_route
    response = await route.continue_()
                     ^^^^^^^^^^^^^^^
AttributeError: 'Request' object has no attribute 'continue_'
2025-10-14 15:38:02,760 - ERROR - Exception in callback AsyncIOEventEmitter._emit_run.<locals>.callback(<Task finishe...'continue_'")>) at C:\Users\amod.mishra_engineos\AppData\Local\Programs\Python\Python311\Lib\site-packages\pyee\asyncio.py:97
handle: <Handle AsyncIOEventEmitter._emit_run.<locals>.callback(<Task finishe...'continue_'")>) at C:\Users\amod.mishra_engineos\AppData\Local\Programs\Python\Python311\Lib\site-packages\pyee\asyncio.py:97>
Traceback (most recent call last):
  File "C:\Users\amod.mishra_engineos\AppData\Local\Programs\Python\Python311\Lib\asyncio\events.py", line 84, in _run
    self._context.run(self._callback, *self._args)
  File "C:\Users\amod.mishra_engineos\AppData\Local\Programs\Python\Python311\Lib\site-packages\pyee\asyncio.py", line 105, in callback
    self.emit("error", exc)
  File "C:\Users\amod.mishra_engineos\AppData\Local\Programs\Python\Python311\Lib\site-packages\pyee\asyncio.py", line 70, in emit
    return super().emit(event, *args, **kwargs)
           ^^^^^^^^^^^^^^^^^^^^^^^^^^^^^^^^^^^^
  File "C:\Users\amod.mishra_engineos\AppData\Local\Programs\Python\Python311\Lib\site-packages\pyee\base.py", line 223, in emit
    self._emit_handle_potential_error(event, args[0] if args else None)
  File "C:\Users\amod.mishra_engineos\AppData\Local\Programs\Python\Python311\Lib\site-packages\pyee\base.py", line 181, in _emit_handle_potential_error
    raise error
  File "C:\Users\amod.mishra_engineos\Odynn-Hotel-Framework\crm_core\hotel_crawlers\marriott\marriott_botright.py", line 112, in handle_route
    response = await route.continue_()
                     ^^^^^^^^^^^^^^^
AttributeError: 'Request' object has no attribute 'continue_'
2025-10-14 15:38:02,793 - ERROR - Exception in callback AsyncIOEventEmitter._emit_run.<locals>.callback(<Task finishe...'continue_'")>) at C:\Users\amod.mishra_engineos\AppData\Local\Programs\Python\Python311\Lib\site-packages\pyee\asyncio.py:97
handle: <Handle AsyncIOEventEmitter._emit_run.<locals>.callback(<Task finishe...'continue_'")>) at C:\Users\amod.mishra_engineos\AppData\Local\Programs\Python\Python311\Lib\site-packages\pyee\asyncio.py:97>
Traceback (most recent call last):
  File "C:\Users\amod.mishra_engineos\AppData\Local\Programs\Python\Python311\Lib\asyncio\events.py", line 84, in _run
    self._context.run(self._callback, *self._args)
  File "C:\Users\amod.mishra_engineos\AppData\Local\Programs\Python\Python311\Lib\site-packages\pyee\asyncio.py", line 105, in callback
    self.emit("error", exc)
  File "C:\Users\amod.mishra_engineos\AppData\Local\Programs\Python\Python311\Lib\site-packages\pyee\asyncio.py", line 70, in emit
    return super().emit(event, *args, **kwargs)
           ^^^^^^^^^^^^^^^^^^^^^^^^^^^^^^^^^^^^
  File "C:\Users\amod.mishra_engineos\AppData\Local\Programs\Python\Python311\Lib\site-packages\pyee\base.py", line 223, in emit
    self._emit_handle_potential_error(event, args[0] if args else None)
  File "C:\Users\amod.mishra_engineos\AppData\Local\Programs\Python\Python311\Lib\site-packages\pyee\base.py", line 181, in _emit_handle_potential_error
    raise error
  File "C:\Users\amod.mishra_engineos\Odynn-Hotel-Framework\crm_core\hotel_crawlers\marriott\marriott_botright.py", line 112, in handle_route
    response = await route.continue_()
                     ^^^^^^^^^^^^^^^
AttributeError: 'Request' object has no attribute 'continue_'
2025-10-14 15:38:02,795 - ERROR - Exception in callback AsyncIOEventEmitter._emit_run.<locals>.callback(<Task finishe...'continue_'")>) at C:\Users\amod.mishra_engineos\AppData\Local\Programs\Python\Python311\Lib\site-packages\pyee\asyncio.py:97
handle: <Handle AsyncIOEventEmitter._emit_run.<locals>.callback(<Task finishe...'continue_'")>) at C:\Users\amod.mishra_engineos\AppData\Local\Programs\Python\Python311\Lib\site-packages\pyee\asyncio.py:97>
Traceback (most recent call last):
  File "C:\Users\amod.mishra_engineos\AppData\Local\Programs\Python\Python311\Lib\asyncio\events.py", line 84, in _run
    self._context.run(self._callback, *self._args)
  File "C:\Users\amod.mishra_engineos\AppData\Local\Programs\Python\Python311\Lib\site-packages\pyee\asyncio.py", line 105, in callback
    self.emit("error", exc)
  File "C:\Users\amod.mishra_engineos\AppData\Local\Programs\Python\Python311\Lib\site-packages\pyee\asyncio.py", line 70, in emit
    return super().emit(event, *args, **kwargs)
           ^^^^^^^^^^^^^^^^^^^^^^^^^^^^^^^^^^^^
  File "C:\Users\amod.mishra_engineos\AppData\Local\Programs\Python\Python311\Lib\site-packages\pyee\base.py", line 223, in emit
    self._emit_handle_potential_error(event, args[0] if args else None)
  File "C:\Users\amod.mishra_engineos\AppData\Local\Programs\Python\Python311\Lib\site-packages\pyee\base.py", line 181, in _emit_handle_potential_error
    raise error
  File "C:\Users\amod.mishra_engineos\Odynn-Hotel-Framework\crm_core\hotel_crawlers\marriott\marriott_botright.py", line 112, in handle_route
    response = await route.continue_()
                     ^^^^^^^^^^^^^^^
AttributeError: 'Request' object has no attribute 'continue_'
2025-10-14 15:38:02,799 - ERROR - Exception in callback AsyncIOEventEmitter._emit_run.<locals>.callback(<Task finishe...'continue_'")>) at C:\Users\amod.mishra_engineos\AppData\Local\Programs\Python\Python311\Lib\site-packages\pyee\asyncio.py:97
handle: <Handle AsyncIOEventEmitter._emit_run.<locals>.callback(<Task finishe...'continue_'")>) at C:\Users\amod.mishra_engineos\AppData\Local\Programs\Python\Python311\Lib\site-packages\pyee\asyncio.py:97>
Traceback (most recent call last):
  File "C:\Users\amod.mishra_engineos\AppData\Local\Programs\Python\Python311\Lib\asyncio\events.py", line 84, in _run
    self._context.run(self._callback, *self._args)
  File "C:\Users\amod.mishra_engineos\AppData\Local\Programs\Python\Python311\Lib\site-packages\pyee\asyncio.py", line 105, in callback
    self.emit("error", exc)
  File "C:\Users\amod.mishra_engineos\AppData\Local\Programs\Python\Python311\Lib\site-packages\pyee\asyncio.py", line 70, in emit
    return super().emit(event, *args, **kwargs)
           ^^^^^^^^^^^^^^^^^^^^^^^^^^^^^^^^^^^^
  File "C:\Users\amod.mishra_engineos\AppData\Local\Programs\Python\Python311\Lib\site-packages\pyee\base.py", line 223, in emit
    self._emit_handle_potential_error(event, args[0] if args else None)
  File "C:\Users\amod.mishra_engineos\AppData\Local\Programs\Python\Python311\Lib\site-packages\pyee\base.py", line 181, in _emit_handle_potential_error
    raise error
  File "C:\Users\amod.mishra_engineos\Odynn-Hotel-Framework\crm_core\hotel_crawlers\marriott\marriott_botright.py", line 112, in handle_route
    response = await route.continue_()
                     ^^^^^^^^^^^^^^^
AttributeError: 'Request' object has no attribute 'continue_'
2025-10-14 15:38:03,094 - ERROR - Exception in callback AsyncIOEventEmitter._emit_run.<locals>.callback(<Task finishe...'continue_'")>) at C:\Users\amod.mishra_engineos\AppData\Local\Programs\Python\Python311\Lib\site-packages\pyee\asyncio.py:97
handle: <Handle AsyncIOEventEmitter._emit_run.<locals>.callback(<Task finishe...'continue_'")>) at C:\Users\amod.mishra_engineos\AppData\Local\Programs\Python\Python311\Lib\site-packages\pyee\asyncio.py:97>
Traceback (most recent call last):
  File "C:\Users\amod.mishra_engineos\AppData\Local\Programs\Python\Python311\Lib\asyncio\events.py", line 84, in _run
    self._context.run(self._callback, *self._args)
  File "C:\Users\amod.mishra_engineos\AppData\Local\Programs\Python\Python311\Lib\site-packages\pyee\asyncio.py", line 105, in callback
    self.emit("error", exc)
  File "C:\Users\amod.mishra_engineos\AppData\Local\Programs\Python\Python311\Lib\site-packages\pyee\asyncio.py", line 70, in emit
    return super().emit(event, *args, **kwargs)
           ^^^^^^^^^^^^^^^^^^^^^^^^^^^^^^^^^^^^
  File "C:\Users\amod.mishra_engineos\AppData\Local\Programs\Python\Python311\Lib\site-packages\pyee\base.py", line 223, in emit
    self._emit_handle_potential_error(event, args[0] if args else None)
  File "C:\Users\amod.mishra_engineos\AppData\Local\Programs\Python\Python311\Lib\site-packages\pyee\base.py", line 181, in _emit_handle_potential_error
    raise error
  File "C:\Users\amod.mishra_engineos\Odynn-Hotel-Framework\crm_core\hotel_crawlers\marriott\marriott_botright.py", line 112, in handle_route
    response = await route.continue_()
                     ^^^^^^^^^^^^^^^
AttributeError: 'Request' object has no attribute 'continue_'
2025-10-14 15:38:03,130 - ERROR - Exception in callback AsyncIOEventEmitter._emit_run.<locals>.callback(<Task finishe...'continue_'")>) at C:\Users\amod.mishra_engineos\AppData\Local\Programs\Python\Python311\Lib\site-packages\pyee\asyncio.py:97
handle: <Handle AsyncIOEventEmitter._emit_run.<locals>.callback(<Task finishe...'continue_'")>) at C:\Users\amod.mishra_engineos\AppData\Local\Programs\Python\Python311\Lib\site-packages\pyee\asyncio.py:97>
Traceback (most recent call last):
  File "C:\Users\amod.mishra_engineos\AppData\Local\Programs\Python\Python311\Lib\asyncio\events.py", line 84, in _run
    self._context.run(self._callback, *self._args)
  File "C:\Users\amod.mishra_engineos\AppData\Local\Programs\Python\Python311\Lib\site-packages\pyee\asyncio.py", line 105, in callback
    self.emit("error", exc)
  File "C:\Users\amod.mishra_engineos\AppData\Local\Programs\Python\Python311\Lib\site-packages\pyee\asyncio.py", line 70, in emit
    return super().emit(event, *args, **kwargs)
           ^^^^^^^^^^^^^^^^^^^^^^^^^^^^^^^^^^^^
  File "C:\Users\amod.mishra_engineos\AppData\Local\Programs\Python\Python311\Lib\site-packages\pyee\base.py", line 223, in emit
    self._emit_handle_potential_error(event, args[0] if args else None)
  File "C:\Users\amod.mishra_engineos\AppData\Local\Programs\Python\Python311\Lib\site-packages\pyee\base.py", line 181, in _emit_handle_potential_error
    raise error
  File "C:\Users\amod.mishra_engineos\Odynn-Hotel-Framework\crm_core\hotel_crawlers\marriott\marriott_botright.py", line 112, in handle_route
    response = await route.continue_()
                     ^^^^^^^^^^^^^^^
AttributeError: 'Request' object has no attribute 'continue_'
2025-10-14 15:38:03,174 - ERROR - Exception in callback AsyncIOEventEmitter._emit_run.<locals>.callback(<Task finishe...'continue_'")>) at C:\Users\amod.mishra_engineos\AppData\Local\Programs\Python\Python311\Lib\site-packages\pyee\asyncio.py:97
handle: <Handle AsyncIOEventEmitter._emit_run.<locals>.callback(<Task finishe...'continue_'")>) at C:\Users\amod.mishra_engineos\AppData\Local\Programs\Python\Python311\Lib\site-packages\pyee\asyncio.py:97>
Traceback (most recent call last):
  File "C:\Users\amod.mishra_engineos\AppData\Local\Programs\Python\Python311\Lib\asyncio\events.py", line 84, in _run
    self._context.run(self._callback, *self._args)
  File "C:\Users\amod.mishra_engineos\AppData\Local\Programs\Python\Python311\Lib\site-packages\pyee\asyncio.py", line 105, in callback
    self.emit("error", exc)
  File "C:\Users\amod.mishra_engineos\AppData\Local\Programs\Python\Python311\Lib\site-packages\pyee\asyncio.py", line 70, in emit
    return super().emit(event, *args, **kwargs)
           ^^^^^^^^^^^^^^^^^^^^^^^^^^^^^^^^^^^^
  File "C:\Users\amod.mishra_engineos\AppData\Local\Programs\Python\Python311\Lib\site-packages\pyee\base.py", line 223, in emit
    self._emit_handle_potential_error(event, args[0] if args else None)
  File "C:\Users\amod.mishra_engineos\AppData\Local\Programs\Python\Python311\Lib\site-packages\pyee\base.py", line 181, in _emit_handle_potential_error
    raise error
  File "C:\Users\amod.mishra_engineos\Odynn-Hotel-Framework\crm_core\hotel_crawlers\marriott\marriott_botright.py", line 112, in handle_route
    response = await route.continue_()
                     ^^^^^^^^^^^^^^^
AttributeError: 'Request' object has no attribute 'continue_'
2025-10-14 15:38:03,254 - ERROR - Exception in callback AsyncIOEventEmitter._emit_run.<locals>.callback(<Task finishe...'continue_'")>) at C:\Users\amod.mishra_engineos\AppData\Local\Programs\Python\Python311\Lib\site-packages\pyee\asyncio.py:97
handle: <Handle AsyncIOEventEmitter._emit_run.<locals>.callback(<Task finishe...'continue_'")>) at C:\Users\amod.mishra_engineos\AppData\Local\Programs\Python\Python311\Lib\site-packages\pyee\asyncio.py:97>
Traceback (most recent call last):
  File "C:\Users\amod.mishra_engineos\AppData\Local\Programs\Python\Python311\Lib\asyncio\events.py", line 84, in _run
    self._context.run(self._callback, *self._args)
  File "C:\Users\amod.mishra_engineos\AppData\Local\Programs\Python\Python311\Lib\site-packages\pyee\asyncio.py", line 105, in callback
    self.emit("error", exc)
  File "C:\Users\amod.mishra_engineos\AppData\Local\Programs\Python\Python311\Lib\site-packages\pyee\asyncio.py", line 70, in emit
    return super().emit(event, *args, **kwargs)
           ^^^^^^^^^^^^^^^^^^^^^^^^^^^^^^^^^^^^
  File "C:\Users\amod.mishra_engineos\AppData\Local\Programs\Python\Python311\Lib\site-packages\pyee\base.py", line 223, in emit
    self._emit_handle_potential_error(event, args[0] if args else None)
  File "C:\Users\amod.mishra_engineos\AppData\Local\Programs\Python\Python311\Lib\site-packages\pyee\base.py", line 181, in _emit_handle_potential_error
    raise error
  File "C:\Users\amod.mishra_engineos\Odynn-Hotel-Framework\crm_core\hotel_crawlers\marriott\marriott_botright.py", line 112, in handle_route
    response = await route.continue_()
                     ^^^^^^^^^^^^^^^
AttributeError: 'Request' object has no attribute 'continue_'
2025-10-14 15:38:03,260 - ERROR - Exception in callback AsyncIOEventEmitter._emit_run.<locals>.callback(<Task finishe...'continue_'")>) at C:\Users\amod.mishra_engineos\AppData\Local\Programs\Python\Python311\Lib\site-packages\pyee\asyncio.py:97
handle: <Handle AsyncIOEventEmitter._emit_run.<locals>.callback(<Task finishe...'continue_'")>) at C:\Users\amod.mishra_engineos\AppData\Local\Programs\Python\Python311\Lib\site-packages\pyee\asyncio.py:97>
Traceback (most recent call last):
  File "C:\Users\amod.mishra_engineos\AppData\Local\Programs\Python\Python311\Lib\asyncio\events.py", line 84, in _run
    self._context.run(self._callback, *self._args)
  File "C:\Users\amod.mishra_engineos\AppData\Local\Programs\Python\Python311\Lib\site-packages\pyee\asyncio.py", line 105, in callback
    self.emit("error", exc)
  File "C:\Users\amod.mishra_engineos\AppData\Local\Programs\Python\Python311\Lib\site-packages\pyee\asyncio.py", line 70, in emit
    return super().emit(event, *args, **kwargs)
           ^^^^^^^^^^^^^^^^^^^^^^^^^^^^^^^^^^^^
  File "C:\Users\amod.mishra_engineos\AppData\Local\Programs\Python\Python311\Lib\site-packages\pyee\base.py", line 223, in emit
    self._emit_handle_potential_error(event, args[0] if args else None)
  File "C:\Users\amod.mishra_engineos\AppData\Local\Programs\Python\Python311\Lib\site-packages\pyee\base.py", line 181, in _emit_handle_potential_error
    raise error
  File "C:\Users\amod.mishra_engineos\Odynn-Hotel-Framework\crm_core\hotel_crawlers\marriott\marriott_botright.py", line 112, in handle_route
    response = await route.continue_()
                     ^^^^^^^^^^^^^^^
AttributeError: 'Request' object has no attribute 'continue_'
2025-10-14 15:38:03,261 - ERROR - Exception in callback AsyncIOEventEmitter._emit_run.<locals>.callback(<Task finishe...'continue_'")>) at C:\Users\amod.mishra_engineos\AppData\Local\Programs\Python\Python311\Lib\site-packages\pyee\asyncio.py:97
handle: <Handle AsyncIOEventEmitter._emit_run.<locals>.callback(<Task finishe...'continue_'")>) at C:\Users\amod.mishra_engineos\AppData\Local\Programs\Python\Python311\Lib\site-packages\pyee\asyncio.py:97>
Traceback (most recent call last):
  File "C:\Users\amod.mishra_engineos\AppData\Local\Programs\Python\Python311\Lib\asyncio\events.py", line 84, in _run
    self._context.run(self._callback, *self._args)
  File "C:\Users\amod.mishra_engineos\AppData\Local\Programs\Python\Python311\Lib\site-packages\pyee\asyncio.py", line 105, in callback
    self.emit("error", exc)
  File "C:\Users\amod.mishra_engineos\AppData\Local\Programs\Python\Python311\Lib\site-packages\pyee\asyncio.py", line 70, in emit
    return super().emit(event, *args, **kwargs)
           ^^^^^^^^^^^^^^^^^^^^^^^^^^^^^^^^^^^^
  File "C:\Users\amod.mishra_engineos\AppData\Local\Programs\Python\Python311\Lib\site-packages\pyee\base.py", line 223, in emit
    self._emit_handle_potential_error(event, args[0] if args else None)
  File "C:\Users\amod.mishra_engineos\AppData\Local\Programs\Python\Python311\Lib\site-packages\pyee\base.py", line 181, in _emit_handle_potential_error
    raise error
  File "C:\Users\amod.mishra_engineos\Odynn-Hotel-Framework\crm_core\hotel_crawlers\marriott\marriott_botright.py", line 112, in handle_route
    response = await route.continue_()
                     ^^^^^^^^^^^^^^^
AttributeError: 'Request' object has no attribute 'continue_'
2025-10-14 15:38:03,262 - ERROR - Exception in callback AsyncIOEventEmitter._emit_run.<locals>.callback(<Task finishe...'continue_'")>) at C:\Users\amod.mishra_engineos\AppData\Local\Programs\Python\Python311\Lib\site-packages\pyee\asyncio.py:97
handle: <Handle AsyncIOEventEmitter._emit_run.<locals>.callback(<Task finishe...'continue_'")>) at C:\Users\amod.mishra_engineos\AppData\Local\Programs\Python\Python311\Lib\site-packages\pyee\asyncio.py:97>
Traceback (most recent call last):
  File "C:\Users\amod.mishra_engineos\AppData\Local\Programs\Python\Python311\Lib\asyncio\events.py", line 84, in _run
    self._context.run(self._callback, *self._args)
  File "C:\Users\amod.mishra_engineos\AppData\Local\Programs\Python\Python311\Lib\site-packages\pyee\asyncio.py", line 105, in callback
    self.emit("error", exc)
  File "C:\Users\amod.mishra_engineos\AppData\Local\Programs\Python\Python311\Lib\site-packages\pyee\asyncio.py", line 70, in emit
    return super().emit(event, *args, **kwargs)
           ^^^^^^^^^^^^^^^^^^^^^^^^^^^^^^^^^^^^
  File "C:\Users\amod.mishra_engineos\AppData\Local\Programs\Python\Python311\Lib\site-packages\pyee\base.py", line 223, in emit
    self._emit_handle_potential_error(event, args[0] if args else None)
  File "C:\Users\amod.mishra_engineos\AppData\Local\Programs\Python\Python311\Lib\site-packages\pyee\base.py", line 181, in _emit_handle_potential_error
    raise error
  File "C:\Users\amod.mishra_engineos\Odynn-Hotel-Framework\crm_core\hotel_crawlers\marriott\marriott_botright.py", line 112, in handle_route
    response = await route.continue_()
                     ^^^^^^^^^^^^^^^
AttributeError: 'Request' object has no attribute 'continue_'
2025-10-14 15:38:03,288 - ERROR - Exception in callback AsyncIOEventEmitter._emit_run.<locals>.callback(<Task finishe...'continue_'")>) at C:\Users\amod.mishra_engineos\AppData\Local\Programs\Python\Python311\Lib\site-packages\pyee\asyncio.py:97
handle: <Handle AsyncIOEventEmitter._emit_run.<locals>.callback(<Task finishe...'continue_'")>) at C:\Users\amod.mishra_engineos\AppData\Local\Programs\Python\Python311\Lib\site-packages\pyee\asyncio.py:97>
Traceback (most recent call last):
  File "C:\Users\amod.mishra_engineos\AppData\Local\Programs\Python\Python311\Lib\asyncio\events.py", line 84, in _run
    self._context.run(self._callback, *self._args)
  File "C:\Users\amod.mishra_engineos\AppData\Local\Programs\Python\Python311\Lib\site-packages\pyee\asyncio.py", line 105, in callback
    self.emit("error", exc)
  File "C:\Users\amod.mishra_engineos\AppData\Local\Programs\Python\Python311\Lib\site-packages\pyee\asyncio.py", line 70, in emit
    return super().emit(event, *args, **kwargs)
           ^^^^^^^^^^^^^^^^^^^^^^^^^^^^^^^^^^^^
  File "C:\Users\amod.mishra_engineos\AppData\Local\Programs\Python\Python311\Lib\site-packages\pyee\base.py", line 223, in emit
    self._emit_handle_potential_error(event, args[0] if args else None)
  File "C:\Users\amod.mishra_engineos\AppData\Local\Programs\Python\Python311\Lib\site-packages\pyee\base.py", line 181, in _emit_handle_potential_error
    raise error
  File "C:\Users\amod.mishra_engineos\Odynn-Hotel-Framework\crm_core\hotel_crawlers\marriott\marriott_botright.py", line 112, in handle_route
    response = await route.continue_()
                     ^^^^^^^^^^^^^^^
AttributeError: 'Request' object has no attribute 'continue_'
2025-10-14 15:38:03,659 - ERROR - Exception in callback AsyncIOEventEmitter._emit_run.<locals>.callback(<Task finishe...'continue_'")>) at C:\Users\amod.mishra_engineos\AppData\Local\Programs\Python\Python311\Lib\site-packages\pyee\asyncio.py:97
handle: <Handle AsyncIOEventEmitter._emit_run.<locals>.callback(<Task finishe...'continue_'")>) at C:\Users\amod.mishra_engineos\AppData\Local\Programs\Python\Python311\Lib\site-packages\pyee\asyncio.py:97>
Traceback (most recent call last):
  File "C:\Users\amod.mishra_engineos\AppData\Local\Programs\Python\Python311\Lib\asyncio\events.py", line 84, in _run
    self._context.run(self._callback, *self._args)
  File "C:\Users\amod.mishra_engineos\AppData\Local\Programs\Python\Python311\Lib\site-packages\pyee\asyncio.py", line 105, in callback
    self.emit("error", exc)
  File "C:\Users\amod.mishra_engineos\AppData\Local\Programs\Python\Python311\Lib\site-packages\pyee\asyncio.py", line 70, in emit
    return super().emit(event, *args, **kwargs)
           ^^^^^^^^^^^^^^^^^^^^^^^^^^^^^^^^^^^^
  File "C:\Users\amod.mishra_engineos\AppData\Local\Programs\Python\Python311\Lib\site-packages\pyee\base.py", line 223, in emit
    self._emit_handle_potential_error(event, args[0] if args else None)
  File "C:\Users\amod.mishra_engineos\AppData\Local\Programs\Python\Python311\Lib\site-packages\pyee\base.py", line 181, in _emit_handle_potential_error
    raise error
  File "C:\Users\amod.mishra_engineos\Odynn-Hotel-Framework\crm_core\hotel_crawlers\marriott\marriott_botright.py", line 112, in handle_route
    response = await route.continue_()
                     ^^^^^^^^^^^^^^^
AttributeError: 'Request' object has no attribute 'continue_'
2025-10-14 15:38:03,670 - ERROR - Exception in callback AsyncIOEventEmitter._emit_run.<locals>.callback(<Task finishe...'continue_'")>) at C:\Users\amod.mishra_engineos\AppData\Local\Programs\Python\Python311\Lib\site-packages\pyee\asyncio.py:97
handle: <Handle AsyncIOEventEmitter._emit_run.<locals>.callback(<Task finishe...'continue_'")>) at C:\Users\amod.mishra_engineos\AppData\Local\Programs\Python\Python311\Lib\site-packages\pyee\asyncio.py:97>
Traceback (most recent call last):
  File "C:\Users\amod.mishra_engineos\AppData\Local\Programs\Python\Python311\Lib\asyncio\events.py", line 84, in _run
    self._context.run(self._callback, *self._args)
  File "C:\Users\amod.mishra_engineos\AppData\Local\Programs\Python\Python311\Lib\site-packages\pyee\asyncio.py", line 105, in callback
    self.emit("error", exc)
  File "C:\Users\amod.mishra_engineos\AppData\Local\Programs\Python\Python311\Lib\site-packages\pyee\asyncio.py", line 70, in emit
    return super().emit(event, *args, **kwargs)
           ^^^^^^^^^^^^^^^^^^^^^^^^^^^^^^^^^^^^
  File "C:\Users\amod.mishra_engineos\AppData\Local\Programs\Python\Python311\Lib\site-packages\pyee\base.py", line 223, in emit
    self._emit_handle_potential_error(event, args[0] if args else None)
  File "C:\Users\amod.mishra_engineos\AppData\Local\Programs\Python\Python311\Lib\site-packages\pyee\base.py", line 181, in _emit_handle_potential_error
    raise error
  File "C:\Users\amod.mishra_engineos\Odynn-Hotel-Framework\crm_core\hotel_crawlers\marriott\marriott_botright.py", line 112, in handle_route
    response = await route.continue_()
                     ^^^^^^^^^^^^^^^
AttributeError: 'Request' object has no attribute 'continue_'
2025-10-14 15:38:03,689 - ERROR - Exception in callback AsyncIOEventEmitter._emit_run.<locals>.callback(<Task finishe...'continue_'")>) at C:\Users\amod.mishra_engineos\AppData\Local\Programs\Python\Python311\Lib\site-packages\pyee\asyncio.py:97
handle: <Handle AsyncIOEventEmitter._emit_run.<locals>.callback(<Task finishe...'continue_'")>) at C:\Users\amod.mishra_engineos\AppData\Local\Programs\Python\Python311\Lib\site-packages\pyee\asyncio.py:97>
Traceback (most recent call last):
  File "C:\Users\amod.mishra_engineos\AppData\Local\Programs\Python\Python311\Lib\asyncio\events.py", line 84, in _run
    self._context.run(self._callback, *self._args)
  File "C:\Users\amod.mishra_engineos\AppData\Local\Programs\Python\Python311\Lib\site-packages\pyee\asyncio.py", line 105, in callback
    self.emit("error", exc)
  File "C:\Users\amod.mishra_engineos\AppData\Local\Programs\Python\Python311\Lib\site-packages\pyee\asyncio.py", line 70, in emit
    return super().emit(event, *args, **kwargs)
           ^^^^^^^^^^^^^^^^^^^^^^^^^^^^^^^^^^^^
  File "C:\Users\amod.mishra_engineos\AppData\Local\Programs\Python\Python311\Lib\site-packages\pyee\base.py", line 223, in emit
    self._emit_handle_potential_error(event, args[0] if args else None)
  File "C:\Users\amod.mishra_engineos\AppData\Local\Programs\Python\Python311\Lib\site-packages\pyee\base.py", line 181, in _emit_handle_potential_error
    raise error
  File "C:\Users\amod.mishra_engineos\Odynn-Hotel-Framework\crm_core\hotel_crawlers\marriott\marriott_botright.py", line 112, in handle_route
    response = await route.continue_()
                     ^^^^^^^^^^^^^^^
AttributeError: 'Request' object has no attribute 'continue_'
2025-10-14 15:38:03,713 - ERROR - Exception in callback AsyncIOEventEmitter._emit_run.<locals>.callback(<Task finishe...'continue_'")>) at C:\Users\amod.mishra_engineos\AppData\Local\Programs\Python\Python311\Lib\site-packages\pyee\asyncio.py:97
handle: <Handle AsyncIOEventEmitter._emit_run.<locals>.callback(<Task finishe...'continue_'")>) at C:\Users\amod.mishra_engineos\AppData\Local\Programs\Python\Python311\Lib\site-packages\pyee\asyncio.py:97>
Traceback (most recent call last):
  File "C:\Users\amod.mishra_engineos\AppData\Local\Programs\Python\Python311\Lib\asyncio\events.py", line 84, in _run
    self._context.run(self._callback, *self._args)
  File "C:\Users\amod.mishra_engineos\AppData\Local\Programs\Python\Python311\Lib\site-packages\pyee\asyncio.py", line 105, in callback
    self.emit("error", exc)
  File "C:\Users\amod.mishra_engineos\AppData\Local\Programs\Python\Python311\Lib\site-packages\pyee\asyncio.py", line 70, in emit
    return super().emit(event, *args, **kwargs)
           ^^^^^^^^^^^^^^^^^^^^^^^^^^^^^^^^^^^^
  File "C:\Users\amod.mishra_engineos\AppData\Local\Programs\Python\Python311\Lib\site-packages\pyee\base.py", line 223, in emit
    self._emit_handle_potential_error(event, args[0] if args else None)
  File "C:\Users\amod.mishra_engineos\AppData\Local\Programs\Python\Python311\Lib\site-packages\pyee\base.py", line 181, in _emit_handle_potential_error
    raise error
  File "C:\Users\amod.mishra_engineos\Odynn-Hotel-Framework\crm_core\hotel_crawlers\marriott\marriott_botright.py", line 112, in handle_route
    response = await route.continue_()
                     ^^^^^^^^^^^^^^^
AttributeError: 'Request' object has no attribute 'continue_'
2025-10-14 15:38:03,754 - ERROR - Exception in callback AsyncIOEventEmitter._emit_run.<locals>.callback(<Task finishe...'continue_'")>) at C:\Users\amod.mishra_engineos\AppData\Local\Programs\Python\Python311\Lib\site-packages\pyee\asyncio.py:97
handle: <Handle AsyncIOEventEmitter._emit_run.<locals>.callback(<Task finishe...'continue_'")>) at C:\Users\amod.mishra_engineos\AppData\Local\Programs\Python\Python311\Lib\site-packages\pyee\asyncio.py:97>
Traceback (most recent call last):
  File "C:\Users\amod.mishra_engineos\AppData\Local\Programs\Python\Python311\Lib\asyncio\events.py", line 84, in _run
    self._context.run(self._callback, *self._args)
  File "C:\Users\amod.mishra_engineos\AppData\Local\Programs\Python\Python311\Lib\site-packages\pyee\asyncio.py", line 105, in callback
    self.emit("error", exc)
  File "C:\Users\amod.mishra_engineos\AppData\Local\Programs\Python\Python311\Lib\site-packages\pyee\asyncio.py", line 70, in emit
    return super().emit(event, *args, **kwargs)
           ^^^^^^^^^^^^^^^^^^^^^^^^^^^^^^^^^^^^
  File "C:\Users\amod.mishra_engineos\AppData\Local\Programs\Python\Python311\Lib\site-packages\pyee\base.py", line 223, in emit
    self._emit_handle_potential_error(event, args[0] if args else None)
  File "C:\Users\amod.mishra_engineos\AppData\Local\Programs\Python\Python311\Lib\site-packages\pyee\base.py", line 181, in _emit_handle_potential_error
    raise error
  File "C:\Users\amod.mishra_engineos\Odynn-Hotel-Framework\crm_core\hotel_crawlers\marriott\marriott_botright.py", line 112, in handle_route
    response = await route.continue_()
                     ^^^^^^^^^^^^^^^
AttributeError: 'Request' object has no attribute 'continue_'
2025-10-14 15:38:03,757 - ERROR - Exception in callback AsyncIOEventEmitter._emit_run.<locals>.callback(<Task finishe...'continue_'")>) at C:\Users\amod.mishra_engineos\AppData\Local\Programs\Python\Python311\Lib\site-packages\pyee\asyncio.py:97
handle: <Handle AsyncIOEventEmitter._emit_run.<locals>.callback(<Task finishe...'continue_'")>) at C:\Users\amod.mishra_engineos\AppData\Local\Programs\Python\Python311\Lib\site-packages\pyee\asyncio.py:97>
Traceback (most recent call last):
  File "C:\Users\amod.mishra_engineos\AppData\Local\Programs\Python\Python311\Lib\asyncio\events.py", line 84, in _run
    self._context.run(self._callback, *self._args)
  File "C:\Users\amod.mishra_engineos\AppData\Local\Programs\Python\Python311\Lib\site-packages\pyee\asyncio.py", line 105, in callback
    self.emit("error", exc)
  File "C:\Users\amod.mishra_engineos\AppData\Local\Programs\Python\Python311\Lib\site-packages\pyee\asyncio.py", line 70, in emit
    return super().emit(event, *args, **kwargs)
           ^^^^^^^^^^^^^^^^^^^^^^^^^^^^^^^^^^^^
  File "C:\Users\amod.mishra_engineos\AppData\Local\Programs\Python\Python311\Lib\site-packages\pyee\base.py", line 223, in emit
    self._emit_handle_potential_error(event, args[0] if args else None)
  File "C:\Users\amod.mishra_engineos\AppData\Local\Programs\Python\Python311\Lib\site-packages\pyee\base.py", line 181, in _emit_handle_potential_error
    raise error
  File "C:\Users\amod.mishra_engineos\Odynn-Hotel-Framework\crm_core\hotel_crawlers\marriott\marriott_botright.py", line 112, in handle_route
    response = await route.continue_()
                     ^^^^^^^^^^^^^^^
AttributeError: 'Request' object has no attribute 'continue_'
2025-10-14 15:38:03,952 - ERROR - Exception in callback AsyncIOEventEmitter._emit_run.<locals>.callback(<Task finishe...'continue_'")>) at C:\Users\amod.mishra_engineos\AppData\Local\Programs\Python\Python311\Lib\site-packages\pyee\asyncio.py:97
handle: <Handle AsyncIOEventEmitter._emit_run.<locals>.callback(<Task finishe...'continue_'")>) at C:\Users\amod.mishra_engineos\AppData\Local\Programs\Python\Python311\Lib\site-packages\pyee\asyncio.py:97>
Traceback (most recent call last):
  File "C:\Users\amod.mishra_engineos\AppData\Local\Programs\Python\Python311\Lib\asyncio\events.py", line 84, in _run
    self._context.run(self._callback, *self._args)
  File "C:\Users\amod.mishra_engineos\AppData\Local\Programs\Python\Python311\Lib\site-packages\pyee\asyncio.py", line 105, in callback
    self.emit("error", exc)
  File "C:\Users\amod.mishra_engineos\AppData\Local\Programs\Python\Python311\Lib\site-packages\pyee\asyncio.py", line 70, in emit
    return super().emit(event, *args, **kwargs)
           ^^^^^^^^^^^^^^^^^^^^^^^^^^^^^^^^^^^^
  File "C:\Users\amod.mishra_engineos\AppData\Local\Programs\Python\Python311\Lib\site-packages\pyee\base.py", line 223, in emit
    self._emit_handle_potential_error(event, args[0] if args else None)
  File "C:\Users\amod.mishra_engineos\AppData\Local\Programs\Python\Python311\Lib\site-packages\pyee\base.py", line 181, in _emit_handle_potential_error
    raise error
  File "C:\Users\amod.mishra_engineos\Odynn-Hotel-Framework\crm_core\hotel_crawlers\marriott\marriott_botright.py", line 112, in handle_route
    response = await route.continue_()
                     ^^^^^^^^^^^^^^^
AttributeError: 'Request' object has no attribute 'continue_'
2025-10-14 15:38:03,954 - ERROR - Exception in callback AsyncIOEventEmitter._emit_run.<locals>.callback(<Task finishe...'continue_'")>) at C:\Users\amod.mishra_engineos\AppData\Local\Programs\Python\Python311\Lib\site-packages\pyee\asyncio.py:97
handle: <Handle AsyncIOEventEmitter._emit_run.<locals>.callback(<Task finishe...'continue_'")>) at C:\Users\amod.mishra_engineos\AppData\Local\Programs\Python\Python311\Lib\site-packages\pyee\asyncio.py:97>
Traceback (most recent call last):
  File "C:\Users\amod.mishra_engineos\AppData\Local\Programs\Python\Python311\Lib\asyncio\events.py", line 84, in _run
    self._context.run(self._callback, *self._args)
  File "C:\Users\amod.mishra_engineos\AppData\Local\Programs\Python\Python311\Lib\site-packages\pyee\asyncio.py", line 105, in callback
    self.emit("error", exc)
  File "C:\Users\amod.mishra_engineos\AppData\Local\Programs\Python\Python311\Lib\site-packages\pyee\asyncio.py", line 70, in emit
    return super().emit(event, *args, **kwargs)
           ^^^^^^^^^^^^^^^^^^^^^^^^^^^^^^^^^^^^
  File "C:\Users\amod.mishra_engineos\AppData\Local\Programs\Python\Python311\Lib\site-packages\pyee\base.py", line 223, in emit
    self._emit_handle_potential_error(event, args[0] if args else None)
  File "C:\Users\amod.mishra_engineos\AppData\Local\Programs\Python\Python311\Lib\site-packages\pyee\base.py", line 181, in _emit_handle_potential_error
    raise error
  File "C:\Users\amod.mishra_engineos\Odynn-Hotel-Framework\crm_core\hotel_crawlers\marriott\marriott_botright.py", line 112, in handle_route
    response = await route.continue_()
                     ^^^^^^^^^^^^^^^
AttributeError: 'Request' object has no attribute 'continue_'
2025-10-14 15:38:04,626 - ERROR - Exception in callback AsyncIOEventEmitter._emit_run.<locals>.callback(<Task finishe...'continue_'")>) at C:\Users\amod.mishra_engineos\AppData\Local\Programs\Python\Python311\Lib\site-packages\pyee\asyncio.py:97
handle: <Handle AsyncIOEventEmitter._emit_run.<locals>.callback(<Task finishe...'continue_'")>) at C:\Users\amod.mishra_engineos\AppData\Local\Programs\Python\Python311\Lib\site-packages\pyee\asyncio.py:97>
Traceback (most recent call last):
  File "C:\Users\amod.mishra_engineos\AppData\Local\Programs\Python\Python311\Lib\asyncio\events.py", line 84, in _run
    self._context.run(self._callback, *self._args)
  File "C:\Users\amod.mishra_engineos\AppData\Local\Programs\Python\Python311\Lib\site-packages\pyee\asyncio.py", line 105, in callback
    self.emit("error", exc)
  File "C:\Users\amod.mishra_engineos\AppData\Local\Programs\Python\Python311\Lib\site-packages\pyee\asyncio.py", line 70, in emit
    return super().emit(event, *args, **kwargs)
           ^^^^^^^^^^^^^^^^^^^^^^^^^^^^^^^^^^^^
  File "C:\Users\amod.mishra_engineos\AppData\Local\Programs\Python\Python311\Lib\site-packages\pyee\base.py", line 223, in emit
    self._emit_handle_potential_error(event, args[0] if args else None)
  File "C:\Users\amod.mishra_engineos\AppData\Local\Programs\Python\Python311\Lib\site-packages\pyee\base.py", line 181, in _emit_handle_potential_error
    raise error
  File "C:\Users\amod.mishra_engineos\Odynn-Hotel-Framework\crm_core\hotel_crawlers\marriott\marriott_botright.py", line 112, in handle_route
    response = await route.continue_()
                     ^^^^^^^^^^^^^^^
AttributeError: 'Request' object has no attribute 'continue_'
2025-10-14 15:38:04,645 - ERROR - Exception in callback AsyncIOEventEmitter._emit_run.<locals>.callback(<Task finishe...'continue_'")>) at C:\Users\amod.mishra_engineos\AppData\Local\Programs\Python\Python311\Lib\site-packages\pyee\asyncio.py:97
handle: <Handle AsyncIOEventEmitter._emit_run.<locals>.callback(<Task finishe...'continue_'")>) at C:\Users\amod.mishra_engineos\AppData\Local\Programs\Python\Python311\Lib\site-packages\pyee\asyncio.py:97>
Traceback (most recent call last):
  File "C:\Users\amod.mishra_engineos\AppData\Local\Programs\Python\Python311\Lib\asyncio\events.py", line 84, in _run
    self._context.run(self._callback, *self._args)
  File "C:\Users\amod.mishra_engineos\AppData\Local\Programs\Python\Python311\Lib\site-packages\pyee\asyncio.py", line 105, in callback
    self.emit("error", exc)
  File "C:\Users\amod.mishra_engineos\AppData\Local\Programs\Python\Python311\Lib\site-packages\pyee\asyncio.py", line 70, in emit
    return super().emit(event, *args, **kwargs)
           ^^^^^^^^^^^^^^^^^^^^^^^^^^^^^^^^^^^^
  File "C:\Users\amod.mishra_engineos\AppData\Local\Programs\Python\Python311\Lib\site-packages\pyee\base.py", line 223, in emit
    self._emit_handle_potential_error(event, args[0] if args else None)
  File "C:\Users\amod.mishra_engineos\AppData\Local\Programs\Python\Python311\Lib\site-packages\pyee\base.py", line 181, in _emit_handle_potential_error
    raise error
  File "C:\Users\amod.mishra_engineos\Odynn-Hotel-Framework\crm_core\hotel_crawlers\marriott\marriott_botright.py", line 112, in handle_route
    response = await route.continue_()
                     ^^^^^^^^^^^^^^^
AttributeError: 'Request' object has no attribute 'continue_'
2025-10-14 15:38:04,656 - ERROR - Exception in callback AsyncIOEventEmitter._emit_run.<locals>.callback(<Task finishe...'continue_'")>) at C:\Users\amod.mishra_engineos\AppData\Local\Programs\Python\Python311\Lib\site-packages\pyee\asyncio.py:97
handle: <Handle AsyncIOEventEmitter._emit_run.<locals>.callback(<Task finishe...'continue_'")>) at C:\Users\amod.mishra_engineos\AppData\Local\Programs\Python\Python311\Lib\site-packages\pyee\asyncio.py:97>
Traceback (most recent call last):
  File "C:\Users\amod.mishra_engineos\AppData\Local\Programs\Python\Python311\Lib\asyncio\events.py", line 84, in _run
    self._context.run(self._callback, *self._args)
  File "C:\Users\amod.mishra_engineos\AppData\Local\Programs\Python\Python311\Lib\site-packages\pyee\asyncio.py", line 105, in callback
    self.emit("error", exc)
  File "C:\Users\amod.mishra_engineos\AppData\Local\Programs\Python\Python311\Lib\site-packages\pyee\asyncio.py", line 70, in emit
    return super().emit(event, *args, **kwargs)
           ^^^^^^^^^^^^^^^^^^^^^^^^^^^^^^^^^^^^
  File "C:\Users\amod.mishra_engineos\AppData\Local\Programs\Python\Python311\Lib\site-packages\pyee\base.py", line 223, in emit
    self._emit_handle_potential_error(event, args[0] if args else None)
  File "C:\Users\amod.mishra_engineos\AppData\Local\Programs\Python\Python311\Lib\site-packages\pyee\base.py", line 181, in _emit_handle_potential_error
    raise error
  File "C:\Users\amod.mishra_engineos\Odynn-Hotel-Framework\crm_core\hotel_crawlers\marriott\marriott_botright.py", line 112, in handle_route
    response = await route.continue_()
                     ^^^^^^^^^^^^^^^
AttributeError: 'Request' object has no attribute 'continue_'
2025-10-14 15:38:04,752 - ERROR - Exception in callback AsyncIOEventEmitter._emit_run.<locals>.callback(<Task finishe...'continue_'")>) at C:\Users\amod.mishra_engineos\AppData\Local\Programs\Python\Python311\Lib\site-packages\pyee\asyncio.py:97
handle: <Handle AsyncIOEventEmitter._emit_run.<locals>.callback(<Task finishe...'continue_'")>) at C:\Users\amod.mishra_engineos\AppData\Local\Programs\Python\Python311\Lib\site-packages\pyee\asyncio.py:97>
Traceback (most recent call last):
  File "C:\Users\amod.mishra_engineos\AppData\Local\Programs\Python\Python311\Lib\asyncio\events.py", line 84, in _run
    self._context.run(self._callback, *self._args)
  File "C:\Users\amod.mishra_engineos\AppData\Local\Programs\Python\Python311\Lib\site-packages\pyee\asyncio.py", line 105, in callback
    self.emit("error", exc)
  File "C:\Users\amod.mishra_engineos\AppData\Local\Programs\Python\Python311\Lib\site-packages\pyee\asyncio.py", line 70, in emit
    return super().emit(event, *args, **kwargs)
           ^^^^^^^^^^^^^^^^^^^^^^^^^^^^^^^^^^^^
  File "C:\Users\amod.mishra_engineos\AppData\Local\Programs\Python\Python311\Lib\site-packages\pyee\base.py", line 223, in emit
    self._emit_handle_potential_error(event, args[0] if args else None)
  File "C:\Users\amod.mishra_engineos\AppData\Local\Programs\Python\Python311\Lib\site-packages\pyee\base.py", line 181, in _emit_handle_potential_error
    raise error
  File "C:\Users\amod.mishra_engineos\Odynn-Hotel-Framework\crm_core\hotel_crawlers\marriott\marriott_botright.py", line 112, in handle_route
    response = await route.continue_()
                     ^^^^^^^^^^^^^^^
AttributeError: 'Request' object has no attribute 'continue_'
2025-10-14 15:38:04,755 - ERROR - Exception in callback AsyncIOEventEmitter._emit_run.<locals>.callback(<Task finishe...'continue_'")>) at C:\Users\amod.mishra_engineos\AppData\Local\Programs\Python\Python311\Lib\site-packages\pyee\asyncio.py:97
handle: <Handle AsyncIOEventEmitter._emit_run.<locals>.callback(<Task finishe...'continue_'")>) at C:\Users\amod.mishra_engineos\AppData\Local\Programs\Python\Python311\Lib\site-packages\pyee\asyncio.py:97>
Traceback (most recent call last):
  File "C:\Users\amod.mishra_engineos\AppData\Local\Programs\Python\Python311\Lib\asyncio\events.py", line 84, in _run
    self._context.run(self._callback, *self._args)
  File "C:\Users\amod.mishra_engineos\AppData\Local\Programs\Python\Python311\Lib\site-packages\pyee\asyncio.py", line 105, in callback
    self.emit("error", exc)
  File "C:\Users\amod.mishra_engineos\AppData\Local\Programs\Python\Python311\Lib\site-packages\pyee\asyncio.py", line 70, in emit
    return super().emit(event, *args, **kwargs)
           ^^^^^^^^^^^^^^^^^^^^^^^^^^^^^^^^^^^^
  File "C:\Users\amod.mishra_engineos\AppData\Local\Programs\Python\Python311\Lib\site-packages\pyee\base.py", line 223, in emit
    self._emit_handle_potential_error(event, args[0] if args else None)
  File "C:\Users\amod.mishra_engineos\AppData\Local\Programs\Python\Python311\Lib\site-packages\pyee\base.py", line 181, in _emit_handle_potential_error
    raise error
  File "C:\Users\amod.mishra_engineos\Odynn-Hotel-Framework\crm_core\hotel_crawlers\marriott\marriott_botright.py", line 112, in handle_route
    response = await route.continue_()
                     ^^^^^^^^^^^^^^^
AttributeError: 'Request' object has no attribute 'continue_'
2025-10-14 15:38:04,894 - ERROR - Exception in callback AsyncIOEventEmitter._emit_run.<locals>.callback(<Task finishe...'continue_'")>) at C:\Users\amod.mishra_engineos\AppData\Local\Programs\Python\Python311\Lib\site-packages\pyee\asyncio.py:97
handle: <Handle AsyncIOEventEmitter._emit_run.<locals>.callback(<Task finishe...'continue_'")>) at C:\Users\amod.mishra_engineos\AppData\Local\Programs\Python\Python311\Lib\site-packages\pyee\asyncio.py:97>
Traceback (most recent call last):
  File "C:\Users\amod.mishra_engineos\AppData\Local\Programs\Python\Python311\Lib\asyncio\events.py", line 84, in _run
    self._context.run(self._callback, *self._args)
  File "C:\Users\amod.mishra_engineos\AppData\Local\Programs\Python\Python311\Lib\site-packages\pyee\asyncio.py", line 105, in callback
    self.emit("error", exc)
  File "C:\Users\amod.mishra_engineos\AppData\Local\Programs\Python\Python311\Lib\site-packages\pyee\asyncio.py", line 70, in emit
    return super().emit(event, *args, **kwargs)
           ^^^^^^^^^^^^^^^^^^^^^^^^^^^^^^^^^^^^
  File "C:\Users\amod.mishra_engineos\AppData\Local\Programs\Python\Python311\Lib\site-packages\pyee\base.py", line 223, in emit
    self._emit_handle_potential_error(event, args[0] if args else None)
  File "C:\Users\amod.mishra_engineos\AppData\Local\Programs\Python\Python311\Lib\site-packages\pyee\base.py", line 181, in _emit_handle_potential_error
    raise error
  File "C:\Users\amod.mishra_engineos\Odynn-Hotel-Framework\crm_core\hotel_crawlers\marriott\marriott_botright.py", line 112, in handle_route
    response = await route.continue_()
                     ^^^^^^^^^^^^^^^
AttributeError: 'Request' object has no attribute 'continue_'
2025-10-14 15:38:04,898 - ERROR - Exception in callback AsyncIOEventEmitter._emit_run.<locals>.callback(<Task finishe...'continue_'")>) at C:\Users\amod.mishra_engineos\AppData\Local\Programs\Python\Python311\Lib\site-packages\pyee\asyncio.py:97
handle: <Handle AsyncIOEventEmitter._emit_run.<locals>.callback(<Task finishe...'continue_'")>) at C:\Users\amod.mishra_engineos\AppData\Local\Programs\Python\Python311\Lib\site-packages\pyee\asyncio.py:97>
Traceback (most recent call last):
  File "C:\Users\amod.mishra_engineos\AppData\Local\Programs\Python\Python311\Lib\asyncio\events.py", line 84, in _run
    self._context.run(self._callback, *self._args)
  File "C:\Users\amod.mishra_engineos\AppData\Local\Programs\Python\Python311\Lib\site-packages\pyee\asyncio.py", line 105, in callback
    self.emit("error", exc)
  File "C:\Users\amod.mishra_engineos\AppData\Local\Programs\Python\Python311\Lib\site-packages\pyee\asyncio.py", line 70, in emit
    return super().emit(event, *args, **kwargs)
           ^^^^^^^^^^^^^^^^^^^^^^^^^^^^^^^^^^^^
  File "C:\Users\amod.mishra_engineos\AppData\Local\Programs\Python\Python311\Lib\site-packages\pyee\base.py", line 223, in emit
    self._emit_handle_potential_error(event, args[0] if args else None)
  File "C:\Users\amod.mishra_engineos\AppData\Local\Programs\Python\Python311\Lib\site-packages\pyee\base.py", line 181, in _emit_handle_potential_error
    raise error
  File "C:\Users\amod.mishra_engineos\Odynn-Hotel-Framework\crm_core\hotel_crawlers\marriott\marriott_botright.py", line 112, in handle_route
    response = await route.continue_()
                     ^^^^^^^^^^^^^^^
AttributeError: 'Request' object has no attribute 'continue_'
2025-10-14 15:38:04,900 - ERROR - Exception in callback AsyncIOEventEmitter._emit_run.<locals>.callback(<Task finishe...'continue_'")>) at C:\Users\amod.mishra_engineos\AppData\Local\Programs\Python\Python311\Lib\site-packages\pyee\asyncio.py:97
handle: <Handle AsyncIOEventEmitter._emit_run.<locals>.callback(<Task finishe...'continue_'")>) at C:\Users\amod.mishra_engineos\AppData\Local\Programs\Python\Python311\Lib\site-packages\pyee\asyncio.py:97>
Traceback (most recent call last):
  File "C:\Users\amod.mishra_engineos\AppData\Local\Programs\Python\Python311\Lib\asyncio\events.py", line 84, in _run
    self._context.run(self._callback, *self._args)
  File "C:\Users\amod.mishra_engineos\AppData\Local\Programs\Python\Python311\Lib\site-packages\pyee\asyncio.py", line 105, in callback
    self.emit("error", exc)
  File "C:\Users\amod.mishra_engineos\AppData\Local\Programs\Python\Python311\Lib\site-packages\pyee\asyncio.py", line 70, in emit
    return super().emit(event, *args, **kwargs)
           ^^^^^^^^^^^^^^^^^^^^^^^^^^^^^^^^^^^^
  File "C:\Users\amod.mishra_engineos\AppData\Local\Programs\Python\Python311\Lib\site-packages\pyee\base.py", line 223, in emit
    self._emit_handle_potential_error(event, args[0] if args else None)
  File "C:\Users\amod.mishra_engineos\AppData\Local\Programs\Python\Python311\Lib\site-packages\pyee\base.py", line 181, in _emit_handle_potential_error
    raise error
  File "C:\Users\amod.mishra_engineos\Odynn-Hotel-Framework\crm_core\hotel_crawlers\marriott\marriott_botright.py", line 112, in handle_route
    response = await route.continue_()
                     ^^^^^^^^^^^^^^^
AttributeError: 'Request' object has no attribute 'continue_'
2025-10-14 15:38:04,944 - ERROR - Exception in callback AsyncIOEventEmitter._emit_run.<locals>.callback(<Task finishe...'continue_'")>) at C:\Users\amod.mishra_engineos\AppData\Local\Programs\Python\Python311\Lib\site-packages\pyee\asyncio.py:97
handle: <Handle AsyncIOEventEmitter._emit_run.<locals>.callback(<Task finishe...'continue_'")>) at C:\Users\amod.mishra_engineos\AppData\Local\Programs\Python\Python311\Lib\site-packages\pyee\asyncio.py:97>
Traceback (most recent call last):
  File "C:\Users\amod.mishra_engineos\AppData\Local\Programs\Python\Python311\Lib\asyncio\events.py", line 84, in _run
    self._context.run(self._callback, *self._args)
  File "C:\Users\amod.mishra_engineos\AppData\Local\Programs\Python\Python311\Lib\site-packages\pyee\asyncio.py", line 105, in callback
    self.emit("error", exc)
  File "C:\Users\amod.mishra_engineos\AppData\Local\Programs\Python\Python311\Lib\site-packages\pyee\asyncio.py", line 70, in emit
    return super().emit(event, *args, **kwargs)
           ^^^^^^^^^^^^^^^^^^^^^^^^^^^^^^^^^^^^
  File "C:\Users\amod.mishra_engineos\AppData\Local\Programs\Python\Python311\Lib\site-packages\pyee\base.py", line 223, in emit
    self._emit_handle_potential_error(event, args[0] if args else None)
  File "C:\Users\amod.mishra_engineos\AppData\Local\Programs\Python\Python311\Lib\site-packages\pyee\base.py", line 181, in _emit_handle_potential_error
    raise error
  File "C:\Users\amod.mishra_engineos\Odynn-Hotel-Framework\crm_core\hotel_crawlers\marriott\marriott_botright.py", line 112, in handle_route
    response = await route.continue_()
                     ^^^^^^^^^^^^^^^
AttributeError: 'Request' object has no attribute 'continue_'
2025-10-14 15:38:04,946 - ERROR - Exception in callback AsyncIOEventEmitter._emit_run.<locals>.callback(<Task finishe...'continue_'")>) at C:\Users\amod.mishra_engineos\AppData\Local\Programs\Python\Python311\Lib\site-packages\pyee\asyncio.py:97
handle: <Handle AsyncIOEventEmitter._emit_run.<locals>.callback(<Task finishe...'continue_'")>) at C:\Users\amod.mishra_engineos\AppData\Local\Programs\Python\Python311\Lib\site-packages\pyee\asyncio.py:97>
Traceback (most recent call last):
  File "C:\Users\amod.mishra_engineos\AppData\Local\Programs\Python\Python311\Lib\asyncio\events.py", line 84, in _run
    self._context.run(self._callback, *self._args)
  File "C:\Users\amod.mishra_engineos\AppData\Local\Programs\Python\Python311\Lib\site-packages\pyee\asyncio.py", line 105, in callback
    self.emit("error", exc)
  File "C:\Users\amod.mishra_engineos\AppData\Local\Programs\Python\Python311\Lib\site-packages\pyee\asyncio.py", line 70, in emit
    return super().emit(event, *args, **kwargs)
           ^^^^^^^^^^^^^^^^^^^^^^^^^^^^^^^^^^^^
  File "C:\Users\amod.mishra_engineos\AppData\Local\Programs\Python\Python311\Lib\site-packages\pyee\base.py", line 223, in emit
    self._emit_handle_potential_error(event, args[0] if args else None)
  File "C:\Users\amod.mishra_engineos\AppData\Local\Programs\Python\Python311\Lib\site-packages\pyee\base.py", line 181, in _emit_handle_potential_error
    raise error
  File "C:\Users\amod.mishra_engineos\Odynn-Hotel-Framework\crm_core\hotel_crawlers\marriott\marriott_botright.py", line 112, in handle_route
    response = await route.continue_()
                     ^^^^^^^^^^^^^^^
AttributeError: 'Request' object has no attribute 'continue_'
2025-10-14 15:38:04,948 - ERROR - Exception in callback AsyncIOEventEmitter._emit_run.<locals>.callback(<Task finishe...'continue_'")>) at C:\Users\amod.mishra_engineos\AppData\Local\Programs\Python\Python311\Lib\site-packages\pyee\asyncio.py:97
handle: <Handle AsyncIOEventEmitter._emit_run.<locals>.callback(<Task finishe...'continue_'")>) at C:\Users\amod.mishra_engineos\AppData\Local\Programs\Python\Python311\Lib\site-packages\pyee\asyncio.py:97>
Traceback (most recent call last):
  File "C:\Users\amod.mishra_engineos\AppData\Local\Programs\Python\Python311\Lib\asyncio\events.py", line 84, in _run
    self._context.run(self._callback, *self._args)
  File "C:\Users\amod.mishra_engineos\AppData\Local\Programs\Python\Python311\Lib\site-packages\pyee\asyncio.py", line 105, in callback
    self.emit("error", exc)
  File "C:\Users\amod.mishra_engineos\AppData\Local\Programs\Python\Python311\Lib\site-packages\pyee\asyncio.py", line 70, in emit
    return super().emit(event, *args, **kwargs)
           ^^^^^^^^^^^^^^^^^^^^^^^^^^^^^^^^^^^^
  File "C:\Users\amod.mishra_engineos\AppData\Local\Programs\Python\Python311\Lib\site-packages\pyee\base.py", line 223, in emit
    self._emit_handle_potential_error(event, args[0] if args else None)
  File "C:\Users\amod.mishra_engineos\AppData\Local\Programs\Python\Python311\Lib\site-packages\pyee\base.py", line 181, in _emit_handle_potential_error
    raise error
  File "C:\Users\amod.mishra_engineos\Odynn-Hotel-Framework\crm_core\hotel_crawlers\marriott\marriott_botright.py", line 112, in handle_route
    response = await route.continue_()
                     ^^^^^^^^^^^^^^^
AttributeError: 'Request' object has no attribute 'continue_'
2025-10-14 15:38:04,950 - ERROR - Exception in callback AsyncIOEventEmitter._emit_run.<locals>.callback(<Task finishe...'continue_'")>) at C:\Users\amod.mishra_engineos\AppData\Local\Programs\Python\Python311\Lib\site-packages\pyee\asyncio.py:97
handle: <Handle AsyncIOEventEmitter._emit_run.<locals>.callback(<Task finishe...'continue_'")>) at C:\Users\amod.mishra_engineos\AppData\Local\Programs\Python\Python311\Lib\site-packages\pyee\asyncio.py:97>
Traceback (most recent call last):
  File "C:\Users\amod.mishra_engineos\AppData\Local\Programs\Python\Python311\Lib\asyncio\events.py", line 84, in _run
    self._context.run(self._callback, *self._args)
  File "C:\Users\amod.mishra_engineos\AppData\Local\Programs\Python\Python311\Lib\site-packages\pyee\asyncio.py", line 105, in callback
    self.emit("error", exc)
  File "C:\Users\amod.mishra_engineos\AppData\Local\Programs\Python\Python311\Lib\site-packages\pyee\asyncio.py", line 70, in emit
    return super().emit(event, *args, **kwargs)
           ^^^^^^^^^^^^^^^^^^^^^^^^^^^^^^^^^^^^
  File "C:\Users\amod.mishra_engineos\AppData\Local\Programs\Python\Python311\Lib\site-packages\pyee\base.py", line 223, in emit
    self._emit_handle_potential_error(event, args[0] if args else None)
  File "C:\Users\amod.mishra_engineos\AppData\Local\Programs\Python\Python311\Lib\site-packages\pyee\base.py", line 181, in _emit_handle_potential_error
    raise error
  File "C:\Users\amod.mishra_engineos\Odynn-Hotel-Framework\crm_core\hotel_crawlers\marriott\marriott_botright.py", line 112, in handle_route
    response = await route.continue_()
                     ^^^^^^^^^^^^^^^
AttributeError: 'Request' object has no attribute 'continue_'
2025-10-14 15:38:04,953 - ERROR - Exception in callback AsyncIOEventEmitter._emit_run.<locals>.callback(<Task finishe...'continue_'")>) at C:\Users\amod.mishra_engineos\AppData\Local\Programs\Python\Python311\Lib\site-packages\pyee\asyncio.py:97
handle: <Handle AsyncIOEventEmitter._emit_run.<locals>.callback(<Task finishe...'continue_'")>) at C:\Users\amod.mishra_engineos\AppData\Local\Programs\Python\Python311\Lib\site-packages\pyee\asyncio.py:97>
Traceback (most recent call last):
  File "C:\Users\amod.mishra_engineos\AppData\Local\Programs\Python\Python311\Lib\asyncio\events.py", line 84, in _run
    self._context.run(self._callback, *self._args)
  File "C:\Users\amod.mishra_engineos\AppData\Local\Programs\Python\Python311\Lib\site-packages\pyee\asyncio.py", line 105, in callback
    self.emit("error", exc)
  File "C:\Users\amod.mishra_engineos\AppData\Local\Programs\Python\Python311\Lib\site-packages\pyee\asyncio.py", line 70, in emit
    return super().emit(event, *args, **kwargs)
           ^^^^^^^^^^^^^^^^^^^^^^^^^^^^^^^^^^^^
  File "C:\Users\amod.mishra_engineos\AppData\Local\Programs\Python\Python311\Lib\site-packages\pyee\base.py", line 223, in emit
    self._emit_handle_potential_error(event, args[0] if args else None)
  File "C:\Users\amod.mishra_engineos\AppData\Local\Programs\Python\Python311\Lib\site-packages\pyee\base.py", line 181, in _emit_handle_potential_error
    raise error
  File "C:\Users\amod.mishra_engineos\Odynn-Hotel-Framework\crm_core\hotel_crawlers\marriott\marriott_botright.py", line 112, in handle_route
    response = await route.continue_()
                     ^^^^^^^^^^^^^^^
AttributeError: 'Request' object has no attribute 'continue_'
2025-10-14 15:38:04,957 - ERROR - Exception in callback AsyncIOEventEmitter._emit_run.<locals>.callback(<Task finishe...'continue_'")>) at C:\Users\amod.mishra_engineos\AppData\Local\Programs\Python\Python311\Lib\site-packages\pyee\asyncio.py:97
handle: <Handle AsyncIOEventEmitter._emit_run.<locals>.callback(<Task finishe...'continue_'")>) at C:\Users\amod.mishra_engineos\AppData\Local\Programs\Python\Python311\Lib\site-packages\pyee\asyncio.py:97>
Traceback (most recent call last):
  File "C:\Users\amod.mishra_engineos\AppData\Local\Programs\Python\Python311\Lib\asyncio\events.py", line 84, in _run
    self._context.run(self._callback, *self._args)
  File "C:\Users\amod.mishra_engineos\AppData\Local\Programs\Python\Python311\Lib\site-packages\pyee\asyncio.py", line 105, in callback
    self.emit("error", exc)
  File "C:\Users\amod.mishra_engineos\AppData\Local\Programs\Python\Python311\Lib\site-packages\pyee\asyncio.py", line 70, in emit
    return super().emit(event, *args, **kwargs)
           ^^^^^^^^^^^^^^^^^^^^^^^^^^^^^^^^^^^^
  File "C:\Users\amod.mishra_engineos\AppData\Local\Programs\Python\Python311\Lib\site-packages\pyee\base.py", line 223, in emit
    self._emit_handle_potential_error(event, args[0] if args else None)
  File "C:\Users\amod.mishra_engineos\AppData\Local\Programs\Python\Python311\Lib\site-packages\pyee\base.py", line 181, in _emit_handle_potential_error
    raise error
  File "C:\Users\amod.mishra_engineos\Odynn-Hotel-Framework\crm_core\hotel_crawlers\marriott\marriott_botright.py", line 112, in handle_route
    response = await route.continue_()
                     ^^^^^^^^^^^^^^^
AttributeError: 'Request' object has no attribute 'continue_'
2025-10-14 15:38:04,963 - ERROR - Exception in callback AsyncIOEventEmitter._emit_run.<locals>.callback(<Task finishe...'continue_'")>) at C:\Users\amod.mishra_engineos\AppData\Local\Programs\Python\Python311\Lib\site-packages\pyee\asyncio.py:97
handle: <Handle AsyncIOEventEmitter._emit_run.<locals>.callback(<Task finishe...'continue_'")>) at C:\Users\amod.mishra_engineos\AppData\Local\Programs\Python\Python311\Lib\site-packages\pyee\asyncio.py:97>
Traceback (most recent call last):
  File "C:\Users\amod.mishra_engineos\AppData\Local\Programs\Python\Python311\Lib\asyncio\events.py", line 84, in _run
    self._context.run(self._callback, *self._args)
  File "C:\Users\amod.mishra_engineos\AppData\Local\Programs\Python\Python311\Lib\site-packages\pyee\asyncio.py", line 105, in callback
    self.emit("error", exc)
  File "C:\Users\amod.mishra_engineos\AppData\Local\Programs\Python\Python311\Lib\site-packages\pyee\asyncio.py", line 70, in emit
    return super().emit(event, *args, **kwargs)
           ^^^^^^^^^^^^^^^^^^^^^^^^^^^^^^^^^^^^
  File "C:\Users\amod.mishra_engineos\AppData\Local\Programs\Python\Python311\Lib\site-packages\pyee\base.py", line 223, in emit
    self._emit_handle_potential_error(event, args[0] if args else None)
  File "C:\Users\amod.mishra_engineos\AppData\Local\Programs\Python\Python311\Lib\site-packages\pyee\base.py", line 181, in _emit_handle_potential_error
    raise error
  File "C:\Users\amod.mishra_engineos\Odynn-Hotel-Framework\crm_core\hotel_crawlers\marriott\marriott_botright.py", line 112, in handle_route
    response = await route.continue_()
                     ^^^^^^^^^^^^^^^
AttributeError: 'Request' object has no attribute 'continue_'
2025-10-14 15:38:04,972 - ERROR - Exception in callback AsyncIOEventEmitter._emit_run.<locals>.callback(<Task finishe...'continue_'")>) at C:\Users\amod.mishra_engineos\AppData\Local\Programs\Python\Python311\Lib\site-packages\pyee\asyncio.py:97
handle: <Handle AsyncIOEventEmitter._emit_run.<locals>.callback(<Task finishe...'continue_'")>) at C:\Users\amod.mishra_engineos\AppData\Local\Programs\Python\Python311\Lib\site-packages\pyee\asyncio.py:97>
Traceback (most recent call last):
  File "C:\Users\amod.mishra_engineos\AppData\Local\Programs\Python\Python311\Lib\asyncio\events.py", line 84, in _run
    self._context.run(self._callback, *self._args)
  File "C:\Users\amod.mishra_engineos\AppData\Local\Programs\Python\Python311\Lib\site-packages\pyee\asyncio.py", line 105, in callback
    self.emit("error", exc)
  File "C:\Users\amod.mishra_engineos\AppData\Local\Programs\Python\Python311\Lib\site-packages\pyee\asyncio.py", line 70, in emit
    return super().emit(event, *args, **kwargs)
           ^^^^^^^^^^^^^^^^^^^^^^^^^^^^^^^^^^^^
  File "C:\Users\amod.mishra_engineos\AppData\Local\Programs\Python\Python311\Lib\site-packages\pyee\base.py", line 223, in emit
    self._emit_handle_potential_error(event, args[0] if args else None)
  File "C:\Users\amod.mishra_engineos\AppData\Local\Programs\Python\Python311\Lib\site-packages\pyee\base.py", line 181, in _emit_handle_potential_error
    raise error
  File "C:\Users\amod.mishra_engineos\Odynn-Hotel-Framework\crm_core\hotel_crawlers\marriott\marriott_botright.py", line 112, in handle_route
    response = await route.continue_()
                     ^^^^^^^^^^^^^^^
AttributeError: 'Request' object has no attribute 'continue_'
2025-10-14 15:38:04,974 - ERROR - Exception in callback AsyncIOEventEmitter._emit_run.<locals>.callback(<Task finishe...'continue_'")>) at C:\Users\amod.mishra_engineos\AppData\Local\Programs\Python\Python311\Lib\site-packages\pyee\asyncio.py:97
handle: <Handle AsyncIOEventEmitter._emit_run.<locals>.callback(<Task finishe...'continue_'")>) at C:\Users\amod.mishra_engineos\AppData\Local\Programs\Python\Python311\Lib\site-packages\pyee\asyncio.py:97>
Traceback (most recent call last):
  File "C:\Users\amod.mishra_engineos\AppData\Local\Programs\Python\Python311\Lib\asyncio\events.py", line 84, in _run
    self._context.run(self._callback, *self._args)
  File "C:\Users\amod.mishra_engineos\AppData\Local\Programs\Python\Python311\Lib\site-packages\pyee\asyncio.py", line 105, in callback
    self.emit("error", exc)
  File "C:\Users\amod.mishra_engineos\AppData\Local\Programs\Python\Python311\Lib\site-packages\pyee\asyncio.py", line 70, in emit
    return super().emit(event, *args, **kwargs)
           ^^^^^^^^^^^^^^^^^^^^^^^^^^^^^^^^^^^^
  File "C:\Users\amod.mishra_engineos\AppData\Local\Programs\Python\Python311\Lib\site-packages\pyee\base.py", line 223, in emit
    self._emit_handle_potential_error(event, args[0] if args else None)
  File "C:\Users\amod.mishra_engineos\AppData\Local\Programs\Python\Python311\Lib\site-packages\pyee\base.py", line 181, in _emit_handle_potential_error
    raise error
  File "C:\Users\amod.mishra_engineos\Odynn-Hotel-Framework\crm_core\hotel_crawlers\marriott\marriott_botright.py", line 112, in handle_route
    response = await route.continue_()
                     ^^^^^^^^^^^^^^^
AttributeError: 'Request' object has no attribute 'continue_'
2025-10-14 15:38:04,977 - ERROR - Exception in callback AsyncIOEventEmitter._emit_run.<locals>.callback(<Task finishe...'continue_'")>) at C:\Users\amod.mishra_engineos\AppData\Local\Programs\Python\Python311\Lib\site-packages\pyee\asyncio.py:97
handle: <Handle AsyncIOEventEmitter._emit_run.<locals>.callback(<Task finishe...'continue_'")>) at C:\Users\amod.mishra_engineos\AppData\Local\Programs\Python\Python311\Lib\site-packages\pyee\asyncio.py:97>
Traceback (most recent call last):
  File "C:\Users\amod.mishra_engineos\AppData\Local\Programs\Python\Python311\Lib\asyncio\events.py", line 84, in _run
    self._context.run(self._callback, *self._args)
  File "C:\Users\amod.mishra_engineos\AppData\Local\Programs\Python\Python311\Lib\site-packages\pyee\asyncio.py", line 105, in callback
    self.emit("error", exc)
  File "C:\Users\amod.mishra_engineos\AppData\Local\Programs\Python\Python311\Lib\site-packages\pyee\asyncio.py", line 70, in emit
    return super().emit(event, *args, **kwargs)
           ^^^^^^^^^^^^^^^^^^^^^^^^^^^^^^^^^^^^
  File "C:\Users\amod.mishra_engineos\AppData\Local\Programs\Python\Python311\Lib\site-packages\pyee\base.py", line 223, in emit
    self._emit_handle_potential_error(event, args[0] if args else None)
  File "C:\Users\amod.mishra_engineos\AppData\Local\Programs\Python\Python311\Lib\site-packages\pyee\base.py", line 181, in _emit_handle_potential_error
    raise error
  File "C:\Users\amod.mishra_engineos\Odynn-Hotel-Framework\crm_core\hotel_crawlers\marriott\marriott_botright.py", line 112, in handle_route
    response = await route.continue_()
                     ^^^^^^^^^^^^^^^
AttributeError: 'Request' object has no attribute 'continue_'
2025-10-14 15:38:04,979 - ERROR - Exception in callback AsyncIOEventEmitter._emit_run.<locals>.callback(<Task finishe...'continue_'")>) at C:\Users\amod.mishra_engineos\AppData\Local\Programs\Python\Python311\Lib\site-packages\pyee\asyncio.py:97
handle: <Handle AsyncIOEventEmitter._emit_run.<locals>.callback(<Task finishe...'continue_'")>) at C:\Users\amod.mishra_engineos\AppData\Local\Programs\Python\Python311\Lib\site-packages\pyee\asyncio.py:97>
Traceback (most recent call last):
  File "C:\Users\amod.mishra_engineos\AppData\Local\Programs\Python\Python311\Lib\asyncio\events.py", line 84, in _run
    self._context.run(self._callback, *self._args)
  File "C:\Users\amod.mishra_engineos\AppData\Local\Programs\Python\Python311\Lib\site-packages\pyee\asyncio.py", line 105, in callback
    self.emit("error", exc)
  File "C:\Users\amod.mishra_engineos\AppData\Local\Programs\Python\Python311\Lib\site-packages\pyee\asyncio.py", line 70, in emit
    return super().emit(event, *args, **kwargs)
           ^^^^^^^^^^^^^^^^^^^^^^^^^^^^^^^^^^^^
  File "C:\Users\amod.mishra_engineos\AppData\Local\Programs\Python\Python311\Lib\site-packages\pyee\base.py", line 223, in emit
    self._emit_handle_potential_error(event, args[0] if args else None)
  File "C:\Users\amod.mishra_engineos\AppData\Local\Programs\Python\Python311\Lib\site-packages\pyee\base.py", line 181, in _emit_handle_potential_error
    raise error
  File "C:\Users\amod.mishra_engineos\Odynn-Hotel-Framework\crm_core\hotel_crawlers\marriott\marriott_botright.py", line 112, in handle_route
    response = await route.continue_()
                     ^^^^^^^^^^^^^^^
AttributeError: 'Request' object has no attribute 'continue_'
2025-10-14 15:38:04,982 - ERROR - Exception in callback AsyncIOEventEmitter._emit_run.<locals>.callback(<Task finishe...'continue_'")>) at C:\Users\amod.mishra_engineos\AppData\Local\Programs\Python\Python311\Lib\site-packages\pyee\asyncio.py:97
handle: <Handle AsyncIOEventEmitter._emit_run.<locals>.callback(<Task finishe...'continue_'")>) at C:\Users\amod.mishra_engineos\AppData\Local\Programs\Python\Python311\Lib\site-packages\pyee\asyncio.py:97>
Traceback (most recent call last):
  File "C:\Users\amod.mishra_engineos\AppData\Local\Programs\Python\Python311\Lib\asyncio\events.py", line 84, in _run
    self._context.run(self._callback, *self._args)
  File "C:\Users\amod.mishra_engineos\AppData\Local\Programs\Python\Python311\Lib\site-packages\pyee\asyncio.py", line 105, in callback
    self.emit("error", exc)
  File "C:\Users\amod.mishra_engineos\AppData\Local\Programs\Python\Python311\Lib\site-packages\pyee\asyncio.py", line 70, in emit
    return super().emit(event, *args, **kwargs)
           ^^^^^^^^^^^^^^^^^^^^^^^^^^^^^^^^^^^^
  File "C:\Users\amod.mishra_engineos\AppData\Local\Programs\Python\Python311\Lib\site-packages\pyee\base.py", line 223, in emit
    self._emit_handle_potential_error(event, args[0] if args else None)
  File "C:\Users\amod.mishra_engineos\AppData\Local\Programs\Python\Python311\Lib\site-packages\pyee\base.py", line 181, in _emit_handle_potential_error
    raise error
  File "C:\Users\amod.mishra_engineos\Odynn-Hotel-Framework\crm_core\hotel_crawlers\marriott\marriott_botright.py", line 112, in handle_route
    response = await route.continue_()
                     ^^^^^^^^^^^^^^^
AttributeError: 'Request' object has no attribute 'continue_'
2025-10-14 15:38:04,984 - ERROR - Exception in callback AsyncIOEventEmitter._emit_run.<locals>.callback(<Task finishe...'continue_'")>) at C:\Users\amod.mishra_engineos\AppData\Local\Programs\Python\Python311\Lib\site-packages\pyee\asyncio.py:97
handle: <Handle AsyncIOEventEmitter._emit_run.<locals>.callback(<Task finishe...'continue_'")>) at C:\Users\amod.mishra_engineos\AppData\Local\Programs\Python\Python311\Lib\site-packages\pyee\asyncio.py:97>
Traceback (most recent call last):
  File "C:\Users\amod.mishra_engineos\AppData\Local\Programs\Python\Python311\Lib\asyncio\events.py", line 84, in _run
    self._context.run(self._callback, *self._args)
  File "C:\Users\amod.mishra_engineos\AppData\Local\Programs\Python\Python311\Lib\site-packages\pyee\asyncio.py", line 105, in callback
    self.emit("error", exc)
  File "C:\Users\amod.mishra_engineos\AppData\Local\Programs\Python\Python311\Lib\site-packages\pyee\asyncio.py", line 70, in emit
    return super().emit(event, *args, **kwargs)
           ^^^^^^^^^^^^^^^^^^^^^^^^^^^^^^^^^^^^
  File "C:\Users\amod.mishra_engineos\AppData\Local\Programs\Python\Python311\Lib\site-packages\pyee\base.py", line 223, in emit
    self._emit_handle_potential_error(event, args[0] if args else None)
  File "C:\Users\amod.mishra_engineos\AppData\Local\Programs\Python\Python311\Lib\site-packages\pyee\base.py", line 181, in _emit_handle_potential_error
    raise error
  File "C:\Users\amod.mishra_engineos\Odynn-Hotel-Framework\crm_core\hotel_crawlers\marriott\marriott_botright.py", line 112, in handle_route
    response = await route.continue_()
                     ^^^^^^^^^^^^^^^
AttributeError: 'Request' object has no attribute 'continue_'
2025-10-14 15:38:04,987 - ERROR - Exception in callback AsyncIOEventEmitter._emit_run.<locals>.callback(<Task finishe...'continue_'")>) at C:\Users\amod.mishra_engineos\AppData\Local\Programs\Python\Python311\Lib\site-packages\pyee\asyncio.py:97
handle: <Handle AsyncIOEventEmitter._emit_run.<locals>.callback(<Task finishe...'continue_'")>) at C:\Users\amod.mishra_engineos\AppData\Local\Programs\Python\Python311\Lib\site-packages\pyee\asyncio.py:97>
Traceback (most recent call last):
  File "C:\Users\amod.mishra_engineos\AppData\Local\Programs\Python\Python311\Lib\asyncio\events.py", line 84, in _run
    self._context.run(self._callback, *self._args)
  File "C:\Users\amod.mishra_engineos\AppData\Local\Programs\Python\Python311\Lib\site-packages\pyee\asyncio.py", line 105, in callback
    self.emit("error", exc)
  File "C:\Users\amod.mishra_engineos\AppData\Local\Programs\Python\Python311\Lib\site-packages\pyee\asyncio.py", line 70, in emit
    return super().emit(event, *args, **kwargs)
           ^^^^^^^^^^^^^^^^^^^^^^^^^^^^^^^^^^^^
  File "C:\Users\amod.mishra_engineos\AppData\Local\Programs\Python\Python311\Lib\site-packages\pyee\base.py", line 223, in emit
    self._emit_handle_potential_error(event, args[0] if args else None)
  File "C:\Users\amod.mishra_engineos\AppData\Local\Programs\Python\Python311\Lib\site-packages\pyee\base.py", line 181, in _emit_handle_potential_error
    raise error
  File "C:\Users\amod.mishra_engineos\Odynn-Hotel-Framework\crm_core\hotel_crawlers\marriott\marriott_botright.py", line 112, in handle_route
    response = await route.continue_()
                     ^^^^^^^^^^^^^^^
AttributeError: 'Request' object has no attribute 'continue_'
2025-10-14 15:38:04,989 - ERROR - Exception in callback AsyncIOEventEmitter._emit_run.<locals>.callback(<Task finishe...'continue_'")>) at C:\Users\amod.mishra_engineos\AppData\Local\Programs\Python\Python311\Lib\site-packages\pyee\asyncio.py:97
handle: <Handle AsyncIOEventEmitter._emit_run.<locals>.callback(<Task finishe...'continue_'")>) at C:\Users\amod.mishra_engineos\AppData\Local\Programs\Python\Python311\Lib\site-packages\pyee\asyncio.py:97>
Traceback (most recent call last):
  File "C:\Users\amod.mishra_engineos\AppData\Local\Programs\Python\Python311\Lib\asyncio\events.py", line 84, in _run
    self._context.run(self._callback, *self._args)
  File "C:\Users\amod.mishra_engineos\AppData\Local\Programs\Python\Python311\Lib\site-packages\pyee\asyncio.py", line 105, in callback
    self.emit("error", exc)
  File "C:\Users\amod.mishra_engineos\AppData\Local\Programs\Python\Python311\Lib\site-packages\pyee\asyncio.py", line 70, in emit
    return super().emit(event, *args, **kwargs)
           ^^^^^^^^^^^^^^^^^^^^^^^^^^^^^^^^^^^^
  File "C:\Users\amod.mishra_engineos\AppData\Local\Programs\Python\Python311\Lib\site-packages\pyee\base.py", line 223, in emit
    self._emit_handle_potential_error(event, args[0] if args else None)
  File "C:\Users\amod.mishra_engineos\AppData\Local\Programs\Python\Python311\Lib\site-packages\pyee\base.py", line 181, in _emit_handle_potential_error
    raise error
  File "C:\Users\amod.mishra_engineos\Odynn-Hotel-Framework\crm_core\hotel_crawlers\marriott\marriott_botright.py", line 112, in handle_route
    response = await route.continue_()
                     ^^^^^^^^^^^^^^^
AttributeError: 'Request' object has no attribute 'continue_'
2025-10-14 15:38:04,990 - ERROR - Exception in callback AsyncIOEventEmitter._emit_run.<locals>.callback(<Task finishe...'continue_'")>) at C:\Users\amod.mishra_engineos\AppData\Local\Programs\Python\Python311\Lib\site-packages\pyee\asyncio.py:97
handle: <Handle AsyncIOEventEmitter._emit_run.<locals>.callback(<Task finishe...'continue_'")>) at C:\Users\amod.mishra_engineos\AppData\Local\Programs\Python\Python311\Lib\site-packages\pyee\asyncio.py:97>
Traceback (most recent call last):
  File "C:\Users\amod.mishra_engineos\AppData\Local\Programs\Python\Python311\Lib\asyncio\events.py", line 84, in _run
    self._context.run(self._callback, *self._args)
  File "C:\Users\amod.mishra_engineos\AppData\Local\Programs\Python\Python311\Lib\site-packages\pyee\asyncio.py", line 105, in callback
    self.emit("error", exc)
  File "C:\Users\amod.mishra_engineos\AppData\Local\Programs\Python\Python311\Lib\site-packages\pyee\asyncio.py", line 70, in emit
    return super().emit(event, *args, **kwargs)
           ^^^^^^^^^^^^^^^^^^^^^^^^^^^^^^^^^^^^
  File "C:\Users\amod.mishra_engineos\AppData\Local\Programs\Python\Python311\Lib\site-packages\pyee\base.py", line 223, in emit
    self._emit_handle_potential_error(event, args[0] if args else None)
  File "C:\Users\amod.mishra_engineos\AppData\Local\Programs\Python\Python311\Lib\site-packages\pyee\base.py", line 181, in _emit_handle_potential_error
    raise error
  File "C:\Users\amod.mishra_engineos\Odynn-Hotel-Framework\crm_core\hotel_crawlers\marriott\marriott_botright.py", line 112, in handle_route
    response = await route.continue_()
                     ^^^^^^^^^^^^^^^
AttributeError: 'Request' object has no attribute 'continue_'
2025-10-14 15:38:04,991 - ERROR - Exception in callback AsyncIOEventEmitter._emit_run.<locals>.callback(<Task finishe...'continue_'")>) at C:\Users\amod.mishra_engineos\AppData\Local\Programs\Python\Python311\Lib\site-packages\pyee\asyncio.py:97
handle: <Handle AsyncIOEventEmitter._emit_run.<locals>.callback(<Task finishe...'continue_'")>) at C:\Users\amod.mishra_engineos\AppData\Local\Programs\Python\Python311\Lib\site-packages\pyee\asyncio.py:97>
Traceback (most recent call last):
  File "C:\Users\amod.mishra_engineos\AppData\Local\Programs\Python\Python311\Lib\asyncio\events.py", line 84, in _run
    self._context.run(self._callback, *self._args)
  File "C:\Users\amod.mishra_engineos\AppData\Local\Programs\Python\Python311\Lib\site-packages\pyee\asyncio.py", line 105, in callback
    self.emit("error", exc)
  File "C:\Users\amod.mishra_engineos\AppData\Local\Programs\Python\Python311\Lib\site-packages\pyee\asyncio.py", line 70, in emit
    return super().emit(event, *args, **kwargs)
           ^^^^^^^^^^^^^^^^^^^^^^^^^^^^^^^^^^^^
  File "C:\Users\amod.mishra_engineos\AppData\Local\Programs\Python\Python311\Lib\site-packages\pyee\base.py", line 223, in emit
    self._emit_handle_potential_error(event, args[0] if args else None)
  File "C:\Users\amod.mishra_engineos\AppData\Local\Programs\Python\Python311\Lib\site-packages\pyee\base.py", line 181, in _emit_handle_potential_error
    raise error
  File "C:\Users\amod.mishra_engineos\Odynn-Hotel-Framework\crm_core\hotel_crawlers\marriott\marriott_botright.py", line 112, in handle_route
    response = await route.continue_()
                     ^^^^^^^^^^^^^^^
AttributeError: 'Request' object has no attribute 'continue_'
2025-10-14 15:38:04,992 - ERROR - Exception in callback AsyncIOEventEmitter._emit_run.<locals>.callback(<Task finishe...'continue_'")>) at C:\Users\amod.mishra_engineos\AppData\Local\Programs\Python\Python311\Lib\site-packages\pyee\asyncio.py:97
handle: <Handle AsyncIOEventEmitter._emit_run.<locals>.callback(<Task finishe...'continue_'")>) at C:\Users\amod.mishra_engineos\AppData\Local\Programs\Python\Python311\Lib\site-packages\pyee\asyncio.py:97>
Traceback (most recent call last):
  File "C:\Users\amod.mishra_engineos\AppData\Local\Programs\Python\Python311\Lib\asyncio\events.py", line 84, in _run
    self._context.run(self._callback, *self._args)
  File "C:\Users\amod.mishra_engineos\AppData\Local\Programs\Python\Python311\Lib\site-packages\pyee\asyncio.py", line 105, in callback
    self.emit("error", exc)
  File "C:\Users\amod.mishra_engineos\AppData\Local\Programs\Python\Python311\Lib\site-packages\pyee\asyncio.py", line 70, in emit
    return super().emit(event, *args, **kwargs)
           ^^^^^^^^^^^^^^^^^^^^^^^^^^^^^^^^^^^^
  File "C:\Users\amod.mishra_engineos\AppData\Local\Programs\Python\Python311\Lib\site-packages\pyee\base.py", line 223, in emit
    self._emit_handle_potential_error(event, args[0] if args else None)
  File "C:\Users\amod.mishra_engineos\AppData\Local\Programs\Python\Python311\Lib\site-packages\pyee\base.py", line 181, in _emit_handle_potential_error
    raise error
  File "C:\Users\amod.mishra_engineos\Odynn-Hotel-Framework\crm_core\hotel_crawlers\marriott\marriott_botright.py", line 112, in handle_route
    response = await route.continue_()
                     ^^^^^^^^^^^^^^^
AttributeError: 'Request' object has no attribute 'continue_'
2025-10-14 15:38:05,021 - ERROR - Exception in callback AsyncIOEventEmitter._emit_run.<locals>.callback(<Task finishe...'continue_'")>) at C:\Users\amod.mishra_engineos\AppData\Local\Programs\Python\Python311\Lib\site-packages\pyee\asyncio.py:97
handle: <Handle AsyncIOEventEmitter._emit_run.<locals>.callback(<Task finishe...'continue_'")>) at C:\Users\amod.mishra_engineos\AppData\Local\Programs\Python\Python311\Lib\site-packages\pyee\asyncio.py:97>
Traceback (most recent call last):
  File "C:\Users\amod.mishra_engineos\AppData\Local\Programs\Python\Python311\Lib\asyncio\events.py", line 84, in _run
    self._context.run(self._callback, *self._args)
  File "C:\Users\amod.mishra_engineos\AppData\Local\Programs\Python\Python311\Lib\site-packages\pyee\asyncio.py", line 105, in callback
    self.emit("error", exc)
  File "C:\Users\amod.mishra_engineos\AppData\Local\Programs\Python\Python311\Lib\site-packages\pyee\asyncio.py", line 70, in emit
    return super().emit(event, *args, **kwargs)
           ^^^^^^^^^^^^^^^^^^^^^^^^^^^^^^^^^^^^
  File "C:\Users\amod.mishra_engineos\AppData\Local\Programs\Python\Python311\Lib\site-packages\pyee\base.py", line 223, in emit
    self._emit_handle_potential_error(event, args[0] if args else None)
  File "C:\Users\amod.mishra_engineos\AppData\Local\Programs\Python\Python311\Lib\site-packages\pyee\base.py", line 181, in _emit_handle_potential_error
    raise error
  File "C:\Users\amod.mishra_engineos\Odynn-Hotel-Framework\crm_core\hotel_crawlers\marriott\marriott_botright.py", line 112, in handle_route
    response = await route.continue_()
                     ^^^^^^^^^^^^^^^
AttributeError: 'Request' object has no attribute 'continue_'
2025-10-14 15:38:05,024 - ERROR - Exception in callback AsyncIOEventEmitter._emit_run.<locals>.callback(<Task finishe...'continue_'")>) at C:\Users\amod.mishra_engineos\AppData\Local\Programs\Python\Python311\Lib\site-packages\pyee\asyncio.py:97
handle: <Handle AsyncIOEventEmitter._emit_run.<locals>.callback(<Task finishe...'continue_'")>) at C:\Users\amod.mishra_engineos\AppData\Local\Programs\Python\Python311\Lib\site-packages\pyee\asyncio.py:97>
Traceback (most recent call last):
  File "C:\Users\amod.mishra_engineos\AppData\Local\Programs\Python\Python311\Lib\asyncio\events.py", line 84, in _run
    self._context.run(self._callback, *self._args)
  File "C:\Users\amod.mishra_engineos\AppData\Local\Programs\Python\Python311\Lib\site-packages\pyee\asyncio.py", line 105, in callback
    self.emit("error", exc)
  File "C:\Users\amod.mishra_engineos\AppData\Local\Programs\Python\Python311\Lib\site-packages\pyee\asyncio.py", line 70, in emit
    return super().emit(event, *args, **kwargs)
           ^^^^^^^^^^^^^^^^^^^^^^^^^^^^^^^^^^^^
  File "C:\Users\amod.mishra_engineos\AppData\Local\Programs\Python\Python311\Lib\site-packages\pyee\base.py", line 223, in emit
    self._emit_handle_potential_error(event, args[0] if args else None)
  File "C:\Users\amod.mishra_engineos\AppData\Local\Programs\Python\Python311\Lib\site-packages\pyee\base.py", line 181, in _emit_handle_potential_error
    raise error
  File "C:\Users\amod.mishra_engineos\Odynn-Hotel-Framework\crm_core\hotel_crawlers\marriott\marriott_botright.py", line 112, in handle_route
    response = await route.continue_()
                     ^^^^^^^^^^^^^^^
AttributeError: 'Request' object has no attribute 'continue_'
2025-10-14 15:38:05,036 - ERROR - Exception in callback AsyncIOEventEmitter._emit_run.<locals>.callback(<Task finishe...'continue_'")>) at C:\Users\amod.mishra_engineos\AppData\Local\Programs\Python\Python311\Lib\site-packages\pyee\asyncio.py:97
handle: <Handle AsyncIOEventEmitter._emit_run.<locals>.callback(<Task finishe...'continue_'")>) at C:\Users\amod.mishra_engineos\AppData\Local\Programs\Python\Python311\Lib\site-packages\pyee\asyncio.py:97>
Traceback (most recent call last):
  File "C:\Users\amod.mishra_engineos\AppData\Local\Programs\Python\Python311\Lib\asyncio\events.py", line 84, in _run
    self._context.run(self._callback, *self._args)
  File "C:\Users\amod.mishra_engineos\AppData\Local\Programs\Python\Python311\Lib\site-packages\pyee\asyncio.py", line 105, in callback
    self.emit("error", exc)
  File "C:\Users\amod.mishra_engineos\AppData\Local\Programs\Python\Python311\Lib\site-packages\pyee\asyncio.py", line 70, in emit
    return super().emit(event, *args, **kwargs)
           ^^^^^^^^^^^^^^^^^^^^^^^^^^^^^^^^^^^^
  File "C:\Users\amod.mishra_engineos\AppData\Local\Programs\Python\Python311\Lib\site-packages\pyee\base.py", line 223, in emit
    self._emit_handle_potential_error(event, args[0] if args else None)
  File "C:\Users\amod.mishra_engineos\AppData\Local\Programs\Python\Python311\Lib\site-packages\pyee\base.py", line 181, in _emit_handle_potential_error
    raise error
  File "C:\Users\amod.mishra_engineos\Odynn-Hotel-Framework\crm_core\hotel_crawlers\marriott\marriott_botright.py", line 112, in handle_route
    response = await route.continue_()
                     ^^^^^^^^^^^^^^^
AttributeError: 'Request' object has no attribute 'continue_'
2025-10-14 15:38:05,046 - ERROR - Exception in callback AsyncIOEventEmitter._emit_run.<locals>.callback(<Task finishe...'continue_'")>) at C:\Users\amod.mishra_engineos\AppData\Local\Programs\Python\Python311\Lib\site-packages\pyee\asyncio.py:97
handle: <Handle AsyncIOEventEmitter._emit_run.<locals>.callback(<Task finishe...'continue_'")>) at C:\Users\amod.mishra_engineos\AppData\Local\Programs\Python\Python311\Lib\site-packages\pyee\asyncio.py:97>
Traceback (most recent call last):
  File "C:\Users\amod.mishra_engineos\AppData\Local\Programs\Python\Python311\Lib\asyncio\events.py", line 84, in _run
    self._context.run(self._callback, *self._args)
  File "C:\Users\amod.mishra_engineos\AppData\Local\Programs\Python\Python311\Lib\site-packages\pyee\asyncio.py", line 105, in callback
    self.emit("error", exc)
  File "C:\Users\amod.mishra_engineos\AppData\Local\Programs\Python\Python311\Lib\site-packages\pyee\asyncio.py", line 70, in emit
    return super().emit(event, *args, **kwargs)
           ^^^^^^^^^^^^^^^^^^^^^^^^^^^^^^^^^^^^
  File "C:\Users\amod.mishra_engineos\AppData\Local\Programs\Python\Python311\Lib\site-packages\pyee\base.py", line 223, in emit
    self._emit_handle_potential_error(event, args[0] if args else None)
  File "C:\Users\amod.mishra_engineos\AppData\Local\Programs\Python\Python311\Lib\site-packages\pyee\base.py", line 181, in _emit_handle_potential_error
    raise error
  File "C:\Users\amod.mishra_engineos\Odynn-Hotel-Framework\crm_core\hotel_crawlers\marriott\marriott_botright.py", line 112, in handle_route
    response = await route.continue_()
                     ^^^^^^^^^^^^^^^
AttributeError: 'Request' object has no attribute 'continue_'
2025-10-14 15:38:05,048 - ERROR - Exception in callback AsyncIOEventEmitter._emit_run.<locals>.callback(<Task finishe...'continue_'")>) at C:\Users\amod.mishra_engineos\AppData\Local\Programs\Python\Python311\Lib\site-packages\pyee\asyncio.py:97
handle: <Handle AsyncIOEventEmitter._emit_run.<locals>.callback(<Task finishe...'continue_'")>) at C:\Users\amod.mishra_engineos\AppData\Local\Programs\Python\Python311\Lib\site-packages\pyee\asyncio.py:97>
Traceback (most recent call last):
  File "C:\Users\amod.mishra_engineos\AppData\Local\Programs\Python\Python311\Lib\asyncio\events.py", line 84, in _run
    self._context.run(self._callback, *self._args)
  File "C:\Users\amod.mishra_engineos\AppData\Local\Programs\Python\Python311\Lib\site-packages\pyee\asyncio.py", line 105, in callback
    self.emit("error", exc)
  File "C:\Users\amod.mishra_engineos\AppData\Local\Programs\Python\Python311\Lib\site-packages\pyee\asyncio.py", line 70, in emit
    return super().emit(event, *args, **kwargs)
           ^^^^^^^^^^^^^^^^^^^^^^^^^^^^^^^^^^^^
  File "C:\Users\amod.mishra_engineos\AppData\Local\Programs\Python\Python311\Lib\site-packages\pyee\base.py", line 223, in emit
    self._emit_handle_potential_error(event, args[0] if args else None)
  File "C:\Users\amod.mishra_engineos\AppData\Local\Programs\Python\Python311\Lib\site-packages\pyee\base.py", line 181, in _emit_handle_potential_error
    raise error
  File "C:\Users\amod.mishra_engineos\Odynn-Hotel-Framework\crm_core\hotel_crawlers\marriott\marriott_botright.py", line 112, in handle_route
    response = await route.continue_()
                     ^^^^^^^^^^^^^^^
AttributeError: 'Request' object has no attribute 'continue_'
2025-10-14 15:38:05,051 - ERROR - Exception in callback AsyncIOEventEmitter._emit_run.<locals>.callback(<Task finishe...'continue_'")>) at C:\Users\amod.mishra_engineos\AppData\Local\Programs\Python\Python311\Lib\site-packages\pyee\asyncio.py:97
handle: <Handle AsyncIOEventEmitter._emit_run.<locals>.callback(<Task finishe...'continue_'")>) at C:\Users\amod.mishra_engineos\AppData\Local\Programs\Python\Python311\Lib\site-packages\pyee\asyncio.py:97>
Traceback (most recent call last):
  File "C:\Users\amod.mishra_engineos\AppData\Local\Programs\Python\Python311\Lib\asyncio\events.py", line 84, in _run
    self._context.run(self._callback, *self._args)
  File "C:\Users\amod.mishra_engineos\AppData\Local\Programs\Python\Python311\Lib\site-packages\pyee\asyncio.py", line 105, in callback
    self.emit("error", exc)
  File "C:\Users\amod.mishra_engineos\AppData\Local\Programs\Python\Python311\Lib\site-packages\pyee\asyncio.py", line 70, in emit
    return super().emit(event, *args, **kwargs)
           ^^^^^^^^^^^^^^^^^^^^^^^^^^^^^^^^^^^^
  File "C:\Users\amod.mishra_engineos\AppData\Local\Programs\Python\Python311\Lib\site-packages\pyee\base.py", line 223, in emit
    self._emit_handle_potential_error(event, args[0] if args else None)
  File "C:\Users\amod.mishra_engineos\AppData\Local\Programs\Python\Python311\Lib\site-packages\pyee\base.py", line 181, in _emit_handle_potential_error
    raise error
  File "C:\Users\amod.mishra_engineos\Odynn-Hotel-Framework\crm_core\hotel_crawlers\marriott\marriott_botright.py", line 112, in handle_route
    response = await route.continue_()
                     ^^^^^^^^^^^^^^^
AttributeError: 'Request' object has no attribute 'continue_'
2025-10-14 15:38:05,054 - ERROR - Exception in callback AsyncIOEventEmitter._emit_run.<locals>.callback(<Task finishe...'continue_'")>) at C:\Users\amod.mishra_engineos\AppData\Local\Programs\Python\Python311\Lib\site-packages\pyee\asyncio.py:97
handle: <Handle AsyncIOEventEmitter._emit_run.<locals>.callback(<Task finishe...'continue_'")>) at C:\Users\amod.mishra_engineos\AppData\Local\Programs\Python\Python311\Lib\site-packages\pyee\asyncio.py:97>
Traceback (most recent call last):
  File "C:\Users\amod.mishra_engineos\AppData\Local\Programs\Python\Python311\Lib\asyncio\events.py", line 84, in _run
    self._context.run(self._callback, *self._args)
  File "C:\Users\amod.mishra_engineos\AppData\Local\Programs\Python\Python311\Lib\site-packages\pyee\asyncio.py", line 105, in callback
    self.emit("error", exc)
  File "C:\Users\amod.mishra_engineos\AppData\Local\Programs\Python\Python311\Lib\site-packages\pyee\asyncio.py", line 70, in emit
    return super().emit(event, *args, **kwargs)
           ^^^^^^^^^^^^^^^^^^^^^^^^^^^^^^^^^^^^
  File "C:\Users\amod.mishra_engineos\AppData\Local\Programs\Python\Python311\Lib\site-packages\pyee\base.py", line 223, in emit
    self._emit_handle_potential_error(event, args[0] if args else None)
  File "C:\Users\amod.mishra_engineos\AppData\Local\Programs\Python\Python311\Lib\site-packages\pyee\base.py", line 181, in _emit_handle_potential_error
    raise error
  File "C:\Users\amod.mishra_engineos\Odynn-Hotel-Framework\crm_core\hotel_crawlers\marriott\marriott_botright.py", line 112, in handle_route
    response = await route.continue_()
                     ^^^^^^^^^^^^^^^
AttributeError: 'Request' object has no attribute 'continue_'
2025-10-14 15:38:05,056 - ERROR - Exception in callback AsyncIOEventEmitter._emit_run.<locals>.callback(<Task finishe...'continue_'")>) at C:\Users\amod.mishra_engineos\AppData\Local\Programs\Python\Python311\Lib\site-packages\pyee\asyncio.py:97
handle: <Handle AsyncIOEventEmitter._emit_run.<locals>.callback(<Task finishe...'continue_'")>) at C:\Users\amod.mishra_engineos\AppData\Local\Programs\Python\Python311\Lib\site-packages\pyee\asyncio.py:97>
Traceback (most recent call last):
  File "C:\Users\amod.mishra_engineos\AppData\Local\Programs\Python\Python311\Lib\asyncio\events.py", line 84, in _run
    self._context.run(self._callback, *self._args)
  File "C:\Users\amod.mishra_engineos\AppData\Local\Programs\Python\Python311\Lib\site-packages\pyee\asyncio.py", line 105, in callback
    self.emit("error", exc)
  File "C:\Users\amod.mishra_engineos\AppData\Local\Programs\Python\Python311\Lib\site-packages\pyee\asyncio.py", line 70, in emit
    return super().emit(event, *args, **kwargs)
           ^^^^^^^^^^^^^^^^^^^^^^^^^^^^^^^^^^^^
  File "C:\Users\amod.mishra_engineos\AppData\Local\Programs\Python\Python311\Lib\site-packages\pyee\base.py", line 223, in emit
    self._emit_handle_potential_error(event, args[0] if args else None)
  File "C:\Users\amod.mishra_engineos\AppData\Local\Programs\Python\Python311\Lib\site-packages\pyee\base.py", line 181, in _emit_handle_potential_error
    raise error
  File "C:\Users\amod.mishra_engineos\Odynn-Hotel-Framework\crm_core\hotel_crawlers\marriott\marriott_botright.py", line 112, in handle_route
    response = await route.continue_()
                     ^^^^^^^^^^^^^^^
AttributeError: 'Request' object has no attribute 'continue_'
2025-10-14 15:38:05,058 - ERROR - Exception in callback AsyncIOEventEmitter._emit_run.<locals>.callback(<Task finishe...'continue_'")>) at C:\Users\amod.mishra_engineos\AppData\Local\Programs\Python\Python311\Lib\site-packages\pyee\asyncio.py:97
handle: <Handle AsyncIOEventEmitter._emit_run.<locals>.callback(<Task finishe...'continue_'")>) at C:\Users\amod.mishra_engineos\AppData\Local\Programs\Python\Python311\Lib\site-packages\pyee\asyncio.py:97>
Traceback (most recent call last):
  File "C:\Users\amod.mishra_engineos\AppData\Local\Programs\Python\Python311\Lib\asyncio\events.py", line 84, in _run
    self._context.run(self._callback, *self._args)
  File "C:\Users\amod.mishra_engineos\AppData\Local\Programs\Python\Python311\Lib\site-packages\pyee\asyncio.py", line 105, in callback
    self.emit("error", exc)
  File "C:\Users\amod.mishra_engineos\AppData\Local\Programs\Python\Python311\Lib\site-packages\pyee\asyncio.py", line 70, in emit
    return super().emit(event, *args, **kwargs)
           ^^^^^^^^^^^^^^^^^^^^^^^^^^^^^^^^^^^^
  File "C:\Users\amod.mishra_engineos\AppData\Local\Programs\Python\Python311\Lib\site-packages\pyee\base.py", line 223, in emit
    self._emit_handle_potential_error(event, args[0] if args else None)
  File "C:\Users\amod.mishra_engineos\AppData\Local\Programs\Python\Python311\Lib\site-packages\pyee\base.py", line 181, in _emit_handle_potential_error
    raise error
  File "C:\Users\amod.mishra_engineos\Odynn-Hotel-Framework\crm_core\hotel_crawlers\marriott\marriott_botright.py", line 112, in handle_route
    response = await route.continue_()
                     ^^^^^^^^^^^^^^^
AttributeError: 'Request' object has no attribute 'continue_'
2025-10-14 15:38:05,060 - ERROR - Exception in callback AsyncIOEventEmitter._emit_run.<locals>.callback(<Task finishe...'continue_'")>) at C:\Users\amod.mishra_engineos\AppData\Local\Programs\Python\Python311\Lib\site-packages\pyee\asyncio.py:97
handle: <Handle AsyncIOEventEmitter._emit_run.<locals>.callback(<Task finishe...'continue_'")>) at C:\Users\amod.mishra_engineos\AppData\Local\Programs\Python\Python311\Lib\site-packages\pyee\asyncio.py:97>
Traceback (most recent call last):
  File "C:\Users\amod.mishra_engineos\AppData\Local\Programs\Python\Python311\Lib\asyncio\events.py", line 84, in _run
    self._context.run(self._callback, *self._args)
  File "C:\Users\amod.mishra_engineos\AppData\Local\Programs\Python\Python311\Lib\site-packages\pyee\asyncio.py", line 105, in callback
    self.emit("error", exc)
  File "C:\Users\amod.mishra_engineos\AppData\Local\Programs\Python\Python311\Lib\site-packages\pyee\asyncio.py", line 70, in emit
    return super().emit(event, *args, **kwargs)
           ^^^^^^^^^^^^^^^^^^^^^^^^^^^^^^^^^^^^
  File "C:\Users\amod.mishra_engineos\AppData\Local\Programs\Python\Python311\Lib\site-packages\pyee\base.py", line 223, in emit
    self._emit_handle_potential_error(event, args[0] if args else None)
  File "C:\Users\amod.mishra_engineos\AppData\Local\Programs\Python\Python311\Lib\site-packages\pyee\base.py", line 181, in _emit_handle_potential_error
    raise error
  File "C:\Users\amod.mishra_engineos\Odynn-Hotel-Framework\crm_core\hotel_crawlers\marriott\marriott_botright.py", line 112, in handle_route
    response = await route.continue_()
                     ^^^^^^^^^^^^^^^
AttributeError: 'Request' object has no attribute 'continue_'
2025-10-14 15:38:05,061 - ERROR - Exception in callback AsyncIOEventEmitter._emit_run.<locals>.callback(<Task finishe...'continue_'")>) at C:\Users\amod.mishra_engineos\AppData\Local\Programs\Python\Python311\Lib\site-packages\pyee\asyncio.py:97
handle: <Handle AsyncIOEventEmitter._emit_run.<locals>.callback(<Task finishe...'continue_'")>) at C:\Users\amod.mishra_engineos\AppData\Local\Programs\Python\Python311\Lib\site-packages\pyee\asyncio.py:97>
Traceback (most recent call last):
  File "C:\Users\amod.mishra_engineos\AppData\Local\Programs\Python\Python311\Lib\asyncio\events.py", line 84, in _run
    self._context.run(self._callback, *self._args)
  File "C:\Users\amod.mishra_engineos\AppData\Local\Programs\Python\Python311\Lib\site-packages\pyee\asyncio.py", line 105, in callback
    self.emit("error", exc)
  File "C:\Users\amod.mishra_engineos\AppData\Local\Programs\Python\Python311\Lib\site-packages\pyee\asyncio.py", line 70, in emit
    return super().emit(event, *args, **kwargs)
           ^^^^^^^^^^^^^^^^^^^^^^^^^^^^^^^^^^^^
  File "C:\Users\amod.mishra_engineos\AppData\Local\Programs\Python\Python311\Lib\site-packages\pyee\base.py", line 223, in emit
    self._emit_handle_potential_error(event, args[0] if args else None)
  File "C:\Users\amod.mishra_engineos\AppData\Local\Programs\Python\Python311\Lib\site-packages\pyee\base.py", line 181, in _emit_handle_potential_error
    raise error
  File "C:\Users\amod.mishra_engineos\Odynn-Hotel-Framework\crm_core\hotel_crawlers\marriott\marriott_botright.py", line 112, in handle_route
    response = await route.continue_()
                     ^^^^^^^^^^^^^^^
AttributeError: 'Request' object has no attribute 'continue_'
2025-10-14 15:38:05,062 - ERROR - Exception in callback AsyncIOEventEmitter._emit_run.<locals>.callback(<Task finishe...'continue_'")>) at C:\Users\amod.mishra_engineos\AppData\Local\Programs\Python\Python311\Lib\site-packages\pyee\asyncio.py:97
handle: <Handle AsyncIOEventEmitter._emit_run.<locals>.callback(<Task finishe...'continue_'")>) at C:\Users\amod.mishra_engineos\AppData\Local\Programs\Python\Python311\Lib\site-packages\pyee\asyncio.py:97>
Traceback (most recent call last):
  File "C:\Users\amod.mishra_engineos\AppData\Local\Programs\Python\Python311\Lib\asyncio\events.py", line 84, in _run
    self._context.run(self._callback, *self._args)
  File "C:\Users\amod.mishra_engineos\AppData\Local\Programs\Python\Python311\Lib\site-packages\pyee\asyncio.py", line 105, in callback
    self.emit("error", exc)
  File "C:\Users\amod.mishra_engineos\AppData\Local\Programs\Python\Python311\Lib\site-packages\pyee\asyncio.py", line 70, in emit
    return super().emit(event, *args, **kwargs)
           ^^^^^^^^^^^^^^^^^^^^^^^^^^^^^^^^^^^^
  File "C:\Users\amod.mishra_engineos\AppData\Local\Programs\Python\Python311\Lib\site-packages\pyee\base.py", line 223, in emit
    self._emit_handle_potential_error(event, args[0] if args else None)
  File "C:\Users\amod.mishra_engineos\AppData\Local\Programs\Python\Python311\Lib\site-packages\pyee\base.py", line 181, in _emit_handle_potential_error
    raise error
  File "C:\Users\amod.mishra_engineos\Odynn-Hotel-Framework\crm_core\hotel_crawlers\marriott\marriott_botright.py", line 112, in handle_route
    response = await route.continue_()
                     ^^^^^^^^^^^^^^^
AttributeError: 'Request' object has no attribute 'continue_'
2025-10-14 15:38:05,064 - ERROR - Exception in callback AsyncIOEventEmitter._emit_run.<locals>.callback(<Task finishe...'continue_'")>) at C:\Users\amod.mishra_engineos\AppData\Local\Programs\Python\Python311\Lib\site-packages\pyee\asyncio.py:97
handle: <Handle AsyncIOEventEmitter._emit_run.<locals>.callback(<Task finishe...'continue_'")>) at C:\Users\amod.mishra_engineos\AppData\Local\Programs\Python\Python311\Lib\site-packages\pyee\asyncio.py:97>
Traceback (most recent call last):
  File "C:\Users\amod.mishra_engineos\AppData\Local\Programs\Python\Python311\Lib\asyncio\events.py", line 84, in _run
    self._context.run(self._callback, *self._args)
  File "C:\Users\amod.mishra_engineos\AppData\Local\Programs\Python\Python311\Lib\site-packages\pyee\asyncio.py", line 105, in callback
    self.emit("error", exc)
  File "C:\Users\amod.mishra_engineos\AppData\Local\Programs\Python\Python311\Lib\site-packages\pyee\asyncio.py", line 70, in emit
    return super().emit(event, *args, **kwargs)
           ^^^^^^^^^^^^^^^^^^^^^^^^^^^^^^^^^^^^
  File "C:\Users\amod.mishra_engineos\AppData\Local\Programs\Python\Python311\Lib\site-packages\pyee\base.py", line 223, in emit
    self._emit_handle_potential_error(event, args[0] if args else None)
  File "C:\Users\amod.mishra_engineos\AppData\Local\Programs\Python\Python311\Lib\site-packages\pyee\base.py", line 181, in _emit_handle_potential_error
    raise error
  File "C:\Users\amod.mishra_engineos\Odynn-Hotel-Framework\crm_core\hotel_crawlers\marriott\marriott_botright.py", line 112, in handle_route
    response = await route.continue_()
                     ^^^^^^^^^^^^^^^
AttributeError: 'Request' object has no attribute 'continue_'
2025-10-14 15:38:05,067 - ERROR - Exception in callback AsyncIOEventEmitter._emit_run.<locals>.callback(<Task finishe...'continue_'")>) at C:\Users\amod.mishra_engineos\AppData\Local\Programs\Python\Python311\Lib\site-packages\pyee\asyncio.py:97
handle: <Handle AsyncIOEventEmitter._emit_run.<locals>.callback(<Task finishe...'continue_'")>) at C:\Users\amod.mishra_engineos\AppData\Local\Programs\Python\Python311\Lib\site-packages\pyee\asyncio.py:97>
Traceback (most recent call last):
  File "C:\Users\amod.mishra_engineos\AppData\Local\Programs\Python\Python311\Lib\asyncio\events.py", line 84, in _run
    self._context.run(self._callback, *self._args)
  File "C:\Users\amod.mishra_engineos\AppData\Local\Programs\Python\Python311\Lib\site-packages\pyee\asyncio.py", line 105, in callback
    self.emit("error", exc)
  File "C:\Users\amod.mishra_engineos\AppData\Local\Programs\Python\Python311\Lib\site-packages\pyee\asyncio.py", line 70, in emit
    return super().emit(event, *args, **kwargs)
           ^^^^^^^^^^^^^^^^^^^^^^^^^^^^^^^^^^^^
  File "C:\Users\amod.mishra_engineos\AppData\Local\Programs\Python\Python311\Lib\site-packages\pyee\base.py", line 223, in emit
    self._emit_handle_potential_error(event, args[0] if args else None)
  File "C:\Users\amod.mishra_engineos\AppData\Local\Programs\Python\Python311\Lib\site-packages\pyee\base.py", line 181, in _emit_handle_potential_error
    raise error
  File "C:\Users\amod.mishra_engineos\Odynn-Hotel-Framework\crm_core\hotel_crawlers\marriott\marriott_botright.py", line 112, in handle_route
    response = await route.continue_()
                     ^^^^^^^^^^^^^^^
AttributeError: 'Request' object has no attribute 'continue_'
2025-10-14 15:38:05,069 - ERROR - Exception in callback AsyncIOEventEmitter._emit_run.<locals>.callback(<Task finishe...'continue_'")>) at C:\Users\amod.mishra_engineos\AppData\Local\Programs\Python\Python311\Lib\site-packages\pyee\asyncio.py:97
handle: <Handle AsyncIOEventEmitter._emit_run.<locals>.callback(<Task finishe...'continue_'")>) at C:\Users\amod.mishra_engineos\AppData\Local\Programs\Python\Python311\Lib\site-packages\pyee\asyncio.py:97>
Traceback (most recent call last):
  File "C:\Users\amod.mishra_engineos\AppData\Local\Programs\Python\Python311\Lib\asyncio\events.py", line 84, in _run
    self._context.run(self._callback, *self._args)
  File "C:\Users\amod.mishra_engineos\AppData\Local\Programs\Python\Python311\Lib\site-packages\pyee\asyncio.py", line 105, in callback
    self.emit("error", exc)
  File "C:\Users\amod.mishra_engineos\AppData\Local\Programs\Python\Python311\Lib\site-packages\pyee\asyncio.py", line 70, in emit
    return super().emit(event, *args, **kwargs)
           ^^^^^^^^^^^^^^^^^^^^^^^^^^^^^^^^^^^^
  File "C:\Users\amod.mishra_engineos\AppData\Local\Programs\Python\Python311\Lib\site-packages\pyee\base.py", line 223, in emit
    self._emit_handle_potential_error(event, args[0] if args else None)
  File "C:\Users\amod.mishra_engineos\AppData\Local\Programs\Python\Python311\Lib\site-packages\pyee\base.py", line 181, in _emit_handle_potential_error
    raise error
  File "C:\Users\amod.mishra_engineos\Odynn-Hotel-Framework\crm_core\hotel_crawlers\marriott\marriott_botright.py", line 112, in handle_route
    response = await route.continue_()
                     ^^^^^^^^^^^^^^^
AttributeError: 'Request' object has no attribute 'continue_'
2025-10-14 15:38:05,070 - ERROR - Exception in callback AsyncIOEventEmitter._emit_run.<locals>.callback(<Task finishe...'continue_'")>) at C:\Users\amod.mishra_engineos\AppData\Local\Programs\Python\Python311\Lib\site-packages\pyee\asyncio.py:97
handle: <Handle AsyncIOEventEmitter._emit_run.<locals>.callback(<Task finishe...'continue_'")>) at C:\Users\amod.mishra_engineos\AppData\Local\Programs\Python\Python311\Lib\site-packages\pyee\asyncio.py:97>
Traceback (most recent call last):
  File "C:\Users\amod.mishra_engineos\AppData\Local\Programs\Python\Python311\Lib\asyncio\events.py", line 84, in _run
    self._context.run(self._callback, *self._args)
  File "C:\Users\amod.mishra_engineos\AppData\Local\Programs\Python\Python311\Lib\site-packages\pyee\asyncio.py", line 105, in callback
    self.emit("error", exc)
  File "C:\Users\amod.mishra_engineos\AppData\Local\Programs\Python\Python311\Lib\site-packages\pyee\asyncio.py", line 70, in emit
    return super().emit(event, *args, **kwargs)
           ^^^^^^^^^^^^^^^^^^^^^^^^^^^^^^^^^^^^
  File "C:\Users\amod.mishra_engineos\AppData\Local\Programs\Python\Python311\Lib\site-packages\pyee\base.py", line 223, in emit
    self._emit_handle_potential_error(event, args[0] if args else None)
  File "C:\Users\amod.mishra_engineos\AppData\Local\Programs\Python\Python311\Lib\site-packages\pyee\base.py", line 181, in _emit_handle_potential_error
    raise error
  File "C:\Users\amod.mishra_engineos\Odynn-Hotel-Framework\crm_core\hotel_crawlers\marriott\marriott_botright.py", line 112, in handle_route
    response = await route.continue_()
                     ^^^^^^^^^^^^^^^
AttributeError: 'Request' object has no attribute 'continue_'
2025-10-14 15:38:05,072 - ERROR - Exception in callback AsyncIOEventEmitter._emit_run.<locals>.callback(<Task finishe...'continue_'")>) at C:\Users\amod.mishra_engineos\AppData\Local\Programs\Python\Python311\Lib\site-packages\pyee\asyncio.py:97
handle: <Handle AsyncIOEventEmitter._emit_run.<locals>.callback(<Task finishe...'continue_'")>) at C:\Users\amod.mishra_engineos\AppData\Local\Programs\Python\Python311\Lib\site-packages\pyee\asyncio.py:97>
Traceback (most recent call last):
  File "C:\Users\amod.mishra_engineos\AppData\Local\Programs\Python\Python311\Lib\asyncio\events.py", line 84, in _run
    self._context.run(self._callback, *self._args)
  File "C:\Users\amod.mishra_engineos\AppData\Local\Programs\Python\Python311\Lib\site-packages\pyee\asyncio.py", line 105, in callback
    self.emit("error", exc)
  File "C:\Users\amod.mishra_engineos\AppData\Local\Programs\Python\Python311\Lib\site-packages\pyee\asyncio.py", line 70, in emit
    return super().emit(event, *args, **kwargs)
           ^^^^^^^^^^^^^^^^^^^^^^^^^^^^^^^^^^^^
  File "C:\Users\amod.mishra_engineos\AppData\Local\Programs\Python\Python311\Lib\site-packages\pyee\base.py", line 223, in emit
    self._emit_handle_potential_error(event, args[0] if args else None)
  File "C:\Users\amod.mishra_engineos\AppData\Local\Programs\Python\Python311\Lib\site-packages\pyee\base.py", line 181, in _emit_handle_potential_error
    raise error
  File "C:\Users\amod.mishra_engineos\Odynn-Hotel-Framework\crm_core\hotel_crawlers\marriott\marriott_botright.py", line 112, in handle_route
    response = await route.continue_()
                     ^^^^^^^^^^^^^^^
AttributeError: 'Request' object has no attribute 'continue_'
2025-10-14 15:38:05,073 - ERROR - Exception in callback AsyncIOEventEmitter._emit_run.<locals>.callback(<Task finishe...'continue_'")>) at C:\Users\amod.mishra_engineos\AppData\Local\Programs\Python\Python311\Lib\site-packages\pyee\asyncio.py:97
handle: <Handle AsyncIOEventEmitter._emit_run.<locals>.callback(<Task finishe...'continue_'")>) at C:\Users\amod.mishra_engineos\AppData\Local\Programs\Python\Python311\Lib\site-packages\pyee\asyncio.py:97>
Traceback (most recent call last):
  File "C:\Users\amod.mishra_engineos\AppData\Local\Programs\Python\Python311\Lib\asyncio\events.py", line 84, in _run
    self._context.run(self._callback, *self._args)
  File "C:\Users\amod.mishra_engineos\AppData\Local\Programs\Python\Python311\Lib\site-packages\pyee\asyncio.py", line 105, in callback
    self.emit("error", exc)
  File "C:\Users\amod.mishra_engineos\AppData\Local\Programs\Python\Python311\Lib\site-packages\pyee\asyncio.py", line 70, in emit
    return super().emit(event, *args, **kwargs)
           ^^^^^^^^^^^^^^^^^^^^^^^^^^^^^^^^^^^^
  File "C:\Users\amod.mishra_engineos\AppData\Local\Programs\Python\Python311\Lib\site-packages\pyee\base.py", line 223, in emit
    self._emit_handle_potential_error(event, args[0] if args else None)
  File "C:\Users\amod.mishra_engineos\AppData\Local\Programs\Python\Python311\Lib\site-packages\pyee\base.py", line 181, in _emit_handle_potential_error
    raise error
  File "C:\Users\amod.mishra_engineos\Odynn-Hotel-Framework\crm_core\hotel_crawlers\marriott\marriott_botright.py", line 112, in handle_route
    response = await route.continue_()
                     ^^^^^^^^^^^^^^^
AttributeError: 'Request' object has no attribute 'continue_'
2025-10-14 15:38:05,074 - ERROR - Exception in callback AsyncIOEventEmitter._emit_run.<locals>.callback(<Task finishe...'continue_'")>) at C:\Users\amod.mishra_engineos\AppData\Local\Programs\Python\Python311\Lib\site-packages\pyee\asyncio.py:97
handle: <Handle AsyncIOEventEmitter._emit_run.<locals>.callback(<Task finishe...'continue_'")>) at C:\Users\amod.mishra_engineos\AppData\Local\Programs\Python\Python311\Lib\site-packages\pyee\asyncio.py:97>
Traceback (most recent call last):
  File "C:\Users\amod.mishra_engineos\AppData\Local\Programs\Python\Python311\Lib\asyncio\events.py", line 84, in _run
    self._context.run(self._callback, *self._args)
  File "C:\Users\amod.mishra_engineos\AppData\Local\Programs\Python\Python311\Lib\site-packages\pyee\asyncio.py", line 105, in callback
    self.emit("error", exc)
  File "C:\Users\amod.mishra_engineos\AppData\Local\Programs\Python\Python311\Lib\site-packages\pyee\asyncio.py", line 70, in emit
    return super().emit(event, *args, **kwargs)
           ^^^^^^^^^^^^^^^^^^^^^^^^^^^^^^^^^^^^
  File "C:\Users\amod.mishra_engineos\AppData\Local\Programs\Python\Python311\Lib\site-packages\pyee\base.py", line 223, in emit
    self._emit_handle_potential_error(event, args[0] if args else None)
  File "C:\Users\amod.mishra_engineos\AppData\Local\Programs\Python\Python311\Lib\site-packages\pyee\base.py", line 181, in _emit_handle_potential_error
    raise error
  File "C:\Users\amod.mishra_engineos\Odynn-Hotel-Framework\crm_core\hotel_crawlers\marriott\marriott_botright.py", line 112, in handle_route
    response = await route.continue_()
                     ^^^^^^^^^^^^^^^
AttributeError: 'Request' object has no attribute 'continue_'
2025-10-14 15:38:05,082 - ERROR - Exception in callback AsyncIOEventEmitter._emit_run.<locals>.callback(<Task finishe...'continue_'")>) at C:\Users\amod.mishra_engineos\AppData\Local\Programs\Python\Python311\Lib\site-packages\pyee\asyncio.py:97
handle: <Handle AsyncIOEventEmitter._emit_run.<locals>.callback(<Task finishe...'continue_'")>) at C:\Users\amod.mishra_engineos\AppData\Local\Programs\Python\Python311\Lib\site-packages\pyee\asyncio.py:97>
Traceback (most recent call last):
  File "C:\Users\amod.mishra_engineos\AppData\Local\Programs\Python\Python311\Lib\asyncio\events.py", line 84, in _run
    self._context.run(self._callback, *self._args)
  File "C:\Users\amod.mishra_engineos\AppData\Local\Programs\Python\Python311\Lib\site-packages\pyee\asyncio.py", line 105, in callback
    self.emit("error", exc)
  File "C:\Users\amod.mishra_engineos\AppData\Local\Programs\Python\Python311\Lib\site-packages\pyee\asyncio.py", line 70, in emit
    return super().emit(event, *args, **kwargs)
           ^^^^^^^^^^^^^^^^^^^^^^^^^^^^^^^^^^^^
  File "C:\Users\amod.mishra_engineos\AppData\Local\Programs\Python\Python311\Lib\site-packages\pyee\base.py", line 223, in emit
    self._emit_handle_potential_error(event, args[0] if args else None)
  File "C:\Users\amod.mishra_engineos\AppData\Local\Programs\Python\Python311\Lib\site-packages\pyee\base.py", line 181, in _emit_handle_potential_error
    raise error
  File "C:\Users\amod.mishra_engineos\Odynn-Hotel-Framework\crm_core\hotel_crawlers\marriott\marriott_botright.py", line 112, in handle_route
    response = await route.continue_()
                     ^^^^^^^^^^^^^^^
AttributeError: 'Request' object has no attribute 'continue_'
2025-10-14 15:38:05,301 - ERROR - Exception in callback AsyncIOEventEmitter._emit_run.<locals>.callback(<Task finishe...'continue_'")>) at C:\Users\amod.mishra_engineos\AppData\Local\Programs\Python\Python311\Lib\site-packages\pyee\asyncio.py:97
handle: <Handle AsyncIOEventEmitter._emit_run.<locals>.callback(<Task finishe...'continue_'")>) at C:\Users\amod.mishra_engineos\AppData\Local\Programs\Python\Python311\Lib\site-packages\pyee\asyncio.py:97>
Traceback (most recent call last):
  File "C:\Users\amod.mishra_engineos\AppData\Local\Programs\Python\Python311\Lib\asyncio\events.py", line 84, in _run
    self._context.run(self._callback, *self._args)
  File "C:\Users\amod.mishra_engineos\AppData\Local\Programs\Python\Python311\Lib\site-packages\pyee\asyncio.py", line 105, in callback
    self.emit("error", exc)
  File "C:\Users\amod.mishra_engineos\AppData\Local\Programs\Python\Python311\Lib\site-packages\pyee\asyncio.py", line 70, in emit
    return super().emit(event, *args, **kwargs)
           ^^^^^^^^^^^^^^^^^^^^^^^^^^^^^^^^^^^^
  File "C:\Users\amod.mishra_engineos\AppData\Local\Programs\Python\Python311\Lib\site-packages\pyee\base.py", line 223, in emit
    self._emit_handle_potential_error(event, args[0] if args else None)
  File "C:\Users\amod.mishra_engineos\AppData\Local\Programs\Python\Python311\Lib\site-packages\pyee\base.py", line 181, in _emit_handle_potential_error
    raise error
  File "C:\Users\amod.mishra_engineos\Odynn-Hotel-Framework\crm_core\hotel_crawlers\marriott\marriott_botright.py", line 112, in handle_route
    response = await route.continue_()
                     ^^^^^^^^^^^^^^^
AttributeError: 'Request' object has no attribute 'continue_'
2025-10-14 15:38:05,314 - ERROR - Exception in callback AsyncIOEventEmitter._emit_run.<locals>.callback(<Task finishe...'continue_'")>) at C:\Users\amod.mishra_engineos\AppData\Local\Programs\Python\Python311\Lib\site-packages\pyee\asyncio.py:97
handle: <Handle AsyncIOEventEmitter._emit_run.<locals>.callback(<Task finishe...'continue_'")>) at C:\Users\amod.mishra_engineos\AppData\Local\Programs\Python\Python311\Lib\site-packages\pyee\asyncio.py:97>
Traceback (most recent call last):
  File "C:\Users\amod.mishra_engineos\AppData\Local\Programs\Python\Python311\Lib\asyncio\events.py", line 84, in _run
    self._context.run(self._callback, *self._args)
  File "C:\Users\amod.mishra_engineos\AppData\Local\Programs\Python\Python311\Lib\site-packages\pyee\asyncio.py", line 105, in callback
    self.emit("error", exc)
  File "C:\Users\amod.mishra_engineos\AppData\Local\Programs\Python\Python311\Lib\site-packages\pyee\asyncio.py", line 70, in emit
    return super().emit(event, *args, **kwargs)
           ^^^^^^^^^^^^^^^^^^^^^^^^^^^^^^^^^^^^
  File "C:\Users\amod.mishra_engineos\AppData\Local\Programs\Python\Python311\Lib\site-packages\pyee\base.py", line 223, in emit
    self._emit_handle_potential_error(event, args[0] if args else None)
  File "C:\Users\amod.mishra_engineos\AppData\Local\Programs\Python\Python311\Lib\site-packages\pyee\base.py", line 181, in _emit_handle_potential_error
    raise error
  File "C:\Users\amod.mishra_engineos\Odynn-Hotel-Framework\crm_core\hotel_crawlers\marriott\marriott_botright.py", line 112, in handle_route
    response = await route.continue_()
                     ^^^^^^^^^^^^^^^
AttributeError: 'Request' object has no attribute 'continue_'
2025-10-14 15:38:05,764 - ERROR - Exception in callback AsyncIOEventEmitter._emit_run.<locals>.callback(<Task finishe...'continue_'")>) at C:\Users\amod.mishra_engineos\AppData\Local\Programs\Python\Python311\Lib\site-packages\pyee\asyncio.py:97
handle: <Handle AsyncIOEventEmitter._emit_run.<locals>.callback(<Task finishe...'continue_'")>) at C:\Users\amod.mishra_engineos\AppData\Local\Programs\Python\Python311\Lib\site-packages\pyee\asyncio.py:97>
Traceback (most recent call last):
  File "C:\Users\amod.mishra_engineos\AppData\Local\Programs\Python\Python311\Lib\asyncio\events.py", line 84, in _run
    self._context.run(self._callback, *self._args)
  File "C:\Users\amod.mishra_engineos\AppData\Local\Programs\Python\Python311\Lib\site-packages\pyee\asyncio.py", line 105, in callback
    self.emit("error", exc)
  File "C:\Users\amod.mishra_engineos\AppData\Local\Programs\Python\Python311\Lib\site-packages\pyee\asyncio.py", line 70, in emit
    return super().emit(event, *args, **kwargs)
           ^^^^^^^^^^^^^^^^^^^^^^^^^^^^^^^^^^^^
  File "C:\Users\amod.mishra_engineos\AppData\Local\Programs\Python\Python311\Lib\site-packages\pyee\base.py", line 223, in emit
    self._emit_handle_potential_error(event, args[0] if args else None)
  File "C:\Users\amod.mishra_engineos\AppData\Local\Programs\Python\Python311\Lib\site-packages\pyee\base.py", line 181, in _emit_handle_potential_error
    raise error
  File "C:\Users\amod.mishra_engineos\Odynn-Hotel-Framework\crm_core\hotel_crawlers\marriott\marriott_botright.py", line 112, in handle_route
    response = await route.continue_()
                     ^^^^^^^^^^^^^^^
AttributeError: 'Request' object has no attribute 'continue_'
2025-10-14 15:38:05,789 - ERROR - Exception in callback AsyncIOEventEmitter._emit_run.<locals>.callback(<Task finishe...'continue_'")>) at C:\Users\amod.mishra_engineos\AppData\Local\Programs\Python\Python311\Lib\site-packages\pyee\asyncio.py:97
handle: <Handle AsyncIOEventEmitter._emit_run.<locals>.callback(<Task finishe...'continue_'")>) at C:\Users\amod.mishra_engineos\AppData\Local\Programs\Python\Python311\Lib\site-packages\pyee\asyncio.py:97>
Traceback (most recent call last):
  File "C:\Users\amod.mishra_engineos\AppData\Local\Programs\Python\Python311\Lib\asyncio\events.py", line 84, in _run
    self._context.run(self._callback, *self._args)
  File "C:\Users\amod.mishra_engineos\AppData\Local\Programs\Python\Python311\Lib\site-packages\pyee\asyncio.py", line 105, in callback
    self.emit("error", exc)
  File "C:\Users\amod.mishra_engineos\AppData\Local\Programs\Python\Python311\Lib\site-packages\pyee\asyncio.py", line 70, in emit
    return super().emit(event, *args, **kwargs)
           ^^^^^^^^^^^^^^^^^^^^^^^^^^^^^^^^^^^^
  File "C:\Users\amod.mishra_engineos\AppData\Local\Programs\Python\Python311\Lib\site-packages\pyee\base.py", line 223, in emit
    self._emit_handle_potential_error(event, args[0] if args else None)
  File "C:\Users\amod.mishra_engineos\AppData\Local\Programs\Python\Python311\Lib\site-packages\pyee\base.py", line 181, in _emit_handle_potential_error
    raise error
  File "C:\Users\amod.mishra_engineos\Odynn-Hotel-Framework\crm_core\hotel_crawlers\marriott\marriott_botright.py", line 112, in handle_route
    response = await route.continue_()
                     ^^^^^^^^^^^^^^^
AttributeError: 'Request' object has no attribute 'continue_'
2025-10-14 15:38:05,857 - ERROR - Exception in callback AsyncIOEventEmitter._emit_run.<locals>.callback(<Task finishe...'continue_'")>) at C:\Users\amod.mishra_engineos\AppData\Local\Programs\Python\Python311\Lib\site-packages\pyee\asyncio.py:97
handle: <Handle AsyncIOEventEmitter._emit_run.<locals>.callback(<Task finishe...'continue_'")>) at C:\Users\amod.mishra_engineos\AppData\Local\Programs\Python\Python311\Lib\site-packages\pyee\asyncio.py:97>
Traceback (most recent call last):
  File "C:\Users\amod.mishra_engineos\AppData\Local\Programs\Python\Python311\Lib\asyncio\events.py", line 84, in _run
    self._context.run(self._callback, *self._args)
  File "C:\Users\amod.mishra_engineos\AppData\Local\Programs\Python\Python311\Lib\site-packages\pyee\asyncio.py", line 105, in callback
    self.emit("error", exc)
  File "C:\Users\amod.mishra_engineos\AppData\Local\Programs\Python\Python311\Lib\site-packages\pyee\asyncio.py", line 70, in emit
    return super().emit(event, *args, **kwargs)
           ^^^^^^^^^^^^^^^^^^^^^^^^^^^^^^^^^^^^
  File "C:\Users\amod.mishra_engineos\AppData\Local\Programs\Python\Python311\Lib\site-packages\pyee\base.py", line 223, in emit
    self._emit_handle_potential_error(event, args[0] if args else None)
  File "C:\Users\amod.mishra_engineos\AppData\Local\Programs\Python\Python311\Lib\site-packages\pyee\base.py", line 181, in _emit_handle_potential_error
    raise error
  File "C:\Users\amod.mishra_engineos\Odynn-Hotel-Framework\crm_core\hotel_crawlers\marriott\marriott_botright.py", line 112, in handle_route
    response = await route.continue_()
                     ^^^^^^^^^^^^^^^
AttributeError: 'Request' object has no attribute 'continue_'
2025-10-14 15:38:05,914 - ERROR - Exception in callback AsyncIOEventEmitter._emit_run.<locals>.callback(<Task finishe...'continue_'")>) at C:\Users\amod.mishra_engineos\AppData\Local\Programs\Python\Python311\Lib\site-packages\pyee\asyncio.py:97
handle: <Handle AsyncIOEventEmitter._emit_run.<locals>.callback(<Task finishe...'continue_'")>) at C:\Users\amod.mishra_engineos\AppData\Local\Programs\Python\Python311\Lib\site-packages\pyee\asyncio.py:97>
Traceback (most recent call last):
  File "C:\Users\amod.mishra_engineos\AppData\Local\Programs\Python\Python311\Lib\asyncio\events.py", line 84, in _run
    self._context.run(self._callback, *self._args)
  File "C:\Users\amod.mishra_engineos\AppData\Local\Programs\Python\Python311\Lib\site-packages\pyee\asyncio.py", line 105, in callback
    self.emit("error", exc)
  File "C:\Users\amod.mishra_engineos\AppData\Local\Programs\Python\Python311\Lib\site-packages\pyee\asyncio.py", line 70, in emit
    return super().emit(event, *args, **kwargs)
           ^^^^^^^^^^^^^^^^^^^^^^^^^^^^^^^^^^^^
  File "C:\Users\amod.mishra_engineos\AppData\Local\Programs\Python\Python311\Lib\site-packages\pyee\base.py", line 223, in emit
    self._emit_handle_potential_error(event, args[0] if args else None)
  File "C:\Users\amod.mishra_engineos\AppData\Local\Programs\Python\Python311\Lib\site-packages\pyee\base.py", line 181, in _emit_handle_potential_error
    raise error
  File "C:\Users\amod.mishra_engineos\Odynn-Hotel-Framework\crm_core\hotel_crawlers\marriott\marriott_botright.py", line 112, in handle_route
    response = await route.continue_()
                     ^^^^^^^^^^^^^^^
AttributeError: 'Request' object has no attribute 'continue_'
2025-10-14 15:38:05,930 - ERROR - Exception in callback AsyncIOEventEmitter._emit_run.<locals>.callback(<Task finishe...'continue_'")>) at C:\Users\amod.mishra_engineos\AppData\Local\Programs\Python\Python311\Lib\site-packages\pyee\asyncio.py:97
handle: <Handle AsyncIOEventEmitter._emit_run.<locals>.callback(<Task finishe...'continue_'")>) at C:\Users\amod.mishra_engineos\AppData\Local\Programs\Python\Python311\Lib\site-packages\pyee\asyncio.py:97>
Traceback (most recent call last):
  File "C:\Users\amod.mishra_engineos\AppData\Local\Programs\Python\Python311\Lib\asyncio\events.py", line 84, in _run
    self._context.run(self._callback, *self._args)
  File "C:\Users\amod.mishra_engineos\AppData\Local\Programs\Python\Python311\Lib\site-packages\pyee\asyncio.py", line 105, in callback
    self.emit("error", exc)
  File "C:\Users\amod.mishra_engineos\AppData\Local\Programs\Python\Python311\Lib\site-packages\pyee\asyncio.py", line 70, in emit
    return super().emit(event, *args, **kwargs)
           ^^^^^^^^^^^^^^^^^^^^^^^^^^^^^^^^^^^^
  File "C:\Users\amod.mishra_engineos\AppData\Local\Programs\Python\Python311\Lib\site-packages\pyee\base.py", line 223, in emit
    self._emit_handle_potential_error(event, args[0] if args else None)
  File "C:\Users\amod.mishra_engineos\AppData\Local\Programs\Python\Python311\Lib\site-packages\pyee\base.py", line 181, in _emit_handle_potential_error
    raise error
  File "C:\Users\amod.mishra_engineos\Odynn-Hotel-Framework\crm_core\hotel_crawlers\marriott\marriott_botright.py", line 112, in handle_route
    response = await route.continue_()
                     ^^^^^^^^^^^^^^^
AttributeError: 'Request' object has no attribute 'continue_'
2025-10-14 15:38:06,041 - ERROR - Exception in callback AsyncIOEventEmitter._emit_run.<locals>.callback(<Task finishe...'continue_'")>) at C:\Users\amod.mishra_engineos\AppData\Local\Programs\Python\Python311\Lib\site-packages\pyee\asyncio.py:97
handle: <Handle AsyncIOEventEmitter._emit_run.<locals>.callback(<Task finishe...'continue_'")>) at C:\Users\amod.mishra_engineos\AppData\Local\Programs\Python\Python311\Lib\site-packages\pyee\asyncio.py:97>
Traceback (most recent call last):
  File "C:\Users\amod.mishra_engineos\AppData\Local\Programs\Python\Python311\Lib\asyncio\events.py", line 84, in _run
    self._context.run(self._callback, *self._args)
  File "C:\Users\amod.mishra_engineos\AppData\Local\Programs\Python\Python311\Lib\site-packages\pyee\asyncio.py", line 105, in callback
    self.emit("error", exc)
  File "C:\Users\amod.mishra_engineos\AppData\Local\Programs\Python\Python311\Lib\site-packages\pyee\asyncio.py", line 70, in emit
    return super().emit(event, *args, **kwargs)
           ^^^^^^^^^^^^^^^^^^^^^^^^^^^^^^^^^^^^
  File "C:\Users\amod.mishra_engineos\AppData\Local\Programs\Python\Python311\Lib\site-packages\pyee\base.py", line 223, in emit
    self._emit_handle_potential_error(event, args[0] if args else None)
  File "C:\Users\amod.mishra_engineos\AppData\Local\Programs\Python\Python311\Lib\site-packages\pyee\base.py", line 181, in _emit_handle_potential_error
    raise error
  File "C:\Users\amod.mishra_engineos\Odynn-Hotel-Framework\crm_core\hotel_crawlers\marriott\marriott_botright.py", line 112, in handle_route
    response = await route.continue_()
                     ^^^^^^^^^^^^^^^
AttributeError: 'Request' object has no attribute 'continue_'
2025-10-14 15:38:06,104 - ERROR - Exception in callback AsyncIOEventEmitter._emit_run.<locals>.callback(<Task finishe...'continue_'")>) at C:\Users\amod.mishra_engineos\AppData\Local\Programs\Python\Python311\Lib\site-packages\pyee\asyncio.py:97
handle: <Handle AsyncIOEventEmitter._emit_run.<locals>.callback(<Task finishe...'continue_'")>) at C:\Users\amod.mishra_engineos\AppData\Local\Programs\Python\Python311\Lib\site-packages\pyee\asyncio.py:97>
Traceback (most recent call last):
  File "C:\Users\amod.mishra_engineos\AppData\Local\Programs\Python\Python311\Lib\asyncio\events.py", line 84, in _run
    self._context.run(self._callback, *self._args)
  File "C:\Users\amod.mishra_engineos\AppData\Local\Programs\Python\Python311\Lib\site-packages\pyee\asyncio.py", line 105, in callback
    self.emit("error", exc)
  File "C:\Users\amod.mishra_engineos\AppData\Local\Programs\Python\Python311\Lib\site-packages\pyee\asyncio.py", line 70, in emit
    return super().emit(event, *args, **kwargs)
           ^^^^^^^^^^^^^^^^^^^^^^^^^^^^^^^^^^^^
  File "C:\Users\amod.mishra_engineos\AppData\Local\Programs\Python\Python311\Lib\site-packages\pyee\base.py", line 223, in emit
    self._emit_handle_potential_error(event, args[0] if args else None)
  File "C:\Users\amod.mishra_engineos\AppData\Local\Programs\Python\Python311\Lib\site-packages\pyee\base.py", line 181, in _emit_handle_potential_error
    raise error
  File "C:\Users\amod.mishra_engineos\Odynn-Hotel-Framework\crm_core\hotel_crawlers\marriott\marriott_botright.py", line 112, in handle_route
    response = await route.continue_()
                     ^^^^^^^^^^^^^^^
AttributeError: 'Request' object has no attribute 'continue_'
2025-10-14 15:38:06,134 - ERROR - Exception in callback AsyncIOEventEmitter._emit_run.<locals>.callback(<Task finishe...'continue_'")>) at C:\Users\amod.mishra_engineos\AppData\Local\Programs\Python\Python311\Lib\site-packages\pyee\asyncio.py:97
handle: <Handle AsyncIOEventEmitter._emit_run.<locals>.callback(<Task finishe...'continue_'")>) at C:\Users\amod.mishra_engineos\AppData\Local\Programs\Python\Python311\Lib\site-packages\pyee\asyncio.py:97>
Traceback (most recent call last):
  File "C:\Users\amod.mishra_engineos\AppData\Local\Programs\Python\Python311\Lib\asyncio\events.py", line 84, in _run
    self._context.run(self._callback, *self._args)
  File "C:\Users\amod.mishra_engineos\AppData\Local\Programs\Python\Python311\Lib\site-packages\pyee\asyncio.py", line 105, in callback
    self.emit("error", exc)
  File "C:\Users\amod.mishra_engineos\AppData\Local\Programs\Python\Python311\Lib\site-packages\pyee\asyncio.py", line 70, in emit
    return super().emit(event, *args, **kwargs)
           ^^^^^^^^^^^^^^^^^^^^^^^^^^^^^^^^^^^^
  File "C:\Users\amod.mishra_engineos\AppData\Local\Programs\Python\Python311\Lib\site-packages\pyee\base.py", line 223, in emit
    self._emit_handle_potential_error(event, args[0] if args else None)
  File "C:\Users\amod.mishra_engineos\AppData\Local\Programs\Python\Python311\Lib\site-packages\pyee\base.py", line 181, in _emit_handle_potential_error
    raise error
  File "C:\Users\amod.mishra_engineos\Odynn-Hotel-Framework\crm_core\hotel_crawlers\marriott\marriott_botright.py", line 112, in handle_route
    response = await route.continue_()
                     ^^^^^^^^^^^^^^^
AttributeError: 'Request' object has no attribute 'continue_'
2025-10-14 15:38:06,160 - ERROR - Exception in callback AsyncIOEventEmitter._emit_run.<locals>.callback(<Task finishe...'continue_'")>) at C:\Users\amod.mishra_engineos\AppData\Local\Programs\Python\Python311\Lib\site-packages\pyee\asyncio.py:97
handle: <Handle AsyncIOEventEmitter._emit_run.<locals>.callback(<Task finishe...'continue_'")>) at C:\Users\amod.mishra_engineos\AppData\Local\Programs\Python\Python311\Lib\site-packages\pyee\asyncio.py:97>
Traceback (most recent call last):
  File "C:\Users\amod.mishra_engineos\AppData\Local\Programs\Python\Python311\Lib\asyncio\events.py", line 84, in _run
    self._context.run(self._callback, *self._args)
  File "C:\Users\amod.mishra_engineos\AppData\Local\Programs\Python\Python311\Lib\site-packages\pyee\asyncio.py", line 105, in callback
    self.emit("error", exc)
  File "C:\Users\amod.mishra_engineos\AppData\Local\Programs\Python\Python311\Lib\site-packages\pyee\asyncio.py", line 70, in emit
    return super().emit(event, *args, **kwargs)
           ^^^^^^^^^^^^^^^^^^^^^^^^^^^^^^^^^^^^
  File "C:\Users\amod.mishra_engineos\AppData\Local\Programs\Python\Python311\Lib\site-packages\pyee\base.py", line 223, in emit
    self._emit_handle_potential_error(event, args[0] if args else None)
  File "C:\Users\amod.mishra_engineos\AppData\Local\Programs\Python\Python311\Lib\site-packages\pyee\base.py", line 181, in _emit_handle_potential_error
    raise error
  File "C:\Users\amod.mishra_engineos\Odynn-Hotel-Framework\crm_core\hotel_crawlers\marriott\marriott_botright.py", line 112, in handle_route
    response = await route.continue_()
                     ^^^^^^^^^^^^^^^
AttributeError: 'Request' object has no attribute 'continue_'
2025-10-14 15:38:06,236 - ERROR - Exception in callback AsyncIOEventEmitter._emit_run.<locals>.callback(<Task finishe...'continue_'")>) at C:\Users\amod.mishra_engineos\AppData\Local\Programs\Python\Python311\Lib\site-packages\pyee\asyncio.py:97
handle: <Handle AsyncIOEventEmitter._emit_run.<locals>.callback(<Task finishe...'continue_'")>) at C:\Users\amod.mishra_engineos\AppData\Local\Programs\Python\Python311\Lib\site-packages\pyee\asyncio.py:97>
Traceback (most recent call last):
  File "C:\Users\amod.mishra_engineos\AppData\Local\Programs\Python\Python311\Lib\asyncio\events.py", line 84, in _run
    self._context.run(self._callback, *self._args)
  File "C:\Users\amod.mishra_engineos\AppData\Local\Programs\Python\Python311\Lib\site-packages\pyee\asyncio.py", line 105, in callback
    self.emit("error", exc)
  File "C:\Users\amod.mishra_engineos\AppData\Local\Programs\Python\Python311\Lib\site-packages\pyee\asyncio.py", line 70, in emit
    return super().emit(event, *args, **kwargs)
           ^^^^^^^^^^^^^^^^^^^^^^^^^^^^^^^^^^^^
  File "C:\Users\amod.mishra_engineos\AppData\Local\Programs\Python\Python311\Lib\site-packages\pyee\base.py", line 223, in emit
    self._emit_handle_potential_error(event, args[0] if args else None)
  File "C:\Users\amod.mishra_engineos\AppData\Local\Programs\Python\Python311\Lib\site-packages\pyee\base.py", line 181, in _emit_handle_potential_error
    raise error
  File "C:\Users\amod.mishra_engineos\Odynn-Hotel-Framework\crm_core\hotel_crawlers\marriott\marriott_botright.py", line 112, in handle_route
    response = await route.continue_()
                     ^^^^^^^^^^^^^^^
AttributeError: 'Request' object has no attribute 'continue_'
2025-10-14 15:38:06,472 - ERROR - Exception in callback AsyncIOEventEmitter._emit_run.<locals>.callback(<Task finishe...'continue_'")>) at C:\Users\amod.mishra_engineos\AppData\Local\Programs\Python\Python311\Lib\site-packages\pyee\asyncio.py:97
handle: <Handle AsyncIOEventEmitter._emit_run.<locals>.callback(<Task finishe...'continue_'")>) at C:\Users\amod.mishra_engineos\AppData\Local\Programs\Python\Python311\Lib\site-packages\pyee\asyncio.py:97>
Traceback (most recent call last):
  File "C:\Users\amod.mishra_engineos\AppData\Local\Programs\Python\Python311\Lib\asyncio\events.py", line 84, in _run
    self._context.run(self._callback, *self._args)
  File "C:\Users\amod.mishra_engineos\AppData\Local\Programs\Python\Python311\Lib\site-packages\pyee\asyncio.py", line 105, in callback
    self.emit("error", exc)
  File "C:\Users\amod.mishra_engineos\AppData\Local\Programs\Python\Python311\Lib\site-packages\pyee\asyncio.py", line 70, in emit
    return super().emit(event, *args, **kwargs)
           ^^^^^^^^^^^^^^^^^^^^^^^^^^^^^^^^^^^^
  File "C:\Users\amod.mishra_engineos\AppData\Local\Programs\Python\Python311\Lib\site-packages\pyee\base.py", line 223, in emit
    self._emit_handle_potential_error(event, args[0] if args else None)
  File "C:\Users\amod.mishra_engineos\AppData\Local\Programs\Python\Python311\Lib\site-packages\pyee\base.py", line 181, in _emit_handle_potential_error
    raise error
  File "C:\Users\amod.mishra_engineos\Odynn-Hotel-Framework\crm_core\hotel_crawlers\marriott\marriott_botright.py", line 112, in handle_route
    response = await route.continue_()
                     ^^^^^^^^^^^^^^^
AttributeError: 'Request' object has no attribute 'continue_'
2025-10-14 15:38:06,485 - ERROR - Exception in callback AsyncIOEventEmitter._emit_run.<locals>.callback(<Task finishe...'continue_'")>) at C:\Users\amod.mishra_engineos\AppData\Local\Programs\Python\Python311\Lib\site-packages\pyee\asyncio.py:97
handle: <Handle AsyncIOEventEmitter._emit_run.<locals>.callback(<Task finishe...'continue_'")>) at C:\Users\amod.mishra_engineos\AppData\Local\Programs\Python\Python311\Lib\site-packages\pyee\asyncio.py:97>
Traceback (most recent call last):
  File "C:\Users\amod.mishra_engineos\AppData\Local\Programs\Python\Python311\Lib\asyncio\events.py", line 84, in _run
    self._context.run(self._callback, *self._args)
  File "C:\Users\amod.mishra_engineos\AppData\Local\Programs\Python\Python311\Lib\site-packages\pyee\asyncio.py", line 105, in callback
    self.emit("error", exc)
  File "C:\Users\amod.mishra_engineos\AppData\Local\Programs\Python\Python311\Lib\site-packages\pyee\asyncio.py", line 70, in emit
    return super().emit(event, *args, **kwargs)
           ^^^^^^^^^^^^^^^^^^^^^^^^^^^^^^^^^^^^
  File "C:\Users\amod.mishra_engineos\AppData\Local\Programs\Python\Python311\Lib\site-packages\pyee\base.py", line 223, in emit
    self._emit_handle_potential_error(event, args[0] if args else None)
  File "C:\Users\amod.mishra_engineos\AppData\Local\Programs\Python\Python311\Lib\site-packages\pyee\base.py", line 181, in _emit_handle_potential_error
    raise error
  File "C:\Users\amod.mishra_engineos\Odynn-Hotel-Framework\crm_core\hotel_crawlers\marriott\marriott_botright.py", line 112, in handle_route
    response = await route.continue_()
                     ^^^^^^^^^^^^^^^
AttributeError: 'Request' object has no attribute 'continue_'
2025-10-14 15:38:06,906 - ERROR - Exception in callback AsyncIOEventEmitter._emit_run.<locals>.callback(<Task finishe...'continue_'")>) at C:\Users\amod.mishra_engineos\AppData\Local\Programs\Python\Python311\Lib\site-packages\pyee\asyncio.py:97
handle: <Handle AsyncIOEventEmitter._emit_run.<locals>.callback(<Task finishe...'continue_'")>) at C:\Users\amod.mishra_engineos\AppData\Local\Programs\Python\Python311\Lib\site-packages\pyee\asyncio.py:97>
Traceback (most recent call last):
  File "C:\Users\amod.mishra_engineos\AppData\Local\Programs\Python\Python311\Lib\asyncio\events.py", line 84, in _run
    self._context.run(self._callback, *self._args)
  File "C:\Users\amod.mishra_engineos\AppData\Local\Programs\Python\Python311\Lib\site-packages\pyee\asyncio.py", line 105, in callback
    self.emit("error", exc)
  File "C:\Users\amod.mishra_engineos\AppData\Local\Programs\Python\Python311\Lib\site-packages\pyee\asyncio.py", line 70, in emit
    return super().emit(event, *args, **kwargs)
           ^^^^^^^^^^^^^^^^^^^^^^^^^^^^^^^^^^^^
  File "C:\Users\amod.mishra_engineos\AppData\Local\Programs\Python\Python311\Lib\site-packages\pyee\base.py", line 223, in emit
    self._emit_handle_potential_error(event, args[0] if args else None)
  File "C:\Users\amod.mishra_engineos\AppData\Local\Programs\Python\Python311\Lib\site-packages\pyee\base.py", line 181, in _emit_handle_potential_error
    raise error
  File "C:\Users\amod.mishra_engineos\Odynn-Hotel-Framework\crm_core\hotel_crawlers\marriott\marriott_botright.py", line 112, in handle_route
    response = await route.continue_()
                     ^^^^^^^^^^^^^^^
AttributeError: 'Request' object has no attribute 'continue_'
2025-10-14 15:38:07,011 - ERROR - Exception in callback AsyncIOEventEmitter._emit_run.<locals>.callback(<Task finishe...'continue_'")>) at C:\Users\amod.mishra_engineos\AppData\Local\Programs\Python\Python311\Lib\site-packages\pyee\asyncio.py:97
handle: <Handle AsyncIOEventEmitter._emit_run.<locals>.callback(<Task finishe...'continue_'")>) at C:\Users\amod.mishra_engineos\AppData\Local\Programs\Python\Python311\Lib\site-packages\pyee\asyncio.py:97>
Traceback (most recent call last):
  File "C:\Users\amod.mishra_engineos\AppData\Local\Programs\Python\Python311\Lib\asyncio\events.py", line 84, in _run
    self._context.run(self._callback, *self._args)
  File "C:\Users\amod.mishra_engineos\AppData\Local\Programs\Python\Python311\Lib\site-packages\pyee\asyncio.py", line 105, in callback
    self.emit("error", exc)
  File "C:\Users\amod.mishra_engineos\AppData\Local\Programs\Python\Python311\Lib\site-packages\pyee\asyncio.py", line 70, in emit
    return super().emit(event, *args, **kwargs)
           ^^^^^^^^^^^^^^^^^^^^^^^^^^^^^^^^^^^^
  File "C:\Users\amod.mishra_engineos\AppData\Local\Programs\Python\Python311\Lib\site-packages\pyee\base.py", line 223, in emit
    self._emit_handle_potential_error(event, args[0] if args else None)
  File "C:\Users\amod.mishra_engineos\AppData\Local\Programs\Python\Python311\Lib\site-packages\pyee\base.py", line 181, in _emit_handle_potential_error
    raise error
  File "C:\Users\amod.mishra_engineos\Odynn-Hotel-Framework\crm_core\hotel_crawlers\marriott\marriott_botright.py", line 112, in handle_route
    response = await route.continue_()
                     ^^^^^^^^^^^^^^^
AttributeError: 'Request' object has no attribute 'continue_'
2025-10-14 15:38:07,212 - ERROR - Exception in callback AsyncIOEventEmitter._emit_run.<locals>.callback(<Task finishe...'continue_'")>) at C:\Users\amod.mishra_engineos\AppData\Local\Programs\Python\Python311\Lib\site-packages\pyee\asyncio.py:97
handle: <Handle AsyncIOEventEmitter._emit_run.<locals>.callback(<Task finishe...'continue_'")>) at C:\Users\amod.mishra_engineos\AppData\Local\Programs\Python\Python311\Lib\site-packages\pyee\asyncio.py:97>
Traceback (most recent call last):
  File "C:\Users\amod.mishra_engineos\AppData\Local\Programs\Python\Python311\Lib\asyncio\events.py", line 84, in _run
    self._context.run(self._callback, *self._args)
  File "C:\Users\amod.mishra_engineos\AppData\Local\Programs\Python\Python311\Lib\site-packages\pyee\asyncio.py", line 105, in callback
    self.emit("error", exc)
  File "C:\Users\amod.mishra_engineos\AppData\Local\Programs\Python\Python311\Lib\site-packages\pyee\asyncio.py", line 70, in emit
    return super().emit(event, *args, **kwargs)
           ^^^^^^^^^^^^^^^^^^^^^^^^^^^^^^^^^^^^
  File "C:\Users\amod.mishra_engineos\AppData\Local\Programs\Python\Python311\Lib\site-packages\pyee\base.py", line 223, in emit
    self._emit_handle_potential_error(event, args[0] if args else None)
  File "C:\Users\amod.mishra_engineos\AppData\Local\Programs\Python\Python311\Lib\site-packages\pyee\base.py", line 181, in _emit_handle_potential_error
    raise error
  File "C:\Users\amod.mishra_engineos\Odynn-Hotel-Framework\crm_core\hotel_crawlers\marriott\marriott_botright.py", line 112, in handle_route
    response = await route.continue_()
                     ^^^^^^^^^^^^^^^
AttributeError: 'Request' object has no attribute 'continue_'
2025-10-14 15:38:07,556 - ERROR - Exception in callback AsyncIOEventEmitter._emit_run.<locals>.callback(<Task finishe...'continue_'")>) at C:\Users\amod.mishra_engineos\AppData\Local\Programs\Python\Python311\Lib\site-packages\pyee\asyncio.py:97
handle: <Handle AsyncIOEventEmitter._emit_run.<locals>.callback(<Task finishe...'continue_'")>) at C:\Users\amod.mishra_engineos\AppData\Local\Programs\Python\Python311\Lib\site-packages\pyee\asyncio.py:97>
Traceback (most recent call last):
  File "C:\Users\amod.mishra_engineos\AppData\Local\Programs\Python\Python311\Lib\asyncio\events.py", line 84, in _run
    self._context.run(self._callback, *self._args)
  File "C:\Users\amod.mishra_engineos\AppData\Local\Programs\Python\Python311\Lib\site-packages\pyee\asyncio.py", line 105, in callback
    self.emit("error", exc)
  File "C:\Users\amod.mishra_engineos\AppData\Local\Programs\Python\Python311\Lib\site-packages\pyee\asyncio.py", line 70, in emit
    return super().emit(event, *args, **kwargs)
           ^^^^^^^^^^^^^^^^^^^^^^^^^^^^^^^^^^^^
  File "C:\Users\amod.mishra_engineos\AppData\Local\Programs\Python\Python311\Lib\site-packages\pyee\base.py", line 223, in emit
    self._emit_handle_potential_error(event, args[0] if args else None)
  File "C:\Users\amod.mishra_engineos\AppData\Local\Programs\Python\Python311\Lib\site-packages\pyee\base.py", line 181, in _emit_handle_potential_error
    raise error
  File "C:\Users\amod.mishra_engineos\Odynn-Hotel-Framework\crm_core\hotel_crawlers\marriott\marriott_botright.py", line 112, in handle_route
    response = await route.continue_()
                     ^^^^^^^^^^^^^^^
AttributeError: 'Request' object has no attribute 'continue_'
2025-10-14 15:38:07,619 - ERROR - Exception in callback AsyncIOEventEmitter._emit_run.<locals>.callback(<Task finishe...'continue_'")>) at C:\Users\amod.mishra_engineos\AppData\Local\Programs\Python\Python311\Lib\site-packages\pyee\asyncio.py:97
handle: <Handle AsyncIOEventEmitter._emit_run.<locals>.callback(<Task finishe...'continue_'")>) at C:\Users\amod.mishra_engineos\AppData\Local\Programs\Python\Python311\Lib\site-packages\pyee\asyncio.py:97>
Traceback (most recent call last):
  File "C:\Users\amod.mishra_engineos\AppData\Local\Programs\Python\Python311\Lib\asyncio\events.py", line 84, in _run
    self._context.run(self._callback, *self._args)
  File "C:\Users\amod.mishra_engineos\AppData\Local\Programs\Python\Python311\Lib\site-packages\pyee\asyncio.py", line 105, in callback
    self.emit("error", exc)
  File "C:\Users\amod.mishra_engineos\AppData\Local\Programs\Python\Python311\Lib\site-packages\pyee\asyncio.py", line 70, in emit
    return super().emit(event, *args, **kwargs)
           ^^^^^^^^^^^^^^^^^^^^^^^^^^^^^^^^^^^^
  File "C:\Users\amod.mishra_engineos\AppData\Local\Programs\Python\Python311\Lib\site-packages\pyee\base.py", line 223, in emit
    self._emit_handle_potential_error(event, args[0] if args else None)
  File "C:\Users\amod.mishra_engineos\AppData\Local\Programs\Python\Python311\Lib\site-packages\pyee\base.py", line 181, in _emit_handle_potential_error
    raise error
  File "C:\Users\amod.mishra_engineos\Odynn-Hotel-Framework\crm_core\hotel_crawlers\marriott\marriott_botright.py", line 112, in handle_route
    response = await route.continue_()
                     ^^^^^^^^^^^^^^^
AttributeError: 'Request' object has no attribute 'continue_'
2025-10-14 15:38:07,717 - ERROR - Exception in callback AsyncIOEventEmitter._emit_run.<locals>.callback(<Task finishe...'continue_'")>) at C:\Users\amod.mishra_engineos\AppData\Local\Programs\Python\Python311\Lib\site-packages\pyee\asyncio.py:97
handle: <Handle AsyncIOEventEmitter._emit_run.<locals>.callback(<Task finishe...'continue_'")>) at C:\Users\amod.mishra_engineos\AppData\Local\Programs\Python\Python311\Lib\site-packages\pyee\asyncio.py:97>
Traceback (most recent call last):
  File "C:\Users\amod.mishra_engineos\AppData\Local\Programs\Python\Python311\Lib\asyncio\events.py", line 84, in _run
    self._context.run(self._callback, *self._args)
  File "C:\Users\amod.mishra_engineos\AppData\Local\Programs\Python\Python311\Lib\site-packages\pyee\asyncio.py", line 105, in callback
    self.emit("error", exc)
  File "C:\Users\amod.mishra_engineos\AppData\Local\Programs\Python\Python311\Lib\site-packages\pyee\asyncio.py", line 70, in emit
    return super().emit(event, *args, **kwargs)
           ^^^^^^^^^^^^^^^^^^^^^^^^^^^^^^^^^^^^
  File "C:\Users\amod.mishra_engineos\AppData\Local\Programs\Python\Python311\Lib\site-packages\pyee\base.py", line 223, in emit
    self._emit_handle_potential_error(event, args[0] if args else None)
  File "C:\Users\amod.mishra_engineos\AppData\Local\Programs\Python\Python311\Lib\site-packages\pyee\base.py", line 181, in _emit_handle_potential_error
    raise error
  File "C:\Users\amod.mishra_engineos\Odynn-Hotel-Framework\crm_core\hotel_crawlers\marriott\marriott_botright.py", line 112, in handle_route
    response = await route.continue_()
                     ^^^^^^^^^^^^^^^
AttributeError: 'Request' object has no attribute 'continue_'
2025-10-14 15:38:07,724 - ERROR - Exception in callback AsyncIOEventEmitter._emit_run.<locals>.callback(<Task finishe...'continue_'")>) at C:\Users\amod.mishra_engineos\AppData\Local\Programs\Python\Python311\Lib\site-packages\pyee\asyncio.py:97
handle: <Handle AsyncIOEventEmitter._emit_run.<locals>.callback(<Task finishe...'continue_'")>) at C:\Users\amod.mishra_engineos\AppData\Local\Programs\Python\Python311\Lib\site-packages\pyee\asyncio.py:97>
Traceback (most recent call last):
  File "C:\Users\amod.mishra_engineos\AppData\Local\Programs\Python\Python311\Lib\asyncio\events.py", line 84, in _run
    self._context.run(self._callback, *self._args)
  File "C:\Users\amod.mishra_engineos\AppData\Local\Programs\Python\Python311\Lib\site-packages\pyee\asyncio.py", line 105, in callback
    self.emit("error", exc)
  File "C:\Users\amod.mishra_engineos\AppData\Local\Programs\Python\Python311\Lib\site-packages\pyee\asyncio.py", line 70, in emit
    return super().emit(event, *args, **kwargs)
           ^^^^^^^^^^^^^^^^^^^^^^^^^^^^^^^^^^^^
  File "C:\Users\amod.mishra_engineos\AppData\Local\Programs\Python\Python311\Lib\site-packages\pyee\base.py", line 223, in emit
    self._emit_handle_potential_error(event, args[0] if args else None)
  File "C:\Users\amod.mishra_engineos\AppData\Local\Programs\Python\Python311\Lib\site-packages\pyee\base.py", line 181, in _emit_handle_potential_error
    raise error
  File "C:\Users\amod.mishra_engineos\Odynn-Hotel-Framework\crm_core\hotel_crawlers\marriott\marriott_botright.py", line 112, in handle_route
    response = await route.continue_()
                     ^^^^^^^^^^^^^^^
AttributeError: 'Request' object has no attribute 'continue_'
2025-10-14 15:38:07,746 - ERROR - Exception in callback AsyncIOEventEmitter._emit_run.<locals>.callback(<Task finishe...'continue_'")>) at C:\Users\amod.mishra_engineos\AppData\Local\Programs\Python\Python311\Lib\site-packages\pyee\asyncio.py:97
handle: <Handle AsyncIOEventEmitter._emit_run.<locals>.callback(<Task finishe...'continue_'")>) at C:\Users\amod.mishra_engineos\AppData\Local\Programs\Python\Python311\Lib\site-packages\pyee\asyncio.py:97>
Traceback (most recent call last):
  File "C:\Users\amod.mishra_engineos\AppData\Local\Programs\Python\Python311\Lib\asyncio\events.py", line 84, in _run
    self._context.run(self._callback, *self._args)
  File "C:\Users\amod.mishra_engineos\AppData\Local\Programs\Python\Python311\Lib\site-packages\pyee\asyncio.py", line 105, in callback
    self.emit("error", exc)
  File "C:\Users\amod.mishra_engineos\AppData\Local\Programs\Python\Python311\Lib\site-packages\pyee\asyncio.py", line 70, in emit
    return super().emit(event, *args, **kwargs)
           ^^^^^^^^^^^^^^^^^^^^^^^^^^^^^^^^^^^^
  File "C:\Users\amod.mishra_engineos\AppData\Local\Programs\Python\Python311\Lib\site-packages\pyee\base.py", line 223, in emit
    self._emit_handle_potential_error(event, args[0] if args else None)
  File "C:\Users\amod.mishra_engineos\AppData\Local\Programs\Python\Python311\Lib\site-packages\pyee\base.py", line 181, in _emit_handle_potential_error
    raise error
  File "C:\Users\amod.mishra_engineos\Odynn-Hotel-Framework\crm_core\hotel_crawlers\marriott\marriott_botright.py", line 112, in handle_route
    response = await route.continue_()
                     ^^^^^^^^^^^^^^^
AttributeError: 'Request' object has no attribute 'continue_'
2025-10-14 15:38:16,228 - ERROR - Exception in callback AsyncIOEventEmitter._emit_run.<locals>.callback(<Task finishe...'continue_'")>) at C:\Users\amod.mishra_engineos\AppData\Local\Programs\Python\Python311\Lib\site-packages\pyee\asyncio.py:97
handle: <Handle AsyncIOEventEmitter._emit_run.<locals>.callback(<Task finishe...'continue_'")>) at C:\Users\amod.mishra_engineos\AppData\Local\Programs\Python\Python311\Lib\site-packages\pyee\asyncio.py:97>
Traceback (most recent call last):
  File "C:\Users\amod.mishra_engineos\AppData\Local\Programs\Python\Python311\Lib\asyncio\events.py", line 84, in _run
    self._context.run(self._callback, *self._args)
  File "C:\Users\amod.mishra_engineos\AppData\Local\Programs\Python\Python311\Lib\site-packages\pyee\asyncio.py", line 105, in callback
    self.emit("error", exc)
  File "C:\Users\amod.mishra_engineos\AppData\Local\Programs\Python\Python311\Lib\site-packages\pyee\asyncio.py", line 70, in emit
    return super().emit(event, *args, **kwargs)
           ^^^^^^^^^^^^^^^^^^^^^^^^^^^^^^^^^^^^
  File "C:\Users\amod.mishra_engineos\AppData\Local\Programs\Python\Python311\Lib\site-packages\pyee\base.py", line 223, in emit
    self._emit_handle_potential_error(event, args[0] if args else None)
  File "C:\Users\amod.mishra_engineos\AppData\Local\Programs\Python\Python311\Lib\site-packages\pyee\base.py", line 181, in _emit_handle_potential_error
    raise error
  File "C:\Users\amod.mishra_engineos\Odynn-Hotel-Framework\crm_core\hotel_crawlers\marriott\marriott_botright.py", line 112, in handle_route
    response = await route.continue_()
                     ^^^^^^^^^^^^^^^
AttributeError: 'Request' object has no attribute 'continue_'
2025-10-14 15:38:16,232 - ERROR - Exception in callback AsyncIOEventEmitter._emit_run.<locals>.callback(<Task finishe...'continue_'")>) at C:\Users\amod.mishra_engineos\AppData\Local\Programs\Python\Python311\Lib\site-packages\pyee\asyncio.py:97
handle: <Handle AsyncIOEventEmitter._emit_run.<locals>.callback(<Task finishe...'continue_'")>) at C:\Users\amod.mishra_engineos\AppData\Local\Programs\Python\Python311\Lib\site-packages\pyee\asyncio.py:97>
Traceback (most recent call last):
  File "C:\Users\amod.mishra_engineos\AppData\Local\Programs\Python\Python311\Lib\asyncio\events.py", line 84, in _run
    self._context.run(self._callback, *self._args)
  File "C:\Users\amod.mishra_engineos\AppData\Local\Programs\Python\Python311\Lib\site-packages\pyee\asyncio.py", line 105, in callback
    self.emit("error", exc)
  File "C:\Users\amod.mishra_engineos\AppData\Local\Programs\Python\Python311\Lib\site-packages\pyee\asyncio.py", line 70, in emit
    return super().emit(event, *args, **kwargs)
           ^^^^^^^^^^^^^^^^^^^^^^^^^^^^^^^^^^^^
  File "C:\Users\amod.mishra_engineos\AppData\Local\Programs\Python\Python311\Lib\site-packages\pyee\base.py", line 223, in emit
    self._emit_handle_potential_error(event, args[0] if args else None)
  File "C:\Users\amod.mishra_engineos\AppData\Local\Programs\Python\Python311\Lib\site-packages\pyee\base.py", line 181, in _emit_handle_potential_error
    raise error
  File "C:\Users\amod.mishra_engineos\Odynn-Hotel-Framework\crm_core\hotel_crawlers\marriott\marriott_botright.py", line 112, in handle_route
    response = await route.continue_()
                     ^^^^^^^^^^^^^^^
AttributeError: 'Request' object has no attribute 'continue_'
2025-10-14 15:38:17,745 - ERROR - Exception in callback AsyncIOEventEmitter._emit_run.<locals>.callback(<Task finishe...'continue_'")>) at C:\Users\amod.mishra_engineos\AppData\Local\Programs\Python\Python311\Lib\site-packages\pyee\asyncio.py:97
handle: <Handle AsyncIOEventEmitter._emit_run.<locals>.callback(<Task finishe...'continue_'")>) at C:\Users\amod.mishra_engineos\AppData\Local\Programs\Python\Python311\Lib\site-packages\pyee\asyncio.py:97>
Traceback (most recent call last):
  File "C:\Users\amod.mishra_engineos\AppData\Local\Programs\Python\Python311\Lib\asyncio\events.py", line 84, in _run
    self._context.run(self._callback, *self._args)
  File "C:\Users\amod.mishra_engineos\AppData\Local\Programs\Python\Python311\Lib\site-packages\pyee\asyncio.py", line 105, in callback
    self.emit("error", exc)
  File "C:\Users\amod.mishra_engineos\AppData\Local\Programs\Python\Python311\Lib\site-packages\pyee\asyncio.py", line 70, in emit
    return super().emit(event, *args, **kwargs)
           ^^^^^^^^^^^^^^^^^^^^^^^^^^^^^^^^^^^^
  File "C:\Users\amod.mishra_engineos\AppData\Local\Programs\Python\Python311\Lib\site-packages\pyee\base.py", line 223, in emit
    self._emit_handle_potential_error(event, args[0] if args else None)
  File "C:\Users\amod.mishra_engineos\AppData\Local\Programs\Python\Python311\Lib\site-packages\pyee\base.py", line 181, in _emit_handle_potential_error
    raise error
  File "C:\Users\amod.mishra_engineos\Odynn-Hotel-Framework\crm_core\hotel_crawlers\marriott\marriott_botright.py", line 112, in handle_route
    response = await route.continue_()
                     ^^^^^^^^^^^^^^^
AttributeError: 'Request' object has no attribute 'continue_'
2025-10-14 15:38:17,749 - ERROR - Exception in callback AsyncIOEventEmitter._emit_run.<locals>.callback(<Task finishe...'continue_'")>) at C:\Users\amod.mishra_engineos\AppData\Local\Programs\Python\Python311\Lib\site-packages\pyee\asyncio.py:97
handle: <Handle AsyncIOEventEmitter._emit_run.<locals>.callback(<Task finishe...'continue_'")>) at C:\Users\amod.mishra_engineos\AppData\Local\Programs\Python\Python311\Lib\site-packages\pyee\asyncio.py:97>
Traceback (most recent call last):
  File "C:\Users\amod.mishra_engineos\AppData\Local\Programs\Python\Python311\Lib\asyncio\events.py", line 84, in _run
    self._context.run(self._callback, *self._args)
  File "C:\Users\amod.mishra_engineos\AppData\Local\Programs\Python\Python311\Lib\site-packages\pyee\asyncio.py", line 105, in callback
    self.emit("error", exc)
  File "C:\Users\amod.mishra_engineos\AppData\Local\Programs\Python\Python311\Lib\site-packages\pyee\asyncio.py", line 70, in emit
    return super().emit(event, *args, **kwargs)
           ^^^^^^^^^^^^^^^^^^^^^^^^^^^^^^^^^^^^
  File "C:\Users\amod.mishra_engineos\AppData\Local\Programs\Python\Python311\Lib\site-packages\pyee\base.py", line 223, in emit
    self._emit_handle_potential_error(event, args[0] if args else None)
  File "C:\Users\amod.mishra_engineos\AppData\Local\Programs\Python\Python311\Lib\site-packages\pyee\base.py", line 181, in _emit_handle_potential_error
    raise error
  File "C:\Users\amod.mishra_engineos\Odynn-Hotel-Framework\crm_core\hotel_crawlers\marriott\marriott_botright.py", line 112, in handle_route
    response = await route.continue_()
                     ^^^^^^^^^^^^^^^
AttributeError: 'Request' object has no attribute 'continue_'
2025-10-14 15:38:17,752 - ERROR - Exception in callback AsyncIOEventEmitter._emit_run.<locals>.callback(<Task finishe...'continue_'")>) at C:\Users\amod.mishra_engineos\AppData\Local\Programs\Python\Python311\Lib\site-packages\pyee\asyncio.py:97
handle: <Handle AsyncIOEventEmitter._emit_run.<locals>.callback(<Task finishe...'continue_'")>) at C:\Users\amod.mishra_engineos\AppData\Local\Programs\Python\Python311\Lib\site-packages\pyee\asyncio.py:97>
Traceback (most recent call last):
  File "C:\Users\amod.mishra_engineos\AppData\Local\Programs\Python\Python311\Lib\asyncio\events.py", line 84, in _run
    self._context.run(self._callback, *self._args)
  File "C:\Users\amod.mishra_engineos\AppData\Local\Programs\Python\Python311\Lib\site-packages\pyee\asyncio.py", line 105, in callback
    self.emit("error", exc)
  File "C:\Users\amod.mishra_engineos\AppData\Local\Programs\Python\Python311\Lib\site-packages\pyee\asyncio.py", line 70, in emit
    return super().emit(event, *args, **kwargs)
           ^^^^^^^^^^^^^^^^^^^^^^^^^^^^^^^^^^^^
  File "C:\Users\amod.mishra_engineos\AppData\Local\Programs\Python\Python311\Lib\site-packages\pyee\base.py", line 223, in emit
    self._emit_handle_potential_error(event, args[0] if args else None)
  File "C:\Users\amod.mishra_engineos\AppData\Local\Programs\Python\Python311\Lib\site-packages\pyee\base.py", line 181, in _emit_handle_potential_error
    raise error
  File "C:\Users\amod.mishra_engineos\Odynn-Hotel-Framework\crm_core\hotel_crawlers\marriott\marriott_botright.py", line 112, in handle_route
    response = await route.continue_()
                     ^^^^^^^^^^^^^^^
AttributeError: 'Request' object has no attribute 'continue_'
2025-10-14 15:38:18,091 - ERROR - Exception in callback AsyncIOEventEmitter._emit_run.<locals>.callback(<Task finishe...'continue_'")>) at C:\Users\amod.mishra_engineos\AppData\Local\Programs\Python\Python311\Lib\site-packages\pyee\asyncio.py:97
handle: <Handle AsyncIOEventEmitter._emit_run.<locals>.callback(<Task finishe...'continue_'")>) at C:\Users\amod.mishra_engineos\AppData\Local\Programs\Python\Python311\Lib\site-packages\pyee\asyncio.py:97>
Traceback (most recent call last):
  File "C:\Users\amod.mishra_engineos\AppData\Local\Programs\Python\Python311\Lib\asyncio\events.py", line 84, in _run
    self._context.run(self._callback, *self._args)
  File "C:\Users\amod.mishra_engineos\AppData\Local\Programs\Python\Python311\Lib\site-packages\pyee\asyncio.py", line 105, in callback
    self.emit("error", exc)
  File "C:\Users\amod.mishra_engineos\AppData\Local\Programs\Python\Python311\Lib\site-packages\pyee\asyncio.py", line 70, in emit
    return super().emit(event, *args, **kwargs)
           ^^^^^^^^^^^^^^^^^^^^^^^^^^^^^^^^^^^^
  File "C:\Users\amod.mishra_engineos\AppData\Local\Programs\Python\Python311\Lib\site-packages\pyee\base.py", line 223, in emit
    self._emit_handle_potential_error(event, args[0] if args else None)
  File "C:\Users\amod.mishra_engineos\AppData\Local\Programs\Python\Python311\Lib\site-packages\pyee\base.py", line 181, in _emit_handle_potential_error
    raise error
  File "C:\Users\amod.mishra_engineos\Odynn-Hotel-Framework\crm_core\hotel_crawlers\marriott\marriott_botright.py", line 112, in handle_route
    response = await route.continue_()
                     ^^^^^^^^^^^^^^^
AttributeError: 'Request' object has no attribute 'continue_'
2025-10-14 15:38:18,261 - ERROR - Exception in callback AsyncIOEventEmitter._emit_run.<locals>.callback(<Task finishe...'continue_'")>) at C:\Users\amod.mishra_engineos\AppData\Local\Programs\Python\Python311\Lib\site-packages\pyee\asyncio.py:97
handle: <Handle AsyncIOEventEmitter._emit_run.<locals>.callback(<Task finishe...'continue_'")>) at C:\Users\amod.mishra_engineos\AppData\Local\Programs\Python\Python311\Lib\site-packages\pyee\asyncio.py:97>
Traceback (most recent call last):
  File "C:\Users\amod.mishra_engineos\AppData\Local\Programs\Python\Python311\Lib\asyncio\events.py", line 84, in _run
    self._context.run(self._callback, *self._args)
  File "C:\Users\amod.mishra_engineos\AppData\Local\Programs\Python\Python311\Lib\site-packages\pyee\asyncio.py", line 105, in callback
    self.emit("error", exc)
  File "C:\Users\amod.mishra_engineos\AppData\Local\Programs\Python\Python311\Lib\site-packages\pyee\asyncio.py", line 70, in emit
    return super().emit(event, *args, **kwargs)
           ^^^^^^^^^^^^^^^^^^^^^^^^^^^^^^^^^^^^
  File "C:\Users\amod.mishra_engineos\AppData\Local\Programs\Python\Python311\Lib\site-packages\pyee\base.py", line 223, in emit
    self._emit_handle_potential_error(event, args[0] if args else None)
  File "C:\Users\amod.mishra_engineos\AppData\Local\Programs\Python\Python311\Lib\site-packages\pyee\base.py", line 181, in _emit_handle_potential_error
    raise error
  File "C:\Users\amod.mishra_engineos\Odynn-Hotel-Framework\crm_core\hotel_crawlers\marriott\marriott_botright.py", line 112, in handle_route
    response = await route.continue_()
                     ^^^^^^^^^^^^^^^
AttributeError: 'Request' object has no attribute 'continue_'
2025-10-14 15:38:18,351 - ERROR - Exception in callback AsyncIOEventEmitter._emit_run.<locals>.callback(<Task finishe...'continue_'")>) at C:\Users\amod.mishra_engineos\AppData\Local\Programs\Python\Python311\Lib\site-packages\pyee\asyncio.py:97
handle: <Handle AsyncIOEventEmitter._emit_run.<locals>.callback(<Task finishe...'continue_'")>) at C:\Users\amod.mishra_engineos\AppData\Local\Programs\Python\Python311\Lib\site-packages\pyee\asyncio.py:97>
Traceback (most recent call last):
  File "C:\Users\amod.mishra_engineos\AppData\Local\Programs\Python\Python311\Lib\asyncio\events.py", line 84, in _run
    self._context.run(self._callback, *self._args)
  File "C:\Users\amod.mishra_engineos\AppData\Local\Programs\Python\Python311\Lib\site-packages\pyee\asyncio.py", line 105, in callback
    self.emit("error", exc)
  File "C:\Users\amod.mishra_engineos\AppData\Local\Programs\Python\Python311\Lib\site-packages\pyee\asyncio.py", line 70, in emit
    return super().emit(event, *args, **kwargs)
           ^^^^^^^^^^^^^^^^^^^^^^^^^^^^^^^^^^^^
  File "C:\Users\amod.mishra_engineos\AppData\Local\Programs\Python\Python311\Lib\site-packages\pyee\base.py", line 223, in emit
    self._emit_handle_potential_error(event, args[0] if args else None)
  File "C:\Users\amod.mishra_engineos\AppData\Local\Programs\Python\Python311\Lib\site-packages\pyee\base.py", line 181, in _emit_handle_potential_error
    raise error
  File "C:\Users\amod.mishra_engineos\Odynn-Hotel-Framework\crm_core\hotel_crawlers\marriott\marriott_botright.py", line 112, in handle_route
    response = await route.continue_()
                     ^^^^^^^^^^^^^^^
AttributeError: 'Request' object has no attribute 'continue_'
2025-10-14 15:38:18,389 - ERROR - Exception in callback AsyncIOEventEmitter._emit_run.<locals>.callback(<Task finishe...'continue_'")>) at C:\Users\amod.mishra_engineos\AppData\Local\Programs\Python\Python311\Lib\site-packages\pyee\asyncio.py:97
handle: <Handle AsyncIOEventEmitter._emit_run.<locals>.callback(<Task finishe...'continue_'")>) at C:\Users\amod.mishra_engineos\AppData\Local\Programs\Python\Python311\Lib\site-packages\pyee\asyncio.py:97>
Traceback (most recent call last):
  File "C:\Users\amod.mishra_engineos\AppData\Local\Programs\Python\Python311\Lib\asyncio\events.py", line 84, in _run
    self._context.run(self._callback, *self._args)
  File "C:\Users\amod.mishra_engineos\AppData\Local\Programs\Python\Python311\Lib\site-packages\pyee\asyncio.py", line 105, in callback
    self.emit("error", exc)
  File "C:\Users\amod.mishra_engineos\AppData\Local\Programs\Python\Python311\Lib\site-packages\pyee\asyncio.py", line 70, in emit
    return super().emit(event, *args, **kwargs)
           ^^^^^^^^^^^^^^^^^^^^^^^^^^^^^^^^^^^^
  File "C:\Users\amod.mishra_engineos\AppData\Local\Programs\Python\Python311\Lib\site-packages\pyee\base.py", line 223, in emit
    self._emit_handle_potential_error(event, args[0] if args else None)
  File "C:\Users\amod.mishra_engineos\AppData\Local\Programs\Python\Python311\Lib\site-packages\pyee\base.py", line 181, in _emit_handle_potential_error
    raise error
  File "C:\Users\amod.mishra_engineos\Odynn-Hotel-Framework\crm_core\hotel_crawlers\marriott\marriott_botright.py", line 112, in handle_route
    response = await route.continue_()
                     ^^^^^^^^^^^^^^^
AttributeError: 'Request' object has no attribute 'continue_'
2025-10-14 15:38:18,412 - ERROR - Exception in callback AsyncIOEventEmitter._emit_run.<locals>.callback(<Task finishe...'continue_'")>) at C:\Users\amod.mishra_engineos\AppData\Local\Programs\Python\Python311\Lib\site-packages\pyee\asyncio.py:97
handle: <Handle AsyncIOEventEmitter._emit_run.<locals>.callback(<Task finishe...'continue_'")>) at C:\Users\amod.mishra_engineos\AppData\Local\Programs\Python\Python311\Lib\site-packages\pyee\asyncio.py:97>
Traceback (most recent call last):
  File "C:\Users\amod.mishra_engineos\AppData\Local\Programs\Python\Python311\Lib\asyncio\events.py", line 84, in _run
    self._context.run(self._callback, *self._args)
  File "C:\Users\amod.mishra_engineos\AppData\Local\Programs\Python\Python311\Lib\site-packages\pyee\asyncio.py", line 105, in callback
    self.emit("error", exc)
  File "C:\Users\amod.mishra_engineos\AppData\Local\Programs\Python\Python311\Lib\site-packages\pyee\asyncio.py", line 70, in emit
    return super().emit(event, *args, **kwargs)
           ^^^^^^^^^^^^^^^^^^^^^^^^^^^^^^^^^^^^
  File "C:\Users\amod.mishra_engineos\AppData\Local\Programs\Python\Python311\Lib\site-packages\pyee\base.py", line 223, in emit
    self._emit_handle_potential_error(event, args[0] if args else None)
  File "C:\Users\amod.mishra_engineos\AppData\Local\Programs\Python\Python311\Lib\site-packages\pyee\base.py", line 181, in _emit_handle_potential_error
    raise error
  File "C:\Users\amod.mishra_engineos\Odynn-Hotel-Framework\crm_core\hotel_crawlers\marriott\marriott_botright.py", line 112, in handle_route
    response = await route.continue_()
                     ^^^^^^^^^^^^^^^
AttributeError: 'Request' object has no attribute 'continue_'
2025-10-14 15:38:18,428 - ERROR - Exception in callback AsyncIOEventEmitter._emit_run.<locals>.callback(<Task finishe...'continue_'")>) at C:\Users\amod.mishra_engineos\AppData\Local\Programs\Python\Python311\Lib\site-packages\pyee\asyncio.py:97
handle: <Handle AsyncIOEventEmitter._emit_run.<locals>.callback(<Task finishe...'continue_'")>) at C:\Users\amod.mishra_engineos\AppData\Local\Programs\Python\Python311\Lib\site-packages\pyee\asyncio.py:97>
Traceback (most recent call last):
  File "C:\Users\amod.mishra_engineos\AppData\Local\Programs\Python\Python311\Lib\asyncio\events.py", line 84, in _run
    self._context.run(self._callback, *self._args)
  File "C:\Users\amod.mishra_engineos\AppData\Local\Programs\Python\Python311\Lib\site-packages\pyee\asyncio.py", line 105, in callback
    self.emit("error", exc)
  File "C:\Users\amod.mishra_engineos\AppData\Local\Programs\Python\Python311\Lib\site-packages\pyee\asyncio.py", line 70, in emit
    return super().emit(event, *args, **kwargs)
           ^^^^^^^^^^^^^^^^^^^^^^^^^^^^^^^^^^^^
  File "C:\Users\amod.mishra_engineos\AppData\Local\Programs\Python\Python311\Lib\site-packages\pyee\base.py", line 223, in emit
    self._emit_handle_potential_error(event, args[0] if args else None)
  File "C:\Users\amod.mishra_engineos\AppData\Local\Programs\Python\Python311\Lib\site-packages\pyee\base.py", line 181, in _emit_handle_potential_error
    raise error
  File "C:\Users\amod.mishra_engineos\Odynn-Hotel-Framework\crm_core\hotel_crawlers\marriott\marriott_botright.py", line 112, in handle_route
    response = await route.continue_()
                     ^^^^^^^^^^^^^^^
AttributeError: 'Request' object has no attribute 'continue_'
2025-10-14 15:38:19,056 - ERROR - Exception in callback AsyncIOEventEmitter._emit_run.<locals>.callback(<Task finishe...'continue_'")>) at C:\Users\amod.mishra_engineos\AppData\Local\Programs\Python\Python311\Lib\site-packages\pyee\asyncio.py:97
handle: <Handle AsyncIOEventEmitter._emit_run.<locals>.callback(<Task finishe...'continue_'")>) at C:\Users\amod.mishra_engineos\AppData\Local\Programs\Python\Python311\Lib\site-packages\pyee\asyncio.py:97>
Traceback (most recent call last):
  File "C:\Users\amod.mishra_engineos\AppData\Local\Programs\Python\Python311\Lib\asyncio\events.py", line 84, in _run
    self._context.run(self._callback, *self._args)
  File "C:\Users\amod.mishra_engineos\AppData\Local\Programs\Python\Python311\Lib\site-packages\pyee\asyncio.py", line 105, in callback
    self.emit("error", exc)
  File "C:\Users\amod.mishra_engineos\AppData\Local\Programs\Python\Python311\Lib\site-packages\pyee\asyncio.py", line 70, in emit
    return super().emit(event, *args, **kwargs)
           ^^^^^^^^^^^^^^^^^^^^^^^^^^^^^^^^^^^^
  File "C:\Users\amod.mishra_engineos\AppData\Local\Programs\Python\Python311\Lib\site-packages\pyee\base.py", line 223, in emit
    self._emit_handle_potential_error(event, args[0] if args else None)
  File "C:\Users\amod.mishra_engineos\AppData\Local\Programs\Python\Python311\Lib\site-packages\pyee\base.py", line 181, in _emit_handle_potential_error
    raise error
  File "C:\Users\amod.mishra_engineos\Odynn-Hotel-Framework\crm_core\hotel_crawlers\marriott\marriott_botright.py", line 112, in handle_route
    response = await route.continue_()
                     ^^^^^^^^^^^^^^^
AttributeError: 'Request' object has no attribute 'continue_'
2025-10-14 15:38:19,509 - ERROR - Exception in callback AsyncIOEventEmitter._emit_run.<locals>.callback(<Task finishe...'continue_'")>) at C:\Users\amod.mishra_engineos\AppData\Local\Programs\Python\Python311\Lib\site-packages\pyee\asyncio.py:97
handle: <Handle AsyncIOEventEmitter._emit_run.<locals>.callback(<Task finishe...'continue_'")>) at C:\Users\amod.mishra_engineos\AppData\Local\Programs\Python\Python311\Lib\site-packages\pyee\asyncio.py:97>
Traceback (most recent call last):
  File "C:\Users\amod.mishra_engineos\AppData\Local\Programs\Python\Python311\Lib\asyncio\events.py", line 84, in _run
    self._context.run(self._callback, *self._args)
  File "C:\Users\amod.mishra_engineos\AppData\Local\Programs\Python\Python311\Lib\site-packages\pyee\asyncio.py", line 105, in callback
    self.emit("error", exc)
  File "C:\Users\amod.mishra_engineos\AppData\Local\Programs\Python\Python311\Lib\site-packages\pyee\asyncio.py", line 70, in emit
    return super().emit(event, *args, **kwargs)
           ^^^^^^^^^^^^^^^^^^^^^^^^^^^^^^^^^^^^
  File "C:\Users\amod.mishra_engineos\AppData\Local\Programs\Python\Python311\Lib\site-packages\pyee\base.py", line 223, in emit
    self._emit_handle_potential_error(event, args[0] if args else None)
  File "C:\Users\amod.mishra_engineos\AppData\Local\Programs\Python\Python311\Lib\site-packages\pyee\base.py", line 181, in _emit_handle_potential_error
    raise error
  File "C:\Users\amod.mishra_engineos\Odynn-Hotel-Framework\crm_core\hotel_crawlers\marriott\marriott_botright.py", line 112, in handle_route
    response = await route.continue_()
                     ^^^^^^^^^^^^^^^
AttributeError: 'Request' object has no attribute 'continue_'
2025-10-14 15:38:19,863 - ERROR - Exception in callback AsyncIOEventEmitter._emit_run.<locals>.callback(<Task finishe...'continue_'")>) at C:\Users\amod.mishra_engineos\AppData\Local\Programs\Python\Python311\Lib\site-packages\pyee\asyncio.py:97
handle: <Handle AsyncIOEventEmitter._emit_run.<locals>.callback(<Task finishe...'continue_'")>) at C:\Users\amod.mishra_engineos\AppData\Local\Programs\Python\Python311\Lib\site-packages\pyee\asyncio.py:97>
Traceback (most recent call last):
  File "C:\Users\amod.mishra_engineos\AppData\Local\Programs\Python\Python311\Lib\asyncio\events.py", line 84, in _run
    self._context.run(self._callback, *self._args)
  File "C:\Users\amod.mishra_engineos\AppData\Local\Programs\Python\Python311\Lib\site-packages\pyee\asyncio.py", line 105, in callback
    self.emit("error", exc)
  File "C:\Users\amod.mishra_engineos\AppData\Local\Programs\Python\Python311\Lib\site-packages\pyee\asyncio.py", line 70, in emit
    return super().emit(event, *args, **kwargs)
           ^^^^^^^^^^^^^^^^^^^^^^^^^^^^^^^^^^^^
  File "C:\Users\amod.mishra_engineos\AppData\Local\Programs\Python\Python311\Lib\site-packages\pyee\base.py", line 223, in emit
    self._emit_handle_potential_error(event, args[0] if args else None)
  File "C:\Users\amod.mishra_engineos\AppData\Local\Programs\Python\Python311\Lib\site-packages\pyee\base.py", line 181, in _emit_handle_potential_error
    raise error
  File "C:\Users\amod.mishra_engineos\Odynn-Hotel-Framework\crm_core\hotel_crawlers\marriott\marriott_botright.py", line 112, in handle_route
    response = await route.continue_()
                     ^^^^^^^^^^^^^^^
AttributeError: 'Request' object has no attribute 'continue_'
2025-10-14 15:38:23,096 - INFO - Checkin month year: January 2026
2025-10-14 15:38:23,097 - INFO - Checkout month year: January 2026
2025-10-14 15:38:23,098 - INFO - check_in_label: Tue Jan 06 2026
2025-10-14 15:38:23,098 - INFO - check_out_label: Thu Jan 08 2026
2025-10-14 15:38:23,106 - ERROR - Exception in callback AsyncIOEventEmitter._emit_run.<locals>.callback(<Task finishe...'continue_'")>) at C:\Users\amod.mishra_engineos\AppData\Local\Programs\Python\Python311\Lib\site-packages\pyee\asyncio.py:97
handle: <Handle AsyncIOEventEmitter._emit_run.<locals>.callback(<Task finishe...'continue_'")>) at C:\Users\amod.mishra_engineos\AppData\Local\Programs\Python\Python311\Lib\site-packages\pyee\asyncio.py:97>
Traceback (most recent call last):
  File "C:\Users\amod.mishra_engineos\AppData\Local\Programs\Python\Python311\Lib\asyncio\events.py", line 84, in _run
    self._context.run(self._callback, *self._args)
  File "C:\Users\amod.mishra_engineos\AppData\Local\Programs\Python\Python311\Lib\site-packages\pyee\asyncio.py", line 105, in callback
    self.emit("error", exc)
  File "C:\Users\amod.mishra_engineos\AppData\Local\Programs\Python\Python311\Lib\site-packages\pyee\asyncio.py", line 70, in emit
    return super().emit(event, *args, **kwargs)
           ^^^^^^^^^^^^^^^^^^^^^^^^^^^^^^^^^^^^
  File "C:\Users\amod.mishra_engineos\AppData\Local\Programs\Python\Python311\Lib\site-packages\pyee\base.py", line 223, in emit
    self._emit_handle_potential_error(event, args[0] if args else None)
  File "C:\Users\amod.mishra_engineos\AppData\Local\Programs\Python\Python311\Lib\site-packages\pyee\base.py", line 181, in _emit_handle_potential_error
    raise error
  File "C:\Users\amod.mishra_engineos\Odynn-Hotel-Framework\crm_core\hotel_crawlers\marriott\marriott_botright.py", line 112, in handle_route
    response = await route.continue_()
                     ^^^^^^^^^^^^^^^
AttributeError: 'Request' object has no attribute 'continue_'
2025-10-14 15:38:23,108 - ERROR - Exception in callback AsyncIOEventEmitter._emit_run.<locals>.callback(<Task finishe...'continue_'")>) at C:\Users\amod.mishra_engineos\AppData\Local\Programs\Python\Python311\Lib\site-packages\pyee\asyncio.py:97
handle: <Handle AsyncIOEventEmitter._emit_run.<locals>.callback(<Task finishe...'continue_'")>) at C:\Users\amod.mishra_engineos\AppData\Local\Programs\Python\Python311\Lib\site-packages\pyee\asyncio.py:97>
Traceback (most recent call last):
  File "C:\Users\amod.mishra_engineos\AppData\Local\Programs\Python\Python311\Lib\asyncio\events.py", line 84, in _run
    self._context.run(self._callback, *self._args)
  File "C:\Users\amod.mishra_engineos\AppData\Local\Programs\Python\Python311\Lib\site-packages\pyee\asyncio.py", line 105, in callback
    self.emit("error", exc)
  File "C:\Users\amod.mishra_engineos\AppData\Local\Programs\Python\Python311\Lib\site-packages\pyee\asyncio.py", line 70, in emit
    return super().emit(event, *args, **kwargs)
           ^^^^^^^^^^^^^^^^^^^^^^^^^^^^^^^^^^^^
  File "C:\Users\amod.mishra_engineos\AppData\Local\Programs\Python\Python311\Lib\site-packages\pyee\base.py", line 223, in emit
    self._emit_handle_potential_error(event, args[0] if args else None)
  File "C:\Users\amod.mishra_engineos\AppData\Local\Programs\Python\Python311\Lib\site-packages\pyee\base.py", line 181, in _emit_handle_potential_error
    raise error
  File "C:\Users\amod.mishra_engineos\Odynn-Hotel-Framework\crm_core\hotel_crawlers\marriott\marriott_botright.py", line 112, in handle_route
    response = await route.continue_()
                     ^^^^^^^^^^^^^^^
AttributeError: 'Request' object has no attribute 'continue_'
2025-10-14 15:38:23,113 - ERROR - Exception in callback AsyncIOEventEmitter._emit_run.<locals>.callback(<Task finishe...'continue_'")>) at C:\Users\amod.mishra_engineos\AppData\Local\Programs\Python\Python311\Lib\site-packages\pyee\asyncio.py:97
handle: <Handle AsyncIOEventEmitter._emit_run.<locals>.callback(<Task finishe...'continue_'")>) at C:\Users\amod.mishra_engineos\AppData\Local\Programs\Python\Python311\Lib\site-packages\pyee\asyncio.py:97>
Traceback (most recent call last):
  File "C:\Users\amod.mishra_engineos\AppData\Local\Programs\Python\Python311\Lib\asyncio\events.py", line 84, in _run
    self._context.run(self._callback, *self._args)
  File "C:\Users\amod.mishra_engineos\AppData\Local\Programs\Python\Python311\Lib\site-packages\pyee\asyncio.py", line 105, in callback
    self.emit("error", exc)
  File "C:\Users\amod.mishra_engineos\AppData\Local\Programs\Python\Python311\Lib\site-packages\pyee\asyncio.py", line 70, in emit
    return super().emit(event, *args, **kwargs)
           ^^^^^^^^^^^^^^^^^^^^^^^^^^^^^^^^^^^^
  File "C:\Users\amod.mishra_engineos\AppData\Local\Programs\Python\Python311\Lib\site-packages\pyee\base.py", line 223, in emit
    self._emit_handle_potential_error(event, args[0] if args else None)
  File "C:\Users\amod.mishra_engineos\AppData\Local\Programs\Python\Python311\Lib\site-packages\pyee\base.py", line 181, in _emit_handle_potential_error
    raise error
  File "C:\Users\amod.mishra_engineos\Odynn-Hotel-Framework\crm_core\hotel_crawlers\marriott\marriott_botright.py", line 112, in handle_route
    response = await route.continue_()
                     ^^^^^^^^^^^^^^^
AttributeError: 'Request' object has no attribute 'continue_'
2025-10-14 15:38:23,798 - ERROR - Exception in callback AsyncIOEventEmitter._emit_run.<locals>.callback(<Task finishe...'continue_'")>) at C:\Users\amod.mishra_engineos\AppData\Local\Programs\Python\Python311\Lib\site-packages\pyee\asyncio.py:97
handle: <Handle AsyncIOEventEmitter._emit_run.<locals>.callback(<Task finishe...'continue_'")>) at C:\Users\amod.mishra_engineos\AppData\Local\Programs\Python\Python311\Lib\site-packages\pyee\asyncio.py:97>
Traceback (most recent call last):
  File "C:\Users\amod.mishra_engineos\AppData\Local\Programs\Python\Python311\Lib\asyncio\events.py", line 84, in _run
    self._context.run(self._callback, *self._args)
  File "C:\Users\amod.mishra_engineos\AppData\Local\Programs\Python\Python311\Lib\site-packages\pyee\asyncio.py", line 105, in callback
    self.emit("error", exc)
  File "C:\Users\amod.mishra_engineos\AppData\Local\Programs\Python\Python311\Lib\site-packages\pyee\asyncio.py", line 70, in emit
    return super().emit(event, *args, **kwargs)
           ^^^^^^^^^^^^^^^^^^^^^^^^^^^^^^^^^^^^
  File "C:\Users\amod.mishra_engineos\AppData\Local\Programs\Python\Python311\Lib\site-packages\pyee\base.py", line 223, in emit
    self._emit_handle_potential_error(event, args[0] if args else None)
  File "C:\Users\amod.mishra_engineos\AppData\Local\Programs\Python\Python311\Lib\site-packages\pyee\base.py", line 181, in _emit_handle_potential_error
    raise error
  File "C:\Users\amod.mishra_engineos\Odynn-Hotel-Framework\crm_core\hotel_crawlers\marriott\marriott_botright.py", line 112, in handle_route
    response = await route.continue_()
                     ^^^^^^^^^^^^^^^
AttributeError: 'Request' object has no attribute 'continue_'
2025-10-14 15:38:23,860 - ERROR - Exception in callback AsyncIOEventEmitter._emit_run.<locals>.callback(<Task finishe...'continue_'")>) at C:\Users\amod.mishra_engineos\AppData\Local\Programs\Python\Python311\Lib\site-packages\pyee\asyncio.py:97
handle: <Handle AsyncIOEventEmitter._emit_run.<locals>.callback(<Task finishe...'continue_'")>) at C:\Users\amod.mishra_engineos\AppData\Local\Programs\Python\Python311\Lib\site-packages\pyee\asyncio.py:97>
Traceback (most recent call last):
  File "C:\Users\amod.mishra_engineos\AppData\Local\Programs\Python\Python311\Lib\asyncio\events.py", line 84, in _run
    self._context.run(self._callback, *self._args)
  File "C:\Users\amod.mishra_engineos\AppData\Local\Programs\Python\Python311\Lib\site-packages\pyee\asyncio.py", line 105, in callback
    self.emit("error", exc)
  File "C:\Users\amod.mishra_engineos\AppData\Local\Programs\Python\Python311\Lib\site-packages\pyee\asyncio.py", line 70, in emit
    return super().emit(event, *args, **kwargs)
           ^^^^^^^^^^^^^^^^^^^^^^^^^^^^^^^^^^^^
  File "C:\Users\amod.mishra_engineos\AppData\Local\Programs\Python\Python311\Lib\site-packages\pyee\base.py", line 223, in emit
    self._emit_handle_potential_error(event, args[0] if args else None)
  File "C:\Users\amod.mishra_engineos\AppData\Local\Programs\Python\Python311\Lib\site-packages\pyee\base.py", line 181, in _emit_handle_potential_error
    raise error
  File "C:\Users\amod.mishra_engineos\Odynn-Hotel-Framework\crm_core\hotel_crawlers\marriott\marriott_botright.py", line 112, in handle_route
    response = await route.continue_()
                     ^^^^^^^^^^^^^^^
AttributeError: 'Request' object has no attribute 'continue_'
2025-10-14 15:38:23,889 - ERROR - Exception in callback AsyncIOEventEmitter._emit_run.<locals>.callback(<Task finishe...'continue_'")>) at C:\Users\amod.mishra_engineos\AppData\Local\Programs\Python\Python311\Lib\site-packages\pyee\asyncio.py:97
handle: <Handle AsyncIOEventEmitter._emit_run.<locals>.callback(<Task finishe...'continue_'")>) at C:\Users\amod.mishra_engineos\AppData\Local\Programs\Python\Python311\Lib\site-packages\pyee\asyncio.py:97>
Traceback (most recent call last):
  File "C:\Users\amod.mishra_engineos\AppData\Local\Programs\Python\Python311\Lib\asyncio\events.py", line 84, in _run
    self._context.run(self._callback, *self._args)
  File "C:\Users\amod.mishra_engineos\AppData\Local\Programs\Python\Python311\Lib\site-packages\pyee\asyncio.py", line 105, in callback
    self.emit("error", exc)
  File "C:\Users\amod.mishra_engineos\AppData\Local\Programs\Python\Python311\Lib\site-packages\pyee\asyncio.py", line 70, in emit
    return super().emit(event, *args, **kwargs)
           ^^^^^^^^^^^^^^^^^^^^^^^^^^^^^^^^^^^^
  File "C:\Users\amod.mishra_engineos\AppData\Local\Programs\Python\Python311\Lib\site-packages\pyee\base.py", line 223, in emit
    self._emit_handle_potential_error(event, args[0] if args else None)
  File "C:\Users\amod.mishra_engineos\AppData\Local\Programs\Python\Python311\Lib\site-packages\pyee\base.py", line 181, in _emit_handle_potential_error
    raise error
  File "C:\Users\amod.mishra_engineos\Odynn-Hotel-Framework\crm_core\hotel_crawlers\marriott\marriott_botright.py", line 112, in handle_route
    response = await route.continue_()
                     ^^^^^^^^^^^^^^^
AttributeError: 'Request' object has no attribute 'continue_'
2025-10-14 15:38:24,499 - ERROR - Exception in callback AsyncIOEventEmitter._emit_run.<locals>.callback(<Task finishe...'continue_'")>) at C:\Users\amod.mishra_engineos\AppData\Local\Programs\Python\Python311\Lib\site-packages\pyee\asyncio.py:97
handle: <Handle AsyncIOEventEmitter._emit_run.<locals>.callback(<Task finishe...'continue_'")>) at C:\Users\amod.mishra_engineos\AppData\Local\Programs\Python\Python311\Lib\site-packages\pyee\asyncio.py:97>
Traceback (most recent call last):
  File "C:\Users\amod.mishra_engineos\AppData\Local\Programs\Python\Python311\Lib\asyncio\events.py", line 84, in _run
    self._context.run(self._callback, *self._args)
  File "C:\Users\amod.mishra_engineos\AppData\Local\Programs\Python\Python311\Lib\site-packages\pyee\asyncio.py", line 105, in callback
    self.emit("error", exc)
  File "C:\Users\amod.mishra_engineos\AppData\Local\Programs\Python\Python311\Lib\site-packages\pyee\asyncio.py", line 70, in emit
    return super().emit(event, *args, **kwargs)
           ^^^^^^^^^^^^^^^^^^^^^^^^^^^^^^^^^^^^
  File "C:\Users\amod.mishra_engineos\AppData\Local\Programs\Python\Python311\Lib\site-packages\pyee\base.py", line 223, in emit
    self._emit_handle_potential_error(event, args[0] if args else None)
  File "C:\Users\amod.mishra_engineos\AppData\Local\Programs\Python\Python311\Lib\site-packages\pyee\base.py", line 181, in _emit_handle_potential_error
    raise error
  File "C:\Users\amod.mishra_engineos\Odynn-Hotel-Framework\crm_core\hotel_crawlers\marriott\marriott_botright.py", line 112, in handle_route
    response = await route.continue_()
                     ^^^^^^^^^^^^^^^
AttributeError: 'Request' object has no attribute 'continue_'
2025-10-14 15:38:24,529 - ERROR - Exception in callback AsyncIOEventEmitter._emit_run.<locals>.callback(<Task finishe...'continue_'")>) at C:\Users\amod.mishra_engineos\AppData\Local\Programs\Python\Python311\Lib\site-packages\pyee\asyncio.py:97
handle: <Handle AsyncIOEventEmitter._emit_run.<locals>.callback(<Task finishe...'continue_'")>) at C:\Users\amod.mishra_engineos\AppData\Local\Programs\Python\Python311\Lib\site-packages\pyee\asyncio.py:97>
Traceback (most recent call last):
  File "C:\Users\amod.mishra_engineos\AppData\Local\Programs\Python\Python311\Lib\asyncio\events.py", line 84, in _run
    self._context.run(self._callback, *self._args)
  File "C:\Users\amod.mishra_engineos\AppData\Local\Programs\Python\Python311\Lib\site-packages\pyee\asyncio.py", line 105, in callback
    self.emit("error", exc)
  File "C:\Users\amod.mishra_engineos\AppData\Local\Programs\Python\Python311\Lib\site-packages\pyee\asyncio.py", line 70, in emit
    return super().emit(event, *args, **kwargs)
           ^^^^^^^^^^^^^^^^^^^^^^^^^^^^^^^^^^^^
  File "C:\Users\amod.mishra_engineos\AppData\Local\Programs\Python\Python311\Lib\site-packages\pyee\base.py", line 223, in emit
    self._emit_handle_potential_error(event, args[0] if args else None)
  File "C:\Users\amod.mishra_engineos\AppData\Local\Programs\Python\Python311\Lib\site-packages\pyee\base.py", line 181, in _emit_handle_potential_error
    raise error
  File "C:\Users\amod.mishra_engineos\Odynn-Hotel-Framework\crm_core\hotel_crawlers\marriott\marriott_botright.py", line 112, in handle_route
    response = await route.continue_()
                     ^^^^^^^^^^^^^^^
AttributeError: 'Request' object has no attribute 'continue_'
2025-10-14 15:38:25,019 - ERROR - Exception in callback AsyncIOEventEmitter._emit_run.<locals>.callback(<Task finishe...'continue_'")>) at C:\Users\amod.mishra_engineos\AppData\Local\Programs\Python\Python311\Lib\site-packages\pyee\asyncio.py:97
handle: <Handle AsyncIOEventEmitter._emit_run.<locals>.callback(<Task finishe...'continue_'")>) at C:\Users\amod.mishra_engineos\AppData\Local\Programs\Python\Python311\Lib\site-packages\pyee\asyncio.py:97>
Traceback (most recent call last):
  File "C:\Users\amod.mishra_engineos\AppData\Local\Programs\Python\Python311\Lib\asyncio\events.py", line 84, in _run
    self._context.run(self._callback, *self._args)
  File "C:\Users\amod.mishra_engineos\AppData\Local\Programs\Python\Python311\Lib\site-packages\pyee\asyncio.py", line 105, in callback
    self.emit("error", exc)
  File "C:\Users\amod.mishra_engineos\AppData\Local\Programs\Python\Python311\Lib\site-packages\pyee\asyncio.py", line 70, in emit
    return super().emit(event, *args, **kwargs)
           ^^^^^^^^^^^^^^^^^^^^^^^^^^^^^^^^^^^^
  File "C:\Users\amod.mishra_engineos\AppData\Local\Programs\Python\Python311\Lib\site-packages\pyee\base.py", line 223, in emit
    self._emit_handle_potential_error(event, args[0] if args else None)
  File "C:\Users\amod.mishra_engineos\AppData\Local\Programs\Python\Python311\Lib\site-packages\pyee\base.py", line 181, in _emit_handle_potential_error
    raise error
  File "C:\Users\amod.mishra_engineos\Odynn-Hotel-Framework\crm_core\hotel_crawlers\marriott\marriott_botright.py", line 112, in handle_route
    response = await route.continue_()
                     ^^^^^^^^^^^^^^^
AttributeError: 'Request' object has no attribute 'continue_'
2025-10-14 15:38:25,168 - ERROR - Exception in callback AsyncIOEventEmitter._emit_run.<locals>.callback(<Task finishe...'continue_'")>) at C:\Users\amod.mishra_engineos\AppData\Local\Programs\Python\Python311\Lib\site-packages\pyee\asyncio.py:97
handle: <Handle AsyncIOEventEmitter._emit_run.<locals>.callback(<Task finishe...'continue_'")>) at C:\Users\amod.mishra_engineos\AppData\Local\Programs\Python\Python311\Lib\site-packages\pyee\asyncio.py:97>
Traceback (most recent call last):
  File "C:\Users\amod.mishra_engineos\AppData\Local\Programs\Python\Python311\Lib\asyncio\events.py", line 84, in _run
    self._context.run(self._callback, *self._args)
  File "C:\Users\amod.mishra_engineos\AppData\Local\Programs\Python\Python311\Lib\site-packages\pyee\asyncio.py", line 105, in callback
    self.emit("error", exc)
  File "C:\Users\amod.mishra_engineos\AppData\Local\Programs\Python\Python311\Lib\site-packages\pyee\asyncio.py", line 70, in emit
    return super().emit(event, *args, **kwargs)
           ^^^^^^^^^^^^^^^^^^^^^^^^^^^^^^^^^^^^
  File "C:\Users\amod.mishra_engineos\AppData\Local\Programs\Python\Python311\Lib\site-packages\pyee\base.py", line 223, in emit
    self._emit_handle_potential_error(event, args[0] if args else None)
  File "C:\Users\amod.mishra_engineos\AppData\Local\Programs\Python\Python311\Lib\site-packages\pyee\base.py", line 181, in _emit_handle_potential_error
    raise error
  File "C:\Users\amod.mishra_engineos\Odynn-Hotel-Framework\crm_core\hotel_crawlers\marriott\marriott_botright.py", line 112, in handle_route
    response = await route.continue_()
                     ^^^^^^^^^^^^^^^
AttributeError: 'Request' object has no attribute 'continue_'
2025-10-14 15:38:25,353 - ERROR - Exception in callback AsyncIOEventEmitter._emit_run.<locals>.callback(<Task finishe...'continue_'")>) at C:\Users\amod.mishra_engineos\AppData\Local\Programs\Python\Python311\Lib\site-packages\pyee\asyncio.py:97
handle: <Handle AsyncIOEventEmitter._emit_run.<locals>.callback(<Task finishe...'continue_'")>) at C:\Users\amod.mishra_engineos\AppData\Local\Programs\Python\Python311\Lib\site-packages\pyee\asyncio.py:97>
Traceback (most recent call last):
  File "C:\Users\amod.mishra_engineos\AppData\Local\Programs\Python\Python311\Lib\asyncio\events.py", line 84, in _run
    self._context.run(self._callback, *self._args)
  File "C:\Users\amod.mishra_engineos\AppData\Local\Programs\Python\Python311\Lib\site-packages\pyee\asyncio.py", line 105, in callback
    self.emit("error", exc)
  File "C:\Users\amod.mishra_engineos\AppData\Local\Programs\Python\Python311\Lib\site-packages\pyee\asyncio.py", line 70, in emit
    return super().emit(event, *args, **kwargs)
           ^^^^^^^^^^^^^^^^^^^^^^^^^^^^^^^^^^^^
  File "C:\Users\amod.mishra_engineos\AppData\Local\Programs\Python\Python311\Lib\site-packages\pyee\base.py", line 223, in emit
    self._emit_handle_potential_error(event, args[0] if args else None)
  File "C:\Users\amod.mishra_engineos\AppData\Local\Programs\Python\Python311\Lib\site-packages\pyee\base.py", line 181, in _emit_handle_potential_error
    raise error
  File "C:\Users\amod.mishra_engineos\Odynn-Hotel-Framework\crm_core\hotel_crawlers\marriott\marriott_botright.py", line 112, in handle_route
    response = await route.continue_()
                     ^^^^^^^^^^^^^^^
AttributeError: 'Request' object has no attribute 'continue_'
2025-10-14 15:38:25,511 - ERROR - Exception in callback AsyncIOEventEmitter._emit_run.<locals>.callback(<Task finishe...'continue_'")>) at C:\Users\amod.mishra_engineos\AppData\Local\Programs\Python\Python311\Lib\site-packages\pyee\asyncio.py:97
handle: <Handle AsyncIOEventEmitter._emit_run.<locals>.callback(<Task finishe...'continue_'")>) at C:\Users\amod.mishra_engineos\AppData\Local\Programs\Python\Python311\Lib\site-packages\pyee\asyncio.py:97>
Traceback (most recent call last):
  File "C:\Users\amod.mishra_engineos\AppData\Local\Programs\Python\Python311\Lib\asyncio\events.py", line 84, in _run
    self._context.run(self._callback, *self._args)
  File "C:\Users\amod.mishra_engineos\AppData\Local\Programs\Python\Python311\Lib\site-packages\pyee\asyncio.py", line 105, in callback
    self.emit("error", exc)
  File "C:\Users\amod.mishra_engineos\AppData\Local\Programs\Python\Python311\Lib\site-packages\pyee\asyncio.py", line 70, in emit
    return super().emit(event, *args, **kwargs)
           ^^^^^^^^^^^^^^^^^^^^^^^^^^^^^^^^^^^^
  File "C:\Users\amod.mishra_engineos\AppData\Local\Programs\Python\Python311\Lib\site-packages\pyee\base.py", line 223, in emit
    self._emit_handle_potential_error(event, args[0] if args else None)
  File "C:\Users\amod.mishra_engineos\AppData\Local\Programs\Python\Python311\Lib\site-packages\pyee\base.py", line 181, in _emit_handle_potential_error
    raise error
  File "C:\Users\amod.mishra_engineos\Odynn-Hotel-Framework\crm_core\hotel_crawlers\marriott\marriott_botright.py", line 112, in handle_route
    response = await route.continue_()
                     ^^^^^^^^^^^^^^^
AttributeError: 'Request' object has no attribute 'continue_'
2025-10-14 15:38:25,692 - ERROR - Exception in callback AsyncIOEventEmitter._emit_run.<locals>.callback(<Task finishe...'continue_'")>) at C:\Users\amod.mishra_engineos\AppData\Local\Programs\Python\Python311\Lib\site-packages\pyee\asyncio.py:97
handle: <Handle AsyncIOEventEmitter._emit_run.<locals>.callback(<Task finishe...'continue_'")>) at C:\Users\amod.mishra_engineos\AppData\Local\Programs\Python\Python311\Lib\site-packages\pyee\asyncio.py:97>
Traceback (most recent call last):
  File "C:\Users\amod.mishra_engineos\AppData\Local\Programs\Python\Python311\Lib\asyncio\events.py", line 84, in _run
    self._context.run(self._callback, *self._args)
  File "C:\Users\amod.mishra_engineos\AppData\Local\Programs\Python\Python311\Lib\site-packages\pyee\asyncio.py", line 105, in callback
    self.emit("error", exc)
  File "C:\Users\amod.mishra_engineos\AppData\Local\Programs\Python\Python311\Lib\site-packages\pyee\asyncio.py", line 70, in emit
    return super().emit(event, *args, **kwargs)
           ^^^^^^^^^^^^^^^^^^^^^^^^^^^^^^^^^^^^
  File "C:\Users\amod.mishra_engineos\AppData\Local\Programs\Python\Python311\Lib\site-packages\pyee\base.py", line 223, in emit
    self._emit_handle_potential_error(event, args[0] if args else None)
  File "C:\Users\amod.mishra_engineos\AppData\Local\Programs\Python\Python311\Lib\site-packages\pyee\base.py", line 181, in _emit_handle_potential_error
    raise error
  File "C:\Users\amod.mishra_engineos\Odynn-Hotel-Framework\crm_core\hotel_crawlers\marriott\marriott_botright.py", line 112, in handle_route
    response = await route.continue_()
                     ^^^^^^^^^^^^^^^
AttributeError: 'Request' object has no attribute 'continue_'
2025-10-14 15:38:25,732 - ERROR - Exception in callback AsyncIOEventEmitter._emit_run.<locals>.callback(<Task finishe...'continue_'")>) at C:\Users\amod.mishra_engineos\AppData\Local\Programs\Python\Python311\Lib\site-packages\pyee\asyncio.py:97
handle: <Handle AsyncIOEventEmitter._emit_run.<locals>.callback(<Task finishe...'continue_'")>) at C:\Users\amod.mishra_engineos\AppData\Local\Programs\Python\Python311\Lib\site-packages\pyee\asyncio.py:97>
Traceback (most recent call last):
  File "C:\Users\amod.mishra_engineos\AppData\Local\Programs\Python\Python311\Lib\asyncio\events.py", line 84, in _run
    self._context.run(self._callback, *self._args)
  File "C:\Users\amod.mishra_engineos\AppData\Local\Programs\Python\Python311\Lib\site-packages\pyee\asyncio.py", line 105, in callback
    self.emit("error", exc)
  File "C:\Users\amod.mishra_engineos\AppData\Local\Programs\Python\Python311\Lib\site-packages\pyee\asyncio.py", line 70, in emit
    return super().emit(event, *args, **kwargs)
           ^^^^^^^^^^^^^^^^^^^^^^^^^^^^^^^^^^^^
  File "C:\Users\amod.mishra_engineos\AppData\Local\Programs\Python\Python311\Lib\site-packages\pyee\base.py", line 223, in emit
    self._emit_handle_potential_error(event, args[0] if args else None)
  File "C:\Users\amod.mishra_engineos\AppData\Local\Programs\Python\Python311\Lib\site-packages\pyee\base.py", line 181, in _emit_handle_potential_error
    raise error
  File "C:\Users\amod.mishra_engineos\Odynn-Hotel-Framework\crm_core\hotel_crawlers\marriott\marriott_botright.py", line 112, in handle_route
    response = await route.continue_()
                     ^^^^^^^^^^^^^^^
AttributeError: 'Request' object has no attribute 'continue_'
2025-10-14 15:38:27,898 - ERROR - Exception in callback AsyncIOEventEmitter._emit_run.<locals>.callback(<Task finishe...'continue_'")>) at C:\Users\amod.mishra_engineos\AppData\Local\Programs\Python\Python311\Lib\site-packages\pyee\asyncio.py:97
handle: <Handle AsyncIOEventEmitter._emit_run.<locals>.callback(<Task finishe...'continue_'")>) at C:\Users\amod.mishra_engineos\AppData\Local\Programs\Python\Python311\Lib\site-packages\pyee\asyncio.py:97>
Traceback (most recent call last):
  File "C:\Users\amod.mishra_engineos\AppData\Local\Programs\Python\Python311\Lib\asyncio\events.py", line 84, in _run
    self._context.run(self._callback, *self._args)
  File "C:\Users\amod.mishra_engineos\AppData\Local\Programs\Python\Python311\Lib\site-packages\pyee\asyncio.py", line 105, in callback
    self.emit("error", exc)
  File "C:\Users\amod.mishra_engineos\AppData\Local\Programs\Python\Python311\Lib\site-packages\pyee\asyncio.py", line 70, in emit
    return super().emit(event, *args, **kwargs)
           ^^^^^^^^^^^^^^^^^^^^^^^^^^^^^^^^^^^^
  File "C:\Users\amod.mishra_engineos\AppData\Local\Programs\Python\Python311\Lib\site-packages\pyee\base.py", line 223, in emit
    self._emit_handle_potential_error(event, args[0] if args else None)
  File "C:\Users\amod.mishra_engineos\AppData\Local\Programs\Python\Python311\Lib\site-packages\pyee\base.py", line 181, in _emit_handle_potential_error
    raise error
  File "C:\Users\amod.mishra_engineos\Odynn-Hotel-Framework\crm_core\hotel_crawlers\marriott\marriott_botright.py", line 112, in handle_route
    response = await route.continue_()
                     ^^^^^^^^^^^^^^^
AttributeError: 'Request' object has no attribute 'continue_'
2025-10-14 15:38:27,902 - ERROR - Exception in callback AsyncIOEventEmitter._emit_run.<locals>.callback(<Task finishe...'continue_'")>) at C:\Users\amod.mishra_engineos\AppData\Local\Programs\Python\Python311\Lib\site-packages\pyee\asyncio.py:97
handle: <Handle AsyncIOEventEmitter._emit_run.<locals>.callback(<Task finishe...'continue_'")>) at C:\Users\amod.mishra_engineos\AppData\Local\Programs\Python\Python311\Lib\site-packages\pyee\asyncio.py:97>
Traceback (most recent call last):
  File "C:\Users\amod.mishra_engineos\AppData\Local\Programs\Python\Python311\Lib\asyncio\events.py", line 84, in _run
    self._context.run(self._callback, *self._args)
  File "C:\Users\amod.mishra_engineos\AppData\Local\Programs\Python\Python311\Lib\site-packages\pyee\asyncio.py", line 105, in callback
    self.emit("error", exc)
  File "C:\Users\amod.mishra_engineos\AppData\Local\Programs\Python\Python311\Lib\site-packages\pyee\asyncio.py", line 70, in emit
    return super().emit(event, *args, **kwargs)
           ^^^^^^^^^^^^^^^^^^^^^^^^^^^^^^^^^^^^
  File "C:\Users\amod.mishra_engineos\AppData\Local\Programs\Python\Python311\Lib\site-packages\pyee\base.py", line 223, in emit
    self._emit_handle_potential_error(event, args[0] if args else None)
  File "C:\Users\amod.mishra_engineos\AppData\Local\Programs\Python\Python311\Lib\site-packages\pyee\base.py", line 181, in _emit_handle_potential_error
    raise error
  File "C:\Users\amod.mishra_engineos\Odynn-Hotel-Framework\crm_core\hotel_crawlers\marriott\marriott_botright.py", line 112, in handle_route
    response = await route.continue_()
                     ^^^^^^^^^^^^^^^
AttributeError: 'Request' object has no attribute 'continue_'
2025-10-14 15:38:27,905 - ERROR - Exception in callback AsyncIOEventEmitter._emit_run.<locals>.callback(<Task finishe...'continue_'")>) at C:\Users\amod.mishra_engineos\AppData\Local\Programs\Python\Python311\Lib\site-packages\pyee\asyncio.py:97
handle: <Handle AsyncIOEventEmitter._emit_run.<locals>.callback(<Task finishe...'continue_'")>) at C:\Users\amod.mishra_engineos\AppData\Local\Programs\Python\Python311\Lib\site-packages\pyee\asyncio.py:97>
Traceback (most recent call last):
  File "C:\Users\amod.mishra_engineos\AppData\Local\Programs\Python\Python311\Lib\asyncio\events.py", line 84, in _run
    self._context.run(self._callback, *self._args)
  File "C:\Users\amod.mishra_engineos\AppData\Local\Programs\Python\Python311\Lib\site-packages\pyee\asyncio.py", line 105, in callback
    self.emit("error", exc)
  File "C:\Users\amod.mishra_engineos\AppData\Local\Programs\Python\Python311\Lib\site-packages\pyee\asyncio.py", line 70, in emit
    return super().emit(event, *args, **kwargs)
           ^^^^^^^^^^^^^^^^^^^^^^^^^^^^^^^^^^^^
  File "C:\Users\amod.mishra_engineos\AppData\Local\Programs\Python\Python311\Lib\site-packages\pyee\base.py", line 223, in emit
    self._emit_handle_potential_error(event, args[0] if args else None)
  File "C:\Users\amod.mishra_engineos\AppData\Local\Programs\Python\Python311\Lib\site-packages\pyee\base.py", line 181, in _emit_handle_potential_error
    raise error
  File "C:\Users\amod.mishra_engineos\Odynn-Hotel-Framework\crm_core\hotel_crawlers\marriott\marriott_botright.py", line 112, in handle_route
    response = await route.continue_()
                     ^^^^^^^^^^^^^^^
AttributeError: 'Request' object has no attribute 'continue_'
2025-10-14 15:38:27,907 - ERROR - Exception in callback AsyncIOEventEmitter._emit_run.<locals>.callback(<Task finishe...'continue_'")>) at C:\Users\amod.mishra_engineos\AppData\Local\Programs\Python\Python311\Lib\site-packages\pyee\asyncio.py:97
handle: <Handle AsyncIOEventEmitter._emit_run.<locals>.callback(<Task finishe...'continue_'")>) at C:\Users\amod.mishra_engineos\AppData\Local\Programs\Python\Python311\Lib\site-packages\pyee\asyncio.py:97>
Traceback (most recent call last):
  File "C:\Users\amod.mishra_engineos\AppData\Local\Programs\Python\Python311\Lib\asyncio\events.py", line 84, in _run
    self._context.run(self._callback, *self._args)
  File "C:\Users\amod.mishra_engineos\AppData\Local\Programs\Python\Python311\Lib\site-packages\pyee\asyncio.py", line 105, in callback
    self.emit("error", exc)
  File "C:\Users\amod.mishra_engineos\AppData\Local\Programs\Python\Python311\Lib\site-packages\pyee\asyncio.py", line 70, in emit
    return super().emit(event, *args, **kwargs)
           ^^^^^^^^^^^^^^^^^^^^^^^^^^^^^^^^^^^^
  File "C:\Users\amod.mishra_engineos\AppData\Local\Programs\Python\Python311\Lib\site-packages\pyee\base.py", line 223, in emit
    self._emit_handle_potential_error(event, args[0] if args else None)
  File "C:\Users\amod.mishra_engineos\AppData\Local\Programs\Python\Python311\Lib\site-packages\pyee\base.py", line 181, in _emit_handle_potential_error
    raise error
  File "C:\Users\amod.mishra_engineos\Odynn-Hotel-Framework\crm_core\hotel_crawlers\marriott\marriott_botright.py", line 112, in handle_route
    response = await route.continue_()
                     ^^^^^^^^^^^^^^^
AttributeError: 'Request' object has no attribute 'continue_'
2025-10-14 15:38:29,619 - ERROR - Exception in callback AsyncIOEventEmitter._emit_run.<locals>.callback(<Task finishe...'continue_'")>) at C:\Users\amod.mishra_engineos\AppData\Local\Programs\Python\Python311\Lib\site-packages\pyee\asyncio.py:97
handle: <Handle AsyncIOEventEmitter._emit_run.<locals>.callback(<Task finishe...'continue_'")>) at C:\Users\amod.mishra_engineos\AppData\Local\Programs\Python\Python311\Lib\site-packages\pyee\asyncio.py:97>
Traceback (most recent call last):
  File "C:\Users\amod.mishra_engineos\AppData\Local\Programs\Python\Python311\Lib\asyncio\events.py", line 84, in _run
    self._context.run(self._callback, *self._args)
  File "C:\Users\amod.mishra_engineos\AppData\Local\Programs\Python\Python311\Lib\site-packages\pyee\asyncio.py", line 105, in callback
    self.emit("error", exc)
  File "C:\Users\amod.mishra_engineos\AppData\Local\Programs\Python\Python311\Lib\site-packages\pyee\asyncio.py", line 70, in emit
    return super().emit(event, *args, **kwargs)
           ^^^^^^^^^^^^^^^^^^^^^^^^^^^^^^^^^^^^
  File "C:\Users\amod.mishra_engineos\AppData\Local\Programs\Python\Python311\Lib\site-packages\pyee\base.py", line 223, in emit
    self._emit_handle_potential_error(event, args[0] if args else None)
  File "C:\Users\amod.mishra_engineos\AppData\Local\Programs\Python\Python311\Lib\site-packages\pyee\base.py", line 181, in _emit_handle_potential_error
    raise error
  File "C:\Users\amod.mishra_engineos\Odynn-Hotel-Framework\crm_core\hotel_crawlers\marriott\marriott_botright.py", line 112, in handle_route
    response = await route.continue_()
                     ^^^^^^^^^^^^^^^
AttributeError: 'Request' object has no attribute 'continue_'
2025-10-14 15:38:29,621 - ERROR - Exception in callback AsyncIOEventEmitter._emit_run.<locals>.callback(<Task finishe...'continue_'")>) at C:\Users\amod.mishra_engineos\AppData\Local\Programs\Python\Python311\Lib\site-packages\pyee\asyncio.py:97
handle: <Handle AsyncIOEventEmitter._emit_run.<locals>.callback(<Task finishe...'continue_'")>) at C:\Users\amod.mishra_engineos\AppData\Local\Programs\Python\Python311\Lib\site-packages\pyee\asyncio.py:97>
Traceback (most recent call last):
  File "C:\Users\amod.mishra_engineos\AppData\Local\Programs\Python\Python311\Lib\asyncio\events.py", line 84, in _run
    self._context.run(self._callback, *self._args)
  File "C:\Users\amod.mishra_engineos\AppData\Local\Programs\Python\Python311\Lib\site-packages\pyee\asyncio.py", line 105, in callback
    self.emit("error", exc)
  File "C:\Users\amod.mishra_engineos\AppData\Local\Programs\Python\Python311\Lib\site-packages\pyee\asyncio.py", line 70, in emit
    return super().emit(event, *args, **kwargs)
           ^^^^^^^^^^^^^^^^^^^^^^^^^^^^^^^^^^^^
  File "C:\Users\amod.mishra_engineos\AppData\Local\Programs\Python\Python311\Lib\site-packages\pyee\base.py", line 223, in emit
    self._emit_handle_potential_error(event, args[0] if args else None)
  File "C:\Users\amod.mishra_engineos\AppData\Local\Programs\Python\Python311\Lib\site-packages\pyee\base.py", line 181, in _emit_handle_potential_error
    raise error
  File "C:\Users\amod.mishra_engineos\Odynn-Hotel-Framework\crm_core\hotel_crawlers\marriott\marriott_botright.py", line 112, in handle_route
    response = await route.continue_()
                     ^^^^^^^^^^^^^^^
AttributeError: 'Request' object has no attribute 'continue_'
2025-10-14 15:38:29,622 - ERROR - Exception in callback AsyncIOEventEmitter._emit_run.<locals>.callback(<Task finishe...'continue_'")>) at C:\Users\amod.mishra_engineos\AppData\Local\Programs\Python\Python311\Lib\site-packages\pyee\asyncio.py:97
handle: <Handle AsyncIOEventEmitter._emit_run.<locals>.callback(<Task finishe...'continue_'")>) at C:\Users\amod.mishra_engineos\AppData\Local\Programs\Python\Python311\Lib\site-packages\pyee\asyncio.py:97>
Traceback (most recent call last):
  File "C:\Users\amod.mishra_engineos\AppData\Local\Programs\Python\Python311\Lib\asyncio\events.py", line 84, in _run
    self._context.run(self._callback, *self._args)
  File "C:\Users\amod.mishra_engineos\AppData\Local\Programs\Python\Python311\Lib\site-packages\pyee\asyncio.py", line 105, in callback
    self.emit("error", exc)
  File "C:\Users\amod.mishra_engineos\AppData\Local\Programs\Python\Python311\Lib\site-packages\pyee\asyncio.py", line 70, in emit
    return super().emit(event, *args, **kwargs)
           ^^^^^^^^^^^^^^^^^^^^^^^^^^^^^^^^^^^^
  File "C:\Users\amod.mishra_engineos\AppData\Local\Programs\Python\Python311\Lib\site-packages\pyee\base.py", line 223, in emit
    self._emit_handle_potential_error(event, args[0] if args else None)
  File "C:\Users\amod.mishra_engineos\AppData\Local\Programs\Python\Python311\Lib\site-packages\pyee\base.py", line 181, in _emit_handle_potential_error
    raise error
  File "C:\Users\amod.mishra_engineos\Odynn-Hotel-Framework\crm_core\hotel_crawlers\marriott\marriott_botright.py", line 112, in handle_route
    response = await route.continue_()
                     ^^^^^^^^^^^^^^^
AttributeError: 'Request' object has no attribute 'continue_'
2025-10-14 15:38:29,624 - ERROR - Exception in callback AsyncIOEventEmitter._emit_run.<locals>.callback(<Task finishe...'continue_'")>) at C:\Users\amod.mishra_engineos\AppData\Local\Programs\Python\Python311\Lib\site-packages\pyee\asyncio.py:97
handle: <Handle AsyncIOEventEmitter._emit_run.<locals>.callback(<Task finishe...'continue_'")>) at C:\Users\amod.mishra_engineos\AppData\Local\Programs\Python\Python311\Lib\site-packages\pyee\asyncio.py:97>
Traceback (most recent call last):
  File "C:\Users\amod.mishra_engineos\AppData\Local\Programs\Python\Python311\Lib\asyncio\events.py", line 84, in _run
    self._context.run(self._callback, *self._args)
  File "C:\Users\amod.mishra_engineos\AppData\Local\Programs\Python\Python311\Lib\site-packages\pyee\asyncio.py", line 105, in callback
    self.emit("error", exc)
  File "C:\Users\amod.mishra_engineos\AppData\Local\Programs\Python\Python311\Lib\site-packages\pyee\asyncio.py", line 70, in emit
    return super().emit(event, *args, **kwargs)
           ^^^^^^^^^^^^^^^^^^^^^^^^^^^^^^^^^^^^
  File "C:\Users\amod.mishra_engineos\AppData\Local\Programs\Python\Python311\Lib\site-packages\pyee\base.py", line 223, in emit
    self._emit_handle_potential_error(event, args[0] if args else None)
  File "C:\Users\amod.mishra_engineos\AppData\Local\Programs\Python\Python311\Lib\site-packages\pyee\base.py", line 181, in _emit_handle_potential_error
    raise error
  File "C:\Users\amod.mishra_engineos\Odynn-Hotel-Framework\crm_core\hotel_crawlers\marriott\marriott_botright.py", line 112, in handle_route
    response = await route.continue_()
                     ^^^^^^^^^^^^^^^
AttributeError: 'Request' object has no attribute 'continue_'
2025-10-14 15:38:29,627 - ERROR - Exception in callback AsyncIOEventEmitter._emit_run.<locals>.callback(<Task finishe...'continue_'")>) at C:\Users\amod.mishra_engineos\AppData\Local\Programs\Python\Python311\Lib\site-packages\pyee\asyncio.py:97
handle: <Handle AsyncIOEventEmitter._emit_run.<locals>.callback(<Task finishe...'continue_'")>) at C:\Users\amod.mishra_engineos\AppData\Local\Programs\Python\Python311\Lib\site-packages\pyee\asyncio.py:97>
Traceback (most recent call last):
  File "C:\Users\amod.mishra_engineos\AppData\Local\Programs\Python\Python311\Lib\asyncio\events.py", line 84, in _run
    self._context.run(self._callback, *self._args)
  File "C:\Users\amod.mishra_engineos\AppData\Local\Programs\Python\Python311\Lib\site-packages\pyee\asyncio.py", line 105, in callback
    self.emit("error", exc)
  File "C:\Users\amod.mishra_engineos\AppData\Local\Programs\Python\Python311\Lib\site-packages\pyee\asyncio.py", line 70, in emit
    return super().emit(event, *args, **kwargs)
           ^^^^^^^^^^^^^^^^^^^^^^^^^^^^^^^^^^^^
  File "C:\Users\amod.mishra_engineos\AppData\Local\Programs\Python\Python311\Lib\site-packages\pyee\base.py", line 223, in emit
    self._emit_handle_potential_error(event, args[0] if args else None)
  File "C:\Users\amod.mishra_engineos\AppData\Local\Programs\Python\Python311\Lib\site-packages\pyee\base.py", line 181, in _emit_handle_potential_error
    raise error
  File "C:\Users\amod.mishra_engineos\Odynn-Hotel-Framework\crm_core\hotel_crawlers\marriott\marriott_botright.py", line 112, in handle_route
    response = await route.continue_()
                     ^^^^^^^^^^^^^^^
AttributeError: 'Request' object has no attribute 'continue_'
2025-10-14 15:38:30,145 - ERROR - Exception in callback AsyncIOEventEmitter._emit_run.<locals>.callback(<Task finishe...'continue_'")>) at C:\Users\amod.mishra_engineos\AppData\Local\Programs\Python\Python311\Lib\site-packages\pyee\asyncio.py:97
handle: <Handle AsyncIOEventEmitter._emit_run.<locals>.callback(<Task finishe...'continue_'")>) at C:\Users\amod.mishra_engineos\AppData\Local\Programs\Python\Python311\Lib\site-packages\pyee\asyncio.py:97>
Traceback (most recent call last):
  File "C:\Users\amod.mishra_engineos\AppData\Local\Programs\Python\Python311\Lib\asyncio\events.py", line 84, in _run
    self._context.run(self._callback, *self._args)
  File "C:\Users\amod.mishra_engineos\AppData\Local\Programs\Python\Python311\Lib\site-packages\pyee\asyncio.py", line 105, in callback
    self.emit("error", exc)
  File "C:\Users\amod.mishra_engineos\AppData\Local\Programs\Python\Python311\Lib\site-packages\pyee\asyncio.py", line 70, in emit
    return super().emit(event, *args, **kwargs)
           ^^^^^^^^^^^^^^^^^^^^^^^^^^^^^^^^^^^^
  File "C:\Users\amod.mishra_engineos\AppData\Local\Programs\Python\Python311\Lib\site-packages\pyee\base.py", line 223, in emit
    self._emit_handle_potential_error(event, args[0] if args else None)
  File "C:\Users\amod.mishra_engineos\AppData\Local\Programs\Python\Python311\Lib\site-packages\pyee\base.py", line 181, in _emit_handle_potential_error
    raise error
  File "C:\Users\amod.mishra_engineos\Odynn-Hotel-Framework\crm_core\hotel_crawlers\marriott\marriott_botright.py", line 112, in handle_route
    response = await route.continue_()
                     ^^^^^^^^^^^^^^^
AttributeError: 'Request' object has no attribute 'continue_'
2025-10-14 15:38:30,185 - ERROR - Exception in callback AsyncIOEventEmitter._emit_run.<locals>.callback(<Task finishe...'continue_'")>) at C:\Users\amod.mishra_engineos\AppData\Local\Programs\Python\Python311\Lib\site-packages\pyee\asyncio.py:97
handle: <Handle AsyncIOEventEmitter._emit_run.<locals>.callback(<Task finishe...'continue_'")>) at C:\Users\amod.mishra_engineos\AppData\Local\Programs\Python\Python311\Lib\site-packages\pyee\asyncio.py:97>
Traceback (most recent call last):
  File "C:\Users\amod.mishra_engineos\AppData\Local\Programs\Python\Python311\Lib\asyncio\events.py", line 84, in _run
    self._context.run(self._callback, *self._args)
  File "C:\Users\amod.mishra_engineos\AppData\Local\Programs\Python\Python311\Lib\site-packages\pyee\asyncio.py", line 105, in callback
    self.emit("error", exc)
  File "C:\Users\amod.mishra_engineos\AppData\Local\Programs\Python\Python311\Lib\site-packages\pyee\asyncio.py", line 70, in emit
    return super().emit(event, *args, **kwargs)
           ^^^^^^^^^^^^^^^^^^^^^^^^^^^^^^^^^^^^
  File "C:\Users\amod.mishra_engineos\AppData\Local\Programs\Python\Python311\Lib\site-packages\pyee\base.py", line 223, in emit
    self._emit_handle_potential_error(event, args[0] if args else None)
  File "C:\Users\amod.mishra_engineos\AppData\Local\Programs\Python\Python311\Lib\site-packages\pyee\base.py", line 181, in _emit_handle_potential_error
    raise error
  File "C:\Users\amod.mishra_engineos\Odynn-Hotel-Framework\crm_core\hotel_crawlers\marriott\marriott_botright.py", line 112, in handle_route
    response = await route.continue_()
                     ^^^^^^^^^^^^^^^
AttributeError: 'Request' object has no attribute 'continue_'
2025-10-14 15:38:30,269 - ERROR - Exception in callback AsyncIOEventEmitter._emit_run.<locals>.callback(<Task finishe...'continue_'")>) at C:\Users\amod.mishra_engineos\AppData\Local\Programs\Python\Python311\Lib\site-packages\pyee\asyncio.py:97
handle: <Handle AsyncIOEventEmitter._emit_run.<locals>.callback(<Task finishe...'continue_'")>) at C:\Users\amod.mishra_engineos\AppData\Local\Programs\Python\Python311\Lib\site-packages\pyee\asyncio.py:97>
Traceback (most recent call last):
  File "C:\Users\amod.mishra_engineos\AppData\Local\Programs\Python\Python311\Lib\asyncio\events.py", line 84, in _run
    self._context.run(self._callback, *self._args)
  File "C:\Users\amod.mishra_engineos\AppData\Local\Programs\Python\Python311\Lib\site-packages\pyee\asyncio.py", line 105, in callback
    self.emit("error", exc)
  File "C:\Users\amod.mishra_engineos\AppData\Local\Programs\Python\Python311\Lib\site-packages\pyee\asyncio.py", line 70, in emit
    return super().emit(event, *args, **kwargs)
           ^^^^^^^^^^^^^^^^^^^^^^^^^^^^^^^^^^^^
  File "C:\Users\amod.mishra_engineos\AppData\Local\Programs\Python\Python311\Lib\site-packages\pyee\base.py", line 223, in emit
    self._emit_handle_potential_error(event, args[0] if args else None)
  File "C:\Users\amod.mishra_engineos\AppData\Local\Programs\Python\Python311\Lib\site-packages\pyee\base.py", line 181, in _emit_handle_potential_error
    raise error
  File "C:\Users\amod.mishra_engineos\Odynn-Hotel-Framework\crm_core\hotel_crawlers\marriott\marriott_botright.py", line 112, in handle_route
    response = await route.continue_()
                     ^^^^^^^^^^^^^^^
AttributeError: 'Request' object has no attribute 'continue_'
2025-10-14 15:38:32,195 - ERROR - Exception in callback AsyncIOEventEmitter._emit_run.<locals>.callback(<Task finishe...'continue_'")>) at C:\Users\amod.mishra_engineos\AppData\Local\Programs\Python\Python311\Lib\site-packages\pyee\asyncio.py:97
handle: <Handle AsyncIOEventEmitter._emit_run.<locals>.callback(<Task finishe...'continue_'")>) at C:\Users\amod.mishra_engineos\AppData\Local\Programs\Python\Python311\Lib\site-packages\pyee\asyncio.py:97>
Traceback (most recent call last):
  File "C:\Users\amod.mishra_engineos\AppData\Local\Programs\Python\Python311\Lib\asyncio\events.py", line 84, in _run
    self._context.run(self._callback, *self._args)
  File "C:\Users\amod.mishra_engineos\AppData\Local\Programs\Python\Python311\Lib\site-packages\pyee\asyncio.py", line 105, in callback
    self.emit("error", exc)
  File "C:\Users\amod.mishra_engineos\AppData\Local\Programs\Python\Python311\Lib\site-packages\pyee\asyncio.py", line 70, in emit
    return super().emit(event, *args, **kwargs)
           ^^^^^^^^^^^^^^^^^^^^^^^^^^^^^^^^^^^^
  File "C:\Users\amod.mishra_engineos\AppData\Local\Programs\Python\Python311\Lib\site-packages\pyee\base.py", line 223, in emit
    self._emit_handle_potential_error(event, args[0] if args else None)
  File "C:\Users\amod.mishra_engineos\AppData\Local\Programs\Python\Python311\Lib\site-packages\pyee\base.py", line 181, in _emit_handle_potential_error
    raise error
  File "C:\Users\amod.mishra_engineos\Odynn-Hotel-Framework\crm_core\hotel_crawlers\marriott\marriott_botright.py", line 112, in handle_route
    response = await route.continue_()
                     ^^^^^^^^^^^^^^^
AttributeError: 'Request' object has no attribute 'continue_'
2025-10-14 15:38:32,198 - ERROR - Exception in callback AsyncIOEventEmitter._emit_run.<locals>.callback(<Task finishe...'continue_'")>) at C:\Users\amod.mishra_engineos\AppData\Local\Programs\Python\Python311\Lib\site-packages\pyee\asyncio.py:97
handle: <Handle AsyncIOEventEmitter._emit_run.<locals>.callback(<Task finishe...'continue_'")>) at C:\Users\amod.mishra_engineos\AppData\Local\Programs\Python\Python311\Lib\site-packages\pyee\asyncio.py:97>
Traceback (most recent call last):
  File "C:\Users\amod.mishra_engineos\AppData\Local\Programs\Python\Python311\Lib\asyncio\events.py", line 84, in _run
    self._context.run(self._callback, *self._args)
  File "C:\Users\amod.mishra_engineos\AppData\Local\Programs\Python\Python311\Lib\site-packages\pyee\asyncio.py", line 105, in callback
    self.emit("error", exc)
  File "C:\Users\amod.mishra_engineos\AppData\Local\Programs\Python\Python311\Lib\site-packages\pyee\asyncio.py", line 70, in emit
    return super().emit(event, *args, **kwargs)
           ^^^^^^^^^^^^^^^^^^^^^^^^^^^^^^^^^^^^
  File "C:\Users\amod.mishra_engineos\AppData\Local\Programs\Python\Python311\Lib\site-packages\pyee\base.py", line 223, in emit
    self._emit_handle_potential_error(event, args[0] if args else None)
  File "C:\Users\amod.mishra_engineos\AppData\Local\Programs\Python\Python311\Lib\site-packages\pyee\base.py", line 181, in _emit_handle_potential_error
    raise error
  File "C:\Users\amod.mishra_engineos\Odynn-Hotel-Framework\crm_core\hotel_crawlers\marriott\marriott_botright.py", line 112, in handle_route
    response = await route.continue_()
                     ^^^^^^^^^^^^^^^
AttributeError: 'Request' object has no attribute 'continue_'
2025-10-14 15:38:32,886 - ERROR - Exception in callback AsyncIOEventEmitter._emit_run.<locals>.callback(<Task finishe...'continue_'")>) at C:\Users\amod.mishra_engineos\AppData\Local\Programs\Python\Python311\Lib\site-packages\pyee\asyncio.py:97
handle: <Handle AsyncIOEventEmitter._emit_run.<locals>.callback(<Task finishe...'continue_'")>) at C:\Users\amod.mishra_engineos\AppData\Local\Programs\Python\Python311\Lib\site-packages\pyee\asyncio.py:97>
Traceback (most recent call last):
  File "C:\Users\amod.mishra_engineos\AppData\Local\Programs\Python\Python311\Lib\asyncio\events.py", line 84, in _run
    self._context.run(self._callback, *self._args)
  File "C:\Users\amod.mishra_engineos\AppData\Local\Programs\Python\Python311\Lib\site-packages\pyee\asyncio.py", line 105, in callback
    self.emit("error", exc)
  File "C:\Users\amod.mishra_engineos\AppData\Local\Programs\Python\Python311\Lib\site-packages\pyee\asyncio.py", line 70, in emit
    return super().emit(event, *args, **kwargs)
           ^^^^^^^^^^^^^^^^^^^^^^^^^^^^^^^^^^^^
  File "C:\Users\amod.mishra_engineos\AppData\Local\Programs\Python\Python311\Lib\site-packages\pyee\base.py", line 223, in emit
    self._emit_handle_potential_error(event, args[0] if args else None)
  File "C:\Users\amod.mishra_engineos\AppData\Local\Programs\Python\Python311\Lib\site-packages\pyee\base.py", line 181, in _emit_handle_potential_error
    raise error
  File "C:\Users\amod.mishra_engineos\Odynn-Hotel-Framework\crm_core\hotel_crawlers\marriott\marriott_botright.py", line 112, in handle_route
    response = await route.continue_()
                     ^^^^^^^^^^^^^^^
AttributeError: 'Request' object has no attribute 'continue_'
2025-10-14 15:38:33,724 - ERROR - Exception in callback AsyncIOEventEmitter._emit_run.<locals>.callback(<Task finishe...'continue_'")>) at C:\Users\amod.mishra_engineos\AppData\Local\Programs\Python\Python311\Lib\site-packages\pyee\asyncio.py:97
handle: <Handle AsyncIOEventEmitter._emit_run.<locals>.callback(<Task finishe...'continue_'")>) at C:\Users\amod.mishra_engineos\AppData\Local\Programs\Python\Python311\Lib\site-packages\pyee\asyncio.py:97>
Traceback (most recent call last):
  File "C:\Users\amod.mishra_engineos\AppData\Local\Programs\Python\Python311\Lib\asyncio\events.py", line 84, in _run
    self._context.run(self._callback, *self._args)
  File "C:\Users\amod.mishra_engineos\AppData\Local\Programs\Python\Python311\Lib\site-packages\pyee\asyncio.py", line 105, in callback
    self.emit("error", exc)
  File "C:\Users\amod.mishra_engineos\AppData\Local\Programs\Python\Python311\Lib\site-packages\pyee\asyncio.py", line 70, in emit
    return super().emit(event, *args, **kwargs)
           ^^^^^^^^^^^^^^^^^^^^^^^^^^^^^^^^^^^^
  File "C:\Users\amod.mishra_engineos\AppData\Local\Programs\Python\Python311\Lib\site-packages\pyee\base.py", line 223, in emit
    self._emit_handle_potential_error(event, args[0] if args else None)
  File "C:\Users\amod.mishra_engineos\AppData\Local\Programs\Python\Python311\Lib\site-packages\pyee\base.py", line 181, in _emit_handle_potential_error
    raise error
  File "C:\Users\amod.mishra_engineos\Odynn-Hotel-Framework\crm_core\hotel_crawlers\marriott\marriott_botright.py", line 112, in handle_route
    response = await route.continue_()
                     ^^^^^^^^^^^^^^^
AttributeError: 'Request' object has no attribute 'continue_'
2025-10-14 15:38:35,214 - ERROR - Exception in callback AsyncIOEventEmitter._emit_run.<locals>.callback(<Task finishe...'continue_'")>) at C:\Users\amod.mishra_engineos\AppData\Local\Programs\Python\Python311\Lib\site-packages\pyee\asyncio.py:97
handle: <Handle AsyncIOEventEmitter._emit_run.<locals>.callback(<Task finishe...'continue_'")>) at C:\Users\amod.mishra_engineos\AppData\Local\Programs\Python\Python311\Lib\site-packages\pyee\asyncio.py:97>
Traceback (most recent call last):
  File "C:\Users\amod.mishra_engineos\AppData\Local\Programs\Python\Python311\Lib\asyncio\events.py", line 84, in _run
    self._context.run(self._callback, *self._args)
  File "C:\Users\amod.mishra_engineos\AppData\Local\Programs\Python\Python311\Lib\site-packages\pyee\asyncio.py", line 105, in callback
    self.emit("error", exc)
  File "C:\Users\amod.mishra_engineos\AppData\Local\Programs\Python\Python311\Lib\site-packages\pyee\asyncio.py", line 70, in emit
    return super().emit(event, *args, **kwargs)
           ^^^^^^^^^^^^^^^^^^^^^^^^^^^^^^^^^^^^
  File "C:\Users\amod.mishra_engineos\AppData\Local\Programs\Python\Python311\Lib\site-packages\pyee\base.py", line 223, in emit
    self._emit_handle_potential_error(event, args[0] if args else None)
  File "C:\Users\amod.mishra_engineos\AppData\Local\Programs\Python\Python311\Lib\site-packages\pyee\base.py", line 181, in _emit_handle_potential_error
    raise error
  File "C:\Users\amod.mishra_engineos\Odynn-Hotel-Framework\crm_core\hotel_crawlers\marriott\marriott_botright.py", line 112, in handle_route
    response = await route.continue_()
                     ^^^^^^^^^^^^^^^
AttributeError: 'Request' object has no attribute 'continue_'
2025-10-14 15:38:35,755 - ERROR - Exception in callback AsyncIOEventEmitter._emit_run.<locals>.callback(<Task finishe...'continue_'")>) at C:\Users\amod.mishra_engineos\AppData\Local\Programs\Python\Python311\Lib\site-packages\pyee\asyncio.py:97
handle: <Handle AsyncIOEventEmitter._emit_run.<locals>.callback(<Task finishe...'continue_'")>) at C:\Users\amod.mishra_engineos\AppData\Local\Programs\Python\Python311\Lib\site-packages\pyee\asyncio.py:97>
Traceback (most recent call last):
  File "C:\Users\amod.mishra_engineos\AppData\Local\Programs\Python\Python311\Lib\asyncio\events.py", line 84, in _run
    self._context.run(self._callback, *self._args)
  File "C:\Users\amod.mishra_engineos\AppData\Local\Programs\Python\Python311\Lib\site-packages\pyee\asyncio.py", line 105, in callback
    self.emit("error", exc)
  File "C:\Users\amod.mishra_engineos\AppData\Local\Programs\Python\Python311\Lib\site-packages\pyee\asyncio.py", line 70, in emit
    return super().emit(event, *args, **kwargs)
           ^^^^^^^^^^^^^^^^^^^^^^^^^^^^^^^^^^^^
  File "C:\Users\amod.mishra_engineos\AppData\Local\Programs\Python\Python311\Lib\site-packages\pyee\base.py", line 223, in emit
    self._emit_handle_potential_error(event, args[0] if args else None)
  File "C:\Users\amod.mishra_engineos\AppData\Local\Programs\Python\Python311\Lib\site-packages\pyee\base.py", line 181, in _emit_handle_potential_error
    raise error
  File "C:\Users\amod.mishra_engineos\Odynn-Hotel-Framework\crm_core\hotel_crawlers\marriott\marriott_botright.py", line 112, in handle_route
    response = await route.continue_()
                     ^^^^^^^^^^^^^^^
AttributeError: 'Request' object has no attribute 'continue_'
2025-10-14 15:42:03,812 - INFO - Getting proxy IP for current session
2025-10-14 15:42:05,076 - INFO - Proxy url dict created for request
2025-10-14 15:42:05,076 - INFO - Setting up crawler to extract data
2025-10-14 15:42:05,849 - INFO - Navigating to Marriott home page...
2025-10-14 15:42:33,167 - INFO - Checkin month year: January 2026
2025-10-14 15:42:33,168 - INFO - Checkout month year: January 2026
2025-10-14 15:42:33,168 - INFO - check_in_label: Tue Jan 06 2026
2025-10-14 15:42:33,169 - INFO - check_out_label: Thu Jan 08 2026
2025-10-14 17:01:40,713 - INFO - Getting proxy IP for current session
2025-10-14 17:01:41,924 - INFO - Proxy url dict created for request
2025-10-14 17:01:41,925 - INFO - Setting up crawler to extract data
2025-10-14 17:01:43,336 - INFO - Navigating to Marriott home page...
2025-10-14 17:02:10,183 - INFO - Checkin month year: January 2026
2025-10-14 17:02:10,183 - INFO - Checkout month year: January 2026
2025-10-14 17:02:10,183 - INFO - check_in_label: Tue Jan 06 2026
2025-10-14 17:02:10,183 - INFO - check_out_label: Thu Jan 08 2026
2025-10-14 17:03:15,686 - INFO - Getting proxy IP for current session
2025-10-14 17:03:16,912 - INFO - Proxy url dict created for request
2025-10-14 17:03:16,913 - INFO - Setting up crawler to extract data
2025-10-14 17:03:17,758 - INFO - Navigating to Marriott home page...
2025-10-14 17:03:37,931 - INFO - Checkin month year: January 2026
2025-10-14 17:03:37,931 - INFO - Checkout month year: January 2026
2025-10-14 17:03:37,932 - INFO - check_in_label: Tue Jan 06 2026
2025-10-14 17:03:37,933 - INFO - check_out_label: Thu Jan 08 2026
2025-10-14 17:05:28,862 - INFO - Getting proxy IP for current session
2025-10-14 17:05:30,264 - INFO - Proxy url dict created for request
2025-10-14 17:05:30,265 - INFO - Setting up crawler to extract data
2025-10-14 17:05:31,107 - INFO - Navigating to Marriott home page...
2025-10-14 17:05:50,996 - INFO - Checkin month year: January 2026
2025-10-14 17:05:50,996 - INFO - Checkout month year: January 2026
2025-10-14 17:05:50,997 - INFO - check_in_label: Tue Jan 06 2026
2025-10-14 17:05:50,997 - INFO - check_out_label: Thu Jan 08 2026
2025-10-14 17:06:39,644 - INFO - Getting proxy IP for current session
2025-10-14 17:06:40,885 - INFO - Proxy url dict created for request
2025-10-14 17:06:40,885 - INFO - Setting up crawler to extract data
2025-10-14 17:06:41,730 - INFO - Navigating to Marriott home page...
2025-10-14 17:07:00,159 - INFO - Checkin month year: January 2026
2025-10-14 17:07:00,159 - INFO - Checkout month year: January 2026
2025-10-14 17:07:00,159 - INFO - check_in_label: Tue Jan 06 2026
2025-10-14 17:07:00,160 - INFO - check_out_label: Thu Jan 08 2026
2025-10-14 17:07:22,762 - INFO - Getting proxy IP for current session
2025-10-14 17:07:23,901 - INFO - Proxy url dict created for request
2025-10-14 17:07:23,902 - INFO - Setting up crawler to extract data
2025-10-14 17:07:24,802 - INFO - Navigating to Marriott home page...
2025-10-14 17:07:42,480 - INFO - Checkin month year: January 2026
2025-10-14 17:07:42,480 - INFO - Checkout month year: January 2026
2025-10-14 17:07:42,480 - INFO - check_in_label: Tue Jan 06 2026
2025-10-14 17:07:42,481 - INFO - check_out_label: Thu Jan 08 2026
2025-10-14 17:07:48,640 - ERROR - Exception during scraping: Could not find month January 2026
Traceback (most recent call last):
  File "C:\Users\amod.mishra_engineos\Odynn-Hotel-Framework\crm_core\hotel_crawlers\marriott\marriott_botright.py", line 217, in get_search_data
    await go_to_month(page, checkout_month_year)
  File "C:\Users\amod.mishra_engineos\Odynn-Hotel-Framework\crm_core\hotel_crawlers\marriott\marriott_botright.py", line 196, in go_to_month
    raise Exception(f"Could not find month {target_month_year}")
Exception: Could not find month January 2026
2025-10-14 17:07:57,052 - INFO - Getting proxy IP for current session
2025-10-14 17:07:58,411 - INFO - Proxy url dict created for request
2025-10-14 17:07:58,412 - INFO - Setting up crawler to extract data
2025-10-14 17:07:59,319 - INFO - Navigating to Marriott home page...
2025-10-14 17:08:19,648 - INFO - Checkin month year: January 2026
2025-10-14 17:08:19,648 - INFO - Checkout month year: January 2026
2025-10-14 17:08:19,649 - INFO - check_in_label: Tue Jan 06 2026
2025-10-14 17:08:19,649 - INFO - check_out_label: Thu Jan 08 2026
2025-10-16 15:06:01,856 - INFO - Getting proxy IP for current session
2025-10-16 15:06:03,430 - INFO - Proxy url dict created for request
2025-10-16 15:06:03,430 - INFO - Setting up crawler to extract data
2025-10-16 15:06:11,613 - INFO - Navigating to Marriott home page...
2025-10-16 15:06:33,620 - INFO - Checkin month year: January 2026
2025-10-16 15:06:33,621 - INFO - Checkout month year: January 2026
2025-10-16 15:06:33,621 - INFO - check_in_label: Tue Jan 06 2026
2025-10-16 15:06:33,622 - INFO - check_out_label: Thu Jan 08 2026
2025-10-17 12:36:11,677 - INFO - Getting proxy IP for current session
2025-10-17 12:36:12,977 - INFO - Proxy url dict created for request
2025-10-17 12:36:12,978 - INFO - Setting up crawler to extract data
2025-10-17 12:36:13,782 - INFO - Navigating to Marriott home page...
2025-10-17 12:36:28,745 - INFO - Checkin month year: January 2026
2025-10-17 12:36:28,745 - INFO - Checkout month year: January 2026
2025-10-17 12:36:28,746 - INFO - check_in_label: Tue Jan 06 2026
2025-10-17 12:36:28,746 - INFO - check_out_label: Thu Jan 08 2026
2025-10-17 12:36:46,543 - ERROR - Exception during scraping: Page.wait_for_timeout: Target page, context or browser has been closed
Traceback (most recent call last):
  File "C:\Users\amod.mishra_engineos\Odynn-Hotel-Framework\crm_core\hotel_crawlers\marriott\marriott_botright.py", line 232, in get_search_data
    await page.wait_for_timeout(100000)  # Wait for API responses
    ^^^^^^^^^^^^^^^^^^^^^^^^^^^^^^^^^^^
  File "C:\Users\amod.mishra_engineos\AppData\Local\Programs\Python\Python311\Lib\site-packages\patchright\async_api\_generated.py", line 11184, in wait_for_timeout
    await self._impl_obj.wait_for_timeout(timeout=timeout)
  File "C:\Users\amod.mishra_engineos\AppData\Local\Programs\Python\Python311\Lib\site-packages\patchright\_impl\_page.py", line 1057, in wait_for_timeout
    await self._main_frame.wait_for_timeout(timeout)
  File "C:\Users\amod.mishra_engineos\AppData\Local\Programs\Python\Python311\Lib\site-packages\patchright\_impl\_frame.py", line 815, in wait_for_timeout
    await self._channel.send("waitForTimeout", None, {"waitTimeout": timeout})
  File "C:\Users\amod.mishra_engineos\AppData\Local\Programs\Python\Python311\Lib\site-packages\patchright\_impl\_connection.py", line 53, in send
    return await self._connection.wrap_api_call(
           ^^^^^^^^^^^^^^^^^^^^^^^^^^^^^^^^^^^^^
  File "C:\Users\amod.mishra_engineos\AppData\Local\Programs\Python\Python311\Lib\site-packages\patchright\_impl\_connection.py", line 504, in wrap_api_call
    raise rewrite_error(error, f"{parsed_st['apiName']}: {error}") from None
patchright._impl._errors.TargetClosedError: Page.wait_for_timeout: Target page, context or browser has been closed
2025-11-18 11:51:17,617 - INFO - Getting proxy IP for current session
2025-11-18 11:51:19,111 - INFO - Proxy url dict created for request
2025-11-18 11:51:19,112 - INFO - Setting up crawler to extract data
2025-11-18 11:51:20,971 - INFO - Navigating to Marriott home page...
2025-11-18 11:52:10,226 - ERROR - Exception during scraping: Page.fill: Timeout 30000ms exceeded.
Call log:
  - waiting for locator("//input[@placeholder=\"Search city, hotel, address and more...\"]")
Traceback (most recent call last):
  File "C:\Users\amod.mishra_engineos\Odynn-Hotel-Framework\crm_core\hotel_crawlers\marriott\marriott_botright.py", line 141, in get_search_data
    await page.fill('//input[@placeholder="Search city, hotel, address and more..."]', hotel_name)
  File "C:\Users\amod.mishra_engineos\Odynn-Hotel-Framework\.venv\Lib\site-packages\patchright\async_api\_generated.py", line 9882, in fill
    await self._impl_obj.fill(
    ...<6 lines>...
    )
  File "C:\Users\amod.mishra_engineos\Odynn-Hotel-Framework\.venv\Lib\site-packages\patchright\_impl\_page.py", line 853, in fill
    return await self._main_frame.fill(**locals_to_params(locals()))
           ^^^^^^^^^^^^^^^^^^^^^^^^^^^^^^^^^^^^^^^^^^^^^^^^^^^^^^^^^
  File "C:\Users\amod.mishra_engineos\Odynn-Hotel-Framework\.venv\Lib\site-packages\patchright\_impl\_frame.py", line 564, in fill
    await self._fill(**locals_to_params(locals()))
  File "C:\Users\amod.mishra_engineos\Odynn-Hotel-Framework\.venv\Lib\site-packages\patchright\_impl\_frame.py", line 576, in _fill
    await self._channel.send("fill", self._timeout, locals_to_params(locals()))
  File "C:\Users\amod.mishra_engineos\Odynn-Hotel-Framework\.venv\Lib\site-packages\patchright\_impl\_connection.py", line 53, in send
    return await self._connection.wrap_api_call(
           ^^^^^^^^^^^^^^^^^^^^^^^^^^^^^^^^^^^^^
    ...<3 lines>...
    )
    ^
  File "C:\Users\amod.mishra_engineos\Odynn-Hotel-Framework\.venv\Lib\site-packages\patchright\_impl\_connection.py", line 505, in wrap_api_call
    raise rewrite_error(error, f"{parsed_st['apiName']}: {error}") from None
patchright._impl._errors.TimeoutError: Page.fill: Timeout 30000ms exceeded.
Call log:
  - waiting for locator("//input[@placeholder=\"Search city, hotel, address and more...\"]")

2025-11-18 11:53:29,438 - INFO - Getting proxy IP for current session
2025-11-18 11:53:30,910 - INFO - Proxy url dict created for request
2025-11-18 11:53:30,910 - INFO - Setting up crawler to extract data
2025-11-18 11:53:31,638 - INFO - Navigating to Marriott home page...
2025-11-18 11:54:00,788 - INFO - Checkin month year: January 2026
2025-11-18 11:54:00,789 - INFO - Checkout month year: January 2026
2025-11-18 11:54:00,790 - INFO - check_in_label: Tue Jan 06 2026
2025-11-18 11:54:00,790 - INFO - check_out_label: Thu Jan 08 2026
2025-11-18 12:01:12,116 - INFO - Getting proxy IP for current session
2025-11-18 12:01:13,561 - INFO - Proxy url dict created for request
2025-11-18 12:01:13,562 - INFO - Setting up crawler to extract data
2025-11-18 12:01:14,379 - INFO - Navigating to Marriott home page...
2025-11-18 12:01:36,959 - INFO - Checkin month year: January 2026
2025-11-18 12:01:36,959 - INFO - Checkout month year: January 2026
2025-11-18 12:01:36,960 - INFO - check_in_label: Tue Jan 06 2026
2025-11-18 12:01:36,961 - INFO - check_out_label: Thu Jan 08 2026
2025-11-18 12:04:03,669 - INFO - Getting proxy IP for current session
2025-11-18 12:04:05,077 - INFO - Proxy url dict created for request
2025-11-18 12:04:05,077 - INFO - Setting up crawler to extract data
2025-11-18 12:04:05,812 - INFO - Navigating to Marriott home page...
2025-11-18 12:04:35,149 - INFO - Checkin month year: January 2026
2025-11-18 12:04:35,150 - INFO - Checkout month year: January 2026
2025-11-18 12:04:35,151 - INFO - check_in_label: Tue Jan 06 2026
2025-11-18 12:04:35,151 - INFO - check_out_label: Thu Jan 08 2026
2025-11-18 12:04:58,346 - ERROR - Exception during scraping: Page.wait_for_timeout: Target page, context or browser has been closed
Traceback (most recent call last):
  File "C:\Users\amod.mishra_engineos\Odynn-Hotel-Framework\crm_core\hotel_crawlers\marriott\marriott_botright.py", line 241, in get_search_data
    await page.wait_for_timeout(100000)  # Wait for API responses
    ^^^^^^^^^^^^^^^^^^^^^^^^^^^^^^^^^^^
  File "C:\Users\amod.mishra_engineos\Odynn-Hotel-Framework\.venv\Lib\site-packages\patchright\async_api\_generated.py", line 11184, in wait_for_timeout
    await self._impl_obj.wait_for_timeout(timeout=timeout)
  File "C:\Users\amod.mishra_engineos\Odynn-Hotel-Framework\.venv\Lib\site-packages\patchright\_impl\_page.py", line 1056, in wait_for_timeout
    await self._main_frame.wait_for_timeout(timeout)
  File "C:\Users\amod.mishra_engineos\Odynn-Hotel-Framework\.venv\Lib\site-packages\patchright\_impl\_frame.py", line 815, in wait_for_timeout
    await self._channel.send("waitForTimeout", None, {"waitTimeout": timeout})
  File "C:\Users\amod.mishra_engineos\Odynn-Hotel-Framework\.venv\Lib\site-packages\patchright\_impl\_connection.py", line 53, in send
    return await self._connection.wrap_api_call(
           ^^^^^^^^^^^^^^^^^^^^^^^^^^^^^^^^^^^^^
    ...<3 lines>...
    )
    ^
  File "C:\Users\amod.mishra_engineos\Odynn-Hotel-Framework\.venv\Lib\site-packages\patchright\_impl\_connection.py", line 505, in wrap_api_call
    raise rewrite_error(error, f"{parsed_st['apiName']}: {error}") from None
patchright._impl._errors.TargetClosedError: Page.wait_for_timeout: Target page, context or browser has been closed
2025-11-18 12:06:46,153 - INFO - Getting proxy IP for current session
2025-11-18 12:06:47,550 - INFO - Proxy url dict created for request
2025-11-18 12:06:47,550 - INFO - Setting up crawler to extract data
2025-11-18 12:06:48,248 - INFO - Navigating to Marriott home page...
2025-11-18 12:07:11,850 - INFO - Checkin month year: January 2026
2025-11-18 12:07:11,851 - INFO - Checkout month year: January 2026
2025-11-18 12:07:11,851 - INFO - check_in_label: Tue Jan 06 2026
2025-11-18 12:07:11,852 - INFO - check_out_label: Thu Jan 08 2026
2025-11-18 12:07:11,931 - ERROR - Exception during scraping: Could not find month January 2026
Traceback (most recent call last):
  File "C:\Users\amod.mishra_engineos\Odynn-Hotel-Framework\crm_core\hotel_crawlers\marriott\marriott_botright.py", line 219, in get_search_data
    await go_to_month(page, checkin_month_year)
  File "C:\Users\amod.mishra_engineos\Odynn-Hotel-Framework\crm_core\hotel_crawlers\marriott\marriott_botright.py", line 207, in go_to_month
    raise Exception(f"Could not find month {target_month_year}")
Exception: Could not find month January 2026
2025-11-18 12:07:20,130 - INFO - Getting proxy IP for current session
2025-11-18 12:07:21,496 - INFO - Proxy url dict created for request
2025-11-18 12:07:21,496 - INFO - Setting up crawler to extract data
2025-11-18 12:07:22,195 - INFO - Navigating to Marriott home page...
2025-11-18 12:07:48,630 - INFO - Checkin month year: January 2026
2025-11-18 12:07:48,631 - INFO - Checkout month year: January 2026
2025-11-18 12:07:48,631 - INFO - check_in_label: Tue Jan 06 2026
2025-11-18 12:07:48,632 - INFO - check_out_label: Thu Jan 08 2026
2025-11-18 12:08:14,263 - ERROR - Exception during scraping: Page.wait_for_timeout: Target page, context or browser has been closed
Traceback (most recent call last):
  File "C:\Users\amod.mishra_engineos\Odynn-Hotel-Framework\crm_core\hotel_crawlers\marriott\marriott_botright.py", line 242, in get_search_data
    await page.wait_for_timeout(100000)  # Wait for API responses
    ^^^^^^^^^^^^^^^^^^^^^^^^^^^^^^^^^^^
  File "C:\Users\amod.mishra_engineos\Odynn-Hotel-Framework\.venv\Lib\site-packages\patchright\async_api\_generated.py", line 11184, in wait_for_timeout
    await self._impl_obj.wait_for_timeout(timeout=timeout)
  File "C:\Users\amod.mishra_engineos\Odynn-Hotel-Framework\.venv\Lib\site-packages\patchright\_impl\_page.py", line 1056, in wait_for_timeout
    await self._main_frame.wait_for_timeout(timeout)
  File "C:\Users\amod.mishra_engineos\Odynn-Hotel-Framework\.venv\Lib\site-packages\patchright\_impl\_frame.py", line 815, in wait_for_timeout
    await self._channel.send("waitForTimeout", None, {"waitTimeout": timeout})
  File "C:\Users\amod.mishra_engineos\Odynn-Hotel-Framework\.venv\Lib\site-packages\patchright\_impl\_connection.py", line 53, in send
    return await self._connection.wrap_api_call(
           ^^^^^^^^^^^^^^^^^^^^^^^^^^^^^^^^^^^^^
    ...<3 lines>...
    )
    ^
  File "C:\Users\amod.mishra_engineos\Odynn-Hotel-Framework\.venv\Lib\site-packages\patchright\_impl\_connection.py", line 505, in wrap_api_call
    raise rewrite_error(error, f"{parsed_st['apiName']}: {error}") from None
patchright._impl._errors.TargetClosedError: Page.wait_for_timeout: Target page, context or browser has been closed
2025-11-18 12:13:38,397 - INFO - Getting proxy IP for current session
2025-11-18 12:13:39,969 - INFO - Proxy url dict created for request
2025-11-18 12:13:39,969 - INFO - Setting up crawler to extract data
2025-11-18 12:13:40,992 - INFO - Navigating to Marriott home page...
2025-11-18 12:14:07,164 - INFO - Checkin month year: January 2026
2025-11-18 12:14:07,165 - INFO - Checkout month year: January 2026
2025-11-18 12:14:07,166 - INFO - check_in_label: Tue Jan 06 2026
2025-11-18 12:14:07,166 - INFO - check_out_label: Thu Jan 08 2026
2025-11-18 12:14:24,554 - ERROR - Exception during scraping: Page.wait_for_timeout: Target page, context or browser has been closed
Traceback (most recent call last):
  File "C:\Users\amod.mishra_engineos\Odynn-Hotel-Framework\crm_core\hotel_crawlers\marriott\marriott_botright.py", line 244, in get_search_data
    await page.wait_for_timeout(100000)  # Wait for API responses
    ^^^^^^^^^^^^^^^^^^^^^^^^^^^^^^^^^^^
  File "C:\Users\amod.mishra_engineos\Odynn-Hotel-Framework\.venv\Lib\site-packages\patchright\async_api\_generated.py", line 11184, in wait_for_timeout
    await self._impl_obj.wait_for_timeout(timeout=timeout)
  File "C:\Users\amod.mishra_engineos\Odynn-Hotel-Framework\.venv\Lib\site-packages\patchright\_impl\_page.py", line 1056, in wait_for_timeout
    await self._main_frame.wait_for_timeout(timeout)
  File "C:\Users\amod.mishra_engineos\Odynn-Hotel-Framework\.venv\Lib\site-packages\patchright\_impl\_frame.py", line 815, in wait_for_timeout
    await self._channel.send("waitForTimeout", None, {"waitTimeout": timeout})
  File "C:\Users\amod.mishra_engineos\Odynn-Hotel-Framework\.venv\Lib\site-packages\patchright\_impl\_connection.py", line 53, in send
    return await self._connection.wrap_api_call(
           ^^^^^^^^^^^^^^^^^^^^^^^^^^^^^^^^^^^^^
    ...<3 lines>...
    )
    ^
  File "C:\Users\amod.mishra_engineos\Odynn-Hotel-Framework\.venv\Lib\site-packages\patchright\_impl\_connection.py", line 505, in wrap_api_call
    raise rewrite_error(error, f"{parsed_st['apiName']}: {error}") from None
patchright._impl._errors.TargetClosedError: Page.wait_for_timeout: Target page, context or browser has been closed
2025-11-18 12:17:22,503 - INFO - Getting proxy IP for current session
2025-11-18 12:17:24,037 - INFO - Proxy url dict created for request
2025-11-18 12:17:24,038 - INFO - Setting up crawler to extract data
2025-11-18 12:17:24,791 - INFO - Navigating to Marriott home page...
2025-11-18 12:17:48,040 - INFO - Checkin month year: January 2026
2025-11-18 12:17:48,041 - INFO - Checkout month year: January 2026
2025-11-18 12:17:48,042 - INFO - check_in_label: Tue Jan 06 2026
2025-11-18 12:17:48,043 - INFO - check_out_label: Thu Jan 08 2026
2025-11-18 12:41:15,151 - INFO - Getting proxy IP for current session
2025-11-18 12:41:16,791 - INFO - Proxy url dict created for request
2025-11-18 12:41:16,791 - INFO - Setting up crawler to extract data
2025-11-18 12:41:18,097 - INFO - Navigating to Marriott home page...
2025-11-18 12:41:58,461 - INFO - Checkin month year: January 2026
2025-11-18 12:41:58,465 - INFO - Checkout month year: January 2026
2025-11-18 12:41:58,466 - INFO - check_in_label: Tue Jan 06 2026
2025-11-18 12:41:58,467 - INFO - check_out_label: Thu Jan 08 2026
2025-11-18 12:43:43,419 - ERROR - Future exception was never retrieved
future: <Future finished exception=TargetClosedError('Target page, context or browser has been closed')>
patchright._impl._errors.TargetClosedError: Target page, context or browser has been closed
2025-11-18 12:43:45,474 - INFO - Getting proxy IP for current session
2025-11-18 12:43:47,151 - INFO - Proxy url dict created for request
2025-11-18 12:43:47,151 - INFO - Setting up crawler to extract data
2025-11-18 12:43:48,042 - INFO - Navigating to Marriott home page...
