hotel_id,hotel_name,combined,hotel_site_id
OXRTC,Courtyard Thousand Oaks Agoura Hills,oxrtc-courtyard-thousand-oaks-agoura-hills,Marriott-OXRTC
BURAH,Sheraton Agoura Hills Hotel,burah-sheraton-agoura-hills-hotel,Marriott-BURAH
OXRAH,TownePlace Suites Thousand Oaks Agoura Hills,oxrah-towneplace-suites-thousand-oaks-agoura-hills,Marriott-OXRAH
SNAAV,Renaissance ClubSport Aliso Viejo Laguna Beach Hotel,snaav-renaissance-clubsport-aliso-viejo-laguna-beach-hotel,Marriott-SNAAV
SFOAC,Fairfield Inn & Suites Napa American Canyon,sfoac-fairfield-inn-&-suites-napa-american-canyon,Marriott-SFOAC
LAXAD,Courtyard Anaheim Resort/Convention Center,laxad-courtyard-anaheim-resort/convention-center,Marriott-LAXAD
SNADT,Courtyard Anaheim Theme Park Entrance,snadt-courtyard-anaheim-theme-park-entrance,Marriott-SNADT
LAXOC,Fairfield Anaheim Resort,laxoc-fairfield-anaheim-resort,Marriott-LAXOC
SNAJW,"JW Marriott, Anaheim Resort","snajw-jw-marriott,-anaheim-resort",Marriott-SNAJW
LAXAH,Anaheim Marriott,laxah-anaheim-marriott,Marriott-LAXAH
SNAAR,Residence Inn at Anaheim Resort/Convention Center,snaar-residence-inn-at-anaheim-resort/convention-center,Marriott-SNAAR
SNAAO,SpringHill Suites Anaheim Maingate,snaao-springhill-suites-anaheim-maingate,Marriott-SNAAO
SNAAD,SpringHill Suites at Anaheim Resort/Convention Center,snaad-springhill-suites-at-anaheim-resort/convention-center,Marriott-SNAAD
SNAEL,Element Anaheim Resort Convention Center,snael-element-anaheim-resort-convention-center,Marriott-SNAEL
SNAFP,Four Points by Sheraton Anaheim,snafp-four-points-by-sheraton-anaheim,Marriott-SNAFP
SNAPS,Sheraton Park Hotel at the Anaheim Resort,snaps-sheraton-park-hotel-at-the-anaheim-resort,Marriott-SNAPS
SNATS,TownePlace Suites Anaheim Maingate Near Angel Stadium,snats-towneplace-suites-anaheim-maingate-near-angel-stadium,Marriott-SNATS
SNATX,"The Viv Hotel, Anaheim, a Tribute Portfolio Hotel","snatx-the-viv-hotel,-anaheim,-a-tribute-portfolio-hotel",Marriott-SNATX
SNAWA,The Westin Anaheim Resort,snawa-the-westin-anaheim-resort,Marriott-SNAWA
LAXAM,Fairfield Inn Anaheim Hills Orange County,laxam-fairfield-inn-anaheim-hills-orange-county,Marriott-LAXAM
LAXAL,Residence Inn Anaheim Hills Yorba Linda,laxal-residence-inn-anaheim-hills-yorba-linda,Marriott-LAXAL
BWRAR,Residence Inn Pasadena Arcadia,bwrar-residence-inn-pasadena-arcadia,Marriott-BWRAR
LAXSH,SpringHill Suites Pasadena Arcadia,laxsh-springhill-suites-pasadena-arcadia,Marriott-LAXSH
LAXME,Le Méridien Pasadena Arcadia,laxme-le-méridien-pasadena-arcadia,Marriott-LAXME
SBPSH,SpringHill Suites Paso Robles Atascadero,sbpsh-springhill-suites-paso-robles-atascadero,Marriott-SBPSH
AUNSH,Hotel Vista Sierra,aunsh-hotel-vista-sierra,Marriott-AUNSH
BFLCH,Courtyard Bakersfield,bflch-courtyard-bakersfield,Marriott-BFLCH
BFLFN,Fairfield Inn & Suites Bakersfield Central,bflfn-fairfield-inn-&-suites-bakersfield-central,Marriott-BFLFN
BFLNA,Fairfield Inn & Suites Bakersfield North/Airport,bflna-fairfield-inn-&-suites-bakersfield-north/airport,Marriott-BFLNA
BFLMC,Bakersfield Marriott at the Convention Center,bflmc-bakersfield-marriott-at-the-convention-center,Marriott-BFLMC
BFLRI,Residence Inn Bakersfield,bflri-residence-inn-bakersfield,Marriott-BFLRI
BFLRW,Residence Inn Bakersfield West,bflrw-residence-inn-bakersfield-west,Marriott-BFLRW
BFLSH,SpringHill Suites Bakersfield,bflsh-springhill-suites-bakersfield,Marriott-BFLSH
BFLFP,Four Points by Sheraton Bakersfield,bflfp-four-points-by-sheraton-bakersfield,Marriott-BFLFP
BFLTS,TownePlace Suites Bakersfield West,bflts-towneplace-suites-bakersfield-west,Marriott-BFLTS
LAXBP,Courtyard Los Angeles Baldwin Park,laxbp-courtyard-los-angeles-baldwin-park,Marriott-LAXBP
ONTBA,Fairfield Inn & Suites Barstow,ontba-fairfield-inn-&-suites-barstow,Marriott-ONTBA
ONTTB,TownePlace Suites Barstow,onttb-towneplace-suites-barstow,Marriott-ONTTB
SFOBM,SpringHill Suites Belmont Redwood Shores,sfobm-springhill-suites-belmont-redwood-shores,Marriott-SFOBM
OAKRR,Residence Inn Berkeley,oakrr-residence-inn-berkeley,Marriott-OAKRR
LAXDS,"Avalon Hotel Beverly Hills, a Member of Design Hotels™","laxds-avalon-hotel-beverly-hills,-a-member-of-design-hotels™",Marriott-LAXDS
LAXEA,Residence Inn Anaheim Brea,laxea-residence-inn-anaheim-brea,Marriott-LAXEA
SBASY,Santa Ynez Valley Marriott,sbasy-santa-ynez-valley-marriott,Marriott-SBASY
SNABP,Courtyard Anaheim Buena Park,snabp-courtyard-anaheim-buena-park,Marriott-SNABP
SNAPK,Fairfield Inn & Suites Anaheim North/Buena Park,snapk-fairfield-inn-&-suites-anaheim-north/buena-park,Marriott-SNAPK
BURCY,Courtyard Los Angeles Burbank Airport,burcy-courtyard-los-angeles-burbank-airport,Marriott-BURCY
BURAP,Los Angeles Marriott Burbank Airport,burap-los-angeles-marriott-burbank-airport,Marriott-BURAP
BURRI,Residence Inn Los Angeles Burbank/Downtown,burri-residence-inn-los-angeles-burbank/downtown,Marriott-BURRI
BURSH,SpringHill Suites Los Angeles Burbank/Downtown,bursh-springhill-suites-los-angeles-burbank/downtown,Marriott-BURSH
SFOBC,Courtyard San Francisco Airport Burlingame,sfobc-courtyard-san-francisco-airport-burlingame,Marriott-SFOBC
SFOBG,San Francisco Airport Marriott Waterfront,sfobg-san-francisco-airport-marriott-waterfront,Marriott-SFOBG
OXRVC,Fairfield Inn & Suites Camarillo,oxrvc-fairfield-inn-&-suites-camarillo,Marriott-OXRVC
OXRCR,Residence Inn Camarillo,oxrcr-residence-inn-camarillo,Marriott-OXRCR
SJCCC,Courtyard San Jose Campbell,sjccc-courtyard-san-jose-campbell,Marriott-SJCCC
SJCBA,Residence Inn San Jose Campbell,sjcba-residence-inn-san-jose-campbell,Marriott-SJCBA
SJCCB,TownePlace Suites San Jose Campbell,sjccb-towneplace-suites-san-jose-campbell,Marriott-SJCCB
SJCCP,Fairfield Inn & Suites Santa Cruz - Capitola,sjccp-fairfield-inn-&-suites-santa-cruz---capitola,Marriott-SJCCP
SANCS,Courtyard San Diego Carlsbad,sancs-courtyard-san-diego-carlsbad,Marriott-SANCS
SANFD,Fairfield Inn & Suites San Diego Carlsbad,sanfd-fairfield-inn-&-suites-san-diego-carlsbad,Marriott-SANFD
SANCB,Residence Inn San Diego Carlsbad,sancb-residence-inn-san-diego-carlsbad,Marriott-SANCB
SANSC,SpringHill Suites San Diego Carlsbad,sansc-springhill-suites-san-diego-carlsbad,Marriott-SANSC
SANBS,Sheraton Carlsbad Resort & Spa,sanbs-sheraton-carlsbad-resort-&-spa,Marriott-SANBS
SANWC,The Westin Carlsbad Resort & Spa,sanwc-the-westin-carlsbad-resort-&-spa,Marriott-SANWC
LGBSI,Sheraton Cerritos Hotel,lgbsi-sheraton-cerritos-hotel,Marriott-LGBSI
LAXRT,Residence Inn Chatsworth,laxrt-residence-inn-chatsworth,Marriott-LAXRT
CICCY,Courtyard Chico,ciccy-courtyard-chico,Marriott-CICCY
CICRI,Residence Inn Chico,cicri-residence-inn-chico,Marriott-CICRI
ONTFC,Fairfield Inn & Suites Chino,ontfc-fairfield-inn-&-suites-chino,Marriott-ONTFC
ONTCH,TownePlace Suites Ontario Chino Hills,ontch-towneplace-suites-ontario-chino-hills,Marriott-ONTCH
SANVR,Residence Inn San Diego Chula Vista,sanvr-residence-inn-san-diego-chula-vista,Marriott-SANVR
FATCC,Courtyard Fresno Clovis,fatcc-courtyard-fresno-clovis,Marriott-FATCC
FATCV,Fairfield Inn & Suites Fresno Clovis,fatcv-fairfield-inn-&-suites-fresno-clovis,Marriott-FATCV
FATCL,Residence Inn Fresno Clovis,fatcl-residence-inn-fresno-clovis,Marriott-FATCL
FATTF,TownePlace Suites Fresno Clovis,fattf-towneplace-suites-fresno-clovis,Marriott-FATTF
ONTCO,Residence Inn Corona Riverside,ontco-residence-inn-corona-riverside,Marriott-ONTCO
ONTCR,SpringHill Suites Corona Riverside,ontcr-springhill-suites-corona-riverside,Marriott-ONTCR
SANCI,Coronado Island Marriott Resort & Spa,sanci-coronado-island-marriott-resort-&-spa,Marriott-SANCI
SNAST,Costa Mesa Marriott,snast-costa-mesa-marriott,Marriott-SNAST
CSMNB,Residence Inn Costa Mesa Newport Beach,csmnb-residence-inn-costa-mesa-newport-beach,Marriott-CSMNB
CSMTX,"Avenue of the Arts Costa Mesa, a Tribute Portfolio Hotel","csmtx-avenue-of-the-arts-costa-mesa,-a-tribute-portfolio-hotel",Marriott-CSMTX
SNAWI,"The Westin South Coast Plaza, Costa Mesa","snawi-the-westin-south-coast-plaza,-costa-mesa",Marriott-SNAWI
LAXCV,Courtyard by Marriott Culver City Los Angeles,laxcv-courtyard-by-marriott-culver-city-los-angeles,Marriott-LAXCV
LAXWF,Four Points by Sheraton Los Angeles Westside,laxwf-four-points-by-sheraton-los-angeles-westside,Marriott-LAXWF
SJCCU,Courtyard San Jose Cupertino,sjccu-courtyard-san-jose-cupertino,Marriott-SJCCU
SJCPT,Residence Inn San Jose Cupertino,sjcpt-residence-inn-san-jose-cupertino,Marriott-SJCPT
SJCUP,Aloft Cupertino,sjcup-aloft-cupertino,Marriott-SJCUP
LGBCP,Courtyard Cypress Anaheim/Orange County,lgbcp-courtyard-cypress-anaheim/orange-county,Marriott-LGBCP
SNADP,Laguna Cliffs Marriott Resort & Spa,snadp-laguna-cliffs-marriott-resort-&-spa,Marriott-SNADP
SNARZ,"The Ritz-Carlton, Laguna Niguel","snarz-the-ritz-carlton,-laguna-niguel",Marriott-SNARZ
SACRD,Residence Inn Sacramento Davis,sacrd-residence-inn-sacramento-davis,Marriott-SACRD
LAXSD,SpringHill Suites Los Angeles Downey,laxsd-springhill-suites-los-angeles-downey,Marriott-LAXSD
OAKAL,Aloft Dublin-Pleasanton,oakal-aloft-dublin-pleasanton,Marriott-OAKAL
SANEC,Courtyard San Diego El Cajon,sanec-courtyard-san-diego-el-cajon,Marriott-SANEC
IPLFI,Fairfield Inn & Suites El Centro,iplfi-fairfield-inn-&-suites-el-centro,Marriott-IPLFI
IPLTS,TownePlace Suites El Centro,iplts-towneplace-suites-el-centro,Marriott-IPLTS
LAXAE,AC Hotel Los Angeles South Bay,laxae-ac-hotel-los-angeles-south-bay,Marriott-LAXAE
LAXXL,Fairfield Inn & Suites Los Angeles LAX/El Segundo,laxxl-fairfield-inn-&-suites-los-angeles-lax/el-segundo,Marriott-LAXXL
LAXEL,Residence Inn Los Angeles LAX/El Segundo,laxel-residence-inn-los-angeles-lax/el-segundo,Marriott-LAXEL
LAXLA,Aloft El Segundo - Los Angeles Airport,laxla-aloft-el-segundo---los-angeles-airport,Marriott-LAXLA
SACEK,Fairfield Inn & Suites Sacramento Elk Grove,sacek-fairfield-inn-&-suites-sacramento-elk-grove,Marriott-SACEK
SACTG,TownePlace Suites Sacramento Elk Grove,sactg-towneplace-suites-sacramento-elk-grove,Marriott-SACTG
SFOFP,Four Points by Sheraton San Francisco Bay Bridge,sfofp-four-points-by-sheraton-san-francisco-bay-bridge,Marriott-SFOFP
SANSD,SpringHill Suites San Diego Escondido/Downtown,sansd-springhill-suites-san-diego-escondido/downtown,Marriott-SANSD
SFOFN,Courtyard Fairfield Napa Valley Area,sfofn-courtyard-fairfield-napa-valley-area,Marriott-SFOFN
OAKNP,Fairfield Inn & Suites Fairfield Napa Valley Area,oaknp-fairfield-inn-&-suites-fairfield-napa-valley-area,Marriott-OAKNP
OAKFN,Residence Inn Fairfield Napa,oakfn-residence-inn-fairfield-napa,Marriott-OAKFN
SACFO,Courtyard Sacramento Folsom,sacfo-courtyard-sacramento-folsom,Marriott-SACFO
SACFL,Fairfield Inn & Suites Sacramento Folsom,sacfl-fairfield-inn-&-suites-sacramento-folsom,Marriott-SACFL
SACFM,Residence Inn Sacramento Folsom,sacfm-residence-inn-sacramento-folsom,Marriott-SACFM
SNAFR,Courtyard Foothill Ranch Irvine East/Lake Forest,snafr-courtyard-foothill-ranch-irvine-east/lake-forest,Marriott-SNAFR
SFOFC,Courtyard San Mateo Foster City,sfofc-courtyard-san-mateo-foster-city,Marriott-SFOFC
SFOMT,TownePlace Suites San Mateo Foster City,sfomt-towneplace-suites-san-mateo-foster-city,Marriott-SFOMT
SJCFE,Courtyard Fremont Silicon Valley,sjcfe-courtyard-fremont-silicon-valley,Marriott-SJCFE
SJCFM,Fremont Marriott Silicon Valley,sjcfm-fremont-marriott-silicon-valley,Marriott-SJCFM
SJCBF,Residence Inn Fremont Silicon Valley,sjcbf-residence-inn-fremont-silicon-valley,Marriott-SJCBF
SJCSF,SpringHill Suites San Jose Fremont,sjcsf-springhill-suites-san-jose-fremont,Marriott-SJCSF
FATCH,Courtyard Fresno,fatch-courtyard-fresno,Marriott-FATCH
FATNO,Fairfield Inn & Suites Fresno North/Shaw Avenue,fatno-fairfield-inn-&-suites-fresno-north/shaw-avenue,Marriott-FATNO
FATAP,Fairfield Inn & Suites Fresno Yosemite International Airport,fatap-fairfield-inn-&-suites-fresno-yosemite-international-airport,Marriott-FATAP
FATSH,SpringHill Suites Fresno,fatsh-springhill-suites-fresno,Marriott-FATSH
FATTS,TownePlace Suites Fresno,fatts-towneplace-suites-fresno,Marriott-FATTS
LAXFL,Fullerton Marriott at California State University,laxfl-fullerton-marriott-at-california-state-university,Marriott-LAXFL
SNADE,Delta Hotels Anaheim Garden Grove,snade-delta-hotels-anaheim-garden-grove,Marriott-SNADE
SNAAS,Anaheim Marriott Suites,snaas-anaheim-marriott-suites,Marriott-SNAAS
SNAAG,Residence Inn Anaheim Resort Area/Garden Grove,snaag-residence-inn-anaheim-resort-area/garden-grove,Marriott-SNAAG
SNAAN,Sheraton Garden Grove - Anaheim South Hotel,snaan-sheraton-garden-grove---anaheim-south-hotel,Marriott-SNAAN
LAXRL,Residence Inn Los Angeles Glendale,laxrl-residence-inn-los-angeles-glendale,Marriott-LAXRL
LAXTG,"The Glenmark, Glendale, a Tribute Portfolio Hotel","laxtg-the-glenmark,-glendale,-a-tribute-portfolio-hotel",Marriott-LAXTG
SBACY,Courtyard Santa Barbara Goleta,sbacy-courtyard-santa-barbara-goleta,Marriott-SBACY
SBAGO,Residence Inn Santa Barbara Goleta,sbago-residence-inn-santa-barbara-goleta,Marriott-SBAGO
LAXHH,Courtyard Los Angeles Hacienda Heights/Orange County,laxhh-courtyard-los-angeles-hacienda-heights/orange-county,Marriott-LAXHH
HAFRZ,"The Ritz-Carlton, Half Moon Bay","hafrz-the-ritz-carlton,-half-moon-bay",Marriott-HAFRZ
LAXHC,Courtyard Los Angeles LAX/Hawthorne,laxhc-courtyard-los-angeles-lax/hawthorne,Marriott-LAXHC
LAXHW,SpringHill Suites Los Angeles LAX/Manhattan Beach,laxhw-springhill-suites-los-angeles-lax/manhattan-beach,Marriott-LAXHW
LAXTH,TownePlace Suites Los Angeles LAX/Hawthorne,laxth-towneplace-suites-los-angeles-lax/hawthorne,Marriott-LAXTH
LAXHT,TownePlace Suites Los Angeles LAX/Manhattan Beach,laxht-towneplace-suites-los-angeles-lax/manhattan-beach,Marriott-LAXHT
OAKFI,Fairfield Inn & Suites Oakland Hayward,oakfi-fairfield-inn-&-suites-oakland-hayward,Marriott-OAKFI
STSRI,Hotel Trio Healdsburg,stsri-hotel-trio-healdsburg,Marriott-STSRI
ONTHS,Courtyard Victorville Hesperia,onths-courtyard-victorville-hesperia,Marriott-ONTHS
ONTSH,SpringHill Suites Victorville Hesperia,ontsh-springhill-suites-victorville-hesperia,Marriott-ONTSH
MRYHO,Fairfield Inn & Suites Hollister,mryho-fairfield-inn-&-suites-hollister,Marriott-MRYHO
LAXWH,W Hollywood,laxwh-w-hollywood,Marriott-LAXWH
SNAHU,SpringHill Suites Huntington Beach Orange County,snahu-springhill-suites-huntington-beach-orange-county,Marriott-SNAHU
PSPSR,"Renaissance Esmeralda Resort & Spa, Indian Wells","pspsr-renaissance-esmeralda-resort-&-spa,-indian-wells",Marriott-PSPSR
PSPFI,Fairfield Inn & Suites Indio Coachella Valley,pspfi-fairfield-inn-&-suites-indio-coachella-valley,Marriott-PSPFI
SNAAI,AC Hotel Irvine,snaai-ac-hotel-irvine,Marriott-SNAAI
LAXCH,Courtyard Irvine John Wayne Airport/Orange County,laxch-courtyard-irvine-john-wayne-airport/orange-county,Marriott-LAXCH
SNASI,Courtyard Irvine Spectrum,snasi-courtyard-irvine-spectrum,Marriott-SNASI
LAXIR,Irvine Marriott,laxir-irvine-marriott,Marriott-LAXIR
SNAMC,Marriott Irvine Spectrum,snamc-marriott-irvine-spectrum,Marriott-SNAMC
SNAIV,Residence Inn Irvine John Wayne Airport/Orange County,snaiv-residence-inn-irvine-john-wayne-airport/orange-county,Marriott-SNAIV
SNAIR,Residence Inn Irvine Spectrum,snair-residence-inn-irvine-spectrum,Marriott-SNAIR
SNAAP,SpringHill Suites Irvine John Wayne Airport/Orange County,snaap-springhill-suites-irvine-john-wayne-airport/orange-county,Marriott-SNAAP
SNAEI,Element Irvine,snaei-element-irvine,Marriott-SNAEI
FATKB,Fairfield Inn & Suites Selma Kingsburg,fatkb-fairfield-inn-&-suites-selma-kingsburg,Marriott-FATKB
SANLJ,San Diego Marriott La Jolla,sanlj-san-diego-marriott-la-jolla,Marriott-SANLJ
LAJCA,Residence Inn San Diego La Jolla,lajca-residence-inn-san-diego-la-jolla,Marriott-LAJCA
SANJS,Sheraton La Jolla Hotel,sanjs-sheraton-la-jolla-hotel,Marriott-SANJS
SNALM,Residence Inn La Mirada Buena Park,snalm-residence-inn-la-mirada-buena-park,Marriott-SNALM
PSPRQ,Residence Inn La Quinta,psprq-residence-inn-la-quinta,Marriott-PSPRQ
SNASF,SpringHill Suites Irvine Lake Forest,snasf-springhill-suites-irvine-lake-forest,Marriott-SNASF
SNATL,TownePlace Suites Irvine Lake Forest,snatl-towneplace-suites-irvine-lake-forest,Marriott-SNATL
BURFL,Fairfield Inn & Suites Lancaster Palmdale,burfl-fairfield-inn-&-suites-lancaster-palmdale,Marriott-BURFL
BURLP,Residence Inn Lancaster Palmdale,burlp-residence-inn-lancaster-palmdale,Marriott-BURLP
WJFSH,SpringHill Suites Lancaster Palmdale,wjfsh-springhill-suites-lancaster-palmdale,Marriott-WJFSH
WJFTS,TownePlace Suites Lancaster,wjfts-towneplace-suites-lancaster,Marriott-WJFTS
SFOLL,Courtyard San Francisco Larkspur Landing/Marin County,sfoll-courtyard-san-francisco-larkspur-landing/marin-county,Marriott-SFOLL
SCKLF,Fairfield Inn & Suites Stockton Lathrop,scklf-fairfield-inn-&-suites-stockton-lathrop,Marriott-SCKLF
OAKLM,Courtyard Livermore,oaklm-courtyard-livermore,Marriott-OAKLM
OAKRL,Residence Inn Livermore,oakrl-residence-inn-livermore,Marriott-OAKRL
SCKFI,Fairfield Inn & Suites Lodi,sckfi-fairfield-inn-&-suites-lodi,Marriott-SCKFI
RALTS,TownePlace Suites San Bernardino Loma Linda,ralts-towneplace-suites-san-bernardino-loma-linda,Marriott-RALTS
LGBCL,Courtyard Long Beach Airport,lgbcl-courtyard-long-beach-airport,Marriott-LGBCL
LGBCY,Courtyard Long Beach Downtown,lgbcy-courtyard-long-beach-downtown,Marriott-LGBCY
LGBLB,Long Beach Marriott,lgblb-long-beach-marriott,Marriott-LGBLB
LGBRN,Renaissance Long Beach Hotel,lgbrn-renaissance-long-beach-hotel,Marriott-LGBRN
LAXBH,Residence Inn Long Beach,laxbh-residence-inn-long-beach,Marriott-LAXBH
LGBRI,Residence Inn Long Beach Downtown,lgbri-residence-inn-long-beach-downtown,Marriott-LGBRI
LGBWI,The Westin Long Beach,lgbwi-the-westin-long-beach,Marriott-LGBWI
SNAFA,Fairfield Inn & Suites Anaheim Los Alamitos,snafa-fairfield-inn-&-suites-anaheim-los-alamitos,Marriott-SNAFA
SNAOC,Residence Inn Cypress Los Alamitos,snaoc-residence-inn-cypress-los-alamitos,Marriott-SNAOC
PAOCY,Courtyard Palo Alto Los Altos,paocy-courtyard-palo-alto-los-altos,Marriott-PAOCY
PAORI,Residence Inn Palo Alto Los Altos,paori-residence-inn-palo-alto-los-altos,Marriott-PAORI
LAXAB,AC Hotel Beverly Hills,laxab-ac-hotel-beverly-hills,Marriott-LAXAB
LAXAV,AC Hotel Downtown Los Angeles,laxav-ac-hotel-downtown-los-angeles,Marriott-LAXAV
LAXCE,Courtyard Los Angeles Century City/Beverly Hills,laxce-courtyard-los-angeles-century-city/beverly-hills,Marriott-LAXCE
LAXLD,Courtyard Los Angeles L.A. LIVE,laxld-courtyard-los-angeles-l.a.-live,Marriott-LAXLD
LAXCY,Courtyard Los Angeles LAX/Century Boulevard,laxcy-courtyard-los-angeles-lax/century-boulevard,Marriott-LAXCY
LAXJW,JW Marriott Los Angeles L.A. LIVE,laxjw-jw-marriott-los-angeles-l.a.-live,Marriott-LAXJW
LAXBV,Beverly Hills Marriott,laxbv-beverly-hills-marriott,Marriott-LAXBV
LAXAP,Los Angeles Airport Marriott,laxap-los-angeles-airport-marriott,Marriott-LAXAP
LAXOX,Moxy Downtown Los Angeles,laxox-moxy-downtown-los-angeles,Marriott-LAXOX
LAXRR,Renaissance Los Angeles Airport Hotel,laxrr-renaissance-los-angeles-airport-hotel,Marriott-LAXRR
LAXRB,Residence Inn Burton House Beverly Hills,laxrb-residence-inn-burton-house-beverly-hills,Marriott-LAXRB
LAXRI,Residence Inn Los Angeles L.A. LIVE,laxri-residence-inn-los-angeles-l.a.-live,Marriott-LAXRI
LAXAX,Residence Inn Los Angeles LAX/Century Boulevard,laxax-residence-inn-los-angeles-lax/century-boulevard,Marriott-LAXAX
LAXLZ,"The Ritz-Carlton, Los Angeles","laxlz-the-ritz-carlton,-los-angeles",Marriott-LAXLZ
LAXDP,"Downtown Los Angeles Proper Hotel, a Member of Design Hotels™","laxdp-downtown-los-angeles-proper-hotel,-a-member-of-design-hotels™",Marriott-LAXDP
LAXDU,"Hotel June West L.A., a Member of Design Hotels™","laxdu-hotel-june-west-l.a.,-a-member-of-design-hotels™",Marriott-LAXDU
LAXFP,Four Points by Sheraton Los Angeles International Airport,laxfp-four-points-by-sheraton-los-angeles-international-airport,Marriott-LAXFP
LAXLS,"SLS Hotel, a Luxury Collection Hotel, Beverly Hills","laxls-sls-hotel,-a-luxury-collection-hotel,-beverly-hills",Marriott-LAXLS
LAXSI,Sheraton Gateway Los Angeles Hotel,laxsi-sheraton-gateway-los-angeles-hotel,Marriott-LAXSI
LAXGR,Sheraton Grand Los Angeles,laxgr-sheraton-grand-los-angeles,Marriott-LAXGR
LAXWB,W Los Angeles - West Beverly Hills,laxwb-w-los-angeles---west-beverly-hills,Marriott-LAXWB
LAXBW,"The Westin Bonaventure Hotel & Suites, Los Angeles","laxbw-the-westin-bonaventure-hotel-&-suites,-los-angeles",Marriott-LAXBW
LAXWI,The Westin Los Angeles Airport,laxwi-the-westin-los-angeles-airport,Marriott-LAXWI
FATMD,SpringHill Suites Madera,fatmd-springhill-suites-madera,Marriott-FATMD
MMHWI,"The Westin Monache Resort, Mammoth","mmhwi-the-westin-monache-resort,-mammoth",Marriott-MMHWI
LAXAW,"westdrift Manhattan Beach, Autograph Collection","laxaw-westdrift-manhattan-beach,-autograph-collection",Marriott-LAXAW
LAXMH,Residence Inn Los Angeles LAX/Manhattan Beach,laxmh-residence-inn-los-angeles-lax/manhattan-beach,Marriott-LAXMH
MRYSH,SpringHill Suites The Dunes On Monterey Bay,mrysh-springhill-suites-the-dunes-on-monterey-bay,Marriott-MRYSH
LAXCI,Courtyard Marina del Rey,laxci-courtyard-marina-del-rey,Marriott-LAXCI
LAXMB,Marina del Rey Marriott,laxmb-marina-del-rey-marriott,Marriott-LAXMB
LAXMA,Residence Inn Marina del Rey,laxma-residence-inn-marina-del-rey,Marriott-LAXMA
LAXMD,"The Ritz-Carlton, Marina del Rey","laxmd-the-ritz-carlton,-marina-del-rey",Marriott-LAXMD
ONTFM,Fairfield Inn & Suites Menifee,ontfm-fairfield-inn-&-suites-menifee,Marriott-ONTFM
SJCMN,"Hotel Nia, Autograph Collection","sjcmn-hotel-nia,-autograph-collection",Marriott-SJCMN
SJCME,Residence Inn Palo Alto Menlo Park,sjcme-residence-inn-palo-alto-menlo-park,Marriott-SJCME
MCECY,Courtyard Merced,mcecy-courtyard-merced,Marriott-MCECY
MCEED,TownePlace Suites Merced,mceed-towneplace-suites-merced,Marriott-MCEED
SFOME,Fairfield Inn & Suites San Francisco Airport/Millbrae,sfome-fairfield-inn-&-suites-san-francisco-airport/millbrae,Marriott-SFOME
SFOMI,Residence Inn San Francisco Airport Millbrae Station,sfomi-residence-inn-san-francisco-airport-millbrae-station,Marriott-SFOMI
SFOAL,Aloft San Francisco Airport,sfoal-aloft-san-francisco-airport,Marriott-SFOAL
SFOWI,The Westin San Francisco Airport,sfowi-the-westin-san-francisco-airport,Marriott-SFOWI
SJCMP,Courtyard Milpitas Silicon Valley,sjcmp-courtyard-milpitas-silicon-valley,Marriott-SJCMP
SJCML,Residence Inn Milpitas Silicon Valley,sjcml-residence-inn-milpitas-silicon-valley,Marriott-SJCML
SJCMS,SpringHill Suites Milpitas Silicon Valley,sjcms-springhill-suites-milpitas-silicon-valley,Marriott-SJCMS
SJCEM,Element San Jose Milpitas,sjcem-element-san-jose-milpitas,Marriott-SJCEM
SJCSA,Sheraton San Jose Hotel,sjcsa-sheraton-san-jose-hotel,Marriott-SJCSA
SJCTM,TownePlace Suites Milpitas Silicon Valley,sjctm-towneplace-suites-milpitas-silicon-valley,Marriott-SJCTM
SNAVO,Fairfield Inn Mission Viejo Orange County,snavo-fairfield-inn-mission-viejo-orange-county,Marriott-SNAVO
MODMR,Residence Inn Modesto North,modmr-residence-inn-modesto-north,Marriott-MODMR
MODSH,SpringHill Suites Modesto,modsh-springhill-suites-modesto,Marriott-MODSH
LAXMR,Courtyard Los Angeles Pasadena/Monrovia,laxmr-courtyard-los-angeles-pasadena/monrovia,Marriott-LAXMR
MRYCA,Monterey Marriott,mryca-monterey-marriott,Marriott-MRYCA
LAXMP,Courtyard Los Angeles Monterey Park,laxmp-courtyard-los-angeles-monterey-park,Marriott-LAXMP
OXRVM,Fairfield Inn & Suites Moorpark Ventura County,oxrvm-fairfield-inn-&-suites-moorpark-ventura-county,Marriott-OXRVM
RALFM,Fairfield Inn & Suites Riverside Moreno Valley,ralfm-fairfield-inn-&-suites-riverside-moreno-valley,Marriott-RALFM
ONTMR,Residence Inn Riverside Moreno Valley,ontmr-residence-inn-riverside-moreno-valley,Marriott-ONTMR
SJCMH,Courtyard San Jose South/Morgan Hill,sjcmh-courtyard-san-jose-south/morgan-hill,Marriott-SJCMH
SJCMO,Residence Inn San Jose South/Morgan Hill,sjcmo-residence-inn-san-jose-south/morgan-hill,Marriott-SJCMO
SFOMV,Residence Inn Palo Alto Mountain View,sfomv-residence-inn-palo-alto-mountain-view,Marriott-SFOMV
SJCAM,Aloft Mountain View,sjcam-aloft-mountain-view,Marriott-SJCAM
ONTTC,Courtyard Temecula Murrieta,onttc-courtyard-temecula-murrieta,Marriott-ONTTC
ONTTM,Residence Inn Temecula Murrieta,onttm-residence-inn-temecula-murrieta,Marriott-ONTTM
SFONP,Napa Valley Marriott Hotel & Spa,sfonp-napa-valley-marriott-hotel-&-spa,Marriott-SFONP
SFONS,SpringHill Suites Napa Valley,sfons-springhill-suites-napa-valley,Marriott-SFONS
SFONW,The Westin Verasa Napa,sfonw-the-westin-verasa-napa,Marriott-SFONW
SJCFT,Courtyard Newark Silicon Valley,sjcft-courtyard-newark-silicon-valley,Marriott-SJCFT
SJCNW,Residence Inn Newark Silicon Valley,sjcnw-residence-inn-newark-silicon-valley,Marriott-SJCNW
SJCFN,SpringHill Suites Newark Fremont,sjcfn-springhill-suites-newark-fremont,Marriott-SJCFN
SJCAL,Aloft Silicon Valley,sjcal-aloft-silicon-valley,Marriott-SJCAL
NPBAK,"Lido House, Autograph Collection","npbak-lido-house,-autograph-collection",Marriott-NPBAK
NPBST,Newport Beach Marriott Bayview,npbst-newport-beach-marriott-bayview,Marriott-NPBST
LAXNB,"VEA Newport Beach, A Marriott Resort & Spa","laxnb-vea-newport-beach,-a-marriott-resort-&-spa",Marriott-LAXNB
NPBBR,Renaissance Newport Beach Hotel,npbbr-renaissance-newport-beach-hotel,Marriott-NPBBR
LAXNC,Marriott's Newport Coast Villas,laxnc-marriott's-newport-coast-villas,Marriott-LAXNC
RALFI,Fairfield Inn & Suites Riverside Corona/Norco,ralfi-fairfield-inn-&-suites-riverside-corona/norco,Marriott-RALFI
SFONV,Courtyard Novato Marin/Sonoma,sfonv-courtyard-novato-marin/sonoma,Marriott-SFONV
FATOK,Fairfield Inn & Suites Oakhurst Yosemite,fatok-fairfield-inn-&-suites-oakhurst-yosemite,Marriott-FATOK
OAKAD,AC Hotel Oakland Downtown,oakad-ac-hotel-oakland-downtown,Marriott-OAKAD
OAKAP,Courtyard Oakland Airport,oakap-courtyard-oakland-airport,Marriott-OAKAP
OAKCD,Courtyard Oakland Downtown,oakcd-courtyard-oakland-downtown,Marriott-OAKCD
OAKDT,Oakland Marriott City Center,oakdt-oakland-marriott-city-center,Marriott-OAKDT
OAKOX,Moxy Oakland Uptown,oakox-moxy-oakland-uptown,Marriott-OAKOX
OAKRD,Residence Inn Oakland Downtown,oakrd-residence-inn-oakland-downtown,Marriott-OAKRD
OAKSP,SpringHill Suites Oakland Airport,oaksp-springhill-suites-oakland-airport,Marriott-OAKSP
SANON,Courtyard San Diego Oceanside,sanon-courtyard-san-diego-oceanside,Marriott-SANON
SANOS,Residence Inn San Diego Oceanside,sanos-residence-inn-san-diego-oceanside,Marriott-SANOS
SANOD,SpringHill Suites Oceanside Beach,sanod-springhill-suites-oceanside-beach,Marriott-SANOD
ONTVY,Residence Inn Ontario Airport,ontvy-residence-inn-ontario-airport,Marriott-ONTVY
ONTRV,SpringHill Suites Ontario Airport/Rancho Cucamonga,ontrv-springhill-suites-ontario-airport/rancho-cucamonga,Marriott-ONTRV
ONTEL,Element Ontario,ontel-element-ontario,Marriott-ONTEL
ONTOA,Sheraton Ontario Airport Hotel,ontoa-sheraton-ontario-airport-hotel,Marriott-ONTOA
OXRVO,Courtyard Oxnard Ventura,oxrvo-courtyard-oxnard-ventura,Marriott-OXRVO
OXRRI,Residence Inn Oxnard River Ridge,oxrri-residence-inn-oxnard-river-ridge,Marriott-OXRRI
SFOPF,Fairfield Inn & Suites San Francisco Pacifica,sfopf-fairfield-inn-&-suites-san-francisco-pacifica,Marriott-SFOPF
CTDAK,"HOTEL PASEO, Autograph Collection","ctdak-hotel-paseo,-autograph-collection",Marriott-CTDAK
CTDCY,Courtyard Palm Desert,ctdcy-courtyard-palm-desert,Marriott-CTDCY
CTDPD,Fairfield Inn & Suites Palm Desert Coachella Valley,ctdpd-fairfield-inn-&-suites-palm-desert-coachella-valley,Marriott-CTDPD
CTDCA,JW Marriott Desert Springs Resort & Spa,ctdca-jw-marriott-desert-springs-resort-&-spa,Marriott-CTDCA
CTDDS,Marriott's Desert Springs Villas I,ctdds-marriott's-desert-springs-villas-i,Marriott-CTDDS
CTDVI,Marriott's Desert Springs Villas II,ctdvi-marriott's-desert-springs-villas-ii,Marriott-CTDVI
CTDSR,Marriott's Shadow Ridge I-The Villages,ctdsr-marriott's-shadow-ridge-i-the-villages,Marriott-CTDSR
CTDST,Marriott's Shadow Ridge II- The Enclaves,ctdst-marriott's-shadow-ridge-ii--the-enclaves,Marriott-CTDST
PSPWD,"The Westin Desert Willow Villas, Palm Desert","pspwd-the-westin-desert-willow-villas,-palm-desert",Marriott-PSPWD
CTDRI,Residence Inn Palm Desert,ctdri-residence-inn-palm-desert,Marriott-CTDRI
CTDSH,SpringHill Suites Palm Desert,ctdsh-springhill-suites-palm-desert,Marriott-CTDSH
PSPAK,"Triada Palm Springs, Autograph Collection","pspak-triada-palm-springs,-autograph-collection",Marriott-PSPAK
PSPCH,Courtyard Palm Springs,pspch-courtyard-palm-springs,Marriott-PSPCH
PSPBR,Renaissance Palm Springs Hotel,pspbr-renaissance-palm-springs-hotel,Marriott-PSPBR
CTDAD,"Avalon Hotel & Bungalows Palm Springs, a Member of Design Hotels™","ctdad-avalon-hotel-&-bungalows-palm-springs,-a-member-of-design-hotels™",Marriott-CTDAD
WJFCY,Courtyard Palmdale,wjfcy-courtyard-palmdale,Marriott-WJFCY
WJFFI,Fairfield Inn & Suites Palmdale West,wjffi-fairfield-inn-&-suites-palmdale-west,Marriott-WJFFI
WJFRI,Residence Inn Palmdale Lancaster,wjfri-residence-inn-palmdale-lancaster,Marriott-WJFRI
WJFEL,Element Palmdale,wjfel-element-palmdale,Marriott-WJFEL
SJCAO,AC Hotel Palo Alto,sjcao-ac-hotel-palo-alto,Marriott-SJCAO
SJCSI,Sheraton Palo Alto Hotel,sjcsi-sheraton-palo-alto-hotel,Marriott-SJCSI
SJCTX,"Hotel Citrine, Palo Alto, a Tribute Portfolio Hotel","sjctx-hotel-citrine,-palo-alto,-a-tribute-portfolio-hotel",Marriott-SJCTX
SJCWP,The Westin Palo Alto,sjcwp-the-westin-palo-alto,Marriott-SJCWP
LAXOT,Courtyard Los Angeles Pasadena/Old Town,laxot-courtyard-los-angeles-pasadena/old-town,Marriott-LAXOT
LAXRO,Residence Inn Los Angeles Pasadena/Old Town,laxro-residence-inn-los-angeles-pasadena/old-town,Marriott-LAXRO
LAXSP,Sheraton Pasadena Hotel,laxsp-sheraton-pasadena-hotel,Marriott-LAXSP
BURPT,"Hotel Dena, Pasadena Los Angeles, a Tribute Portfolio Hotel","burpt-hotel-dena,-pasadena-los-angeles,-a-tribute-portfolio-hotel",Marriott-BURPT
LAXPW,The Westin Pasadena,laxpw-the-westin-pasadena,Marriott-LAXPW
SBPPR,Courtyard Paso Robles,sbppr-courtyard-paso-robles,Marriott-SBPPR
SFOCP,Courtyard Petaluma Sonoma County,sfocp-courtyard-petaluma-sonoma-county,Marriott-SFOCP
STSSI,Sheraton Sonoma Wine Country Petaluma,stssi-sheraton-sonoma-wine-country-petaluma,Marriott-STSSI
SBPAK,"Vespera Resort on Pismo Beach, Autograph Collection","sbpak-vespera-resort-on-pismo-beach,-autograph-collection",Marriott-SBPAK
SNAPL,Residence Inn Anaheim Placentia/Fullerton,snapl-residence-inn-anaheim-placentia/fullerton,Marriott-SNAPL
SNASP,SpringHill Suites Anaheim Placentia/Fullerton,snasp-springhill-suites-anaheim-placentia/fullerton,Marriott-SNASP
OAKPH,Residence Inn Pleasant Hill Concord,oakph-residence-inn-pleasant-hill-concord,Marriott-OAKPH
OAKAC,AC Hotel Pleasanton,oakac-ac-hotel-pleasanton,Marriott-OAKAC
OAKPL,Courtyard Pleasanton,oakpl-courtyard-pleasanton,Marriott-OAKPL
OAKMC,Pleasanton Marriott,oakmc-pleasanton-marriott,Marriott-OAKMC
OAKRI,Residence Inn Pleasanton,oakri-residence-inn-pleasanton,Marriott-OAKRI
OAKFP,Four Points by Sheraton Pleasanton,oakfp-four-points-by-sheraton-pleasanton,Marriott-OAKFP
ONTSI,Sheraton Fairplex Suites & Conference Center,ontsi-sheraton-fairplex-suites-&-conference-center,Marriott-ONTSI
SACRC,Courtyard Sacramento Rancho Cordova,sacrc-courtyard-sacramento-rancho-cordova,Marriott-SACRC
SACFS,Fairfield Inn & Suites Rancho Cordova,sacfs-fairfield-inn-&-suites-rancho-cordova,Marriott-SACFS
SACMC,Sacramento Marriott Rancho Cordova,sacmc-sacramento-marriott-rancho-cordova,Marriott-SACMC
SACRR,Residence Inn Sacramento Rancho Cordova,sacrr-residence-inn-sacramento-rancho-cordova,Marriott-SACRR
SMFRT,TownePlace Suites Sacramento Rancho Cordova,smfrt-towneplace-suites-sacramento-rancho-cordova,Marriott-SMFRT
ONTCY,Courtyard Ontario Rancho Cucamonga,ontcy-courtyard-ontario-rancho-cucamonga,Marriott-ONTCY
ONTCM,Fairfield Inn & Suites Ontario Rancho Cucamonga,ontcm-fairfield-inn-&-suites-ontario-rancho-cucamonga,Marriott-ONTCM
ONTCU,Residence Inn Ontario Rancho Cucamonga,ontcu-residence-inn-ontario-rancho-cucamonga,Marriott-ONTCU
ONTAL,Aloft Ontario-Rancho Cucamonga,ontal-aloft-ontario-rancho-cucamonga,Marriott-ONTAL
ONTFP,Four Points by Sheraton Ontario-Rancho Cucamonga,ontfp-four-points-by-sheraton-ontario-rancho-cucamonga,Marriott-ONTFP
ONTTS,TownePlace Suites Ontario Airport,ontts-towneplace-suites-ontario-airport,Marriott-ONTTS
PSPWM,"The Westin Mission Hills Resort Villas, Palm Springs","pspwm-the-westin-mission-hills-resort-villas,-palm-springs",Marriott-PSPWM
PSPPS,"The Ritz-Carlton, Rancho Mirage","pspps-the-ritz-carlton,-rancho-mirage",Marriott-PSPPS
PSPWI,The Westin Rancho Mirage Golf Resort & Spa,pspwi-the-westin-rancho-mirage-golf-resort-&-spa,Marriott-PSPWI
RDDRE,Fairfield Inn & Suites Redding,rddre-fairfield-inn-&-suites-redding,Marriott-RDDRE
RDDSI,Sheraton Redding Hotel at the Sundial Bridge,rddsi-sheraton-redding-hotel-at-the-sundial-bridge,Marriott-RDDSI
RDDRD,TownePlace Suites Redding,rddrd-towneplace-suites-redding,Marriott-RDDRD
RALRI,Residence Inn Loma Linda Redlands,ralri-residence-inn-loma-linda-redlands,Marriott-RALRI
ONTSR,SpringHill Suites Riverside Redlands,ontsr-springhill-suites-riverside-redlands,Marriott-ONTSR
LAXDB,Residence Inn Los Angeles Redondo Beach,laxdb-residence-inn-los-angeles-redondo-beach,Marriott-LAXDB
SFORD,Courtyard Redwood City,sford-courtyard-redwood-city,Marriott-SFORD
OAKCY,Courtyard Richmond Berkeley,oakcy-courtyard-richmond-berkeley,Marriott-OAKCY
IYKSH,SpringHill Suites Ridgecrest,iyksh-springhill-suites-ridgecrest,Marriott-IYKSH
RALCY,Courtyard Riverside UCR/Moreno Valley Area,ralcy-courtyard-riverside-ucr/moreno-valley-area,Marriott-RALCY
RALMC,Marriott Riverside at the Convention Center,ralmc-marriott-riverside-at-the-convention-center,Marriott-RALMC
STSFI,Fairfield Inn & Suites Santa Rosa Rohnert Park,stsfi-fairfield-inn-&-suites-santa-rosa-rohnert-park,Marriott-STSFI
LAXFR,Fairfield Inn & Suites Los Angeles Rosemead,laxfr-fairfield-inn-&-suites-los-angeles-rosemead,Marriott-LAXFR
SACRV,Courtyard Roseville,sacrv-courtyard-roseville,Marriott-SACRV
SACGM,Courtyard Roseville Galleria Mall/Creekside Ridge Drive,sacgm-courtyard-roseville-galleria-mall/creekside-ridge-drive,Marriott-SACGM
SACFR,Fairfield Inn Roseville,sacfr-fairfield-inn-roseville,Marriott-SACFR
SACOV,Residence Inn Rocklin Roseville,sacov-residence-inn-rocklin-roseville,Marriott-SACOV
SACRO,Residence Inn Roseville,sacro-residence-inn-roseville,Marriott-SACRO
SACSR,SpringHill Suites Sacramento Roseville,sacsr-springhill-suites-sacramento-roseville,Marriott-SACSR
SACST,TownePlace Suites Sacramento Roseville,sacst-towneplace-suites-sacramento-roseville,Marriott-SACST
SACAK,"The Citizen Hotel, Autograph Collection","sacak-the-citizen-hotel,-autograph-collection",Marriott-SACAK
SACCH,Courtyard Sacramento Airport Natomas,sacch-courtyard-sacramento-airport-natomas,Marriott-SACCH
SACCE,Courtyard Sacramento Cal Expo,sacce-courtyard-sacramento-cal-expo,Marriott-SACCE
SACCY,Courtyard Sacramento Midtown,saccy-courtyard-sacramento-midtown,Marriott-SACCY
SACWN,Fairfield Inn & Suites Sacramento Airport Natomas,sacwn-fairfield-inn-&-suites-sacramento-airport-natomas,Marriott-SACWN
SACXP,Fairfield Inn Sacramento Cal Expo,sacxp-fairfield-inn-sacramento-cal-expo,Marriott-SACXP
SACSN,Residence Inn Sacramento Airport Natomas,sacsn-residence-inn-sacramento-airport-natomas,Marriott-SACSN
SACEX,Residence Inn Sacramento Cal Expo,sacex-residence-inn-sacramento-cal-expo,Marriott-SACEX
SACDT,Residence Inn Sacramento Downtown at Capitol Park,sacdt-residence-inn-sacramento-downtown-at-capitol-park,Marriott-SACDT
SACSH,SpringHill Suites Sacramento Natomas,sacsh-springhill-suites-sacramento-natomas,Marriott-SACSH
SACEL,Element Sacramento Airport,sacel-element-sacramento-airport,Marriott-SACEL
SACFP,Four Points by Sheraton Sacramento International Airport,sacfp-four-points-by-sheraton-sacramento-international-airport,Marriott-SACFP
SACSI,Sheraton Grand Sacramento Hotel,sacsi-sheraton-grand-sacramento-hotel,Marriott-SACSI
SACTA,TownePlace Suites Sacramento Airport Natomas,sacta-towneplace-suites-sacramento-airport-natomas,Marriott-SACTA
SACCX,TownePlace Suites Sacramento Cal Expo,saccx-towneplace-suites-sacramento-cal-expo,Marriott-SACCX
SACWS,The Westin Sacramento Riverfront Hotel & Spa,sacws-the-westin-sacramento-riverfront-hotel-&-spa,Marriott-SACWS
MODFI,Fairfield Inn & Suites Modesto Salida,modfi-fairfield-inn-&-suites-modesto-salida,Marriott-MODFI
SNSCY,Courtyard Salinas Monterey,snscy-courtyard-salinas-monterey,Marriott-SNSCY
SNSRI,Residence Inn Salinas Monterey,snsri-residence-inn-salinas-monterey,Marriott-SNSRI
ONTFS,Fairfield Inn & Suites San Bernardino,ontfs-fairfield-inn-&-suites-san-bernardino,Marriott-ONTFS
ONTBE,Residence Inn San Bernardino,ontbe-residence-inn-san-bernardino,Marriott-ONTBE
SFOSB,Courtyard San Francisco Airport,sfosb-courtyard-san-francisco-airport,Marriott-SFOSB
SFOFS,Fairfield Inn & Suites San Francisco San Carlos,sfofs-fairfield-inn-&-suites-san-francisco-san-carlos,Marriott-SFOFS
SFOLO,Residence Inn Redwood City San Carlos,sfolo-residence-inn-redwood-city-san-carlos,Marriott-SFOLO
SANAR,AC Hotel San Diego Downtown Gaslamp Quarter,sanar-ac-hotel-san-diego-downtown-gaslamp-quarter,Marriott-SANAR
SANYA,"Hotel Republic San Diego, Autograph Collection","sanya-hotel-republic-san-diego,-autograph-collection",Marriott-SANYA
SANAK,"Pier South Resort, Autograph Collection","sanak-pier-south-resort,-autograph-collection",Marriott-SANAK
SANAL,Courtyard San Diego Airport/Liberty Station,sanal-courtyard-san-diego-airport/liberty-station,Marriott-SANAL
SANCY,Courtyard San Diego Central,sancy-courtyard-san-diego-central,Marriott-SANCY
SANCD,Courtyard San Diego Downtown,sancd-courtyard-san-diego-downtown,Marriott-SANCD
SANCG,Courtyard San Diego Gaslamp/Convention Center,sancg-courtyard-san-diego-gaslamp/convention-center,Marriott-SANCG
SANCR,Courtyard San Diego Miramar,sancr-courtyard-san-diego-miramar,Marriott-SANCR
SANCM,Courtyard San Diego Mission Valley/Hotel Circle,sancm-courtyard-san-diego-mission-valley/hotel-circle,Marriott-SANCM
SANOT,Courtyard San Diego Old Town,sanot-courtyard-san-diego-old-town,Marriott-SANOT
SANBO,Courtyard San Diego Rancho Bernardo,sanbo-courtyard-san-diego-rancho-bernardo,Marriott-SANBO
SANMM,Courtyard San Diego Sorrento Valley,sanmm-courtyard-san-diego-sorrento-valley,Marriott-SANMM
SANFI,Fairfield Inn & Suites San Diego Old Town,sanfi-fairfield-inn-&-suites-san-diego-old-town,Marriott-SANFI
SANFM,Fairfield Inn & Suites San Diego Pacific Beach,sanfm-fairfield-inn-&-suites-san-diego-pacific-beach,Marriott-SANFM
SANDT,Marriott Marquis San Diego Marina,sandt-marriott-marquis-san-diego-marina,Marriott-SANDT
SANVA,"Marriott Vacation Club, San Diego","sanva-marriott-vacation-club,-san-diego",Marriott-SANVA
SANDM,San Diego Marriott Del Mar,sandm-san-diego-marriott-del-mar,Marriott-SANDM
SANGL,San Diego Marriott Gaslamp Quarter,sangl-san-diego-marriott-gaslamp-quarter,Marriott-SANGL
SANMV,San Diego Marriott Mission Valley,sanmv-san-diego-marriott-mission-valley,Marriott-SANMV
SANOX,Moxy San Diego Downtown/Gaslamp Quarter,sanox-moxy-san-diego-downtown/gaslamp-quarter,Marriott-SANOX
SANDL,Residence Inn San Diego Del Mar,sandl-residence-inn-san-diego-del-mar,Marriott-SANDL
SANPH,Residence Inn San Diego Downtown,sanph-residence-inn-san-diego-downtown,Marriott-SANPH
SANRH,Residence Inn San Diego Downtown/Bayfront,sanrh-residence-inn-san-diego-downtown/bayfront,Marriott-SANRH
SANRG,Residence Inn San Diego Downtown/Gaslamp Quarter,sanrg-residence-inn-san-diego-downtown/gaslamp-quarter,Marriott-SANRG
SANNM,Residence Inn San Diego Rancho Bernardo/Scripps Poway,sannm-residence-inn-san-diego-rancho-bernardo/scripps-poway,Marriott-SANNM
SANAA,Residence Inn San Diego Sorrento Mesa/Sorrento Valley,sanaa-residence-inn-san-diego-sorrento-mesa/sorrento-valley,Marriott-SANAA
SANDH,SpringHill Suites San Diego Downtown/Bayfront,sandh-springhill-suites-san-diego-downtown/bayfront,Marriott-SANDH
SANSM,SpringHill Suites San Diego Mission Valley,sansm-springhill-suites-san-diego-mission-valley,Marriott-SANSM
SANSH,SpringHill Suites San Diego Rancho Bernardo/Scripps Poway,sansh-springhill-suites-san-diego-rancho-bernardo/scripps-poway,Marriott-SANSH
SANFP,Four Points by Sheraton San Diego,sanfp-four-points-by-sheraton-san-diego,Marriott-SANFP
SANFW,Four Points by Sheraton San Diego - SeaWorld,sanfw-four-points-by-sheraton-san-diego---seaworld,Marriott-SANFW
SANPD,Four Points by Sheraton San Diego Downtown Little Italy,sanpd-four-points-by-sheraton-san-diego-downtown-little-italy,Marriott-SANPD
SANLC,"The US Grant, a Luxury Collection Hotel, San Diego","sanlc-the-us-grant,-a-luxury-collection-hotel,-san-diego",Marriott-SANLC
SANVS,Sheraton Mission Valley San Diego Hotel,sanvs-sheraton-mission-valley-san-diego-hotel,Marriott-SANVS
SANSI,Sheraton San Diego Resort,sansi-sheraton-san-diego-resort,Marriott-SANSI
SANTA,TownePlace Suites San Diego Airport/Liberty Station,santa-towneplace-suites-san-diego-airport/liberty-station,Marriott-SANTA
SANMT,TownePlace Suites San Diego Central,sanmt-towneplace-suites-san-diego-central,Marriott-SANMT
SANTD,TownePlace Suites San Diego Downtown,santd-towneplace-suites-san-diego-downtown,Marriott-SANTD
SANTX,"The Guild Hotel, San Diego, a Tribute Portfolio Hotel","santx-the-guild-hotel,-san-diego,-a-tribute-portfolio-hotel",Marriott-SANTX
SANWS,The Westin San Diego Bayview,sanws-the-westin-san-diego-bayview,Marriott-SANWS
SANWI,The Westin San Diego Gaslamp Quarter,sanwi-the-westin-san-diego-gaslamp-quarter,Marriott-SANWI
SFOAK,"Hotel Adagio, Autograph Collection","sfoak-hotel-adagio,-autograph-collection",Marriott-SFOAK
SFOAW,"The Clancy, Autograph Collection","sfoaw-the-clancy,-autograph-collection",Marriott-SFOAW
SFOVN,Courtyard San Francisco Downtown/Van Ness Ave.,sfovn-courtyard-san-francisco-downtown/van-ness-ave.,Marriott-SFOVN
SFOCF,Courtyard San Francisco Fisherman's Wharf,sfocf-courtyard-san-francisco-fisherman's-wharf,Marriott-SFOCF
SFOCN,Courtyard San Francisco Union Square,sfocn-courtyard-san-francisco-union-square,Marriott-SFOCN
SFOJW,JW Marriott San Francisco Union Square,sfojw-jw-marriott-san-francisco-union-square,Marriott-SFOJW
SFOVM,"Marriott Vacation Club, San Francisco","sfovm-marriott-vacation-club,-san-francisco",Marriott-SFOVM
SFOFW,San Francisco Marriott Fisherman's Wharf,sfofw-san-francisco-marriott-fisherman's-wharf,Marriott-SFOFW
SFODT,San Francisco Marriott Marquis,sfodt-san-francisco-marriott-marquis,Marriott-SFODT
SFOUS,San Francisco Marriott Union Square,sfous-san-francisco-marriott-union-square,Marriott-SFOUS
SFORZ,"The Ritz-Carlton, San Francisco","sforz-the-ritz-carlton,-san-francisco",Marriott-SFORZ
SFODS,"San Francisco Proper Hotel, a Member of Design Hotels™","sfods-san-francisco-proper-hotel,-a-member-of-design-hotels™",Marriott-SFODS
SFOMD,Le Méridien San Francisco,sfomd-le-méridien-san-francisco,Marriott-SFOMD
SFOLC,"Palace Hotel, a Luxury Collection Hotel, San Francisco","sfolc-palace-hotel,-a-luxury-collection-hotel,-san-francisco",Marriott-SFOLC
SFOXR,The St. Regis San Francisco,sfoxr-the-st.-regis-san-francisco,Marriott-SFOXR
SFOWH,W San Francisco,sfowh-w-san-francisco,Marriott-SFOWH
SFOUW,The Westin St. Francis San Francisco on Union Square,sfouw-the-westin-st.-francis-san-francisco-on-union-square,Marriott-SFOUW
LGBFP,Sheraton Los Angeles San Gabriel,lgbfp-sheraton-los-angeles-san-gabriel,Marriott-LGBFP
SJCAC,AC Hotel San Jose Downtown,sjcac-ac-hotel-san-jose-downtown,Marriott-SJCAC
SJCNO,Courtyard San Jose North/Silicon Valley,sjcno-courtyard-san-jose-north/silicon-valley,Marriott-SJCNO
SJCFI,Fairfield Inn & Suites San Jose Airport,sjcfi-fairfield-inn-&-suites-san-jose-airport,Marriott-SJCFI
SJCNS,Fairfield Inn & Suites San Jose North/Silicon Valley,sjcns-fairfield-inn-&-suites-san-jose-north/silicon-valley,Marriott-SJCNS
SJCSJ,San Jose Marriott,sjcsj-san-jose-marriott,Marriott-SJCSJ
SJCJR,Residence Inn San Jose Airport,sjcjr-residence-inn-san-jose-airport,Marriott-SJCJR
SJCRN,Residence Inn San Jose North/Silicon Valley,sjcrn-residence-inn-san-jose-north/silicon-valley,Marriott-SJCRN
SJCRI,Residence Inn San Jose South,sjcri-residence-inn-san-jose-south,Marriott-SJCRI
SJCJS,SpringHill Suites San Jose Airport,sjcjs-springhill-suites-san-jose-airport,Marriott-SJCJS
SJCJC,Aloft San Jose Cupertino,sjcjc-aloft-san-jose-cupertino,Marriott-SJCJC
SJCSL,Aloft Santa Clara,sjcsl-aloft-santa-clara,Marriott-SJCSL
SJCAP,Element San Jose Airport,sjcap-element-san-jose-airport,Marriott-SJCAP
SJCJF,Four Points by Sheraton San Jose Airport,sjcjf-four-points-by-sheraton-san-jose-airport,Marriott-SJCJF
SJCFP,Four Points by Sheraton San Jose Downtown,sjcfp-four-points-by-sheraton-san-jose-downtown,Marriott-SJCFP
SJCTS,TownePlace Suites San Jose Cupertino,sjcts-towneplace-suites-san-jose-cupertino,Marriott-SJCTS
SJCWI,The Westin San Jose,sjcwi-the-westin-san-jose,Marriott-SJCWI
SNAAK,"Inn at the Mission San Juan Capistrano, Autograph Collection","snaak-inn-at-the-mission-san-juan-capistrano,-autograph-collection",Marriott-SNAAK
SNASJ,Residence Inn Dana Point San Juan Capistrano,snasj-residence-inn-dana-point-san-juan-capistrano,Marriott-SNASJ
SBPGS,"HOTEL CERRO, Autograph Collection","sbpgs-hotel-cerro,-autograph-collection",Marriott-SBPGS
SBPCY,Courtyard San Luis Obispo,sbpcy-courtyard-san-luis-obispo,Marriott-SBPCY
SBPTS,TownePlace Suites San Luis Obispo,sbpts-towneplace-suites-san-luis-obispo,Marriott-SBPTS
SANES,Fairfield Inn & Suites San Diego North/San Marcos,sanes-fairfield-inn-&-suites-san-diego-north/san-marcos,Marriott-SANES
SANMC,Residence Inn San Diego North/San Marcos,sanmc-residence-inn-san-diego-north/san-marcos,Marriott-SANMC
SFOSA,San Mateo Marriott San Francisco Airport,sfosa-san-mateo-marriott-san-francisco-airport,Marriott-SFOSA
SFOSM,Residence Inn San Francisco Airport/San Mateo,sfosm-residence-inn-san-francisco-airport/san-mateo,Marriott-SFOSM
SFOAR,AC Hotel San Rafael Downtown,sfoar-ac-hotel-san-rafael-downtown,Marriott-SFOAR
SFOFR,Four Points by Sheraton San Rafael Marin County,sfofr-four-points-by-sheraton-san-rafael-marin-county,Marriott-SFOFR
OAKSR,San Ramon Marriott,oaksr-san-ramon-marriott,Marriott-OAKSR
OAKRS,Residence Inn San Ramon,oakrs-residence-inn-san-ramon,Marriott-OAKRS
SNASA,Courtyard Costa Mesa South Coast Metro,snasa-courtyard-costa-mesa-south-coast-metro,Marriott-SNASA
SNAOG,Courtyard Santa Ana Orange County,snaog-courtyard-santa-ana-orange-county,Marriott-SNAOG
SBACS,Courtyard Santa Barbara Downtown,sbacs-courtyard-santa-barbara-downtown,Marriott-SBACS
SBAOX,Moxy Santa Barbara,sbaox-moxy-santa-barbara,Marriott-SBAOX
SBARZ,"The Ritz-Carlton Bacara, Santa Barbara","sbarz-the-ritz-carlton-bacara,-santa-barbara",Marriott-SBARZ
SBATX,"The Steward, Santa Barbara, a Tribute Portfolio Hotel","sbatx-the-steward,-santa-barbara,-a-tribute-portfolio-hotel",Marriott-SBATX
SJCCL,AC Hotel San Jose Santa Clara,sjccl-ac-hotel-san-jose-santa-clara,Marriott-SJCCL
SJCDE,Delta Hotels Santa Clara Silicon Valley,sjcde-delta-hotels-santa-clara-silicon-valley,Marriott-SJCDE
SJCGA,Santa Clara Marriott,sjcga-santa-clara-marriott,Marriott-SJCGA
SJCEL,Element Santa Clara,sjcel-element-santa-clara,Marriott-SJCEL
SJCSN,TownePlace Suites San Jose Santa Clara,sjcsn-towneplace-suites-san-jose-santa-clara,Marriott-SJCSN
LAXVL,Fairfield Inn Santa Clarita Valencia,laxvl-fairfield-inn-santa-clarita-valencia,Marriott-LAXVL
LAXVA,Residence Inn Santa Clarita Valencia,laxva-residence-inn-santa-clarita-valencia,Marriott-LAXVA
SJCAK,"Hotel Paradox, Autograph Collection","sjcak-hotel-paradox,-autograph-collection",Marriott-SJCAK
SJCRU,Courtyard Santa Cruz,sjcru-courtyard-santa-cruz,Marriott-SJCRU
SJCCR,Fairfield Inn & Suites Santa Cruz,sjccr-fairfield-inn-&-suites-santa-cruz,Marriott-SJCCR
SMXFI,Fairfield Inn & Suites Santa Maria,smxfi-fairfield-inn-&-suites-santa-maria,Marriott-SMXFI
LAXSK,"Sandbourne Santa Monica, Autograph Collection","laxsk-sandbourne-santa-monica,-autograph-collection",Marriott-LAXSK
LAXMO,Courtyard Santa Monica,laxmo-courtyard-santa-monica,Marriott-LAXMO
LAXDA,"Santa Monica Proper Hotel, a Member of Design Hotels™","laxda-santa-monica-proper-hotel,-a-member-of-design-hotels™",Marriott-LAXDA
LAXDM,Le Méridien Delfina Santa Monica,laxdm-le-méridien-delfina-santa-monica,Marriott-LAXDM
STSAW,AC Hotel Santa Rosa Sonoma Wine Country,stsaw-ac-hotel-santa-rosa-sonoma-wine-country,Marriott-STSAW
STSCY,Courtyard Santa Rosa,stscy-courtyard-santa-rosa,Marriott-STSCY
SJCFV,Four Points by Sheraton Santa Cruz Scotts Valley,sjcfv-four-points-by-sheraton-santa-cruz-scotts-valley,Marriott-SJCFV
STSRS,Fairfield Inn & Suites Santa Rosa Sebastopol,stsrs-fairfield-inn-&-suites-santa-rosa-sebastopol,Marriott-STSRS
LAXSF,Courtyard Los Angeles Sherman Oaks,laxsf-courtyard-los-angeles-sherman-oaks,Marriott-LAXSF
OXRCY,Courtyard Ventura Simi Valley,oxrcy-courtyard-ventura-simi-valley,Marriott-OXRCY
SANSB,Courtyard San Diego Del Mar/Solana Beach,sansb-courtyard-san-diego-del-mar/solana-beach,Marriott-SANSB
SFOAS,"The Lodge at Sonoma Resort, Autograph Collection","sfoas-the-lodge-at-sonoma-resort,-autograph-collection",Marriott-SFOAS
RNOGR,"Marriott Grand Residence Club, Lake Tahoe","rnogr-marriott-grand-residence-club,-lake-tahoe",Marriott-RNOGR
RNOPH,"Marriott Grand Residence Club, Lake Tahoe – 1 to 3 bedrooms & Pent","rnoph-marriott-grand-residence-club,-lake-tahoe-–-1-to-3-bedrooms-&-pent",Marriott-RNOPH
RNOTL,Marriott's Timber Lodge,rnotl-marriott's-timber-lodge,Marriott-RNOTL
SFOYA,AC Hotel San Francisco Airport/Oyster Point Waterfront,sfoya-ac-hotel-san-francisco-airport/oyster-point-waterfront,Marriott-SFOYA
SFOFA,Fairfield Inn & Suites San Francisco Airport Oyster Point Area,sfofa-fairfield-inn-&-suites-san-francisco-airport-oyster-point-area,Marriott-SFOFA
SFOAF,Four Points by Sheraton Hotel & Suites San Francisco Airport,sfoaf-four-points-by-sheraton-hotel-&-suites-san-francisco-airport,Marriott-SFOAF
SCKST,Courtyard Stockton,sckst-courtyard-stockton,Marriott-SCKST
SCKRI,Residence Inn Stockton,sckri-residence-inn-stockton,Marriott-SCKRI
SJCAN,AC Hotel Sunnyvale Cupertino,sjcan-ac-hotel-sunnyvale-cupertino,Marriott-SJCAN
SJCNV,AC Hotel Sunnyvale Moffett Park,sjcnv-ac-hotel-sunnyvale-moffett-park,Marriott-SJCNV
SJCVA,"TETRA Hotel,  Autograph Collection","sjcva-tetra-hotel,--autograph-collection",Marriott-SJCVA
SJCSV,Courtyard Sunnyvale Silicon Valley,sjcsv-courtyard-sunnyvale-silicon-valley,Marriott-SJCSV
SFOSN,Residence Inn Sunnyvale Silicon Valley I,sfosn-residence-inn-sunnyvale-silicon-valley-i,Marriott-SFOSN
SFOSU,Residence Inn Sunnyvale Silicon Valley II,sfosu-residence-inn-sunnyvale-silicon-valley-ii,Marriott-SFOSU
SJCVL,Aloft Sunnyvale,sjcvl-aloft-sunnyvale,Marriott-SJCVL
SJCSS,TownePlace Suites Sunnyvale Silicon Valley,sjcss-towneplace-suites-sunnyvale-silicon-valley,Marriott-SJCSS
BFLFI,Fairfield Inn & Suites Tehachapi,bflfi-fairfield-inn-&-suites-tehachapi,Marriott-BFLFI
BFLTT,TownePlace Suites Tehachapi,bfltt-towneplace-suites-tehachapi,Marriott-BFLTT
ONTRT,Fairfield Inn & Suites Temecula,ontrt-fairfield-inn-&-suites-temecula,Marriott-ONTRT
ONTST,SpringHill Suites Temecula Valley Wine Country,ontst-springhill-suites-temecula-valley-wine-country,Marriott-ONTST
OXRTO,Courtyard Thousand Oaks Ventura County,oxrto-courtyard-thousand-oaks-ventura-county,Marriott-OXRTO
OXRTS,TownePlace Suites Thousand Oaks Ventura County,oxrts-towneplace-suites-thousand-oaks-ventura-county,Marriott-OXRTS
LAXTO,Courtyard Los Angeles Torrance/Palos Verdes,laxto-courtyard-los-angeles-torrance/palos-verdes,Marriott-LAXTO
LAXTR,Torrance Marriott Redondo Beach,laxtr-torrance-marriott-redondo-beach,Marriott-LAXTR
LAXTC,Residence Inn Los Angeles Torrance/Redondo Beach,laxtc-residence-inn-los-angeles-torrance/redondo-beach,Marriott-LAXTC
SCKSF,Fairfield Inn Tracy,scksf-fairfield-inn-tracy,Marriott-SCKSF
RNOSU,SpringHill Suites by Marriott Truckee Lake Tahoe,rnosu-springhill-suites-by-marriott-truckee-lake-tahoe,Marriott-RNOSU
RNORZ,"The Ritz-Carlton, Lake Tahoe","rnorz-the-ritz-carlton,-lake-tahoe",Marriott-RNORZ
VISVT,Fairfield Inn & Suites Visalia Tulare,visvt-fairfield-inn-&-suites-visalia-tulare,Marriott-VISVT
MODTL,Fairfield Inn & Suites Turlock,modtl-fairfield-inn-&-suites-turlock,Marriott-MODTL
SNATF,Fairfield Inn & Suites Tustin Orange County,snatf-fairfield-inn-&-suites-tustin-orange-county,Marriott-SNATF
SNATU,Residence Inn Tustin Orange County,snatu-residence-inn-tustin-orange-county,Marriott-SNATU
PSPTN,Fairfield Inn & Suites Twentynine Palms-Joshua Tree National Park,psptn-fairfield-inn-&-suites-twentynine-palms-joshua-tree-national-park,Marriott-PSPTN
STSUK,Fairfield Inn & Suites Ukiah Mendocino County,stsuk-fairfield-inn-&-suites-ukiah-mendocino-county,Marriott-STSUK
BURSI,Sheraton Universal Hotel,bursi-sheraton-universal-hotel,Marriott-BURSI
SACVA,Courtyard Vacaville,sacva-courtyard-vacaville,Marriott-SACVA
SACFV,Fairfield Inn Vacaville,sacfv-fairfield-inn-vacaville,Marriott-SACFV
SACVV,Residence Inn Vacaville,sacvv-residence-inn-vacaville,Marriott-SACVV
BURSC,Courtyard Santa Clarita Valencia,bursc-courtyard-santa-clarita-valencia,Marriott-BURSC
LAXVR,Residence Inn Valencia,laxvr-residence-inn-valencia,Marriott-LAXVR
LAXSV,SpringHill Suites Valencia,laxsv-springhill-suites-valencia,Marriott-LAXSV
SFOVL,Courtyard Vallejo Napa Valley,sfovl-courtyard-vallejo-napa-valley,Marriott-SFOVL
OXRVB,Ventura Beach Marriott,oxrvb-ventura-beach-marriott,Marriott-OXRVB
OXRFP,Four Points by Sheraton Ventura Harbor Resort,oxrfp-four-points-by-sheraton-ventura-harbor-resort,Marriott-OXRFP
VISFI,Fairfield Inn Visalia Sequoia,visfi-fairfield-inn-visalia-sequoia,Marriott-VISFI
VISMC,Visalia Marriott at the Convention Center,vismc-visalia-marriott-at-the-convention-center,Marriott-VISMC
VISDT,Residence Inn Visalia,visdt-residence-inn-visalia,Marriott-VISDT
SANVI,TownePlace Suites San Diego Carlsbad/Vista,sanvi-towneplace-suites-san-diego-carlsbad/vista,Marriott-SANVI
OAKWC,Walnut Creek Marriott,oakwc-walnut-creek-marriott,Marriott-OAKWC
OAKBR,Renaissance Walnut Creek Hotel,oakbr-renaissance-walnut-creek-hotel,Marriott-OAKBR
OAKRW,Residence Inn Walnut Creek,oakrw-residence-inn-walnut-creek,Marriott-OAKRW
LAXFS,Fairfield Inn & Suites Los Angeles West Covina,laxfs-fairfield-inn-&-suites-los-angeles-west-covina,Marriott-LAXFS
LAXEB,The West Hollywood EDITION,laxeb-the-west-hollywood-edition,Marriott-LAXEB
SACSW,SpringHill Suites West Sacramento,sacsw-springhill-suites-west-sacramento,Marriott-SACSW
LAXWV,Residence Inn Los Angeles Westlake Village,laxwv-residence-inn-los-angeles-westlake-village,Marriott-LAXWV
SACWI,Fairfield Inn & Suites Winters Davis,sacwi-fairfield-inn-&-suites-winters-davis,Marriott-SACWI
SACWO,Fairfield Inn & Suites Sacramento Airport Woodland,sacwo-fairfield-inn-&-suites-sacramento-airport-woodland,Marriott-SACWO
LAXCW,Courtyard Los Angeles Woodland Hills,laxcw-courtyard-los-angeles-woodland-hills,Marriott-LAXCW
LAXWC,Warner Center Marriott Woodland Hills,laxwc-warner-center-marriott-woodland-hills,Marriott-LAXWC
STSDW,"Dr. Wilkinson's Backyard Resort and Mineral Springs, a Member of Design Hotels","stsdw-dr.-wilkinson's-backyard-resort-and-mineral-springs,-a-member-of-design-hotels",Marriott-STSDW
AGUFI,Fairfield Inn & Suites Aguascalientes,agufi-fairfield-inn-&-suites-aguascalientes,Marriott-AGUFI
AGUMC,Aguascalientes Marriott Hotel,agumc-aguascalientes-marriott-hotel,Marriott-AGUMC
MTYCY,Courtyard Monterrey Airport,mtycy-courtyard-monterrey-airport,Marriott-MTYCY
MTYFI,Fairfield Inn Monterrey Airport,mtyfi-fairfield-inn-monterrey-airport,Marriott-MTYFI
MTYFA,Four Points by Sheraton Monterrey Airport,mtyfa-four-points-by-sheraton-monterrey-airport,Marriott-MTYFA
VERAC,AC Hotel Veracruz,verac-ac-hotel-veracruz,Marriott-VERAC
VERFP,Four Points by Sheraton Veracruz,verfp-four-points-by-sheraton-veracruz,Marriott-VERFP
SJDHM,"Hacienda del Mar Los Cabos, Autograph Collection","sjdhm-hacienda-del-mar-los-cabos,-autograph-collection",Marriott-SJDHM
SJDFI,Fairfield by Marriott Los Cabos,sjdfi-fairfield-by-marriott-los-cabos,Marriott-SJDFI
CUNPC,"Planet Hollywood Cancun, An Autograph Collection All-Inclusive Resort","cunpc-planet-hollywood-cancun,-an-autograph-collection-all-inclusive-resort",Marriott-CUNPC
CUNRC,"Royalton CHIC Cancun, An Autograph Collection All-Inclusive Resort - Adults Only","cunrc-royalton-chic-cancun,-an-autograph-collection-all-inclusive-resort---adults-only",Marriott-CUNRC
CUNSR,"Royalton Splash Riviera Cancun, An Autograph Collection All-Inclusive Resort","cunsr-royalton-splash-riviera-cancun,-an-autograph-collection-all-inclusive-resort",Marriott-CUNSR
CUNCY,Courtyard Cancun Airport,cuncy-courtyard-cancun-airport,Marriott-CUNCY
CUNFI,Fairfield Inn & Suites Cancun Airport,cunfi-fairfield-inn-&-suites-cancun-airport,Marriott-CUNFI
CUNFD,Fairfield Inn & Suites Cancun Downtown,cunfd-fairfield-inn-&-suites-cancun-downtown,Marriott-CUNFD
CUNJW,JW Marriott Cancun Resort & Spa,cunjw-jw-marriott-cancun-resort-&-spa,Marriott-CUNJW
CUNMX,"Marriott Cancun, An All-Inclusive Resort","cunmx-marriott-cancun,-an-all-inclusive-resort",Marriott-CUNMX
CUNWV,The Westin Cancun Resort Villas & Spa,cunwv-the-westin-cancun-resort-villas-&-spa,Marriott-CUNWV
CUNWL,"The Westin Lagunamar Ocean Resort Villas & Spa, Cancun","cunwl-the-westin-lagunamar-ocean-resort-villas-&-spa,-cancun",Marriott-CUNWL
CUNWO,"The Westin Resort & Spa, Cancun","cunwo-the-westin-resort-&-spa,-cancun",Marriott-CUNWO
CUNBR,Renaissance Cancun Resort & Marina,cunbr-renaissance-cancun-resort-&-marina,Marriott-CUNBR
CUNRI,Residence Inn Cancun Hotel Zone,cunri-residence-inn-cancun-hotel-zone,Marriott-CUNRI
CUNAL,Aloft Cancun,cunal-aloft-cancun,Marriott-CUNAL
CUNFP,Four Points by Sheraton Cancun Centro,cunfp-four-points-by-sheraton-cancun-centro,Marriott-CUNFP
QROAL,Aloft Celaya,qroal-aloft-celaya,Marriott-QROAL
CUUCY,Courtyard Chihuahua,cuucy-courtyard-chihuahua,Marriott-CUUCY
CUUSI,Sheraton Chihuahua Soberano,cuusi-sheraton-chihuahua-soberano,Marriott-CUUSI
CJSCY,Courtyard Ciudad Juarez,cjscy-courtyard-ciudad-juarez,Marriott-CJSCY
CJSFP,Four Points by Sheraton Ciudad Juarez,cjsfp-four-points-by-sheraton-ciudad-juarez,Marriott-CJSFP
CUNPA,"Planet Hollywood Adult Scene Cancun, An Autograph Collection All-Inclusive Resort - Adults Only","cunpa-planet-hollywood-adult-scene-cancun,-an-autograph-collection-all-inclusive-resort---adults-only",Marriott-CUNPA
PVRDE,"Delta Hotels Riviera Nayarit, An All-Inclusive Resort","pvrde-delta-hotels-riviera-nayarit,-an-all-inclusive-resort",Marriott-PVRDE
CULMC,Culiacan Marriott Hotel,culmc-culiacan-marriott-hotel,Marriott-CULMC
GDLAC,"AC Hotel Guadalajara, Mexico","gdlac-ac-hotel-guadalajara,-mexico",Marriott-GDLAC
GDLJW,JW Marriott Hotel Guadalajara,gdljw-jw-marriott-hotel-guadalajara,Marriott-GDLJW
GDLDS,"Casa Habita, Guadalajara, a Member of Design Hotels™","gdlds-casa-habita,-guadalajara,-a-member-of-design-hotels™",Marriott-GDLDS
GDLWI,The Westin Guadalajara,gdlwi-the-westin-guadalajara,Marriott-GDLWI
MTYFL,Four Points by Sheraton Monterrey Linda Vista,mtyfl-four-points-by-sheraton-monterrey-linda-vista,Marriott-MTYFL
HMOCY,Courtyard Hermosillo,hmocy-courtyard-hermosillo,Marriott-HMOCY
CUNMH,"Mystique Holbox by Royalton, A Tribute Portfolio Resort","cunmh-mystique-holbox-by-royalton,-a-tribute-portfolio-resort",Marriott-CUNMH
MEXIX,Ixtapan de la Sal Marriott Hotel & Spa,mexix-ixtapan-de-la-sal-marriott-hotel-&-spa,Marriott-MEXIX
QROPT,Fairfield Inn & Suites Queretaro Juriquilla,qropt-fairfield-inn-&-suites-queretaro-juriquilla,Marriott-QROPT
LAPBC,"Baja Club Hotel, La Paz, Baja California Sur, a Member of Design Hotels™","lapbc-baja-club-hotel,-la-paz,-baja-california-sur,-a-member-of-design-hotels™",Marriott-LAPBC
BJXCY,Courtyard Leon at The Poliforum,bjxcy-courtyard-leon-at-the-poliforum,Marriott-BJXCY
BJXDS,"Elena de Cobre, a Member of Design Hotels™","bjxds-elena-de-cobre,-a-member-of-design-hotels™",Marriott-BJXDS
SJDWV,The Westin Los Cabos Resort Villas,sjdwv-the-westin-los-cabos-resort-villas,Marriott-SJDWV
SJDWB,The Westin Los Cabos Resort Villas - Baja Point,sjdwb-the-westin-los-cabos-resort-villas---baja-point,Marriott-SJDWB
MZTCY,Courtyard Mazatlan Beach Resort,mztcy-courtyard-mazatlan-beach-resort,Marriott-MZTCY
MIDCY,Courtyard Merida Downtown,midcy-courtyard-merida-downtown,Marriott-MIDCY
MIDRI,Residence Inn Merida,midri-residence-inn-merida,Marriott-MIDRI
MXLCY,Courtyard Mexicali,mxlcy-courtyard-mexicali,Marriott-MXLCY
MXLFI,Fairfield Inn & Suites Mexicali,mxlfi-fairfield-inn-&-suites-mexicali,Marriott-MXLFI
MEXAC,AC Hotel Santa Fe,mexac-ac-hotel-santa-fe,Marriott-MEXAC
MEXCY,Courtyard Mexico City Airport,mexcy-courtyard-mexico-city-airport,Marriott-MEXCY
MEXRV,Courtyard Mexico City Revolucion,mexrv-courtyard-mexico-city-revolucion,Marriott-MEXRV
MEXNA,Courtyard Mexico City Toreo,mexna-courtyard-mexico-city-toreo,Marriott-MEXNA
MEXVJ,Courtyard Mexico City Vallejo,mexvj-courtyard-mexico-city-vallejo,Marriott-MEXVJ
MEXFI,Fairfield Inn & Suites Mexico City Vallejo,mexfi-fairfield-inn-&-suites-mexico-city-vallejo,Marriott-MEXFI
MEXJW,JW Marriott Hotel Mexico City Polanco,mexjw-jw-marriott-hotel-mexico-city-polanco,Marriott-MEXJW
MEXSF,JW Marriott Hotel Mexico City Santa Fe,mexsf-jw-marriott-hotel-mexico-city-santa-fe,Marriott-MEXSF
MEXMC,Mexico City Marriott Reforma Hotel,mexmc-mexico-city-marriott-reforma-hotel,Marriott-MEXMC
MEXRR,The Ritz-Carlton Residences Mexico City,mexrr-the-ritz-carlton-residences-mexico-city,Marriott-MEXRR
MEXRZ,"The Ritz-Carlton, Mexico City","mexrz-the-ritz-carlton,-mexico-city",Marriott-MEXRZ
MEXUL,"Circulo Mexicano, Mexico, a Member of Design Hotels™","mexul-circulo-mexicano,-mexico,-a-member-of-design-hotels™",Marriott-MEXUL
MEXDS,"CONDESA df, Mexico City, a Member of Design Hotels™","mexds-condesa-df,-mexico-city,-a-member-of-design-hotels™",Marriott-MEXDS
MEXHD,"Habita, Mexico City, a Member of Design Hotels™","mexhd-habita,-mexico-city,-a-member-of-design-hotels™",Marriott-MEXHD
MEXFP,"Four Points by Sheraton Mexico City, Colonia Roma","mexfp-four-points-by-sheraton-mexico-city,-colonia-roma",Marriott-MEXFP
MEXDM,Le Méridien Mexico City Reforma,mexdm-le-méridien-mexico-city-reforma,Marriott-MEXDM
MEXLC,"Las Alcobas, a Luxury Collection Hotel, Mexico City","mexlc-las-alcobas,-a-luxury-collection-hotel,-mexico-city",Marriott-MEXLC
MEXIS,Sheraton Mexico City Maria Isabel Hotel,mexis-sheraton-mexico-city-maria-isabel-hotel,Marriott-MEXIS
MEXXR,The St. Regis Mexico City,mexxr-the-st.-regis-mexico-city,Marriott-MEXXR
MEXWM,W Mexico City,mexwm-w-mexico-city,Marriott-MEXWM
MEXWS,"The Westin Santa Fe, Mexico City","mexws-the-westin-santa-fe,-mexico-city",Marriott-MEXWS
PAZDS,"Azucar, Monte Gordo, a Member of Design Hotels™","pazds-azucar,-monte-gordo,-a-member-of-design-hotels™",Marriott-PAZDS
MTYSJ,Courtyard Monterrey San Jeronimo/Valle,mtysj-courtyard-monterrey-san-jeronimo/valle,Marriott-MTYSJ
MTYDS,"Habita Monterrey, a Member of Design Hotels™","mtyds-habita-monterrey,-a-member-of-design-hotels™",Marriott-MTYDS
MTYFP,Four Points by Sheraton Galerias Monterrey,mtyfp-four-points-by-sheraton-galerias-monterrey,Marriott-MTYFP
MTYSI,Sheraton Monterrey Ambassador,mtysi-sheraton-monterrey-ambassador,Marriott-MTYSI
MIDDS,"Rosas & Xocolate, Mérida, a Member of Design Hotels™","midds-rosas-&-xocolate,-mérida,-a-member-of-design-hotels™",Marriott-MIDDS
NOGFI,Fairfield Inn & Suites Nogales,nogfi-fairfield-inn-&-suites-nogales,Marriott-NOGFI
PXMHE,"Hotel Escondido Oaxaca , Oaxaca, a Member of Design Hotels™","pxmhe-hotel-escondido-oaxaca-,-oaxaca,-a-member-of-design-hotels™",Marriott-PXMHE
OAXOO,"Otro Oaxaca, a Member of Design Hotels™","oaxoo-otro-oaxaca,-a-member-of-design-hotels™",Marriott-OAXOO
CUNRP,Residence Inn Playa del Carmen,cunrp-residence-inn-playa-del-carmen,Marriott-CUNRP
CUNLA,Aloft Playa del Carmen,cunla-aloft-playa-del-carmen,Marriott-CUNLA
CZMDS,"Hotel La Semilla, Playa del Carmen, a Member of Design Hotels™","czmds-hotel-la-semilla,-playa-del-carmen,-a-member-of-design-hotels™",Marriott-CZMDS
PBCCY,Courtyard Puebla Las Animas,pbccy-courtyard-puebla-las-animas,Marriott-PBCCY
PBCMC,Marriott Puebla Hotel Meson del Angel,pbcmc-marriott-puebla-hotel-meson-del-angel,Marriott-PBCMC
PBCDS,"La Purificadora, Puebla, a Member of Design Hotels™","pbcds-la-purificadora,-puebla,-a-member-of-design-hotels™",Marriott-PBCDS
PBCFP,Four Points by Sheraton Puebla,pbcfp-four-points-by-sheraton-puebla,Marriott-PBCFP
PXMDS,"Hotel Escondido, Puerto Escondido, a Member of Design Hotels™","pxmds-hotel-escondido,-puerto-escondido,-a-member-of-design-hotels™",Marriott-PXMDS
PXMTR,"Terrestre, a Member of Design Hotels™","pxmtr-terrestre,-a-member-of-design-hotels™",Marriott-PXMTR
CUNHV,"Hideaway at Royalton Riviera Cancun, An Autograph Collection All-Inclusive Resort, Adults Only","cunhv-hideaway-at-royalton-riviera-cancun,-an-autograph-collection-all-inclusive-resort,-adults-only",Marriott-CUNHV
CUNRV,"Royalton Riviera Cancun, An Autograph Collection All-Inclusive Resort & Casino","cunrv-royalton-riviera-cancun,-an-autograph-collection-all-inclusive-resort-&-casino",Marriott-CUNRV
PVRMX,Marriott Puerto Vallarta Resort & Spa,pvrmx-marriott-puerto-vallarta-resort-&-spa,Marriott-PVRMX
PVRSI,Sheraton Buganvilias Resort & Convention Center,pvrsi-sheraton-buganvilias-resort-&-convention-center,Marriott-PVRSI
PVRWI,"The Westin Resort & Spa, Puerto Vallarta","pvrwi-the-westin-resort-&-spa,-puerto-vallarta",Marriott-PVRWI
PVRXR,The St. Regis Punta Mita Resort,pvrxr-the-st.-regis-punta-mita-resort,Marriott-PVRXR
PVRWH,W Punta de Mita,pvrwh-w-punta-de-mita,Marriott-PVRWH
QROQA,AC Hotel Queretaro Antea,qroqa-ac-hotel-queretaro-antea,Marriott-QROQA
QROCY,Courtyard Queretaro,qrocy-courtyard-queretaro,Marriott-QROCY
QROAQ,Aloft Queretaro,qroaq-aloft-queretaro,Marriott-QROAQ
QROQF,Four Points by Sheraton Queretaro Norte,qroqf-four-points-by-sheraton-queretaro-norte,Marriott-QROQF
MTYAS,AC Hotel Saltillo,mtyas-ac-hotel-saltillo,Marriott-MTYAS
SLWCS,Courtyard Saltillo,slwcs-courtyard-saltillo,Marriott-SLWCS
SLWFP,Four Points by Sheraton Saltillo,slwfp-four-points-by-sheraton-saltillo,Marriott-SLWFP
SJDJW,JW Marriott Los Cabos Beach Resort & Spa,sjdjw-jw-marriott-los-cabos-beach-resort-&-spa,Marriott-SJDJW
SJDRR,"Residences at Zadún, a Ritz-Carlton Reserve","sjdrr-residences-at-zadún,-a-ritz-carlton-reserve",Marriott-SJDRR
SJDZR,"Zadún, a Ritz-Carlton Reserve","sjdzr-zadún,-a-ritz-carlton-reserve",Marriott-SJDZR
SJDLC,"Solaz, a Luxury Collection Resort, Los Cabos","sjdlc-solaz,-a-luxury-collection-resort,-los-cabos",Marriott-SJDLC
SJDLS,"The Residences at Solaz, a Luxury Collection Resort, Los Cabos","sjdls-the-residences-at-solaz,-a-luxury-collection-resort,-los-cabos",Marriott-SJDLS
SJDJC,Casa Maat at JW Marriott Los Cabos Beach Resort & Spa,sjdjc-casa-maat-at-jw-marriott-los-cabos-beach-resort-&-spa,Marriott-SJDJC
SLPCY,Courtyard San Luis Potosi,slpcy-courtyard-san-luis-potosi,Marriott-SLPCY
SLPCS,"Courtyard San Luis Potosi, Los Lagos","slpcs-courtyard-san-luis-potosi,-los-lagos",Marriott-SLPCS
SLPFI,Fairfield by Marriott Inn & Suites San Luis Potosi,slpfi-fairfield-by-marriott-inn-&-suites-san-luis-potosi,Marriott-SLPFI
CZMWI,The Westin Cozumel,czmwi-the-westin-cozumel,Marriott-CZMWI
MTYAC,AC Hotel Monterrey Valle,mtyac-ac-hotel-monterrey-valle,Marriott-MTYAC
MTYJW,JW Marriott Hotel Monterrey Valle,mtyjw-jw-marriott-hotel-monterrey-valle,Marriott-MTYJW
MTYWI,The Westin Monterrey Valle,mtywi-the-westin-monterrey-valle,Marriott-MTYWI
PAZDR,"Maison Couturier, San Rafael, a Member of Design Hotels™","pazdr-maison-couturier,-san-rafael,-a-member-of-design-hotels™",Marriott-PAZDR
BJXFI,Fairfield Inn & Suites Silao Guanajuato Airport,bjxfi-fairfield-inn-&-suites-silao-guanajuato-airport,Marriott-BJXFI
CUNXR,"The St. Regis Kanai Resort, Riviera Maya","cunxr-the-st.-regis-kanai-resort,-riviera-maya",Marriott-CUNXR
TIJFI,Fairfield Inn & Suites Tijuana,tijfi-fairfield-inn-&-suites-tijuana,Marriott-TIJFI
TIJMC,Tijuana Marriott Hotel,tijmc-tijuana-marriott-hotel,Marriott-TIJMC
GDLAG,Aloft Guadalajara Sur,gdlag-aloft-guadalajara-sur,Marriott-GDLAG
TLCCY,Courtyard Toluca Airport,tlccy-courtyard-toluca-airport,Marriott-TLCCY
TLCTM,Courtyard Toluca Tollocan,tlctm-courtyard-toluca-tollocan,Marriott-TLCTM
TRCMC,Torreon Marriott Hotel,trcmc-torreon-marriott-hotel,Marriott-TRCMC
TUYAL,Aloft Tulum,tuyal-aloft-tulum,Marriott-TUYAL
CZMDE,"Papaya Playa Project, Tulum, a Member of Design Hotels™","czmde-papaya-playa-project,-tulum,-a-member-of-design-hotels™",Marriott-CZMDE
PAZCY,Courtyard by Marriott Tuxpan Veracruz,pazcy-courtyard-by-marriott-tuxpan-veracruz,Marriott-PAZCY
TGZMC,Marriott Tuxtla Gutierrez Hotel,tgzmc-marriott-tuxtla-gutierrez-hotel,Marriott-TGZMC
VSACY,Courtyard Villahermosa Tabasco,vsacy-courtyard-villahermosa-tabasco,Marriott-VSACY
VSAFI,Fairfield Inn & Suites Villahermosa Tabasco,vsafi-fairfield-inn-&-suites-villahermosa-tabasco,Marriott-VSAFI
VSAMC,Villahermosa Marriott Hotel,vsamc-villahermosa-marriott-hotel,Marriott-VSAMC
GDLAR,"AC Hotel Guadalajara Expo, Mexico","gdlar-ac-hotel-guadalajara-expo,-mexico",Marriott-GDLAR
CURCY,Courtyard Curacao,curcy-courtyard-curacao,Marriott-CURCY
CURPB,Curacao Marriott Beach Resort,curpb-curacao-marriott-beach-resort,Marriott-CURPB
CURBR,Renaissance Wind Creek Curacao Resort,curbr-renaissance-wind-creek-curacao-resort,Marriott-CURBR
ALSFI,Fairfield Inn & Suites Alamosa,alsfi-fairfield-inn-&-suites-alamosa,Marriott-ALSFI
ASESX,"St. Regis Residence Club, Aspen","asesx-st.-regis-residence-club,-aspen",Marriott-ASESX
ASEXR,The St. Regis Aspen Resort,asexr-the-st.-regis-aspen-resort,Marriott-ASEXR
ASEWR,The Sky Residences at W Aspen,asewr-the-sky-residences-at-w-aspen,Marriott-ASEWR
ASEWH,W Aspen,asewh-w-aspen,Marriott-ASEWH
DENCU,Courtyard Denver Aurora,dencu-courtyard-denver-aurora,Marriott-DENCU
DENAU,Fairfield Inn & Suites Denver Aurora/Medical Center,denau-fairfield-inn-&-suites-denver-aurora/medical-center,Marriott-DENAU
DENAS,Fairfield Inn & Suites Denver Aurora/Parker,denas-fairfield-inn-&-suites-denver-aurora/parker,Marriott-DENAS
DENGR,Gaylord Rockies Resort & Convention Center,dengr-gaylord-rockies-resort-&-convention-center,Marriott-DENGR
DENGP,Denver Airport Marriott at Gateway Park,dengp-denver-airport-marriott-at-gateway-park,Marriott-DENGP
DENRI,Residence Inn Denver Airport at Gateway Park,denri-residence-inn-denver-airport-at-gateway-park,Marriott-DENRI
DENRO,Residence Inn Denver Aurora,denro-residence-inn-denver-aurora,Marriott-DENRO
DENAF,SpringHill Suites Denver at Anschutz Medical Campus,denaf-springhill-suites-denver-at-anschutz-medical-campus,Marriott-DENAF
DENIA,Aloft Denver Airport at Gateway Park,denia-aloft-denver-airport-at-gateway-park,Marriott-DENIA
EGESL,"Sheraton Lakeside Terrace Villas at Mountain Vista, Avon, Vail Valley","egesl-sheraton-lakeside-terrace-villas-at-mountain-vista,-avon,-vail-valley",Marriott-EGESL
EGESM,"Sheraton Mountain Vista Villas, Avon / Vail Valley","egesm-sheraton-mountain-vista-villas,-avon-/-vail-valley",Marriott-EGESM
EGEWR,"The Westin Riverfront Mountain Villas, Beaver Creek Mountain","egewr-the-westin-riverfront-mountain-villas,-beaver-creek-mountain",Marriott-EGEWR
WHRRZ,"The Ritz-Carlton, Bachelor Gulch","whrrz-the-ritz-carlton,-bachelor-gulch",Marriott-WHRRZ
EGEAV,"The Westin Riverfront Resort & Spa, Avon, Vail Valley","egeav-the-westin-riverfront-resort-&-spa,-avon,-vail-valley",Marriott-EGEAV
ASEEL,Element Basalt - Aspen,aseel-element-basalt---aspen,Marriott-ASEEL
EGEAK,"Beaver Creek Lodge, Autograph Collection","egeak-beaver-creek-lodge,-autograph-collection",Marriott-EGEAK
DENBD,Courtyard Boulder,denbd-courtyard-boulder,Marriott-DENBD
VBOFF,Fairfield Inn & Suites Boulder,vboff-fairfield-inn-&-suites-boulder,Marriott-VBOFF
DENBO,Boulder Marriott,denbo-boulder-marriott,Marriott-DENBO
VBOCG,Residence Inn Boulder,vbocg-residence-inn-boulder,Marriott-VBOCG
VBOBL,Residence Inn Boulder Canyon Boulevard,vbobl-residence-inn-boulder-canyon-boulevard,Marriott-VBOBL
QKBVI,Marriott's Mountain Valley Lodge at Breckenridge,qkbvi-marriott's-mountain-valley-lodge-at-breckenridge,Marriott-QKBVI
QKBRI,Residence Inn Breckenridge,qkbri-residence-inn-breckenridge,Marriott-QKBRI
DENBT,Fairfield Inn & Suites Denver Northeast/Brighton,denbt-fairfield-inn-&-suites-denver-northeast/brighton,Marriott-DENBT
DENOO,Fairfield Inn & Suites Boulder Broomfield/Interlocken,denoo-fairfield-inn-&-suites-boulder-broomfield/interlocken,Marriott-DENOO
DENIR,Renaissance Boulder Flatiron Hotel,denir-renaissance-boulder-flatiron-hotel,Marriott-DENIR
DENOF,Residence Inn Boulder Broomfield/Interlocken,denof-residence-inn-boulder-broomfield/interlocken,Marriott-DENOF
DENAL,Aloft Broomfield Denver,denal-aloft-broomfield-denver,Marriott-DENAL
DENTB,TownePlace Suites Boulder Broomfield/Interlocken,dentb-towneplace-suites-boulder-broomfield/interlocken,Marriott-DENTB
RQXFI,Fairfield Inn & Suites Burlington,rqxfi-fairfield-inn-&-suites-burlington,Marriott-RQXFI
COSNO,Courtyard Colorado Springs North/Air Force Academy,cosno-courtyard-colorado-springs-north/air-force-academy,Marriott-COSNO
COSCS,Courtyard Colorado Springs South,coscs-courtyard-colorado-springs-south,Marriott-COSCS
COSFI,Fairfield Inn & Suites Colorado Springs Air Force Academy,cosfi-fairfield-inn-&-suites-colorado-springs-air-force-academy,Marriott-COSFI
COSEA,Fairfield Inn & Suites Colorado Springs East/Ballpark,cosea-fairfield-inn-&-suites-colorado-springs-east/ballpark,Marriott-COSEA
COSSM,Fairfield Inn & Suites Colorado Springs North/Air Force Academy,cossm-fairfield-inn-&-suites-colorado-springs-north/air-force-academy,Marriott-COSSM
COSFS,Fairfield Inn & Suites Colorado Springs South,cosfs-fairfield-inn-&-suites-colorado-springs-south,Marriott-COSFS
COSMC,Colorado Springs Marriott,cosmc-colorado-springs-marriott,Marriott-COSMC
COSRE,Residence Inn Colorado Springs First & Main,cosre-residence-inn-colorado-springs-first-&-main,Marriott-COSRE
COSTW,Residence Inn Colorado Springs North/Air Force Academy,costw-residence-inn-colorado-springs-north/air-force-academy,Marriott-COSTW
COSRI,Residence Inn Colorado Springs South,cosri-residence-inn-colorado-springs-south,Marriott-COSRI
COSSD,SpringHill Suites Colorado Springs Downtown,cossd-springhill-suites-colorado-springs-downtown,Marriott-COSSD
COSSN,SpringHill Suites Colorado Springs North/Air Force Academy,cossn-springhill-suites-colorado-springs-north/air-force-academy,Marriott-COSSN
COSHS,SpringHill Suites Colorado Springs South,coshs-springhill-suites-colorado-springs-south,Marriott-COSHS
COSED,Element Colorado Springs Downtown,cosed-element-colorado-springs-downtown,Marriott-COSED
COSTS,TownePlace Suites Colorado Springs Garden of the Gods,costs-towneplace-suites-colorado-springs-garden-of-the-gods,Marriott-COSTS
COSSS,TownePlace Suites Colorado Springs South,cosss-towneplace-suites-colorado-springs-south,Marriott-COSSS
DENAC,AC Hotel Denver Downtown,denac-ac-hotel-denver-downtown,Marriott-DENAC
DENAK,"The Brown Palace Hotel and Spa, Autograph Collection","denak-the-brown-palace-hotel-and-spa,-autograph-collection",Marriott-DENAK
DENCR,"The Jacquard, Autograph Collection","dencr-the-jacquard,-autograph-collection",Marriott-DENCR
DENAP,Courtyard Denver Airport,denap-courtyard-denver-airport,Marriott-DENAP
DENUC,Courtyard Denver Airport at Gateway Park,denuc-courtyard-denver-airport-at-gateway-park,Marriott-DENUC
DENCA,Courtyard Denver Central Park,denca-courtyard-denver-central-park,Marriott-DENCA
DENCH,Courtyard Denver Cherry Creek,dench-courtyard-denver-cherry-creek,Marriott-DENCH
DENCD,Courtyard Denver Downtown,dencd-courtyard-denver-downtown,Marriott-DENCD
DENFA,Fairfield Inn & Suites Denver Airport,denfa-fairfield-inn-&-suites-denver-airport,Marriott-DENFA
DENFY,Fairfield Inn & Suites Denver Airport at Gateway Park,denfy-fairfield-inn-&-suites-denver-airport-at-gateway-park,Marriott-DENFY
DENFI,Fairfield Inn & Suites Denver Cherry Creek,denfi-fairfield-inn-&-suites-denver-cherry-creek,Marriott-DENFI
DENFD,Fairfield Inn & Suites Denver Downtown,denfd-fairfield-inn-&-suites-denver-downtown,Marriott-DENFD
DENXN,Fairfield Inn & Suites Denver Tech Center North,denxn-fairfield-inn-&-suites-denver-tech-center-north,Marriott-DENXN
DENTC,Denver Marriott Tech Center,dentc-denver-marriott-tech-center,Marriott-DENTC
DENOX,Moxy Denver Cherry Creek,denox-moxy-denver-cherry-creek,Marriott-DENOX
DENSA,Renaissance Denver Hotel & Conference Center,densa-renaissance-denver-hotel-&-conference-center,Marriott-DENSA
DENDR,Renaissance Denver Downtown City Center Hotel,dendr-renaissance-denver-downtown-city-center-hotel,Marriott-DENDR
DENRA,Residence Inn Denver Airport/Convention Center,denra-residence-inn-denver-airport/convention-center,Marriott-DENRA
DENRE,Residence Inn Denver Central Park,denre-residence-inn-denver-central-park,Marriott-DENRE
DENRS,Residence Inn Denver Cherry Creek,denrs-residence-inn-denver-cherry-creek,Marriott-DENRS
DENRD,Residence Inn Denver City Center,denrd-residence-inn-denver-city-center,Marriott-DENRD
DENTW,Residence Inn Denver Downtown,dentw-residence-inn-denver-downtown,Marriott-DENTW
DENDA,SpringHill Suites Denver Airport,denda-springhill-suites-denver-airport,Marriott-DENDA
DENSD,SpringHill Suites Denver Downtown,densd-springhill-suites-denver-downtown,Marriott-DENSD
DENRZ,"The Ritz-Carlton, Denver","denrz-the-ritz-carlton,-denver",Marriott-DENRZ
DENDW,Aloft Denver Downtown,dendw-aloft-denver-downtown,Marriott-DENDW
DENED,Element Denver Downtown East,dened-element-denver-downtown-east,Marriott-DENED
DENEA,Element Denver International Airport,denea-element-denver-international-airport,Marriott-DENEA
DENMD,Le Méridien Denver Downtown,denmd-le-méridien-denver-downtown,Marriott-DENMD
DENLD,"Hotel Clio, a Luxury Collection Hotel, Denver Cherry Creek","denld-hotel-clio,-a-luxury-collection-hotel,-denver-cherry-creek",Marriott-DENLD
DENDS,Sheraton Denver Downtown Hotel,dends-sheraton-denver-downtown-hotel,Marriott-DENDS
DENTA,TownePlace Suites Denver Airport at Gateway Park,denta-towneplace-suites-denver-airport-at-gateway-park,Marriott-DENTA
DENCB,TownePlace Suites Denver Downtown,dencb-towneplace-suites-denver-downtown,Marriott-DENCB
DENTN,TownePlace Suites Denver Southeast,dentn-towneplace-suites-denver-southeast,Marriott-DENTN
DENMG,"Magnolia Hotel Denver, a Tribute Portfolio Hotel","denmg-magnolia-hotel-denver,-a-tribute-portfolio-hotel",Marriott-DENMG
DENWI,The Westin Denver Downtown,denwi-the-westin-denver-downtown,Marriott-DENWI
DENAW,The Westin Denver International Airport,denaw-the-westin-denver-international-airport,Marriott-DENAW
DROFI,Fairfield Inn & Suites Durango,drofi-fairfield-inn-&-suites-durango,Marriott-DROFI
DRORI,Residence Inn Durango Downtown,drori-residence-inn-durango-downtown,Marriott-DRORI
DROSH,SpringHill Suites Durango,drosh-springhill-suites-durango,Marriott-DROSH
DENIV,Courtyard Denver South/Park Meadows Mall,deniv-courtyard-denver-south/park-meadows-mall,Marriott-DENIV
DENVN,Residence Inn Denver South/Park Meadows Mall,denvn-residence-inn-denver-south/park-meadows-mall,Marriott-DENVN
DENTS,TownePlace Suites Denver Tech Center,dents-towneplace-suites-denver-tech-center,Marriott-DENTS
FTCAK,"The Elizabeth Hotel, Autograph Collection","ftcak-the-elizabeth-hotel,-autograph-collection",Marriott-FTCAK
FTCCY,Courtyard Fort Collins,ftccy-courtyard-fort-collins,Marriott-FTCCY
FTCFF,Fairfield Inn & Suites Fort Collins South,ftcff-fairfield-inn-&-suites-fort-collins-south,Marriott-FTCFF
FTCCO,Fort Collins Marriott,ftcco-fort-collins-marriott,Marriott-FTCCO
FTCRI,Residence Inn Fort Collins,ftcri-residence-inn-fort-collins,Marriott-FTCRI
AKOFM,Fairfield Inn & Suites Fort Morgan,akofm-fairfield-inn-&-suites-fort-morgan,Marriott-AKOFM
EGEFA,AC Hotel Frisco Colorado,egefa-ac-hotel-frisco-colorado,Marriott-EGEFA
EGECY,Courtyard Glenwood Springs,egecy-courtyard-glenwood-springs,Marriott-EGECY
EGERI,Residence Inn Glenwood Springs,egeri-residence-inn-glenwood-springs,Marriott-EGERI
DENGL,Courtyard Denver Golden/Red Rocks,dengl-courtyard-denver-golden/red-rocks,Marriott-DENGL
DENWE,Denver Marriott West,denwe-denver-marriott-west,Marriott-DENWE
DENGO,Residence Inn Denver Golden/Red Rocks,dengo-residence-inn-denver-golden/red-rocks,Marriott-DENGO
DENTK,TownePlace Suites Denver West/Federal Center,dentk-towneplace-suites-denver-west/federal-center,Marriott-DENTK
GJTCY,Courtyard Grand Junction,gjtcy-courtyard-grand-junction,Marriott-GJTCY
GJTFI,Fairfield Inn & Suites Grand Junction Downtown/Historic Main Street,gjtfi-fairfield-inn-&-suites-grand-junction-downtown/historic-main-street,Marriott-GJTFI
GJTRI,Residence Inn Grand Junction,gjtri-residence-inn-grand-junction,Marriott-GJTRI
GJTSH,SpringHill Suites Grand Junction Downtown/Historic Main Street,gjtsh-springhill-suites-grand-junction-downtown/historic-main-street,Marriott-GJTSH
FTCGR,Fairfield Inn & Suites Greeley,ftcgr-fairfield-inn-&-suites-greeley,Marriott-FTCGR
DENSE,Courtyard Denver Tech Center,dense-courtyard-denver-tech-center,Marriott-DENSE
DENEW,Residence Inn Denver Tech Center,denew-residence-inn-denver-tech-center,Marriott-DENEW
DENWO,SpringHill Suites Denver Tech Center,denwo-springhill-suites-denver-tech-center,Marriott-DENWO
DENSI,Sheraton Denver Tech Center Hotel,densi-sheraton-denver-tech-center-hotel,Marriott-DENSI
DENFS,Fairfield Inn & Suites Denver Tech Center/South,denfs-fairfield-inn-&-suites-denver-tech-center/south,Marriott-DENFS
DENHR,Residence Inn Denver Highlands Ranch,denhr-residence-inn-denver-highlands-ranch,Marriott-DENHR
DENLK,Courtyard Denver Southwest/Lakewood,denlk-courtyard-denver-southwest/lakewood,Marriott-DENLK
DENFL,Fairfield Inn & Suites Denver Southwest/Lakewood,denfl-fairfield-inn-&-suites-denver-southwest/lakewood,Marriott-DENFL
DENFW,Fairfield Inn & Suites Denver West/Federal Center,denfw-fairfield-inn-&-suites-denver-west/federal-center,Marriott-DENFW
DENRK,Residence Inn Denver Southwest/Lakewood,denrk-residence-inn-denver-southwest/lakewood,Marriott-DENRK
DENSV,SpringHill Suites Denver West/Golden,densv-springhill-suites-denver-west/golden,Marriott-DENSV
DENSW,Sheraton Denver West Hotel,densw-sheraton-denver-west-hotel,Marriott-DENSW
DENLT,Courtyard Denver Southwest/Littleton,denlt-courtyard-denver-southwest/littleton,Marriott-DENLT
DENLF,Fairfield Inn & Suites Denver Southwest/Littleton,denlf-fairfield-inn-&-suites-denver-southwest/littleton,Marriott-DENLF
DENRT,Residence Inn Denver Southwest/Littleton,denrt-residence-inn-denver-southwest/littleton,Marriott-DENRT
DENTP,TownePlace Suites Denver Southwest/Littleton,dentp-towneplace-suites-denver-southwest/littleton,Marriott-DENTP
DENMS,Denver Marriott South at Park Meadows,denms-denver-marriott-south-at-park-meadows,Marriott-DENMS
DENEL,Element Denver Park Meadows,denel-element-denver-park-meadows,Marriott-DENEL
DENTL,TownePlace Suites Denver South/Lone Tree,dentl-towneplace-suites-denver-south/lone-tree,Marriott-DENTL
DENLG,Courtyard Boulder Longmont,denlg-courtyard-boulder-longmont,Marriott-DENLG
VBOFI,Fairfield Inn & Suites Boulder Longmont,vbofi-fairfield-inn-&-suites-boulder-longmont,Marriott-VBOFI
VBORI,Residence Inn Boulder Longmont,vbori-residence-inn-boulder-longmont,Marriott-VBORI
DENBL,SpringHill Suites Boulder Longmont,denbl-springhill-suites-boulder-longmont,Marriott-DENBL
DENLS,Courtyard Boulder Broomfield,denls-courtyard-boulder-broomfield,Marriott-DENLS
VBORL,Residence Inn Boulder Broomfield,vborl-residence-inn-boulder-broomfield,Marriott-VBORL
FTCLC,Courtyard Loveland Fort Collins,ftclc-courtyard-loveland-fort-collins,Marriott-FTCLC
FTCLV,Fairfield Inn & Suites Loveland Fort Collins,ftclv-fairfield-inn-&-suites-loveland-fort-collins,Marriott-FTCLV
FTCCR,Residence Inn Loveland Fort Collins,ftccr-residence-inn-loveland-fort-collins,Marriott-FTCCR
FTCTS,TownePlace Suites Loveland Fort Collins,ftcts-towneplace-suites-loveland-fort-collins,Marriott-FTCTS
DENDE,Delta Hotels Denver Thornton,dende-delta-hotels-denver-thornton,Marriott-DENDE
DENPK,SpringHill Suites Denver Parker,denpk-springhill-suites-denver-parker,Marriott-DENPK
PUBCY,Courtyard Pueblo Downtown,pubcy-courtyard-pueblo-downtown,Marriott-PUBCY
PUBSH,SpringHill Suites Pueblo Downtown,pubsh-springhill-suites-pueblo-downtown,Marriott-PUBSH
PUBTS,TownePlace Suites Pueblo Downtown,pubts-towneplace-suites-pueblo-downtown,Marriott-PUBTS
ASEAK,"Viewline Resort Snowmass, Autograph Collection","aseak-viewline-resort-snowmass,-autograph-collection",Marriott-ASEAK
HDNSS,Sheraton Steamboat Resort Villas,hdnss-sheraton-steamboat-resort-villas,Marriott-HDNSS
SBSRI,Residence Inn Steamboat Springs,sbsri-residence-inn-steamboat-springs,Marriott-SBSRI
DENTO,TownePlace Suites Denver North/Thornton,dento-towneplace-suites-denver-north/thornton,Marriott-DENTO
WHRBI,Marriott's StreamSide Birch at Vail,whrbi-marriott's-streamside-birch-at-vail,Marriott-WHRBI
WHRDO,Marriott's StreamSide Douglas at Vail,whrdo-marriott's-streamside-douglas-at-vail,Marriott-WHRDO
WHRVI,Marriott's StreamSide Evergreen at Vail,whrvi-marriott's-streamside-evergreen-at-vail,Marriott-WHRVI
EGERR,Residence Inn Vail,egerr-residence-inn-vail,Marriott-EGERR
WHRLH,"The Ritz-Carlton Club, Vail","whrlh-the-ritz-carlton-club,-vail",Marriott-WHRLH
EGELC,"The Hythe, a Luxury Collection Resort, Vail","egelc-the-hythe,-a-luxury-collection-resort,-vail",Marriott-EGELC
DENNW,Courtyard Denver North/Westminster,dennw-courtyard-denver-north/westminster,Marriott-DENNW
DENWT,Fairfield Inn & Suites Denver North/Westminster,denwt-fairfield-inn-&-suites-denver-north/westminster,Marriott-DENWT
DENMW,Denver Marriott Westminster,denmw-denver-marriott-westminster,Marriott-DENMW
DENWR,Residence Inn Denver North/Westminster,denwr-residence-inn-denver-north/westminster,Marriott-DENWR
DENWM,SpringHill Suites Denver North/Westminster,denwm-springhill-suites-denver-north/westminster,Marriott-DENWM
DENAN,Aloft Denver North Westminster,denan-aloft-denver-north-westminster,Marriott-DENAN
DENWW,The Westin Westminster,denww-the-westin-westminster,Marriott-DENWW
FTCSH,SpringHill Suites Loveland Fort Collins/Windsor,ftcsh-springhill-suites-loveland-fort-collins/windsor,Marriott-FTCSH
ATLWO,Fairfield Inn & Suites Atlanta Acworth,atlwo-fairfield-inn-&-suites-atlanta-acworth,Marriott-ATLWO
ABYCY,Courtyard Albany,abycy-courtyard-albany,Marriott-ABYCY
ABYAB,Fairfield Inn & Suites Albany,abyab-fairfield-inn-&-suites-albany,Marriott-ABYAB
ABYTS,TownePlace Suites Albany,abyts-towneplace-suites-albany,Marriott-ABYTS
ATLRE,"The Hotel at Avalon, Autograph Collection","atlre-the-hotel-at-avalon,-autograph-collection",Marriott-ATLRE
ATLPH,Courtyard Atlanta Alpharetta,atlph-courtyard-atlanta-alpharetta,Marriott-ATLPH
ATLPO,Courtyard Atlanta Alpharetta/Avalon Area,atlpo-courtyard-atlanta-alpharetta/avalon-area,Marriott-ATLPO
ATLFI,Fairfield Inn & Suites Atlanta Alpharetta,atlfi-fairfield-inn-&-suites-atlanta-alpharetta,Marriott-ATLFI
ATLAW,Atlanta Marriott Alpharetta,atlaw-atlanta-marriott-alpharetta,Marriott-ATLAW
ATLSS,SpringHill Suites Atlanta Alpharetta,atlss-springhill-suites-atlanta-alpharetta,Marriott-ATLSS
ATLLA,Aloft Alpharetta,atlla-aloft-alpharetta,Marriott-ATLLA
ATLTA,TownePlace Suites Atlanta Alpharetta,atlta-towneplace-suites-atlanta-alpharetta,Marriott-ATLTA
AHNFW,Fairfield Inn & Suites Athens-University Area,ahnfw-fairfield-inn-&-suites-athens-university-area,Marriott-AHNFW
AHNSE,SpringHill Suites Athens Downtown/University Area,ahnse-springhill-suites-athens-downtown/university-area,Marriott-AHNSE
AHNSH,SpringHill Suites Athens West,ahnsh-springhill-suites-athens-west,Marriott-AHNSH
ATLAT,AC Hotel Atlanta Airport Gateway,atlat-ac-hotel-atlanta-airport-gateway,Marriott-ATLAT
ATLAC,AC Hotel Atlanta Buckhead at Phipps Plaza,atlac-ac-hotel-atlanta-buckhead-at-phipps-plaza,Marriott-ATLAC
ATLAR,AC Hotel Atlanta Downtown,atlar-ac-hotel-atlanta-downtown,Marriott-ATLAR
ATLCN,AC Hotel Atlanta Midtown,atlcn-ac-hotel-atlanta-midtown,Marriott-ATLCN
ATLMK,"Epicurean Atlanta, Autograph Collection","atlmk-epicurean-atlanta,-autograph-collection",Marriott-ATLMK
ATLAK,"Glenn Hotel, Autograph Collection","atlak-glenn-hotel,-autograph-collection",Marriott-ATLAK
ATLAH,"Hotel Colee, Atlanta Buckhead, Autograph Collection","atlah-hotel-colee,-atlanta-buckhead,-autograph-collection",Marriott-ATLAH
ATLPK,"Twelve Downtown, Autograph Collection","atlpk-twelve-downtown,-autograph-collection",Marriott-ATLPK
ATLAS,"Twelve Midtown, Autograph Collection","atlas-twelve-midtown,-autograph-collection",Marriott-ATLAS
ATLCB,Courtyard Atlanta Buckhead,atlcb-courtyard-atlanta-buckhead,Marriott-ATLCB
ATLDO,Courtyard Atlanta Downtown,atldo-courtyard-atlanta-downtown,Marriott-ATLDO
ATLEP,Courtyard Atlanta Executive Park/Emory,atlep-courtyard-atlanta-executive-park/emory,Marriott-ATLEP
ATLYC,Courtyard Atlanta Midtown,atlyc-courtyard-atlanta-midtown,Marriott-ATLYC
ATLPE,Courtyard Atlanta Perimeter Center,atlpe-courtyard-atlanta-perimeter-center,Marriott-ATLPE
ATLVG,Courtyard Atlanta Vinings/Galleria,atlvg-courtyard-atlanta-vinings/galleria,Marriott-ATLVG
ATLWH,Courtyard Atlanta Windy Hill/Ballpark,atlwh-courtyard-atlanta-windy-hill/ballpark,Marriott-ATLWH
ATLFB,Fairfield Inn & Suites Atlanta Buckhead,atlfb-fairfield-inn-&-suites-atlanta-buckhead,Marriott-ATLFB
ATLUS,Fairfield Inn & Suites Atlanta Downtown,atlus-fairfield-inn-&-suites-atlanta-downtown,Marriott-ATLUS
ATLPF,Fairfield Inn & Suites Atlanta Perimeter Center,atlpf-fairfield-inn-&-suites-atlanta-perimeter-center,Marriott-ATLPF
ATLVN,Fairfield Inn & Suites Atlanta Vinings/Galleria,atlvn-fairfield-inn-&-suites-atlanta-vinings/galleria,Marriott-ATLVN
ATLJW,JW Marriott Atlanta Buckhead,atljw-jw-marriott-atlanta-buckhead,Marriott-ATLJW
ATLAP,Atlanta Airport Marriott,atlap-atlanta-airport-marriott,Marriott-ATLAP
ATLMA,Atlanta Airport Marriott Gateway,atlma-atlanta-airport-marriott-gateway,Marriott-ATLMA
ATLBC,Atlanta Marriott Buckhead Hotel & Conference Center,atlbc-atlanta-marriott-buckhead-hotel-&-conference-center,Marriott-ATLBC
ATLMQ,Atlanta Marriott Marquis,atlmq-atlanta-marriott-marquis,Marriott-ATLMQ
ATLNE,Atlanta Marriott Northeast/Emory Area,atlne-atlanta-marriott-northeast/emory-area,Marriott-ATLNE
ATLNO,Atlanta Marriott Northwest at Galleria,atlno-atlanta-marriott-northwest-at-galleria,Marriott-ATLNO
ATLPC,Atlanta Marriott Perimeter Center,atlpc-atlanta-marriott-perimeter-center,Marriott-ATLPC
ATLMS,Atlanta Marriott Suites Midtown,atlms-atlanta-marriott-suites-midtown,Marriott-ATLMS
ATLOX,Moxy Atlanta Midtown,atlox-moxy-atlanta-midtown,Marriott-ATLOX
ATLAG,Renaissance Atlanta Airport Gateway Hotel,atlag-renaissance-atlanta-airport-gateway-hotel,Marriott-ATLAG
ATLBD,Renaissance Atlanta Midtown Hotel,atlbd-renaissance-atlanta-midtown-hotel,Marriott-ATLBD
ATLRB,Renaissance Atlanta Waverly Hotel & Convention Center,atlrb-renaissance-atlanta-waverly-hotel-&-convention-center,Marriott-ATLRB
ATLSA,Renaissance Concourse Atlanta Airport Hotel,atlsa-renaissance-concourse-atlanta-airport-hotel,Marriott-ATLSA
ATLBH,Residence Inn Atlanta Buckhead,atlbh-residence-inn-atlanta-buckhead,Marriott-ATLBH
ATLLP,Residence Inn Atlanta Buckhead/Lenox Park,atllp-residence-inn-atlanta-buckhead/lenox-park,Marriott-ATLLP
ATLDT,Residence Inn Atlanta Downtown,atldt-residence-inn-atlanta-downtown,Marriott-ATLDT
ATLMT,Residence Inn Atlanta Midtown/Georgia Tech,atlmt-residence-inn-atlanta-midtown/georgia-tech,Marriott-ATLMT
ATLRI,Residence Inn Atlanta Midtown/Peachtree at 17th,atlri-residence-inn-atlanta-midtown/peachtree-at-17th,Marriott-ATLRI
ATLAB,SpringHill Suites Atlanta Buckhead,atlab-springhill-suites-atlanta-buckhead,Marriott-ATLAB
ATLSD,SpringHill Suites Atlanta Downtown,atlsd-springhill-suites-atlanta-downtown,Marriott-ATLSD
ATLSG,SpringHill Suites Atlanta Northwest,atlsg-springhill-suites-atlanta-northwest,Marriott-ATLSG
ATLSE,SpringHill Suites Atlanta Perimeter Center,atlse-springhill-suites-atlanta-perimeter-center,Marriott-ATLSE
ATLRZ,"The Ritz-Carlton, Atlanta","atlrz-the-ritz-carlton,-atlanta",Marriott-ATLRZ
ATLAE,Aloft Atlanta at The Battery Atlanta,atlae-aloft-atlanta-at-the-battery-atlanta,Marriott-ATLAE
ATLDN,Aloft Atlanta Downtown,atldn-aloft-atlanta-downtown,Marriott-ATLDN
ATLEL,Element Atlanta Buckhead,atlel-element-atlanta-buckhead,Marriott-ATLEL
ATLLE,Element Atlanta Midtown,atlle-element-atlanta-midtown,Marriott-ATLLE
ATLFW,Four Points by Sheraton Atlanta Airport West,atlfw-four-points-by-sheraton-atlanta-airport-west,Marriott-ATLFW
ATLFO,Four Points by Sheraton Atlanta Downtown,atlfo-four-points-by-sheraton-atlanta-downtown,Marriott-ATLFO
ATLLM,Le Méridien Atlanta Perimeter,atllm-le-méridien-atlanta-perimeter,Marriott-ATLLM
ATLLU,"The Whitley, a Luxury Collection Hotel, Atlanta Buckhead","atllu-the-whitley,-a-luxury-collection-hotel,-atlanta-buckhead",Marriott-ATLLU
ATLXS,Sheraton Atlanta Hotel,atlxs-sheraton-atlanta-hotel,Marriott-ATLXS
ATLNR,Sheraton Atlanta Perimeter North Hotel,atlnr-sheraton-atlanta-perimeter-north-hotel,Marriott-ATLNR
ATLGS,Sheraton Suites Galleria-Atlanta,atlgs-sheraton-suites-galleria-atlanta,Marriott-ATLGS
ATLXR,The St. Regis Atlanta,atlxr-the-st.-regis-atlanta,Marriott-ATLXR
ATLBU,TownePlace Suites Atlanta Buckhead,atlbu-towneplace-suites-atlanta-buckhead,Marriott-ATLBU
ATLTM,"Bellyard, West Midtown Atlanta, a Tribute Portfolio Hotel","atltm-bellyard,-west-midtown-atlanta,-a-tribute-portfolio-hotel",Marriott-ATLTM
ATLTE,"Ellis Hotel, Atlanta, a Tribute Portfolio Hotel","atlte-ellis-hotel,-atlanta,-a-tribute-portfolio-hotel",Marriott-ATLTE
ATLNT,"The Burgess Hotel, Atlanta, a Tribute Portfolio Hotel","atlnt-the-burgess-hotel,-atlanta,-a-tribute-portfolio-hotel",Marriott-ATLNT
ATLHW,W Atlanta - Downtown,atlhw-w-atlanta---downtown,Marriott-ATLHW
ATLWI,The Westin Atlanta Airport,atlwi-the-westin-atlanta-airport,Marriott-ATLWI
ATLPN,The Westin Atlanta Perimeter North,atlpn-the-westin-atlanta-perimeter-north,Marriott-ATLPN
ATLWB,The Westin Buckhead Atlanta,atlwb-the-westin-buckhead-atlanta,Marriott-ATLWB
ATLPL,"The Westin Peachtree Plaza, Atlanta","atlpl-the-westin-peachtree-plaza,-atlanta",Marriott-ATLPL
AGSCH,Courtyard Augusta,agsch-courtyard-augusta,Marriott-AGSCH
AGSAF,Fairfield Inn & Suites Augusta Fort Eisenhower Area,agsaf-fairfield-inn-&-suites-augusta-fort-eisenhower-area,Marriott-AGSAF
AGSNW,Fairfield Inn & Suites Augusta Washington Rd./I-20,agsnw-fairfield-inn-&-suites-augusta-washington-rd./i-20,Marriott-AGSNW
AGSMC,Augusta Marriott at the Convention Center,agsmc-augusta-marriott-at-the-convention-center,Marriott-AGSMC
AGSRI,Residence Inn Augusta,agsri-residence-inn-augusta,Marriott-AGSRI
AGSSH,SpringHill Suites Augusta,agssh-springhill-suites-augusta,Marriott-AGSSH
AGSSI,Sheraton Augusta Hotel,agssi-sheraton-augusta-hotel,Marriott-AGSSI
BQKCY,Courtyard Brunswick,bqkcy-courtyard-brunswick,Marriott-BQKCY
BQKFI,Fairfield Inn & Suites Brunswick,bqkfi-fairfield-inn-&-suites-brunswick,Marriott-BQKFI
BQKRI,Residence Inn Brunswick,bqkri-residence-inn-brunswick,Marriott-BQKRI
BQKFP,Four Points by Sheraton Brunswick,bqkfp-four-points-by-sheraton-brunswick,Marriott-BQKFP
ATLBM,Courtyard Atlanta Buford Mall of Georgia,atlbm-courtyard-atlanta-buford-mall-of-georgia,Marriott-ATLBM
ATLXM,Fairfield Inn & Suites Atlanta Buford/Mall of Georgia,atlxm-fairfield-inn-&-suites-atlanta-buford/mall-of-georgia,Marriott-ATLXM
ATLBF,SpringHill Suites Atlanta Buford/Mall of Georgia,atlbf-springhill-suites-atlanta-buford/mall-of-georgia,Marriott-ATLBF
RMGHO,Fairfield Inn & Suites Calhoun,rmgho-fairfield-inn-&-suites-calhoun,Marriott-RMGHO
ATLVF,Fairfield Inn & Suites Canton Riverstone Parkway,atlvf-fairfield-inn-&-suites-canton-riverstone-parkway,Marriott-ATLVF
ATLVT,TownePlace Suites Canton Riverstone Parkway,atlvt-towneplace-suites-canton-riverstone-parkway,Marriott-ATLVT
ATLLL,Courtyard Carrollton,atlll-courtyard-carrollton,Marriott-ATLLL
ATLCT,Courtyard Cartersville,atlct-courtyard-cartersville,Marriott-ATLCT
ATLCV,Fairfield Inn & Suites Cartersville,atlcv-fairfield-inn-&-suites-cartersville,Marriott-ATLCV
ATLCA,Courtyard Atlanta Airport South/Sullivan Road,atlca-courtyard-atlanta-airport-south/sullivan-road,Marriott-ATLCA
ATLAA,Fairfield Inn & Suites Atlanta Airport South/Sullivan Road,atlaa-fairfield-inn-&-suites-atlanta-airport-south/sullivan-road,Marriott-ATLAA
ATLGI,SpringHill Suites Atlanta Airport Gateway,atlgi-springhill-suites-atlanta-airport-gateway,Marriott-ATLGI
CSGAC,"AC Hotel Columbus Downtown, GA","csgac-ac-hotel-columbus-downtown,-ga",Marriott-CSGAC
CSGCH,Courtyard Columbus,csgch-courtyard-columbus,Marriott-CSGCH
CSGFI,Fairfield Inn & Suites Columbus,csgfi-fairfield-inn-&-suites-columbus,Marriott-CSGFI
CSGMC,Columbus Marriott,csgmc-columbus-marriott,Marriott-CSGMC
CSGRI,Residence Inn Columbus,csgri-residence-inn-columbus,Marriott-CSGRI
CSGSH,SpringHill Suites Columbus,csgsh-springhill-suites-columbus,Marriott-CSGSH
CSGTS,TownePlace Suites Columbus,csgts-towneplace-suites-columbus,Marriott-CSGTS
AHNCO,Fairfield Inn & Suites Commerce,ahnco-fairfield-inn-&-suites-commerce,Marriott-AHNCO
ATLCR,Courtyard Atlanta Conyers,atlcr-courtyard-atlanta-conyers,Marriott-ATLCR
ATLYH,SpringHill Suites by Marriott Conyers,atlyh-springhill-suites-by-marriott-conyers,Marriott-ATLYH
ABYFX,Fairfield Inn & Suites Cordele,abyfx-fairfield-inn-&-suites-cordele,Marriott-ABYFX
ATLVR,Residence Inn Atlanta Covington,atlvr-residence-inn-atlanta-covington,Marriott-ATLVR
ATLNG,Fairfield Inn & Suites Atlanta Cumming/Johns Creek,atlng-fairfield-inn-&-suites-atlanta-cumming/johns-creek,Marriott-ATLNG
CHADL,Courtyard Dalton,chadl-courtyard-dalton,Marriott-CHADL
CHAFL,Fairfield Inn & Suites Dalton,chafl-fairfield-inn-&-suites-dalton,Marriott-CHAFL
ATLDC,Courtyard Atlanta Decatur Downtown/Emory,atldc-courtyard-atlanta-decatur-downtown/emory,Marriott-ATLDC
ATLDE,Residence Inn Decatur Emory Area,atlde-residence-inn-decatur-emory-area,Marriott-ATLDE
AYSFI,Fairfield Inn & Suites Douglas,aysfi-fairfield-inn-&-suites-douglas,Marriott-AYSFI
DBNFI,Fairfield Inn & Suites Dublin,dbnfi-fairfield-inn-&-suites-dublin,Marriott-DBNFI
ATLCH,Courtyard Atlanta Duluth Downtown,atlch-courtyard-atlanta-duluth-downtown,Marriott-ATLCH
ATLGM,Courtyard Atlanta Duluth/Gwinnett Place,atlgm-courtyard-atlanta-duluth/gwinnett-place,Marriott-ATLGM
ATLDU,Courtyard Atlanta NE/Duluth Sugarloaf,atldu-courtyard-atlanta-ne/duluth-sugarloaf,Marriott-ATLDU
ATLGA,Fairfield Inn & Suites Atlanta Gwinnett Place,atlga-fairfield-inn-&-suites-atlanta-gwinnett-place,Marriott-ATLGA
ATLGW,Residence Inn Atlanta Duluth/Gwinnett Place,atlgw-residence-inn-atlanta-duluth/gwinnett-place,Marriott-ATLGW
ATLRP,Residence Inn Atlanta NE/Duluth Sugarloaf,atlrp-residence-inn-atlanta-ne/duluth-sugarloaf,Marriott-ATLRP
ATLWU,The Westin Atlanta Gwinnett,atlwu-the-westin-atlanta-gwinnett,Marriott-ATLWU
ATLAO,AC Hotel Atlanta Perimeter,atlao-ac-hotel-atlanta-perimeter,Marriott-ATLAO
ATLWE,Residence Inn Atlanta Perimeter Center/Dunwoody,atlwe-residence-inn-atlanta-perimeter-center/dunwoody,Marriott-ATLWE
ATLCW,Courtyard Atlanta Airport West,atlcw-courtyard-atlanta-airport-west,Marriott-ATLCW
ATLSZ,Fairfield Inn & Suites Atlanta Airport North,atlsz-fairfield-inn-&-suites-atlanta-airport-north,Marriott-ATLSZ
ATLXB,Fairfield Inn & Suites Atlanta Fairburn,atlxb-fairfield-inn-&-suites-atlanta-fairburn,Marriott-ATLXB
ATLGY,Courtyard Gainesville GA,atlgy-courtyard-gainesville-ga,Marriott-ATLGY
AHNGV,Fairfield Inn & Suites Gainesville,ahngv-fairfield-inn-&-suites-gainesville,Marriott-AHNGV
AHNTS,TownePlace Suites Gainesville,ahnts-towneplace-suites-gainesville,Marriott-AHNTS
AHNRZ,"The Ritz-Carlton Reynolds, Lake Oconee","ahnrz-the-ritz-carlton-reynolds,-lake-oconee",Marriott-AHNRZ
ATLRA,Residence Inn Atlanta Airport North/Virginia Avenue,atlra-residence-inn-atlanta-airport-north/virginia-avenue,Marriott-ATLRA
ATLNA,TownePlace Suites Atlanta Airport North,atlna-towneplace-suites-atlanta-airport-north,Marriott-ATLNA
AHNFH,Fairfield Inn & Suites Helen,ahnfh-fairfield-inn-&-suites-helen,Marriott-AHNFH
SAVHV,Fairfield Inn & Suites Hinesville Fort Stewart,savhv-fairfield-inn-&-suites-hinesville-fort-stewart,Marriott-SAVHV
BQKCJ,Courtyard Jekyll Island,bqkcj-courtyard-jekyll-island,Marriott-BQKCJ
BQKRJ,Residence Inn Jekyll Island,bqkrj-residence-inn-jekyll-island,Marriott-BQKRJ
BQKWI,The Westin Jekyll Island Beach Resort,bqkwi-the-westin-jekyll-island-beach-resort,Marriott-BQKWI
ATLKE,Courtyard Atlanta Kennesaw,atlke-courtyard-atlanta-kennesaw,Marriott-ATLKE
ATLNC,Fairfield Inn & Suites Atlanta Kennesaw,atlnc-fairfield-inn-&-suites-atlanta-kennesaw,Marriott-ATLNC
ATLKN,SpringHill Suites Atlanta Kennesaw,atlkn-springhill-suites-atlanta-kennesaw,Marriott-ATLKN
ATLTK,TownePlace Suites Atlanta Kennesaw,atltk-towneplace-suites-atlanta-kennesaw,Marriott-ATLTK
BQKKG,Fairfield Inn & Suites Kingsland,bqkkg-fairfield-inn-&-suites-kingsland,Marriott-BQKKG
CSGLG,Courtyard LaGrange,csglg-courtyard-lagrange,Marriott-CSGLG
ATLAU,Aloft Lawrenceville Sugarloaf,atlau-aloft-lawrenceville-sugarloaf,Marriott-ATLAU
ATLTD,TownePlace Suites Atlanta Lawrenceville,atltd-towneplace-suites-atlanta-lawrenceville,Marriott-ATLTD
ATLYL,Courtyard Atlanta Lithia Springs,atlyl-courtyard-atlanta-lithia-springs,Marriott-ATLYL
ATLZL,Fairfield Inn & Suites Atlanta Lithia Springs,atlzl-fairfield-inn-&-suites-atlanta-lithia-springs,Marriott-ATLZL
ATLFS,SpringHill Suites Atlanta Six Flags,atlfs-springhill-suites-atlanta-six-flags,Marriott-ATLFS
ATLLN,Fairfield Inn & Suites Atlanta Stonecrest,atlln-fairfield-inn-&-suites-atlanta-stonecrest,Marriott-ATLLN
ATLFL,Fairfield Inn & Suites Locust Grove I-75 South,atlfl-fairfield-inn-&-suites-locust-grove-i-75-south,Marriott-ATLFL
MCNGA,Courtyard Macon,mcnga-courtyard-macon,Marriott-MCNGA
MCNFI,Fairfield Inn & Suites Macon,mcnfi-fairfield-inn-&-suites-macon,Marriott-MCNFI
MCNFW,Fairfield Inn Macon West,mcnfw-fairfield-inn-macon-west,Marriott-MCNFW
MCNFS,Macon Marriott City Center,mcnfs-macon-marriott-city-center,Marriott-MCNFS
MCNRI,Residence Inn Macon,mcnri-residence-inn-macon,Marriott-MCNRI
MCNSH,SpringHill Suites Macon,mcnsh-springhill-suites-macon,Marriott-MCNSH
MCNDT,TownePlace Suites Macon Mercer University,mcndt-towneplace-suites-macon-mercer-university,Marriott-MCNDT
MCNTX,"Hotel Forty Five, Macon, a Tribute Portfolio Hotel","mcntx-hotel-forty-five,-macon,-a-tribute-portfolio-hotel",Marriott-MCNTX
ATLDK,Courtyard Atlanta Marietta/I-75 North,atldk-courtyard-atlanta-marietta/i-75-north,Marriott-ATLDK
ATLFR,Fairfield Inn & Suites Atlanta Marietta,atlfr-fairfield-inn-&-suites-atlanta-marietta,Marriott-ATLFR
ATLAM,Courtyard Atlanta McDonough,atlam-courtyard-atlanta-mcdonough,Marriott-ATLAM
ATLMD,Fairfield Inn & Suites Atlanta McDonough,atlmd-fairfield-inn-&-suites-atlanta-mcdonough,Marriott-ATLMD
ATLRO,Residence Inn Atlanta McDonough,atlro-residence-inn-atlanta-mcdonough,Marriott-ATLRO
MCNMD,Fairfield Inn & Suites Milledgeville,mcnmd-fairfield-inn-&-suites-milledgeville,Marriott-MCNMD
ATLSH,SpringHill Suites Newnan,atlsh-springhill-suites-newnan,Marriott-ATLSH
ATLZT,TownePlace Suites Newnan,atlzt-towneplace-suites-newnan,Marriott-ATLZT
ATLPT,Courtyard Atlanta Norcross/Peachtree Corners,atlpt-courtyard-atlanta-norcross/peachtree-corners,Marriott-ATLPT
ATLPS,Residence Inn Atlanta Norcross/Peachtree Corners,atlps-residence-inn-atlanta-norcross/peachtree-corners,Marriott-ATLPS
ATLPR,Fairfield Inn & Suites Atlanta Peachtree City,atlpr-fairfield-inn-&-suites-atlanta-peachtree-city,Marriott-ATLPR
ATLCP,Atlanta Marriott Peachtree Corners,atlcp-atlanta-marriott-peachtree-corners,Marriott-ATLCP
SAVPO,Courtyard Savannah Airport,savpo-courtyard-savannah-airport,Marriott-SAVPO
SAVSP,Residence Inn Savannah Airport,savsp-residence-inn-savannah-airport,Marriott-SAVSP
SAVAT,Aloft Savannah Airport,savat-aloft-savannah-airport,Marriott-SAVAT
SAVFN,Fairfield Inn & Suites Savannah I-95 North,savfn-fairfield-inn-&-suites-savannah-i-95-north,Marriott-SAVFN
SAVRH,Fairfield Inn & Suites Savannah SW/Richmond Hill,savrh-fairfield-inn-&-suites-savannah-sw/richmond-hill,Marriott-SAVRH
SAVSR,SpringHill Suites Savannah Richmond Hill,savsr-springhill-suites-savannah-richmond-hill,Marriott-SAVSR
CHAGO,"SpringHill Suites Chattanooga South/Ringgold, GA","chago-springhill-suites-chattanooga-south/ringgold,-ga",Marriott-CHAGO
RMGCY,Courtyard Rome Riverwalk,rmgcy-courtyard-rome-riverwalk,Marriott-RMGCY
CHARM,Fairfield Inn & Suites Rome,charm-fairfield-inn-&-suites-rome,Marriott-CHARM
ATLGR,SpringHill Suites Atlanta Alpharetta/Roswell,atlgr-springhill-suites-atlanta-alpharetta/roswell,Marriott-ATLGR
ATLFC,Aloft Atlanta Perimeter Center,atlfc-aloft-atlanta-perimeter-center,Marriott-ATLFC
SAVAK,"The Bohemian Hotel Savannah Riverfront, Autograph Collection","savak-the-bohemian-hotel-savannah-riverfront,-autograph-collection",Marriott-SAVAK
SAVDT,Courtyard Savannah Downtown/Historic District,savdt-courtyard-savannah-downtown/historic-district,Marriott-SAVDT
SAVCH,Courtyard Savannah Midtown,savch-courtyard-savannah-midtown,Marriott-SAVCH
SAVFA,Fairfield Inn & Suites Savannah Airport,savfa-fairfield-inn-&-suites-savannah-airport,Marriott-SAVFA
SAVFD,Fairfield Inn & Suites Savannah Downtown/Historic District,savfd-fairfield-inn-&-suites-savannah-downtown/historic-district,Marriott-SAVFD
SAVAB,Fairfield Inn & Suites Savannah I-95 South,savab-fairfield-inn-&-suites-savannah-i-95-south,Marriott-SAVAB
SAVMD,Fairfield Inn & Suites Savannah Midtown,savmd-fairfield-inn-&-suites-savannah-midtown,Marriott-SAVMD
SAVJW,JW Marriott Savannah Plant Riverside District,savjw-jw-marriott-savannah-plant-riverside-district,Marriott-SAVJW
SAVRF,Marriott Savannah Riverfront,savrf-marriott-savannah-riverfront,Marriott-SAVRF
SAVDV,Residence Inn Savannah Downtown/Historic District,savdv-residence-inn-savannah-downtown/historic-district,Marriott-SAVDV
SAVRI,Residence Inn Savannah Midtown,savri-residence-inn-savannah-midtown,Marriott-SAVRI
SAVSA,SpringHill Suites Savannah Airport,savsa-springhill-suites-savannah-airport,Marriott-SAVSA
SAVHD,SpringHill Suites Savannah Downtown/Historic District,savhd-springhill-suites-savannah-downtown/historic-district,Marriott-SAVHD
SAVIN,SpringHill Suites Savannah I-95 South,savin-springhill-suites-savannah-i-95-south,Marriott-SAVIN
SAVSH,SpringHill Suites Savannah Midtown,savsh-springhill-suites-savannah-midtown,Marriott-SAVSH
SAVAL,Aloft Savannah Downtown Historic District,saval-aloft-savannah-downtown-historic-district,Marriott-SAVAL
SAVLC,"Perry Lane Hotel, a Luxury Collection Hotel, Savannah","savlc-perry-lane-hotel,-a-luxury-collection-hotel,-savannah",Marriott-SAVLC
SAVAA,TownePlace Suites Savannah Airport,savaa-towneplace-suites-savannah-airport,Marriott-SAVAA
SAVTA,TownePlace Suites Savannah Midtown,savta-towneplace-suites-savannah-midtown,Marriott-SAVTA
SAVTX,"The Alida, Savannah, a Tribute Portfolio Hotel","savtx-the-alida,-savannah,-a-tribute-portfolio-hotel",Marriott-SAVTX
SAVWI,The Westin Savannah Harbor Golf Resort & Spa,savwi-the-westin-savannah-harbor-golf-resort-&-spa,Marriott-SAVWI
ATLHG,Residence Inn Atlanta Cumberland/Galleria,atlhg-residence-inn-atlanta-cumberland/galleria,Marriott-ATLHG
SAVSB,SpringHill Suites Statesboro University Area,savsb-springhill-suites-statesboro-university-area,Marriott-SAVSB
ATLKB,Fairfield Inn & Suites Atlanta Stockbridge,atlkb-fairfield-inn-&-suites-atlanta-stockbridge,Marriott-ATLKB
ATLSU,Courtyard Atlanta Suwanee,atlsu-courtyard-atlanta-suwanee,Marriott-ATLSU
ATLSW,Fairfield Inn & Suites Atlanta Suwanee,atlsw-fairfield-inn-&-suites-atlanta-suwanee,Marriott-ATLSW
ATLES,SpringHill Suites Suwanee Johns Creek,atles-springhill-suites-suwanee-johns-creek,Marriott-ATLES
TLHCT,Courtyard Thomasville Downtown,tlhct-courtyard-thomasville-downtown,Marriott-TLHCT
TFOFI,Fairfield Inn & Suites Tifton,tfofi-fairfield-inn-&-suites-tifton,Marriott-TFOFI
TFOSH,SpringHill Suites Tifton,tfosh-springhill-suites-tifton,Marriott-TFOSH
ATLNL,Courtyard Atlanta Northlake,atlnl-courtyard-atlanta-northlake,Marriott-ATLNL
VLDCY,Courtyard Valdosta,vldcy-courtyard-valdosta,Marriott-VLDCY
VLDFV,Fairfield Inn & Suites Valdosta,vldfv-fairfield-inn-&-suites-valdosta,Marriott-VLDFV
MCNCW,Courtyard Warner Robins,mcncw-courtyard-warner-robins,Marriott-MCNCW
MCNWR,Fairfield Inn & Suites Warner Robins,mcnwr-fairfield-inn-&-suites-warner-robins,Marriott-MCNWR
ATLWF,Fairfield Inn & Suites Atlanta Woodstock,atlwf-fairfield-inn-&-suites-atlanta-woodstock,Marriott-ATLWF
CHIAH,Courtyard Chicago Arlington Heights/South,chiah-courtyard-chicago-arlington-heights/south,Marriott-CHIAH
CHICM,Courtyard Chicago Midway Airport,chicm-courtyard-chicago-midway-airport,Marriott-CHICM
CHIMD,Fairfield Inn & Suites Chicago Midway Airport,chimd-fairfield-inn-&-suites-chicago-midway-airport,Marriott-CHIMD
CHIRM,Residence Inn Chicago Midway Airport,chirm-residence-inn-chicago-midway-airport,Marriott-CHIRM
CHIBG,Courtyard Chicago Bloomingdale,chibg-courtyard-chicago-bloomingdale,Marriott-CHIBG
CHIBD,Residence Inn Chicago Bloomingdale,chibd-residence-inn-chicago-bloomingdale,Marriott-CHIBD
BMIFB,Fairfield Inn & Suites Bloomington,bmifb-fairfield-inn-&-suites-bloomington,Marriott-BMIFB
BMIRI,Residence Inn Bloomington,bmiri-residence-inn-bloomington,Marriott-BMIRI
CHIBO,Fairfield Inn & Suites Chicago Bolingbrook,chibo-fairfield-inn-&-suites-chicago-bolingbrook,Marriott-CHIBO
CHIRK,Residence Inn Chicago Bolingbrook,chirk-residence-inn-chicago-bolingbrook,Marriott-CHIRK
CHIBL,SpringHill Suites Chicago Bolingbrook,chibl-springhill-suites-chicago-bolingbrook,Marriott-CHIBL
CHIOL,Aloft Bolingbrook,chiol-aloft-bolingbrook,Marriott-CHIOL
CHIKK,Fairfield Inn Kankakee Bourbonnais,chikk-fairfield-inn-kankakee-bourbonnais,Marriott-CHIKK
CHIBF,Four Points by Sheraton Buffalo Grove,chibf-four-points-by-sheraton-buffalo-grove,Marriott-CHIBF
CHISW,Chicago Marriott Southwest at Burr Ridge,chisw-chicago-marriott-southwest-at-burr-ridge,Marriott-CHISW
CHIBU,SpringHill Suites Chicago Southwest at Burr Ridge/Hinsdale,chibu-springhill-suites-chicago-southwest-at-burr-ridge/hinsdale,Marriott-CHIBU
CMPCY,Courtyard Champaign,cmpcy-courtyard-champaign,Marriott-CMPCY
CMPFI,Fairfield Inn & Suites Champaign,cmpfi-fairfield-inn-&-suites-champaign,Marriott-CMPFI
CMPRI,Residence Inn Champaign,cmpri-residence-inn-champaign,Marriott-CMPRI
CMPTS,TownePlace Suites Champaign Urbana/Campustown,cmpts-towneplace-suites-champaign-urbana/campustown,Marriott-CMPTS
CHIAC,AC Hotel Chicago Downtown,chiac-ac-hotel-chicago-downtown,Marriott-CHIAC
CHIAX,"Hotel Chicago Downtown, Autograph Collection","chiax-hotel-chicago-downtown,-autograph-collection",Marriott-CHIAX
CHIDX,"Hotel EMC2, Autograph Collection","chidx-hotel-emc2,-autograph-collection",Marriott-CHIDX
CHIAB,"The Blackstone, Autograph Collection","chiab-the-blackstone,-autograph-collection",Marriott-CHIAB
CHIAD,"The LaSalle Chicago, Autograph Collection","chiad-the-lasalle-chicago,-autograph-collection",Marriott-CHIAD
CHIDK,"The Talbott, Autograph Collection","chidk-the-talbott,-autograph-collection",Marriott-CHIDK
CHIYM,Courtyard Chicago at Medical District/UIC,chiym-courtyard-chicago-at-medical-district/uic,Marriott-CHIYM
CHIMM,Courtyard Chicago Downtown/Magnificent Mile,chimm-courtyard-chicago-downtown/magnificent-mile,Marriott-CHIMM
CHIWB,Courtyard Chicago Downtown/River North,chiwb-courtyard-chicago-downtown/river-north,Marriott-CHIWB
CHIFD,Fairfield Inn & Suites Chicago Downtown/Magnificent Mile,chifd-fairfield-inn-&-suites-chicago-downtown/magnificent-mile,Marriott-CHIFD
CHIFT,Fairfield Inn & Suites Chicago Downtown/River North,chift-fairfield-inn-&-suites-chicago-downtown/river-north,Marriott-CHIFT
CHIJW,JW Marriott Chicago,chijw-jw-marriott-chicago,Marriott-CHIJW
CHIDM,Chicago Marriott at Medical District/UIC,chidm-chicago-marriott-at-medical-district/uic,Marriott-CHIDM
CHIDT,Chicago Marriott Downtown Magnificent Mile,chidt-chicago-marriott-downtown-magnificent-mile,Marriott-CHIDT
CHIMA,Chicago Marriott Midway,chima-chicago-marriott-midway,Marriott-CHIMA
CHIAP,Marriott Chicago O’Hare,chiap-marriott-chicago-o’hare,Marriott-CHIAP
CHIMQ,Marriott Marquis Chicago,chimq-marriott-marquis-chicago,Marriott-CHIMQ
CHIOX,Moxy Chicago Downtown,chiox-moxy-chicago-downtown,Marriott-CHIOX
CHISR,Renaissance Chicago Downtown Hotel,chisr-renaissance-chicago-downtown-hotel,Marriott-CHISR
CHIBR,Renaissance Chicago O'Hare Suites Hotel,chibr-renaissance-chicago-o'hare-suites-hotel,Marriott-CHIBR
CHIRL,Residence Inn Chicago Downtown/Loop,chirl-residence-inn-chicago-downtown/loop,Marriott-CHIRL
CHIRN,Residence Inn Chicago Downtown/River North,chirn-residence-inn-chicago-downtown/river-north,Marriott-CHIRN
CHISN,SpringHill Suites Chicago Chinatown,chisn-springhill-suites-chicago-chinatown,Marriott-CHISN
CHINR,SpringHill Suites Chicago Downtown/River North,chinr-springhill-suites-chicago-downtown/river-north,Marriott-CHINR
CHICO,SpringHill Suites Chicago O'Hare,chico-springhill-suites-chicago-o'hare,Marriott-CHICO
CHIRZ,"The Ritz-Carlton, Chicago","chirz-the-ritz-carlton,-chicago",Marriott-CHIRZ
CHICC,Aloft Chicago Downtown River North,chicc-aloft-chicago-downtown-river-north,Marriott-CHICC
CHIAA,Aloft Chicago Mag Mile,chiaa-aloft-chicago-mag-mile,Marriott-CHIAA
CHIDY,"The Robey, Chicago, a Member of Design Hotels™","chidy-the-robey,-chicago,-a-member-of-design-hotels™",Marriott-CHIDY
CHILD,Le Méridien Essex Chicago,child-le-méridien-essex-chicago,Marriott-CHILD
CHILC,"The Gwen, a Luxury Collection Hotel, Michigan Avenue Chicago","chilc-the-gwen,-a-luxury-collection-hotel,-michigan-avenue-chicago",Marriott-CHILC
CHIGS,Sheraton Grand Chicago Riverwalk,chigs-sheraton-grand-chicago-riverwalk,Marriott-CHIGS
CHIXR,The St. Regis Chicago,chixr-the-st.-regis-chicago,Marriott-CHIXR
CHITX,"Hotel Zachary, Chicago, a Tribute Portfolio Hotel","chitx-hotel-zachary,-chicago,-a-tribute-portfolio-hotel",Marriott-CHITX
CHIWC,W Chicago - City Center,chiwc-w-chicago---city-center,Marriott-CHIWC
CHIWH,W Chicago - Lakeshore,chiwh-w-chicago---lakeshore,Marriott-CHIWH
CHINO,The Westin Chicago River North,chino-the-westin-chicago-river-north,Marriott-CHINO
CHIWI,The Westin Michigan Avenue Chicago,chiwi-the-westin-michigan-avenue-chicago,Marriott-CHIWI
STLCL,"Fairfield Inn St. Louis Collinsville, IL","stlcl-fairfield-inn-st.-louis-collinsville,-il",Marriott-STLCL
CMPDV,TownePlace Suites Danville,cmpdv-towneplace-suites-danville,Marriott-CMPDV
CHIDF,Courtyard Chicago Deerfield,chidf-courtyard-chicago-deerfield,Marriott-CHIDF
CHIDS,Chicago Marriott Suites Deerfield,chids-chicago-marriott-suites-deerfield,Marriott-CHIDS
CHIDR,Residence Inn Chicago Deerfield,chidr-residence-inn-chicago-deerfield,Marriott-CHIDR
CHICA,Courtyard Chicago O'Hare,chica-courtyard-chicago-o'hare,Marriott-CHICA
CHIFO,Fairfield Inn & Suites Chicago O'Hare,chifo-fairfield-inn-&-suites-chicago-o'hare,Marriott-CHIFO
CHIDG,Chicago Marriott Suites Downers Grove,chidg-chicago-marriott-suites-downers-grove,Marriott-CHIDG
PIAPE,Fairfield Inn & Suites Peoria East,piape-fairfield-inn-&-suites-peoria-east,Marriott-PIAPE
PIARP,Residence Inn East Peoria,piarp-residence-inn-east-peoria,Marriott-PIARP
STLTE,"TownePlace Suites St. Louis Edwardsville, IL","stlte-towneplace-suites-st.-louis-edwardsville,-il",Marriott-STLTE
MTOEF,Fairfield Inn & Suites Effingham,mtoef-fairfield-inn-&-suites-effingham,Marriott-MTOEF
CHIES,Sheraton Suites Chicago Elk Grove,chies-sheraton-suites-chicago-elk-grove,Marriott-CHIES
CHIEL,Courtyard Chicago Elmhurst/Oakbrook Area,chiel-courtyard-chicago-elmhurst/oakbrook-area,Marriott-CHIEL
CHIEM,SpringHill Suites Chicago Elmhurst/Oakbrook Area,chiem-springhill-suites-chicago-elmhurst/oakbrook-area,Marriott-CHIEM
STLFP,Four Points by Sheraton St. Louis - Fairview Heights,stlfp-four-points-by-sheraton-st.-louis---fairview-heights,Marriott-STLFP
DECDE,Fairfield Inn Forsyth Decatur,decde-fairfield-inn-forsyth-decatur,Marriott-DECDE
DECRI,Residence Inn Decatur Forsyth,decri-residence-inn-decatur-forsyth,Marriott-DECRI
MLIGB,Fairfield Inn & Suites Galesburg,mligb-fairfield-inn-&-suites-galesburg,Marriott-MLIGB
CHIGV,Courtyard Chicago Glenview/Northbrook,chigv-courtyard-chicago-glenview/northbrook,Marriott-CHIGV
CHIBC,Renaissance Chicago Glenview Suites Hotel,chibc-renaissance-chicago-glenview-suites-hotel,Marriott-CHIBC
CHIHP,Courtyard Chicago Highland Park/Northbrook,chihp-courtyard-chicago-highland-park/northbrook,Marriott-CHIHP
CHINW,Chicago Marriott Northwest,chinw-chicago-marriott-northwest,Marriott-CHINW
CHIWN,The Westin Chicago Northwest,chiwn-the-westin-chicago-northwest,Marriott-CHIWN
MDWFI,Fairfield Inn & Suites Joliet North/Plainfield,mdwfi-fairfield-inn-&-suites-joliet-north/plainfield,Marriott-MDWFI
MDWFS,Fairfield Inn Joliet South,mdwfs-fairfield-inn-joliet-south,Marriott-MDWFS
MDWTS,TownePlace Suites Joliet South,mdwts-towneplace-suites-joliet-south,Marriott-MDWTS
CHILS,Courtyard Chicago Lincolnshire,chils-courtyard-chicago-lincolnshire,Marriott-CHILS
CHILN,Lincolnshire Marriott Resort,chiln-lincolnshire-marriott-resort,Marriott-CHILN
CHISH,SpringHill Suites Chicago Lincolnshire,chish-springhill-suites-chicago-lincolnshire,Marriott-CHISH
CHIIS,Sheraton Lisle Naperville Hotel,chiis-sheraton-lisle-naperville-hotel,Marriott-CHIIS
CHIFS,Fairfield Inn & Suites Chicago Lombard,chifs-fairfield-inn-&-suites-chicago-lombard,Marriott-CHIFS
CHITL,TownePlace Suites Chicago Lombard,chitl-towneplace-suites-chicago-lombard,Marriott-CHITL
CHILY,The Westin Chicago Lombard,chily-the-westin-chicago-lombard,Marriott-CHILY
MWAFI,Fairfield Inn & Suites Marion,mwafi-fairfield-inn-&-suites-marion,Marriott-MWAFI
CHILK,Residence Inn Chicago Lake Forest/Mettawa,chilk-residence-inn-chicago-lake-forest/mettawa,Marriott-CHILK
MDWTJ,TownePlace Suites Minooka,mdwtj-towneplace-suites-minooka,Marriott-MDWTJ
MLIQC,Residence Inn Moline Quad Cities,mliqc-residence-inn-moline-quad-cities,Marriott-MLIQC
MLIEL,Element Moline,mliel-element-moline,Marriott-MLIEL
CHIMT,Four Points by Sheraton Mount Prospect O’Hare,chimt-four-points-by-sheraton-mount-prospect-o’hare,Marriott-CHIMT
MVNFI,Fairfield Inn & Suites Mount Vernon Rend Lake,mvnfi-fairfield-inn-&-suites-mount-vernon-rend-lake,Marriott-MVNFI
CHINP,Courtyard Chicago Naperville,chinp-courtyard-chicago-naperville,Marriott-CHINP
CHIFN,Fairfield Inn & Suites Chicago Naperville,chifn-fairfield-inn-&-suites-chicago-naperville,Marriott-CHIFN
CHIIL,Fairfield Inn & Suites Chicago Naperville/Aurora,chiil-fairfield-inn-&-suites-chicago-naperville/aurora,Marriott-CHIIL
CHIMN,Chicago Marriott Naperville,chimn-chicago-marriott-naperville,Marriott-CHIMN
CHINT,TownePlace Suites Chicago Naperville,chint-towneplace-suites-chicago-naperville,Marriott-CHINT
BMICY,Courtyard Bloomington Normal,bmicy-courtyard-bloomington-normal,Marriott-BMICY
BMIMC,Bloomington-Normal Marriott Hotel & Conference Center,bmimc-bloomington-normal-marriott-hotel-&-conference-center,Marriott-BMIMC
CHINB,Renaissance Chicago North Shore Hotel,chinb-renaissance-chicago-north-shore-hotel,Marriott-CHINB
CHIOS,Sheraton Chicago Northbrook Hotel,chios-sheraton-chicago-northbrook-hotel,Marriott-CHIOS
STLFO,"Fairfield Inn & Suites O’Fallon, IL","stlfo-fairfield-inn-&-suites-o’fallon,-il",Marriott-STLFO
STLTO,TownePlace Suites St. Louis O'Fallon,stlto-towneplace-suites-st.-louis-o'fallon,Marriott-STLTO
CHIAO,"The Drake Oak Brook, Autograph Collection","chiao-the-drake-oak-brook,-autograph-collection",Marriott-CHIAO
CHIOB,Chicago Marriott Oak Brook,chiob-chicago-marriott-oak-brook,Marriott-CHIOB
CHIBK,Residence Inn Chicago Oak Brook,chibk-residence-inn-chicago-oak-brook,Marriott-CHIBK
CHIMB,Le Méridien Chicago - Oakbrook Center,chimb-le-méridien-chicago---oakbrook-center,Marriott-CHIMB
CHIOT,Courtyard Chicago Oakbrook Terrace,chiot-courtyard-chicago-oakbrook-terrace,Marriott-CHIOT
MDWOT,Fairfield Inn & Suites Ottawa Starved Rock Area,mdwot-fairfield-inn-&-suites-ottawa-starved-rock-area,Marriott-MDWOT
PIACY,Courtyard Peoria,piacy-courtyard-peoria,Marriott-PIACY
PIADT,Courtyard Peoria Downtown,piadt-courtyard-peoria-downtown,Marriott-PIADT
PIAMC,Peoria Marriott Pere Marquette,piamc-peoria-marriott-pere-marquette,Marriott-PIAMC
PIAIL,Residence Inn Peoria,piail-residence-inn-peoria,Marriott-PIAIL
PIASH,SpringHill Suites Peoria,piash-springhill-suites-peoria,Marriott-PIASH
PIAFP,Four Points by Sheraton Peoria,piafp-four-points-by-sheraton-peoria,Marriott-PIAFP
SQIPR,Fairfield Inn & Suites Peru,sqipr-fairfield-inn-&-suites-peru,Marriott-SQIPR
STLPB,"Fairfield Inn & Suites St. Louis Pontoon Beach/Granite City, IL","stlpb-fairfield-inn-&-suites-st.-louis-pontoon-beach/granite-city,-il",Marriott-STLPB
UINQU,Fairfield Inn & Suites Quincy,uinqu-fairfield-inn-&-suites-quincy,Marriott-UINQU
RFDCH,Courtyard Rockford,rfdch-courtyard-rockford,Marriott-RFDCH
RFDRF,Fairfield Inn & Suites Rockford,rfdrf-fairfield-inn-&-suites-rockford,Marriott-RFDRF
RFDIL,Residence Inn Rockford,rfdil-residence-inn-rockford,Marriott-RFDIL
CHIAS,Aloft Chicago Schaumburg,chias-aloft-chicago-schaumburg,Marriott-CHIAS
CHIST,Chicago Marriott Suites O'Hare,chist-chicago-marriott-suites-o'hare,Marriott-CHIST
CHIRT,Residence Inn Chicago O'Hare,chirt-residence-inn-chicago-o'hare,Marriott-CHIRT
CHIAL,Aloft Chicago O'Hare,chial-aloft-chicago-o'hare,Marriott-CHIAL
CHISI,Sheraton Suites Chicago O'Hare,chisi-sheraton-suites-chicago-o'hare,Marriott-CHISI
CHIWA,The Westin O'Hare,chiwa-the-westin-o'hare,Marriott-CHIWA
CHICS,Courtyard Chicago Schaumburg/Woodfield Mall,chics-courtyard-chicago-schaumburg/woodfield-mall,Marriott-CHICS
CHIZS,Fairfield Inn & Suites Chicago Schaumburg,chizs-fairfield-inn-&-suites-chicago-schaumburg,Marriott-CHIZS
CHISB,Chicago Marriott Schaumburg,chisb-chicago-marriott-schaumburg,Marriott-CHISB
CHIRS,Renaissance Schaumburg Convention Center Hotel,chirs-renaissance-schaumburg-convention-center-hotel,Marriott-CHIRS
CHISM,Residence Inn Chicago Schaumburg/Woodfield Mall,chism-residence-inn-chicago-schaumburg/woodfield-mall,Marriott-CHISM
CHISG,SpringHill Suites Chicago Schaumburg/Woodfield Mall,chisg-springhill-suites-chicago-schaumburg/woodfield-mall,Marriott-CHISG
CHIFB,Four Points by Sheraton Chicago Schaumburg,chifb-four-points-by-sheraton-chicago-schaumburg,Marriott-CHIFB
CHIXS,TownePlace Suites Chicago Schaumburg,chixs-towneplace-suites-chicago-schaumburg,Marriott-CHIXS
CHIFP,Four Points by Sheraton Chicago O'Hare Airport,chifp-four-points-by-sheraton-chicago-o'hare-airport,Marriott-CHIFP
SPICY,Courtyard Springfield,spicy-courtyard-springfield,Marriott-SPICY
SPIFI,Fairfield Inn Springfield,spifi-fairfield-inn-springfield,Marriott-SPIFI
SPIRI,Residence Inn Springfield South,spiri-residence-inn-springfield-south,Marriott-SPIRI
SPISH,SpringHill Suites Springfield Southwest,spish-springhill-suites-springfield-southwest,Marriott-SPISH
CHISC,Courtyard Chicago St. Charles,chisc-courtyard-chicago-st.-charles,Marriott-CHISC
CHICR,Fairfield Inn & Suites Chicago St. Charles,chicr-fairfield-inn-&-suites-chicago-st.-charles,Marriott-CHICR
CHITP,Fairfield Inn & Suites Chicago Tinley Park,chitp-fairfield-inn-&-suites-chicago-tinley-park,Marriott-CHITP
CHINV,Residence Inn Chicago Naperville/Warrenville,chinv-residence-inn-chicago-naperville/warrenville,Marriott-CHINV
CHIWR,SpringHill Suites Chicago Naperville/Warrenville,chiwr-springhill-suites-chicago-naperville/warrenville,Marriott-CHIWR
CHIWK,Courtyard Chicago Waukegan/Gurnee,chiwk-courtyard-chicago-waukegan/gurnee,Marriott-CHIWK
CHIWG,SpringHill Suites Chicago Waukegan/Gurnee,chiwg-springhill-suites-chicago-waukegan/gurnee,Marriott-CHIWG
CHITG,TownePlace Suites Chicago Waukegan/Gurnee,chitg-towneplace-suites-chicago-waukegan/gurnee,Marriott-CHITG
MDWFP,Four Points by Sheraton Chicago Westchester/Oak Brook,mdwfp-four-points-by-sheraton-chicago-westchester/oak-brook,Marriott-MDWFP
CHIOW,The Westin Chicago North Shore,chiow-the-westin-chicago-north-shore,Marriott-CHIOW
CHIDO,Delta Hotels Chicago Willowbrook,chido-delta-hotels-chicago-willowbrook,Marriott-CHIDO
CHIWL,Residence Inn Chicago Wilmette/Skokie,chiwl-residence-inn-chicago-wilmette/skokie,Marriott-CHIWL
CHIWD,Courtyard Chicago Wood Dale/Itasca,chiwd-courtyard-chicago-wood-dale/itasca,Marriott-CHIWD
ALBCW,Courtyard Albany Airport,albcw-courtyard-albany-airport,Marriott-ALBCW
ALBWS,Courtyard Albany Thruway,albws-courtyard-albany-thruway,Marriott-ALBWS
ALBFY,Fairfield Inn & Suites Albany Airport,albfy-fairfield-inn-&-suites-albany-airport,Marriott-ALBFY
ALBFD,Fairfield Inn & Suites Albany Downtown,albfd-fairfield-inn-&-suites-albany-downtown,Marriott-ALBFD
ALBFI,Fairfield Inn Albany University Area,albfi-fairfield-inn-albany-university-area,Marriott-ALBFI
ALBNY,Marriott Albany,albny-marriott-albany,Marriott-ALBNY
ALBBR,Renaissance Albany Hotel,albbr-renaissance-albany-hotel,Marriott-ALBBR
ALBRW,Residence Inn Albany Airport,albrw-residence-inn-albany-airport,Marriott-ALBRW
ALBWA,Residence Inn Albany Washington Avenue,albwa-residence-inn-albany-washington-avenue,Marriott-ALBWA
ALBCO,SpringHill Suites Albany-Colonie,albco-springhill-suites-albany-colonie,Marriott-ALBCO
ALBFP,Four Points by Sheraton Albany,albfp-four-points-by-sheraton-albany,Marriott-ALBFP
ALBMC,TownePlace Suites Albany Downtown/Medical Center,albmc-towneplace-suites-albany-downtown/medical-center,Marriott-ALBMC
BUFFN,Fairfield Inn & Suites Buffalo Amherst/University,buffn-fairfield-inn-&-suites-buffalo-amherst/university,Marriott-BUFFN
BUFNY,Buffalo Marriott Niagara,bufny-buffalo-marriott-niagara,Marriott-BUFNY
BUFTX,"Reikart House, Buffalo, a Tribute Portfolio Hotel","buftx-reikart-house,-buffalo,-a-tribute-portfolio-hotel",Marriott-BUFTX
LGAQA,Fairfield Inn New York LaGuardia Airport/Astoria,lgaqa-fairfield-inn-new-york-laguardia-airport/astoria,Marriott-LGAQA
ROCFB,Fairfield Inn & Suites Batavia,rocfb-fairfield-inn-&-suites-batavia,Marriott-ROCFB
ISPSH,SpringHill Suites Long Island Brookhaven,ispsh-springhill-suites-long-island-brookhaven,Marriott-ISPSH
BGMFI,Fairfield Inn Binghamton,bgmfi-fairfield-inn-binghamton,Marriott-BGMFI
NYCBX,Residence Inn New York The Bronx at Metro Center Atrium,nycbx-residence-inn-new-york-the-bronx-at-metro-center-atrium,Marriott-NYCBX
NYCBF,Fairfield Inn & Suites New York Brooklyn,nycbf-fairfield-inn-&-suites-new-york-brooklyn,Marriott-NYCBF
NYCBK,New York Marriott at the Brooklyn Bridge,nycbk-new-york-marriott-at-the-brooklyn-bridge,Marriott-NYCBK
NYCXB,Moxy Brooklyn Williamsburg,nycxb-moxy-brooklyn-williamsburg,Marriott-NYCXB
NYCYL,Aloft New York Brooklyn,nycyl-aloft-new-york-brooklyn,Marriott-NYCYL
NYCYS,Sheraton Brooklyn New York Hotel,nycys-sheraton-brooklyn-new-york-hotel,Marriott-NYCYS
NYCLY,TownePlace Suites New York Brooklyn,nycly-towneplace-suites-new-york-brooklyn,Marriott-NYCLY
BUFCY,Courtyard Buffalo Amherst/University,bufcy-courtyard-buffalo-amherst/university,Marriott-BUFCY
BUFDT,Courtyard Buffalo Downtown/Canalside,bufdt-courtyard-buffalo-downtown/canalside,Marriott-BUFDT
BUFBD,Buffalo Marriott at LECOM HARBORCENTER,bufbd-buffalo-marriott-at-lecom-harborcenter,Marriott-BUFBD
BUFRD,Residence Inn Buffalo Downtown,bufrd-residence-inn-buffalo-downtown,Marriott-BUFRD
BUFRI,Residence Inn Buffalo Galleria Mall,bufri-residence-inn-buffalo-galleria-mall,Marriott-BUFRI
BUFSH,SpringHill Suites Buffalo Airport,bufsh-springhill-suites-buffalo-airport,Marriott-BUFSH
BUFAL,Aloft Buffalo Airport,bufal-aloft-buffalo-airport,Marriott-BUFAL
BUFAD,Aloft Buffalo Downtown,bufad-aloft-buffalo-downtown,Marriott-BUFAD
BUFWI,The Westin Buffalo,bufwi-the-westin-buffalo,Marriott-BUFWI
OGSFI,Fairfield Inn & Suites Canton,ogsfi-fairfield-inn-&-suites-canton,Marriott-OGSFI
ISPCP,SpringHill Suites Carle Place Garden City,ispcp-springhill-suites-carle-place-garden-city,Marriott-ISPCP
ISPCI,Courtyard Long Island Islip/Courthouse Complex,ispci-courtyard-long-island-islip/courthouse-complex,Marriott-ISPCI
ISPCL,Residence Inn Long Island Islip/Courthouse Complex,ispcl-residence-inn-long-island-islip/courthouse-complex,Marriott-ISPCL
BUFAP,Courtyard Buffalo Airport,bufap-courtyard-buffalo-airport,Marriott-BUFAP
BUFFS,Fairfield Inn & Suites Buffalo Airport,buffs-fairfield-inn-&-suites-buffalo-airport,Marriott-BUFFS
BUFTS,TownePlace Suites Buffalo Airport,bufts-towneplace-suites-buffalo-airport,Marriott-BUFTS
ALBPK,Courtyard Albany Clifton Park,albpk-courtyard-albany-clifton-park,Marriott-ALBPK
ALBCR,Residence Inn Albany Clifton Park,albcr-residence-inn-albany-clifton-park,Marriott-ALBCR
ELMFI,Fairfield Inn Corning Riverside,elmfi-fairfield-inn-corning-riverside,Marriott-ELMFI
NYCQC,SpringHill Suites New York LaGuardia Airport,nycqc-springhill-suites-new-york-laguardia-airport,Marriott-NYCQC
ITHFC,Fairfield by Marriott Inn & Suites Cortland,ithfc-fairfield-by-marriott-inn-&-suites-cortland,Marriott-ITHFC
LGAAP,New York LaGuardia Airport Marriott,lgaap-new-york-laguardia-airport-marriott,Marriott-LGAAP
LGAAL,Aloft New York LaGuardia Airport,lgaal-aloft-new-york-laguardia-airport,Marriott-LGAAL
ALBEG,Fairfield Inn & Suites Albany East Greenbush,albeg-fairfield-inn-&-suites-albany-east-greenbush,Marriott-ALBEG
ALBRI,Residence Inn Albany East Greenbush/Tech Valley,albri-residence-inn-albany-east-greenbush/tech-valley,Marriott-ALBRI
SYRCA,Courtyard Syracuse Carrier Circle,syrca-courtyard-syracuse-carrier-circle,Marriott-SYRCA
SYRFE,Fairfield Inn & Suites Syracuse Carrier Circle,syrfe-fairfield-inn-&-suites-syracuse-carrier-circle,Marriott-SYRFE
SYRRI,Residence Inn Syracuse Carrier Circle,syrri-residence-inn-syracuse-carrier-circle,Marriott-SYRRI
SYRSH,SpringHill Suites Syracuse Carrier Circle,syrsh-springhill-suites-syracuse-carrier-circle,Marriott-SYRSH
ISPLI,Courtyard Republic Airport Long Island/Farmingdale,ispli-courtyard-republic-airport-long-island/farmingdale,Marriott-ISPLI
ISPRA,TownePlace Suites Republic Airport Long Island/Farmingdale,ispra-towneplace-suites-republic-airport-long-island/farmingdale,Marriott-ISPRA
FHKNY,Courtyard Fishkill,fhkny-courtyard-fishkill,Marriott-FHKNY
FHKFR,Residence Inn Fishkill,fhkfr-residence-inn-fishkill,Marriott-FHKFR
FHKSH,SpringHill Suites Fishkill,fhksh-springhill-suites-fishkill,Marriott-FHKSH
LGAFI,Fairfield Inn New York LaGuardia Airport/Flushing,lgafi-fairfield-inn-new-york-laguardia-airport/flushing,Marriott-LGAFI
NYCBU,Renaissance New York Flushing Hotel at Tangram,nycbu-renaissance-new-york-flushing-hotel-at-tangram,Marriott-NYCBU
NYCFL,Four Points by Sheraton Flushing,nycfl-four-points-by-sheraton-flushing,Marriott-NYCFL
LGASI,Sheraton LaGuardia East Hotel,lgasi-sheraton-laguardia-east-hotel,Marriott-LGASI
NYCFC,Courtyard New York Queens/Fresh Meadows,nycfc-courtyard-new-york-queens/fresh-meadows,Marriott-NYCFC
NYCFF,Fairfield Inn & Suites New York Queens/Fresh Meadows,nycff-fairfield-inn-&-suites-new-york-queens/fresh-meadows,Marriott-NYCFF
ISPGC,Residence Inn Long Island Garden City,ispgc-residence-inn-long-island-garden-city,Marriott-ISPGC
ITHFL,Fairfield Inn & Suites Geneva Finger Lakes,ithfl-fairfield-inn-&-suites-geneva-finger-lakes,Marriott-ITHFL
SWFFG,Fairfield Inn & Suites Goshen Middletown,swffg-fairfield-inn-&-suites-goshen-middletown,Marriott-SWFFG
ISPRI,Residence Inn Long Island Hauppauge/Islandia,ispri-residence-inn-long-island-hauppauge/islandia,Marriott-ISPRI
ROCFI,Fairfield Inn Rochester Henrietta/University Area,rocfi-fairfield-inn-rochester-henrietta/university-area,Marriott-ROCFI
ISPHV,Residence Inn Long Island Holtsville,isphv-residence-inn-long-island-holtsville,Marriott-ISPHV
ELMCH,Courtyard Elmira Horseheads,elmch-courtyard-elmira-horseheads,Marriott-ELMCH
ELMHH,Fairfield Inn & Suites Elmira Corning,elmhh-fairfield-inn-&-suites-elmira-corning,Marriott-ELMHH
ALBTX,"The Wick, Hudson, a Tribute Portfolio Hotel","albtx-the-wick,-hudson,-a-tribute-portfolio-hotel",Marriott-ALBTX
ITHCY,Courtyard Ithaca Airport/University,ithcy-courtyard-ithaca-airport/university,Marriott-ITHCY
ITHFI,Fairfield Inn & Suites Ithaca,ithfi-fairfield-inn-&-suites-ithaca,Marriott-ITHFI
ITHMC,Ithaca Marriott Downtown on the Commons,ithmc-ithaca-marriott-downtown-on-the-commons,Marriott-ITHMC
NYCJF,Courtyard New York JFK Airport,nycjf-courtyard-new-york-jfk-airport,Marriott-NYCJF
NYCQJ,Courtyard New York Queens/Jamaica,nycqj-courtyard-new-york-queens/jamaica,Marriott-NYCQJ
NYCFJ,Fairfield Inn & Suites New York Queens/Jamaica,nycfj-fairfield-inn-&-suites-new-york-queens/jamaica,Marriott-NYCFJ
ISPJJ,Fairfield Inn New York JFK Airport,ispjj-fairfield-inn-new-york-jfk-airport,Marriott-ISPJJ
NYCXK,Marriott New York JFK Airport,nycxk-marriott-new-york-jfk-airport,Marriott-NYCXK
NYCRJ,Residence Inn New York JFK Airport,nycrj-residence-inn-new-york-jfk-airport,Marriott-NYCRJ
NYCQS,SpringHill Suites New York JFK Airport/Jamaica,nycqs-springhill-suites-new-york-jfk-airport/jamaica,Marriott-NYCQS
NYCQA,Aloft Jamaica Queens,nycqa-aloft-jamaica-queens,Marriott-NYCQA
NYCEJ,Element Jamaica Queens,nycej-element-jamaica-queens,Marriott-NYCEJ
POUCY,Courtyard Kingston,poucy-courtyard-kingston,Marriott-POUCY
POURK,Residence Inn Kingston,pourk-residence-inn-kingston,Marriott-POURK
GFLCY,Courtyard Lake George,gflcy-courtyard-lake-george,Marriott-GFLCY
SLKCY,Courtyard Lake Placid,slkcy-courtyard-lake-placid,Marriott-SLKCY
SLKTX,"Grand Adirondack Hotel, Lake Placid, a Tribute Portfolio Hotel","slktx-grand-adirondack-hotel,-lake-placid,-a-tribute-portfolio-hotel",Marriott-SLKTX
ALBLA,TownePlace Suites Latham Albany Airport,albla-towneplace-suites-latham-albany-airport,Marriott-ALBLA
SYRTC,TownePlace Suites Syracuse Liverpool,syrtc-towneplace-suites-syracuse-liverpool,Marriott-SYRTC
NYCQL,Courtyard Long Island City/New York Manhattan View,nycql-courtyard-long-island-city/new-york-manhattan-view,Marriott-NYCQL
NYCQN,Fairfield Inn & Suites New York Queens/Queensboro Bridge,nycqn-fairfield-inn-&-suites-new-york-queens/queensboro-bridge,Marriott-NYCQN
NYCRQ,Residence Inn New York Queens,nycrq-residence-inn-new-york-queens,Marriott-NYCRQ
NYCSQ,SpringHill Suites New York Queens,nycsq-springhill-suites-new-york-queens,Marriott-NYCSQ
ISPVA,Aloft Long Island City-Manhattan View,ispva-aloft-long-island-city-manhattan-view,Marriott-ISPVA
NYCQT,TownePlace Suites New York Long Island City/Manhattan View,nycqt-towneplace-suites-new-york-long-island-city/manhattan-view,Marriott-NYCQT
ALBAM,Fairfield Inn & Suites Saratoga Malta,albam-fairfield-inn-&-suites-saratoga-malta,Marriott-ALBAM
ISPMF,Fairfield Inn Medford Long Island,ispmf-fairfield-inn-medford-long-island,Marriott-ISPMF
NYCML,Marriott Melville Long Island,nycml-marriott-melville-long-island,Marriott-NYCML
SWFCY,Courtyard Middletown Goshen,swfcy-courtyard-middletown-goshen,Marriott-SWFCY
SWFRN,Residence Inn Middletown Goshen,swfrn-residence-inn-middletown-goshen,Marriott-SWFRN
HPNRI,Residence Inn New Rochelle,hpnri-residence-inn-new-rochelle,Marriott-HPNRI
NYCLF,AC Hotel New York Downtown,nyclf-ac-hotel-new-york-downtown,Marriott-NYCLF
NYCMA,AC Hotel New York Times Square,nycma-ac-hotel-new-york-times-square,Marriott-NYCMA
NYCAK,"The Algonquin Hotel Times Square, Autograph Collection","nycak-the-algonquin-hotel-times-square,-autograph-collection",Marriott-NYCAK
NYCLX,"The Lexington Hotel, Autograph Collection","nyclx-the-lexington-hotel,-autograph-collection",Marriott-NYCLX
NYCMP,Courtyard New York Downtown Manhattan/Financial District,nycmp-courtyard-new-york-downtown-manhattan/financial-district,Marriott-NYCMP
NYCPK,Courtyard New York Manhattan/Central Park,nycpk-courtyard-new-york-manhattan/central-park,Marriott-NYCPK
NYCCE,Courtyard New York Manhattan/Chelsea,nycce-courtyard-new-york-manhattan/chelsea,Marriott-NYCCE
NYCES,Courtyard New York Manhattan/Fifth Avenue,nyces-courtyard-new-york-manhattan/fifth-avenue,Marriott-NYCES
NYCME,Courtyard New York Manhattan/Midtown East,nycme-courtyard-new-york-manhattan/midtown-east,Marriott-NYCME
NYCJJ,Courtyard New York Manhattan/Midtown West,nycjj-courtyard-new-york-manhattan/midtown-west,Marriott-NYCJJ
NYCMT,Courtyard New York Manhattan/SoHo,nycmt-courtyard-new-york-manhattan/soho,Marriott-NYCMT
NYCMD,Courtyard New York Manhattan/Times Square,nycmd-courtyard-new-york-manhattan/times-square,Marriott-NYCMD
NYCET,Courtyard New York Manhattan/Times Square West,nycet-courtyard-new-york-manhattan/times-square-west,Marriott-NYCET
NYCMH,Courtyard New York Manhattan/Upper East Side,nycmh-courtyard-new-york-manhattan/upper-east-side,Marriott-NYCMH
NYCGC,Courtyard New York World Trade Center Area,nycgc-courtyard-new-york-world-trade-center-area,Marriott-NYCGC
NYCDE,Delta Hotels New York Times Square,nycde-delta-hotels-new-york-times-square,Marriott-NYCDE
NYCEB,The New York EDITION,nyceb-the-new-york-edition,Marriott-NYCEB
NYCTE,The Times Square EDITION,nycte-the-times-square-edition,Marriott-NYCTE
NYCFT,Fairfield Inn & Suites New York Manhattan/Central Park,nycft-fairfield-inn-&-suites-new-york-manhattan/central-park,Marriott-NYCFT
NYCTW,Fairfield Inn & Suites New York Manhattan/Chelsea,nyctw-fairfield-inn-&-suites-new-york-manhattan/chelsea,Marriott-NYCTW
NYCFM,Fairfield Inn & Suites New York Manhattan/Downtown East,nycfm-fairfield-inn-&-suites-new-york-manhattan/downtown-east,Marriott-NYCFM
NYCTM,Fairfield Inn & Suites New York Manhattan/Fifth Avenue,nyctm-fairfield-inn-&-suites-new-york-manhattan/fifth-avenue,Marriott-NYCTM
NYCFI,Fairfield by Marriott New York Manhattan Times Square,nycfi-fairfield-by-marriott-new-york-manhattan-times-square,Marriott-NYCFI
NYCMW,Fairfield Inn & Suites New York Manhattan/Times Square South,nycmw-fairfield-inn-&-suites-new-york-manhattan/times-square-south,Marriott-NYCMW
NYCPS,Fairfield Inn & Suites New York Midtown Manhattan/Penn Station,nycps-fairfield-inn-&-suites-new-york-midtown-manhattan/penn-station,Marriott-NYCPS
NYCLM,Fairfield Inn & Suites New York Manhattan/Financial District,nyclm-fairfield-inn-&-suites-new-york-manhattan/financial-district,Marriott-NYCLM
NYCEX,JW Marriott Essex House New York,nycex-jw-marriott-essex-house-new-york,Marriott-NYCEX
NYCVC,"Marriott Vacation Club, New York City","nycvc-marriott-vacation-club,-new-york-city",Marriott-NYCVC
NYCWS,New York Marriott Downtown,nycws-new-york-marriott-downtown,Marriott-NYCWS
NYCMQ,New York Marriott Marquis,nycmq-new-york-marriott-marquis,Marriott-NYCMQ
NYCOS,Moxy NYC Chelsea,nycos-moxy-nyc-chelsea,Marriott-NYCOS
NYCOF,Moxy NYC Downtown,nycof-moxy-nyc-downtown,Marriott-NYCOF
NYCOT,Moxy NYC East Village,nycot-moxy-nyc-east-village,Marriott-NYCOT
NYCOM,Moxy NYC Lower East Side,nycom-moxy-nyc-lower-east-side,Marriott-NYCOM
NYCOX,Moxy NYC Times Square,nycox-moxy-nyc-times-square,Marriott-NYCOX
NYCMM,Renaissance New York Chelsea Hotel,nycmm-renaissance-new-york-chelsea-hotel,Marriott-NYCMM
NYCHL,Renaissance New York Harlem Hotel,nychl-renaissance-new-york-harlem-hotel,Marriott-NYCHL
NYCSG,Renaissance New York Midtown Hotel,nycsg-renaissance-new-york-midtown-hotel,Marriott-NYCSG
NYCRT,Renaissance New York Times Square Hotel,nycrt-renaissance-new-york-times-square-hotel,Marriott-NYCRT
NYCLR,Residence Inn New York Downtown Manhattan/Financial District,nyclr-residence-inn-new-york-downtown-manhattan/financial-district,Marriott-NYCLR
NYCRL,Residence Inn New York Downtown Manhattan/World Trade Center Area,nycrl-residence-inn-new-york-downtown-manhattan/world-trade-center-area,Marriott-NYCRL
NYCPR,Residence Inn New York Manhattan/Central Park,nycpr-residence-inn-new-york-manhattan/central-park,Marriott-NYCPR
NYCHA,Residence Inn New York Manhattan/Midtown East,nycha-residence-inn-new-york-manhattan/midtown-east,Marriott-NYCHA
NYCRI,Residence Inn New York Manhattan/Times Square,nycri-residence-inn-new-york-manhattan/times-square,Marriott-NYCRI
NYCSL,SpringHill Suites New York Manhattan/Chelsea,nycsl-springhill-suites-new-york-manhattan/chelsea,Marriott-NYCSL
NYCSH,SpringHill Suites New York Manhattan/Times Square South,nycsh-springhill-suites-new-york-manhattan/times-square-south,Marriott-NYCSH
NYCSM,SpringHill Suites New York Midtown Manhattan/Fifth Avenue,nycsm-springhill-suites-new-york-midtown-manhattan/fifth-avenue,Marriott-NYCSM
NYCSK,SpringHill Suites New York Midtown Manhattan/Park Avenue,nycsk-springhill-suites-new-york-midtown-manhattan/park-avenue,Marriott-NYCSK
NYCCP,"The Ritz-Carlton New York, Central Park","nyccp-the-ritz-carlton-new-york,-central-park",Marriott-NYCCP
NYCRO,"The Ritz-Carlton New York, NoMad","nycro-the-ritz-carlton-new-york,-nomad",Marriott-NYCRO
NYCLH,Aloft Harlem,nyclh-aloft-harlem,Marriott-NYCLH
NYCAL,Aloft Manhattan Downtown - Financial District,nycal-aloft-manhattan-downtown---financial-district,Marriott-NYCAL
NYCEC,Aloft New York Chelsea,nycec-aloft-new-york-chelsea,Marriott-NYCEC
NYCHW,"11 Howard, New York, a Member of Design Hotels™","nychw-11-howard,-new-york,-a-member-of-design-hotels™",Marriott-NYCHW
NYCEL,Element New York Times Square West,nycel-element-new-york-times-square-west,Marriott-NYCEL
NYCPC,Four Points by Sheraton Manhattan Chelsea,nycpc-four-points-by-sheraton-manhattan-chelsea,Marriott-NYCPC
NYCMF,Four Points by Sheraton Manhattan Midtown West,nycmf-four-points-by-sheraton-manhattan-midtown-west,Marriott-NYCMF
NYCFO,Four Points by Sheraton Manhattan SoHo Village,nycfo-four-points-by-sheraton-manhattan-soho-village,Marriott-NYCFO
NYCTF,Four Points by Sheraton Midtown - Times Square,nyctf-four-points-by-sheraton-midtown---times-square,Marriott-NYCTF
NYCDF,Four Points by Sheraton New York Downtown,nycdf-four-points-by-sheraton-new-york-downtown,Marriott-NYCDF
NYCMO,"Le Méridien New York, Central Park","nycmo-le-méridien-new-york,-central-park",Marriott-NYCMO
NYCMU,"Le Méridien New York, Fifth Avenue","nycmu-le-méridien-new-york,-fifth-avenue",Marriott-NYCMU
NYCST,Sheraton New York Times Square Hotel,nycst-sheraton-new-york-times-square-hotel,Marriott-NYCST
NYCTR,Sheraton Tribeca New York Hotel,nyctr-sheraton-tribeca-new-york-hotel,Marriott-NYCTR
NYCXR,The St. Regis New York,nycxr-the-st.-regis-new-york,Marriott-NYCXR
NYCTL,TownePlace Suites New York Manhattan/Chelsea,nyctl-towneplace-suites-new-york-manhattan/chelsea,Marriott-NYCTL
NYCTS,TownePlace Suites New York Manhattan/Times Square,nycts-towneplace-suites-new-york-manhattan/times-square,Marriott-NYCTS
NYCWH,W New York - Times Square,nycwh-w-new-york---times-square,Marriott-NYCWH
NYCNU,W New York – Union Square,nycnu-w-new-york-–-union-square,Marriott-NYCNU
NYCSW,The Westin New York at Times Square,nycsw-the-westin-new-york-at-times-square,Marriott-NYCSW
NYCZW,The Westin New York Grand Central,nyczw-the-westin-new-york-grand-central,Marriott-NYCZW
HPNNB,Courtyard Newburgh Stewart Airport,hpnnb-courtyard-newburgh-stewart-airport,Marriott-HPNNB
IAGNY,"Courtyard Niagara Falls, USA","iagny-courtyard-niagara-falls,-usa",Marriott-IAGNY
IAGFI,Fairfield Inn & Suites Niagara Falls,iagfi-fairfield-inn-&-suites-niagara-falls,Marriott-IAGFI
IAGAF,Sheraton Niagara Falls,iagaf-sheraton-niagara-falls,Marriott-IAGAF
BFDOL,Fairfield Inn & Suites Olean,bfdol-fairfield-inn-&-suites-olean,Marriott-BFDOL
BGMON,Courtyard Oneonta Cooperstown Area,bgmon-courtyard-oneonta-cooperstown-area,Marriott-BGMON
HPNOB,Residence Inn Orangeburg Rockland/Bergen,hpnob-residence-inn-orangeburg-rockland/bergen,Marriott-HPNOB
ROCDL,The Del Monte Lodge Renaissance Rochester Hotel & Spa,rocdl-the-del-monte-lodge-renaissance-rochester-hotel-&-spa,Marriott-ROCDL
NYCPF,Four Points by Sheraton Melville Long Island,nycpf-four-points-by-sheraton-melville-long-island,Marriott-NYCPF
PBGFI,Fairfield Inn & Suites Plattsburgh,pbgfi-fairfield-inn-&-suites-plattsburgh,Marriott-PBGFI
POUCH,Courtyard Poughkeepsie,pouch-courtyard-poughkeepsie,Marriott-POUCH
POURI,Residence Inn Poughkeepsie,pouri-residence-inn-poughkeepsie,Marriott-POURI
GFLFI,Fairfield Inn & Suites Queensbury Glens Falls/Lake George Area,gflfi-fairfield-inn-&-suites-queensbury-glens-falls/lake-george-area,Marriott-GFLFI
ISPRH,Residence Inn Long Island East End,isprh-residence-inn-long-island-east-end,Marriott-ISPRH
ROCCH,Courtyard Rochester Brighton,rocch-courtyard-rochester-brighton,Marriott-ROCCH
ROCCD,Courtyard Rochester Downtown,roccd-courtyard-rochester-downtown,Marriott-ROCCD
ROCCY,Courtyard Rochester East/Penfield,roccy-courtyard-rochester-east/penfield,Marriott-ROCCY
ROCFG,Fairfield Inn & Suites Rochester West/Greece,rocfg-fairfield-inn-&-suites-rochester-west/greece,Marriott-ROCFG
ROCFA,Fairfield Inn Rochester Airport,rocfa-fairfield-inn-rochester-airport,Marriott-ROCFA
ROCAP,Rochester Airport Marriott,rocap-rochester-airport-marriott,Marriott-ROCAP
ROCNY,Residence Inn Rochester Henrietta,rocny-residence-inn-rochester-henrietta,Marriott-ROCNY
ROCRI,Residence Inn Rochester West/Greece,rocri-residence-inn-rochester-west/greece,Marriott-ROCRI
ISPCY,Courtyard Long Island MacArthur Airport,ispcy-courtyard-long-island-macarthur-airport,Marriott-ISPCY
HPNRY,Courtyard Rye,hpnry-courtyard-rye,Marriott-HPNRY
ALBSS,Courtyard Saratoga Springs,albss-courtyard-saratoga-springs,Marriott-ALBSS
ALBSA,Residence Inn Saratoga Springs,albsa-residence-inn-saratoga-springs,Marriott-ALBSA
SCHCY,Courtyard Schenectady at Mohawk Harbor,schcy-courtyard-schenectady-at-mohawk-harbor,Marriott-SCHCY
TEBEL,Element Spring Valley,tebel-element-spring-valley,Marriott-TEBEL
NYCFD,Fairfield Inn & Suites New York Staten Island,nycfd-fairfield-inn-&-suites-new-york-staten-island,Marriott-NYCFD
SYRDT,Courtyard Syracuse Downtown at Armory Square,syrdt-courtyard-syracuse-downtown-at-armory-square,Marriott-SYRDT
SYRMC,Marriott Syracuse Downtown,syrmc-marriott-syracuse-downtown,Marriott-SYRMC
SYRDR,Residence Inn Syracuse Downtown at Armory Square,syrdr-residence-inn-syracuse-downtown-at-armory-square,Marriott-SYRDR
SYRAL,Aloft Syracuse Inner Harbor,syral-aloft-syracuse-inner-harbor,Marriott-SYRAL
SYRSI,Sheraton Syracuse University Hotel & Conference Center,syrsi-sheraton-syracuse-university-hotel-&-conference-center,Marriott-SYRSI
HPNGR,Courtyard Tarrytown Westchester County,hpngr-courtyard-tarrytown-westchester-county,Marriott-HPNGR
NYCWE,Westchester Marriott,nycwe-westchester-marriott,Marriott-NYCWE
HPNTR,SpringHill Suites Tarrytown Westchester County,hpntr-springhill-suites-tarrytown-westchester-county,Marriott-HPNTR
HPNSI,Sheraton Tarrytown Hotel,hpnsi-sheraton-tarrytown-hotel,Marriott-HPNSI
ALBTY,Courtyard Albany Troy/Waterfront,albty-courtyard-albany-troy/waterfront,Marriott-ALBTY
LGASH,SpringHill Suites Tuckahoe Westchester County,lgash-springhill-suites-tuckahoe-westchester-county,Marriott-LGASH
NYCLI,Long Island Marriott,nycli-long-island-marriott,Marriott-NYCLI
UCADE,Delta Hotels Utica,ucade-delta-hotels-utica,Marriott-UCADE
UCAFI,Fairfield Inn & Suites Utica,ucafi-fairfield-inn-&-suites-utica,Marriott-UCAFI
SYRVR,Fairfield Inn & Suites Verona,syrvr-fairfield-inn-&-suites-verona,Marriott-SYRVR
BGMVS,Courtyard Binghamton,bgmvs-courtyard-binghamton,Marriott-BGMVS
BGMNY,Residence Inn Binghamton,bgmny-residence-inn-binghamton,Marriott-BGMNY
ARTFI,Fairfield Inn & Suites Watertown Thousand Islands,artfi-fairfield-inn-&-suites-watertown-thousand-islands,Marriott-ARTFI
ROCWB,Fairfield Inn and Suites Rochester East,rocwb-fairfield-inn-and-suites-rochester-east,Marriott-ROCWB
NYCBL,Courtyard Westbury Long Island,nycbl-courtyard-westbury-long-island,Marriott-NYCBL
NYCAP,"The Opus Westchester, Autograph Collection","nycap-the-opus-westchester,-autograph-collection",Marriott-NYCAP
NYCWP,Residence Inn White Plains Westchester County,nycwp-residence-inn-white-plains-westchester-county,Marriott-NYCWP
SYRNH,TownePlace Suites New Hartford,syrnh-towneplace-suites-new-hartford,Marriott-SYRNH
HPNYC,Courtyard Yonkers Westchester County,hpnyc-courtyard-yonkers-westchester-county,Marriott-HPNYC
HPNYK,Residence Inn Yonkers Westchester County,hpnyk-residence-inn-yonkers-westchester-county,Marriott-HPNYK
FAYSP,TownePlace Suites Southern Pines Aberdeen,faysp-towneplace-suites-southern-pines-aberdeen,Marriott-FAYSP
RDUSX,SpringHill Suites Raleigh Apex,rdusx-springhill-suites-raleigh-apex,Marriott-RDUSX
GSOHA,Fairfield Inn & Suites High Point Archdale,gsoha-fairfield-inn-&-suites-high-point-archdale,Marriott-GSOHA
AVLAR,Courtyard Asheville Airport,avlar-courtyard-asheville-airport,Marriott-AVLAR
GSOAB,Fairfield Inn & Suites Asheboro,gsoab-fairfield-inn-&-suites-asheboro,Marriott-GSOAB
AVLAC,AC Hotel Asheville Downtown,avlac-ac-hotel-asheville-downtown,Marriott-AVLAC
AVLAK,"Grand Bohemian Lodge Asheville, Autograph Collection","avlak-grand-bohemian-lodge-asheville,-autograph-collection",Marriott-AVLAK
AVLCY,Courtyard Asheville,avlcy-courtyard-asheville,Marriott-AVLCY
AVLCB,Courtyard Asheville Biltmore Village,avlcb-courtyard-asheville-biltmore-village,Marriott-AVLCB
AVLBS,Fairfield Inn & Suites Asheville Outlets,avlbs-fairfield-inn-&-suites-asheville-outlets,Marriott-AVLBS
AVLFA,Fairfield Inn & Suites Asheville Tunnel Road,avlfa-fairfield-inn-&-suites-asheville-tunnel-road,Marriott-AVLFA
AVLBR,Renaissance Asheville Downtown Hotel,avlbr-renaissance-asheville-downtown-hotel,Marriott-AVLBR
AVLRI,Residence Inn Asheville Biltmore,avlri-residence-inn-asheville-biltmore,Marriott-AVLRI
AVLSH,SpringHill Suites Asheville,avlsh-springhill-suites-asheville,Marriott-AVLSH
AVLAL,Aloft Asheville Downtown,avlal-aloft-asheville-downtown,Marriott-AVLAL
AVLEL,Element Asheville Downtown,avlel-element-asheville-downtown,Marriott-AVLEL
AVLFP,Four Points by Sheraton Asheville Downtown,avlfp-four-points-by-sheraton-asheville-downtown,Marriott-AVLFP
AVLTS,TownePlace Suites Asheville Downtown,avlts-towneplace-suites-asheville-downtown,Marriott-AVLTS
AVLTA,TownePlace Suites Asheville West,avlta-towneplace-suites-asheville-west,Marriott-AVLTA
CLTFH,Fairfield Inn & Suites Charlotte Belmont,cltfh-fairfield-inn-&-suites-charlotte-belmont,Marriott-CLTFH
HKYBN,Courtyard Boone,hkybn-courtyard-boone,Marriott-HKYBN
HKYFI,Fairfield Inn & Suites Boone,hkyfi-fairfield-inn-&-suites-boone,Marriott-HKYFI
HKYTS,TownePlace Suites Boone,hkyts-towneplace-suites-boone,Marriott-HKYTS
GSOBR,Courtyard Burlington,gsobr-courtyard-burlington,Marriott-GSOBR
ILMCB,Courtyard Carolina Beach Oceanfront,ilmcb-courtyard-carolina-beach-oceanfront,Marriott-ILMCB
RDUCA,Courtyard Raleigh Cary,rduca-courtyard-raleigh-cary,Marriott-RDUCA
RDUCX,Courtyard Raleigh Cary Crossroads,rducx-courtyard-raleigh-cary-crossroads,Marriott-RDUCX
RDUNW,Courtyard Raleigh Cary/Parkside Town Commons,rdunw-courtyard-raleigh-cary/parkside-town-commons,Marriott-RDUNW
RDUAY,Fairfield Inn & Suites Raleigh Cary,rduay-fairfield-inn-&-suites-raleigh-cary,Marriott-RDUAY
RDURH,SpringHill Suites Raleigh Cary,rdurh-springhill-suites-raleigh-cary,Marriott-RDURH
RDUTW,TownePlace Suites Raleigh Cary/Weston Parkway,rdutw-towneplace-suites-raleigh-cary/weston-parkway,Marriott-RDUTW
RDUAH,AC Hotel Chapel Hill Downtown,rduah-ac-hotel-chapel-hill-downtown,Marriott-RDUAH
RDUAK,"The Siena Hotel, Autograph Collection","rduak-the-siena-hotel,-autograph-collection",Marriott-RDUAK
RDUCH,Courtyard Chapel Hill,rduch-courtyard-chapel-hill,Marriott-RDUCH
RDUHL,Residence Inn Chapel Hill,rduhl-residence-inn-chapel-hill,Marriott-RDUHL
RDUCL,Aloft Chapel Hill,rducl-aloft-chapel-hill,Marriott-RDUCL
RDUSC,Sheraton Chapel Hill Hotel,rdusc-sheraton-chapel-hill-hotel,Marriott-RDUSC
CLTAE,AC Hotel Charlotte Ballantyne,cltae-ac-hotel-charlotte-ballantyne,Marriott-CLTAE
CLTAD,AC Hotel Charlotte City Center,cltad-ac-hotel-charlotte-city-center,Marriott-CLTAD
CLTAT,AC Hotel Charlotte SouthPark,cltat-ac-hotel-charlotte-southpark,Marriott-CLTAT
CLTAK,"Grand Bohemian Charlotte,  Autograph Collection","cltak-grand-bohemian-charlotte,--autograph-collection",Marriott-CLTAK
CLTCA,Courtyard Charlotte Airport North,cltca-courtyard-charlotte-airport-north,Marriott-CLTCA
CLTSW,Courtyard Charlotte Airport LoSo,cltsw-courtyard-charlotte-airport-loso,Marriott-CLTSW
CLTAW,Courtyard Charlotte Arrowood,cltaw-courtyard-charlotte-arrowood,Marriott-CLTAW
CLTBL,Courtyard Charlotte Ballantyne,cltbl-courtyard-charlotte-ballantyne,Marriott-CLTBL
CLTUP,Courtyard Charlotte City Center,cltup-courtyard-charlotte-city-center,Marriott-CLTUP
CLTNO,Courtyard Charlotte Northlake,cltno-courtyard-charlotte-northlake,Marriott-CLTNO
CLTEX,Courtyard Charlotte SouthPark,cltex-courtyard-charlotte-southpark,Marriott-CLTEX
CLTCT,Courtyard Charlotte Steele Creek,cltct-courtyard-charlotte-steele-creek,Marriott-CLTCT
CLTCD,Courtyard Charlotte Waverly,cltcd-courtyard-charlotte-waverly,Marriott-CLTCD
CLTFS,Fairfield Inn & Suites Charlotte Airport,cltfs-fairfield-inn-&-suites-charlotte-airport,Marriott-CLTFS
CLTFA,Fairfield Inn & Suites Charlotte Arrowood,cltfa-fairfield-inn-&-suites-charlotte-arrowood,Marriott-CLTFA
CLTFM,Fairfield Inn & Suites Charlotte Matthews,cltfm-fairfield-inn-&-suites-charlotte-matthews,Marriott-CLTFM
CLTFN,Fairfield Inn & Suites Charlotte University Research Park,cltfn-fairfield-inn-&-suites-charlotte-university-research-park,Marriott-CLTFN
CLTUT,Fairfield Inn & Suites Charlotte Uptown,cltut-fairfield-inn-&-suites-charlotte-uptown,Marriott-CLTUT
CLTHB,Fairfield Inn Charlotte Northlake,clthb-fairfield-inn-charlotte-northlake,Marriott-CLTHB
CLTJW,JW Marriott Charlotte,cltjw-jw-marriott-charlotte,Marriott-CLTJW
CLTCC,Charlotte Marriott City Center,cltcc-charlotte-marriott-city-center,Marriott-CLTCC
CLTPH,Charlotte Marriott SouthPark,cltph-charlotte-marriott-southpark,Marriott-CLTPH
CLTMU,UNC Charlotte Marriott Hotel & Conference Center,cltmu-unc-charlotte-marriott-hotel-&-conference-center,Marriott-CLTMU
CLTRP,Renaissance Charlotte SouthPark Hotel,cltrp-renaissance-charlotte-southpark-hotel,Marriott-CLTRP
CLTWE,Residence Inn Charlotte Airport,cltwe-residence-inn-charlotte-airport,Marriott-CLTWE
CLTRD,Residence Inn Charlotte City Center,cltrd-residence-inn-charlotte-city-center,Marriott-CLTRD
CLTON,Residence Inn Charlotte Northlake,clton-residence-inn-charlotte-northlake,Marriott-CLTON
CLTPG,Residence Inn Charlotte Piper Glen,cltpg-residence-inn-charlotte-piper-glen,Marriott-CLTPG
CLTSP,Residence Inn Charlotte SouthPark,cltsp-residence-inn-charlotte-southpark,Marriott-CLTSP
CLTWR,Residence Inn Charlotte Steele Creek,cltwr-residence-inn-charlotte-steele-creek,Marriott-CLTWR
CLTRU,Residence Inn Charlotte Uptown,cltru-residence-inn-charlotte-uptown,Marriott-CLTRU
CLTSA,SpringHill Suites Charlotte Airport,cltsa-springhill-suites-charlotte-airport,Marriott-CLTSA
CLTHP,SpringHill Suites Charlotte Airport Lake Pointe,clthp-springhill-suites-charlotte-airport-lake-pointe,Marriott-CLTHP
CLTSR,SpringHill Suites Charlotte at Carowinds,cltsr-springhill-suites-charlotte-at-carowinds,Marriott-CLTSR
CLTBT,SpringHill Suites Charlotte Ballantyne,cltbt-springhill-suites-charlotte-ballantyne,Marriott-CLTBT
CLTSD,SpringHill Suites Charlotte City Center,cltsd-springhill-suites-charlotte-city-center,Marriott-CLTSD
CLTSO,SpringHill Suites Charlotte Southwest,cltso-springhill-suites-charlotte-southwest,Marriott-CLTSO
CLTSH,SpringHill Suites Charlotte University Research Park,cltsh-springhill-suites-charlotte-university-research-park,Marriott-CLTSH
CLTRZ,"The Ritz-Carlton, Charlotte","cltrz-the-ritz-carlton,-charlotte",Marriott-CLTRZ
CLTAP,Aloft Charlotte Airport,cltap-aloft-charlotte-airport,Marriott-CLTAP
CLTAL,Aloft Charlotte Ballantyne,cltal-aloft-charlotte-ballantyne,Marriott-CLTAL
CLTUL,Aloft Charlotte City Center,cltul-aloft-charlotte-city-center,Marriott-CLTUL
CLTMD,Le Méridien Charlotte,cltmd-le-méridien-charlotte,Marriott-CLTMD
CLTLC,"The Ballantyne, a Luxury Collection Hotel, Charlotte","cltlc-the-ballantyne,-a-luxury-collection-hotel,-charlotte",Marriott-CLTLC
CLTSC,Sheraton Charlotte Airport Hotel,cltsc-sheraton-charlotte-airport-hotel,Marriott-CLTSC
CLTWS,Sheraton Charlotte Hotel,cltws-sheraton-charlotte-hotel,Marriott-CLTWS
CLTCW,The Westin Charlotte,cltcw-the-westin-charlotte,Marriott-CLTCW
AVLCK,Fairfield Inn & Suites Cherokee,avlck-fairfield-inn-&-suites-cherokee,Marriott-AVLCK
CLTCO,Courtyard Charlotte Concord,cltco-courtyard-charlotte-concord,Marriott-CLTCO
CLTCN,Residence Inn Charlotte Concord,cltcn-residence-inn-charlotte-concord,Marriott-CLTCN
CLTHC,SpringHill Suites Charlotte Concord Mills/Speedway,clthc-springhill-suites-charlotte-concord-mills/speedway,Marriott-CLTHC
FAYDN,Fairfield Inn & Suites Dunn I-95,faydn-fairfield-inn-&-suites-dunn-i-95,Marriott-FAYDN
RDUAA,AC Hotel Durham,rduaa-ac-hotel-durham,Marriott-RDUAA
RDUFS,Courtyard Durham Near Duke University/Downtown,rdufs-courtyard-durham-near-duke-university/downtown,Marriott-RDUFS
RDUDE,Delta Hotels by Marriott Raleigh-Durham at Research Triangle Park,rdude-delta-hotels-by-marriott-raleigh-durham-at-research-triangle-park,Marriott-RDUDE
RDURF,Fairfield Inn & Suites Durham Southpoint,rdurf-fairfield-inn-&-suites-durham-southpoint,Marriott-RDURF
RDUCV,Durham Marriott City Center,rducv-durham-marriott-city-center,Marriott-RDUCV
RDUCP,Marriott Raleigh Durham Research Triangle Park,rducp-marriott-raleigh-durham-research-triangle-park,Marriott-RDUCP
RDUDD,Residence Inn Durham McPherson/Duke University Medical Center Area,rdudd-residence-inn-durham-mcpherson/duke-university-medical-center-area,Marriott-RDUDD
RDUDR,Residence Inn Durham Research Triangle Park,rdudr-residence-inn-durham-research-triangle-park,Marriott-RDUDR
RDURL,SpringHill Suites Durham Chapel Hill,rdurl-springhill-suites-durham-chapel-hill,Marriott-RDURL
RDUSS,SpringHill Suites Durham City View,rduss-springhill-suites-durham-city-view,Marriott-RDUSS
RDUSH,SpringHill Suites Raleigh-Durham Airport/Research Triangle Park,rdush-springhill-suites-raleigh-durham-airport/research-triangle-park,Marriott-RDUSH
RDULD,Aloft Durham Downtown,rduld-aloft-durham-downtown,Marriott-RDULD
RDUIS,Sheraton Imperial Hotel Raleigh-Durham Airport at Research Triangle Park,rduis-sheraton-imperial-hotel-raleigh-durham-airport-at-research-triangle-park,Marriott-RDUIS
ORFEC,Fairfield Inn & Suites Elizabeth City,orfec-fairfield-inn-&-suites-elizabeth-city,Marriott-ORFEC
INTJE,Fairfield Inn & Suites Elkin Jonesville,intje-fairfield-inn-&-suites-elkin-jonesville,Marriott-INTJE
FAYCH,Courtyard Fayetteville,faych-courtyard-fayetteville,Marriott-FAYCH
FAYFN,Fairfield Inn & Suites Fayetteville North,fayfn-fairfield-inn-&-suites-fayetteville-north,Marriott-FAYFN
FAYRI,Residence Inn Fayetteville Cross Creek,fayri-residence-inn-fayetteville-cross-creek,Marriott-FAYRI
FAYFB,SpringHill Suites Fayetteville Fort Liberty,fayfb-springhill-suites-fayetteville-fort-liberty,Marriott-FAYFB
FAYTS,TownePlace Suites Fayetteville Cross Creek,fayts-towneplace-suites-fayetteville-cross-creek,Marriott-FAYTS
AVLHV,Fairfield Inn & Suites Hendersonville Flat Rock,avlhv-fairfield-inn-&-suites-hendersonville-flat-rock,Marriott-AVLHV
AVLFF,Fairfield Inn & Suites Asheville Airport/Fletcher,avlff-fairfield-inn-&-suites-asheville-airport/fletcher,Marriott-AVLFF
CLTCG,Courtyard Charlotte Gastonia,cltcg-courtyard-charlotte-gastonia,Marriott-CLTCG
CLTGS,Fairfield Inn Charlotte Gastonia,cltgs-fairfield-inn-charlotte-gastonia,Marriott-CLTGS
RWITS,TownePlace Suites Goldsboro,rwits-towneplace-suites-goldsboro,Marriott-RWITS
GSOWN,Courtyard Greensboro,gsown-courtyard-greensboro,Marriott-GSOWN
GSOCA,Courtyard Greensboro Airport,gsoca-courtyard-greensboro-airport,Marriott-GSOCA
GSOFW,Fairfield Inn & Suites Greensboro Coliseum Area,gsofw-fairfield-inn-&-suites-greensboro-coliseum-area,Marriott-GSOFW
GSOGW,Fairfield Inn & Suites Greensboro Wendover,gsogw-fairfield-inn-&-suites-greensboro-wendover,Marriott-GSOGW
GSOAP,Fairfield Inn Greensboro Airport,gsoap-fairfield-inn-greensboro-airport,Marriott-GSOAP
GSONC,Greensboro-High Point Marriott Airport,gsonc-greensboro-high-point-marriott-airport,Marriott-GSONC
GSODT,Marriott Greensboro Downtown,gsodt-marriott-greensboro-downtown,Marriott-GSODT
GSOGA,Residence Inn Greensboro Airport,gsoga-residence-inn-greensboro-airport,Marriott-GSOGA
GSOSH,SpringHill Suites Greensboro,gsosh-springhill-suites-greensboro,Marriott-GSOSH
GSOSA,SpringHill Suites Greensboro Airport,gsosa-springhill-suites-greensboro-airport,Marriott-GSOSA
GSOFP,Four Points by Sheraton Greensboro Airport,gsofp-four-points-by-sheraton-greensboro-airport,Marriott-GSOFP
GSOSI,Sheraton Greensboro at Four Seasons,gsosi-sheraton-greensboro-at-four-seasons,Marriott-GSOSI
GSOSW,TownePlace Suites Greensboro Coliseum Area,gsosw-towneplace-suites-greensboro-coliseum-area,Marriott-GSOSW
PGVCY,Courtyard Greenville,pgvcy-courtyard-greenville,Marriott-PGVCY
PGVGV,Fairfield Inn & Suites Greenville,pgvgv-fairfield-inn-&-suites-greenville,Marriott-PGVGV
PGVRI,Residence Inn Greenville,pgvri-residence-inn-greenville,Marriott-PGVRI
HKYCY,Courtyard Hickory,hkycy-courtyard-hickory,Marriott-HKYCY
HKYFY,Fairfield Inn & Suites Hickory,hkyfy-fairfield-inn-&-suites-hickory,Marriott-HKYFY
GSOCY,Courtyard High Point,gsocy-courtyard-high-point,Marriott-GSOCY
CLTLN,Courtyard Charlotte Lake Norman,cltln-courtyard-charlotte-lake-norman,Marriott-CLTLN
CLTRN,Residence Inn Charlotte Lake Norman,cltrn-residence-inn-charlotte-lake-norman,Marriott-CLTRN
CLTSU,SpringHill Suites Charlotte Huntersville,cltsu-springhill-suites-charlotte-huntersville,Marriott-CLTSU
CLTFO,Four Points by Sheraton Charlotte - Lake Norman,cltfo-four-points-by-sheraton-charlotte---lake-norman,Marriott-CLTFO
OAJCY,Courtyard Jacksonville,oajcy-courtyard-jacksonville,Marriott-OAJCY
OAJFI,Fairfield Inn & Suites Jacksonville,oajfi-fairfield-inn-&-suites-jacksonville,Marriott-OAJFI
OAJTS,TownePlace Suites Jacksonville,oajts-towneplace-suites-jacksonville,Marriott-OAJTS
FFATS,TownePlace Suites Outer Banks Kill Devil Hills,ffats-towneplace-suites-outer-banks-kill-devil-hills,Marriott-FFATS
PGVKS,Fairfield Inn & Suites Kinston,pgvks-fairfield-inn-&-suites-kinston,Marriott-PGVKS
FAYLB,Fairfield Inn & Suites Lumberton,faylb-fairfield-inn-&-suites-lumberton,Marriott-FAYLB
FAYSL,SpringHill Suites Lumberton,faysl-springhill-suites-lumberton,Marriott-FAYSL
CLTCM,Courtyard Charlotte Matthews,cltcm-courtyard-charlotte-matthews,Marriott-CLTCM
RDUFM,Fairfield Inn & Suites Mebane,rdufm-fairfield-inn-&-suites-mebane,Marriott-RDUFM
CLTFR,Fairfield Inn & Suites Charlotte Monroe,cltfr-fairfield-inn-&-suites-charlotte-monroe,Marriott-CLTFR
CLTMR,Fairfield Inn Charlotte Mooresville/Lake Norman,cltmr-fairfield-inn-charlotte-mooresville/lake-norman,Marriott-CLTMR
CLTMO,SpringHill Suites Charlotte Lake Norman/Mooresville,cltmo-springhill-suites-charlotte-lake-norman/mooresville,Marriott-CLTMO
CLTLL,Aloft Mooresville,cltll-aloft-mooresville,Marriott-CLTLL
CLTTM,TownePlace Suites Charlotte Mooresville,clttm-towneplace-suites-charlotte-mooresville,Marriott-CLTTM
AVLFM,Fairfield Inn & Suites Morganton Historic Downtown,avlfm-fairfield-inn-&-suites-morganton-historic-downtown,Marriott-AVLFM
RDUFA,Fairfield Inn & Suites Raleigh-Durham Airport/Research Triangle Park,rdufa-fairfield-inn-&-suites-raleigh-durham-airport/research-triangle-park,Marriott-RDUFA
RDUFP,Four Points by Sheraton Raleigh Durham Airport,rdufp-four-points-by-sheraton-raleigh-durham-airport,Marriott-RDUFP
RDUTM,TownePlace Suites Raleigh-Durham Airport/Morrisville,rdutm-towneplace-suites-raleigh-durham-airport/morrisville,Marriott-RDUTM
EWNCY,Courtyard New Bern,ewncy-courtyard-new-bern,Marriott-EWNCY
EWNSH,SpringHill Suites New Bern,ewnsh-springhill-suites-new-bern,Marriott-EWNSH
FAYSH,SpringHill Suites Pinehurst Southern Pines,faysh-springhill-suites-pinehurst-southern-pines,Marriott-FAYSH
CLTPV,Fairfield Inn & Suites Charlotte Pineville,cltpv-fairfield-inn-&-suites-charlotte-pineville,Marriott-CLTPV
CLTVF,Four Points by Sheraton Charlotte - Pineville,cltvf-four-points-by-sheraton-charlotte---pineville,Marriott-CLTVF
RDUAD,AC Hotel Raleigh Downtown,rduad-ac-hotel-raleigh-downtown,Marriott-RDUAD
RDUAR,AC Hotel Raleigh North Hills,rduar-ac-hotel-raleigh-north-hills,Marriott-RDUAR
RDUAS,"The StateView Hotel, Autograph Collection","rduas-the-stateview-hotel,-autograph-collection",Marriott-RDUAS
RDUCY,Courtyard Raleigh Crabtree Valley,rducy-courtyard-raleigh-crabtree-valley,Marriott-RDUCY
RDUWF,Courtyard Raleigh Midtown,rduwf-courtyard-raleigh-midtown,Marriott-RDUWF
RDUNT,Courtyard Raleigh North/Triangle Town Center,rdunt-courtyard-raleigh-north/triangle-town-center,Marriott-RDUNT
RDUAB,Courtyard Raleigh-Durham Airport/Brier Creek,rduab-courtyard-raleigh-durham-airport/brier-creek,Marriott-RDUAB
RDUFN,Fairfield Inn & Suites Raleigh Capital Blvd./I-540,rdufn-fairfield-inn-&-suites-raleigh-capital-blvd./i-540,Marriott-RDUFN
RDUCT,Fairfield Inn & Suites Raleigh Crabtree Valley,rduct-fairfield-inn-&-suites-raleigh-crabtree-valley,Marriott-RDUCT
RDUBE,Fairfield Inn & Suites Raleigh-Durham Airport/Brier Creek,rdube-fairfield-inn-&-suites-raleigh-durham-airport/brier-creek,Marriott-RDUBE
RDUMC,Raleigh Marriott City Center,rdumc-raleigh-marriott-city-center,Marriott-RDUMC
RDUNC,Raleigh Marriott Crabtree Valley,rdunc-raleigh-marriott-crabtree-valley,Marriott-RDUNC
RDURN,Renaissance Raleigh North Hills Hotel,rdurn-renaissance-raleigh-north-hills-hotel,Marriott-RDURN
RDUEE,Residence Inn Raleigh Crabtree Valley,rduee-residence-inn-raleigh-crabtree-valley,Marriott-RDUEE
RDURX,Residence Inn Raleigh Downtown,rdurx-residence-inn-raleigh-downtown,Marriott-RDURX
RDURB,Residence Inn Raleigh Midtown,rdurb-residence-inn-raleigh-midtown,Marriott-RDURB
RDUAC,Residence Inn Raleigh-Durham Airport/Brier Creek,rduac-residence-inn-raleigh-durham-airport/brier-creek,Marriott-RDUAC
RDURA,Aloft Raleigh,rdura-aloft-raleigh,Marriott-RDURA
RDUAF,Aloft Raleigh-Durham Airport Brier Creek,rduaf-aloft-raleigh-durham-airport-brier-creek,Marriott-RDUAF
RDULA,Four Points by Sheraton Raleigh Arena,rdula-four-points-by-sheraton-raleigh-arena,Marriott-RDULA
RDUSI,Sheraton Raleigh Hotel,rdusi-sheraton-raleigh-hotel,Marriott-RDUSI
RDUTT,TownePlace Suites Raleigh-University Area,rdutt-towneplace-suites-raleigh-university-area,Marriott-RDUTT
RDUTX,"The Casso, Raleigh, a Tribute Portfolio Hotel","rdutx-the-casso,-raleigh,-a-tribute-portfolio-hotel",Marriott-RDUTX
RDUWR,The Westin Raleigh-Durham Airport,rduwr-the-westin-raleigh-durham-airport,Marriott-RDUWR
FAYRH,Fairfield Inn & Suites Rockingham,fayrh-fairfield-inn-&-suites-rockingham,Marriott-FAYRH
RWICY,Courtyard Rocky Mount,rwicy-courtyard-rocky-mount,Marriott-RWICY
RWIFR,Fairfield Inn & Suites Rocky Mount,rwifr-fairfield-inn-&-suites-rocky-mount,Marriott-RWIFR
RWIRI,Residence Inn Rocky Mount,rwiri-residence-inn-rocky-mount,Marriott-RWIRI
CLTSB,Courtyard Salisbury,cltsb-courtyard-salisbury,Marriott-CLTSB
CLTBY,Fairfield Inn & Suites Shelby,cltby-fairfield-inn-&-suites-shelby,Marriott-CLTBY
RDUSF,Fairfield Inn & Suites Smithfield Selma/I-95,rdusf-fairfield-inn-&-suites-smithfield-selma/i-95,Marriott-RDUSF
FAYPH,Residence Inn Pinehurst Southern Pines,fayph-residence-inn-pinehurst-southern-pines,Marriott-FAYPH
ILMFS,Fairfield Inn & Suites Southport,ilmfs-fairfield-inn-&-suites-southport,Marriott-ILMFS
FAYCS,Courtyard Fayetteville Fort Liberty/Spring Lake,faycs-courtyard-fayetteville-fort-liberty/spring-lake,Marriott-FAYCS
HKYSB,Courtyard Statesville Mooresville/Lake Norman,hkysb-courtyard-statesville-mooresville/lake-norman,Marriott-HKYSB
CLTFV,Fairfield Inn & Suites Statesville,cltfv-fairfield-inn-&-suites-statesville,Marriott-CLTFV
RDUFW,Fairfield Inn & Suites Raleigh Wake Forest,rdufw-fairfield-inn-&-suites-raleigh-wake-forest,Marriott-RDUFW
OCWFI,Fairfield Inn & Suites Washington,ocwfi-fairfield-inn-&-suites-washington,Marriott-OCWFI
AVLFW,Fairfield Inn & Suites Asheville Weaverville,avlfw-fairfield-inn-&-suites-asheville-weaverville,Marriott-AVLFW
RDUWT,Fairfield Inn & Suites Whitsett Greensboro East,rduwt-fairfield-inn-&-suites-whitsett-greensboro-east,Marriott-RDUWT
ILMWC,Courtyard Wilmington Downtown/Historic District,ilmwc-courtyard-wilmington-downtown/historic-district,Marriott-ILMWC
ILMCY,Courtyard Wilmington/Wrightsville Beach,ilmcy-courtyard-wilmington/wrightsville-beach,Marriott-ILMCY
ILMWE,Fairfield Inn & Suites Wilmington/Wrightsville Beach,ilmwe-fairfield-inn-&-suites-wilmington/wrightsville-beach,Marriott-ILMWE
ILMRI,Residence Inn Wilmington Landfall,ilmri-residence-inn-wilmington-landfall,Marriott-ILMRI
ILMSH,SpringHill Suites Wilmington Wrightsville Beach,ilmsh-springhill-suites-wilmington-wrightsville-beach,Marriott-ILMSH
ILMAL,Aloft Wilmington at Coastline Center,ilmal-aloft-wilmington-at-coastline-center,Marriott-ILMAL
ILMTS,TownePlace Suites Wilmington/Wrightsville Beach,ilmts-towneplace-suites-wilmington/wrightsville-beach,Marriott-ILMTS
RWIWF,Fairfield Inn & Suites Wilson,rwiwf-fairfield-inn-&-suites-wilson,Marriott-RWIWF
INTCD,Courtyard Winston-Salem Downtown,intcd-courtyard-winston-salem-downtown,Marriott-INTCD
INTSR,Courtyard Winston-Salem Hanes Mall,intsr-courtyard-winston-salem-hanes-mall,Marriott-INTSR
INTCY,Courtyard Winston-Salem University,intcy-courtyard-winston-salem-university,Marriott-INTCY
INTDW,Fairfield Inn & Suites Winston-Salem Downtown,intdw-fairfield-inn-&-suites-winston-salem-downtown,Marriott-INTDW
INTFI,Fairfield Inn & Suites Winston-Salem Hanes Mall,intfi-fairfield-inn-&-suites-winston-salem-hanes-mall,Marriott-INTFI
INTMC,Winston-Salem Marriott,intmc-winston-salem-marriott,Marriott-INTMC
INTWS,Residence Inn Winston-Salem Hanes Mall,intws-residence-inn-winston-salem-hanes-mall,Marriott-INTWS
INTSH,SpringHill Suites Winston-Salem Hanes Mall,intsh-springhill-suites-winston-salem-hanes-mall,Marriott-INTSH
CAKDT,Courtyard Akron Downtown,cakdt-courtyard-akron-downtown,Marriott-CAKDT
CAKMT,Courtyard Akron Fairlawn,cakmt-courtyard-akron-fairlawn,Marriott-CAKMT
CAKAM,Fairfield Inn & Suites Akron Fairlawn,cakam-fairfield-inn-&-suites-akron-fairlawn,Marriott-CAKAM
CAKRI,Residence Inn Akron South/Green,cakri-residence-inn-akron-south/green,Marriott-CAKRI
CAKTX,"BLU-Tique, Akron, a Tribute Portfolio Hotel","caktx-blu-tique,-akron,-a-tribute-portfolio-hotel",Marriott-CAKTX
ATOFI,Fairfield Inn & Suites Athens,atofi-fairfield-inn-&-suites-athens,Marriott-ATOFI
YNGFA,Fairfield Inn & Suites Ashtabula,yngfa-fairfield-inn-&-suites-ashtabula,Marriott-YNGFA
CLEAV,Fairfield Inn & Suites Cleveland Avon,cleav-fairfield-inn-&-suites-cleveland-avon,Marriott-CLEAV
CLEAB,Residence Inn Cleveland Avon at The Emerald Event Center,cleab-residence-inn-cleveland-avon-at-the-emerald-event-center,Marriott-CLEAB
CLEBW,Courtyard Cleveland Beachwood,clebw-courtyard-cleveland-beachwood,Marriott-CLEBW
CLEBD,Residence Inn Cleveland Beachwood,clebd-residence-inn-cleveland-beachwood,Marriott-CLEBD
CLEBE,Aloft Cleveland Beachwood,clebe-aloft-cleveland-beachwood,Marriott-CLEBE
DAYBC,Courtyard Dayton Beavercreek,daybc-courtyard-dayton-beavercreek,Marriott-DAYBC
DAYRB,Residence Inn Dayton Beavercreek,dayrb-residence-inn-dayton-beavercreek,Marriott-DAYRB
DAYCF,SpringHill Suites Dayton Beavercreek,daycf-springhill-suites-dayton-beavercreek,Marriott-DAYCF
CVGBA,Courtyard Cincinnati Blue Ash,cvgba-courtyard-cincinnati-blue-ash,Marriott-CVGBA
TOLBG,Fairfield Inn & Suites Bowling Green,tolbg-fairfield-inn-&-suites-bowling-green,Marriott-TOLBG
CLEFE,Fairfield Inn & Suites Cleveland Tiedeman Road,clefe-fairfield-inn-&-suites-cleveland-tiedeman-road,Marriott-CLEFE
DAYFN,Fairfield Inn & Suites Dayton North,dayfn-fairfield-inn-&-suites-dayton-north,Marriott-DAYFN
PKBCB,Fairfield Inn & Suites Cambridge,pkbcb-fairfield-inn-&-suites-cambridge,Marriott-PKBCB
CMHFC,Fairfield Inn & Suites Columbus Canal Winchester,cmhfc-fairfield-inn-&-suites-columbus-canal-winchester,Marriott-CMHFC
YNGCY,Courtyard Youngstown Canfield,yngcy-courtyard-youngstown-canfield,Marriott-YNGCY
CAKCN,Fairfield Inn & Suites Canton,cakcn-fairfield-inn-&-suites-canton,Marriott-CAKCN
CAKFC,Fairfield Inn & Suites Canton South,cakfc-fairfield-inn-&-suites-canton-south,Marriott-CAKFC
CAKCT,Residence Inn Canton,cakct-residence-inn-canton,Marriott-CAKCT
CMHCH,"Fairfield Inn & Suites Chillicothe, OH","cmhch-fairfield-inn-&-suites-chillicothe,-oh",Marriott-CMHCH
CVGBC,AC Hotel Cincinnati at The Banks,cvgbc-ac-hotel-cincinnati-at-the-banks,Marriott-CVGBC
CVGAK,"The Lytle Park Hotel, Autograph Collection","cvgak-the-lytle-park-hotel,-autograph-collection",Marriott-CVGAK
CVGCT,Courtyard Cincinnati Downtown,cvgct-courtyard-cincinnati-downtown,Marriott-CVGCT
CVGNW,Courtyard Cincinnati Midtown/Rookwood,cvgnw-courtyard-cincinnati-midtown/rookwood,Marriott-CVGNW
CVGEG,Fairfield Inn & Suites Cincinnati Eastgate,cvgeg-fairfield-inn-&-suites-cincinnati-eastgate,Marriott-CVGEG
CVGSN,Fairfield Inn & Suites Cincinnati North/Sharonville,cvgsn-fairfield-inn-&-suites-cincinnati-north/sharonville,Marriott-CVGSN
CVGMT,Fairfield Inn & Suites Cincinnati Uptown/University Area,cvgmt-fairfield-inn-&-suites-cincinnati-uptown/university-area,Marriott-CVGMT
CVGBR,Renaissance Cincinnati Downtown Hotel,cvgbr-renaissance-cincinnati-downtown-hotel,Marriott-CVGBR
CVGCD,Residence Inn Cincinnati Downtown/The Phelps,cvgcd-residence-inn-cincinnati-downtown/the-phelps,Marriott-CVGCD
CVGES,Residence Inn Cincinnati Midtown/Rookwood,cvges-residence-inn-cincinnati-midtown/rookwood,Marriott-CVGES
CVGSB,SpringHill Suites Cincinnati Blue Ash,cvgsb-springhill-suites-cincinnati-blue-ash,Marriott-CVGSB
CVGDT,SpringHill Suites Cincinnati Midtown,cvgdt-springhill-suites-cincinnati-midtown,Marriott-CVGDT
CVGFP,SpringHill Suites Cincinnati North/Forest Park,cvgfp-springhill-suites-cincinnati-north/forest-park,Marriott-CVGFP
CVGTW,TownePlace Suites Cincinnati Downtown,cvgtw-towneplace-suites-cincinnati-downtown,Marriott-CVGTW
CVGTX,"Kinley Cincinnati Downtown, a Tribute Portfolio Hotel","cvgtx-kinley-cincinnati-downtown,-a-tribute-portfolio-hotel",Marriott-CVGTX
CVGWI,The Westin Cincinnati,cvgwi-the-westin-cincinnati,Marriott-CVGWI
CLEAK,"Metropolitan at The 9, Autograph Collection","cleak-metropolitan-at-the-9,-autograph-collection",Marriott-CLEAK
CLECE,Courtyard Cleveland University Circle,clece-courtyard-cleveland-university-circle,Marriott-CLECE
CLESC,Cleveland Marriott Downtown at Key Tower,clesc-cleveland-marriott-downtown-at-key-tower,Marriott-CLESC
CLEBR,Renaissance Cleveland Hotel,clebr-renaissance-cleveland-hotel,Marriott-CLEBR
CLERI,Residence Inn Cleveland Downtown,cleri-residence-inn-cleveland-downtown,Marriott-CLERI
CLEUV,Residence Inn Cleveland University Circle/Medical Center,cleuv-residence-inn-cleveland-university-circle/medical-center,Marriott-CLEUV
CLERZ,"The Ritz-Carlton, Cleveland","clerz-the-ritz-carlton,-cleveland",Marriott-CLERZ
CLEAL,Aloft Cleveland Downtown,cleal-aloft-cleveland-downtown,Marriott-CLEAL
CLEFP,Four Points by Sheraton Cleveland Airport,clefp-four-points-by-sheraton-cleveland-airport,Marriott-CLEFP
CLEWI,The Westin Cleveland Downtown,clewi-the-westin-cleveland-downtown,Marriott-CLEWI
CMHAD,"AC Hotel Columbus Downtown, OH","cmhad-ac-hotel-columbus-downtown,-oh",Marriott-CMHAD
CMHAK,"Hotel LeVeque, Autograph Collection","cmhak-hotel-leveque,-autograph-collection",Marriott-CMHAK
CMHAP,Courtyard Columbus Airport,cmhap-courtyard-columbus-airport,Marriott-CMHAP
CMHCY,Courtyard Columbus Downtown,cmhcy-courtyard-columbus-downtown,Marriott-CMHCY
CMHCE,Courtyard Columbus Easton,cmhce-courtyard-columbus-easton,Marriott-CMHCE
CMHWG,Courtyard Columbus OSU,cmhwg-courtyard-columbus-osu,Marriott-CMHWG
CMHWT,Courtyard Columbus West/Hilliard,cmhwt-courtyard-columbus-west/hilliard,Marriott-CMHWT
CMHCW,Courtyard Columbus Worthington,cmhcw-courtyard-columbus-worthington,Marriott-CMHCW
CMHAF,Fairfield Inn & Suites Columbus Airport,cmhaf-fairfield-inn-&-suites-columbus-airport,Marriott-CMHAF
CMHDF,Fairfield Inn & Suites Columbus Dublin,cmhdf-fairfield-inn-&-suites-columbus-dublin,Marriott-CMHDF
CMHWE,Fairfield Inn & Suites Columbus Hilliard,cmhwe-fairfield-inn-&-suites-columbus-hilliard,Marriott-CMHWE
CMHFB,Fairfield Inn & Suites Columbus New Albany,cmhfb-fairfield-inn-&-suites-columbus-new-albany,Marriott-CMHFB
CMHSU,Fairfield Inn & Suites Columbus OSU,cmhsu-fairfield-inn-&-suites-columbus-osu,Marriott-CMHSU
CMHCP,Fairfield Inn & Suites Columbus Polaris,cmhcp-fairfield-inn-&-suites-columbus-polaris,Marriott-CMHCP
CMHAM,Columbus Airport Marriott,cmham-columbus-airport-marriott,Marriott-CMHAM
CMHCN,Marriott Columbus OSU,cmhcn-marriott-columbus-osu,Marriott-CMHCN
CMHOX,Moxy Columbus Short North,cmhox-moxy-columbus-short-north,Marriott-CMHOX
CMHBR,Renaissance Columbus Downtown Hotel,cmhbr-renaissance-columbus-downtown-hotel,Marriott-CMHBR
CMHRA,Residence Inn Columbus Airport,cmhra-residence-inn-columbus-airport,Marriott-CMHRA
CMHRD,Residence Inn Columbus Downtown,cmhrd-residence-inn-columbus-downtown,Marriott-CMHRD
CMHNE,Residence Inn Columbus Easton,cmhne-residence-inn-columbus-easton,Marriott-CMHNE
CMHRN,Residence Inn Columbus OSU,cmhrn-residence-inn-columbus-osu,Marriott-CMHRN
CMHNC,Residence Inn Columbus Polaris,cmhnc-residence-inn-columbus-polaris,Marriott-CMHNC
CMHSH,SpringHill Suites Columbus Airport Gahanna,cmhsh-springhill-suites-columbus-airport-gahanna,Marriott-CMHSH
CMHSE,SpringHill Suites Columbus Easton Area,cmhse-springhill-suites-columbus-easton-area,Marriott-CMHSE
CMHOS,SpringHill Suites Columbus OSU,cmhos-springhill-suites-columbus-osu,Marriott-CMHOS
CMHEA,Aloft Columbus Easton,cmhea-aloft-columbus-easton,Marriott-CMHEA
CMHCO,Aloft Columbus University District,cmhco-aloft-columbus-university-district,Marriott-CMHCO
CMHPF,Four Points Columbus - Polaris,cmhpf-four-points-columbus---polaris,Marriott-CMHPF
CMHDM,"Le Méridien Columbus, The Joseph","cmhdm-le-méridien-columbus,-the-joseph",Marriott-CMHDM
CMHCS,The Plaza Hotel Columbus at Capitol Square,cmhcs-the-plaza-hotel-columbus-at-capitol-square,Marriott-CMHCS
CMHSI,Sheraton Suites Columbus Worthington,cmhsi-sheraton-suites-columbus-worthington,Marriott-CMHSI
CMHTA,TownePlace Suites Columbus Airport Gahanna,cmhta-towneplace-suites-columbus-airport-gahanna,Marriott-CMHTA
CMHTE,TownePlace Suites Columbus Easton Area,cmhte-towneplace-suites-columbus-easton-area,Marriott-CMHTE
CMHTN,TownePlace Suites Columbus North - OSU,cmhtn-towneplace-suites-columbus-north---osu,Marriott-CMHTN
CMHWI,The Westin Great Southern Columbus,cmhwi-the-westin-great-southern-columbus,Marriott-CMHWI
CAKSI,Sheraton Suites Akron Cuyahoga Falls,caksi-sheraton-suites-akron-cuyahoga-falls,Marriott-CAKSI
DAYAC,AC Hotel Dayton,dayac-ac-hotel-dayton,Marriott-DAYAC
DAYCN,Courtyard Dayton North,daycn-courtyard-dayton-north,Marriott-DAYCN
DAYUD,Courtyard Dayton-University of Dayton,dayud-courtyard-dayton-university-of-dayton,Marriott-DAYUD
DAYFD,Fairfield Inn & Suites Dayton,dayfd-fairfield-inn-&-suites-dayton,Marriott-DAYFD
DAYSF,Fairfield Inn & Suites Dayton South,daysf-fairfield-inn-&-suites-dayton-south,Marriott-DAYSF
DAYOH,Marriott at the University of Dayton,dayoh-marriott-at-the-university-of-dayton,Marriott-DAYOH
DAYRI,Residence Inn Dayton Vandalia,dayri-residence-inn-dayton-vandalia,Marriott-DAYRI
DAYSH,SpringHill Suites Dayton South/Miamisburg,daysh-springhill-suites-dayton-south/miamisburg,Marriott-DAYSH
DAYSN,SpringHill Suites Dayton Vandalia,daysn-springhill-suites-dayton-vandalia,Marriott-DAYSN
DAYTS,TownePlace Suites Dayton North,dayts-towneplace-suites-dayton-north,Marriott-DAYTS
CMHAC,AC Hotel Columbus Dublin,cmhac-ac-hotel-columbus-dublin,Marriott-CMHAC
CMHDB,Courtyard Columbus Dublin,cmhdb-courtyard-columbus-dublin,Marriott-CMHDB
CMHNW,Marriott Columbus Northwest,cmhnw-marriott-columbus-northwest,Marriott-CMHNW
CMHCD,Residence Inn Columbus Dublin,cmhcd-residence-inn-columbus-dublin,Marriott-CMHCD
CMHSD,SpringHill Suites Columbus Dublin,cmhsd-springhill-suites-columbus-dublin,Marriott-CMHSD
CMHTD,TownePlace Suites Columbus Dublin,cmhtd-towneplace-suites-columbus-dublin,Marriott-CMHTD
CLEEL,Four Points by Sheraton Cleveland-Eastlake,cleel-four-points-by-sheraton-cleveland-eastlake,Marriott-CLEEL
CLELY,Courtyard Cleveland Elyria,clely-courtyard-cleveland-elyria,Marriott-CLELY
CVGTI,TownePlace Suites Cincinnati Fairfield,cvgti-towneplace-suites-cincinnati-fairfield,Marriott-CVGTI
CAKFL,Residence Inn Akron Fairlawn,cakfl-residence-inn-akron-fairlawn,Marriott-CAKFL
TOLFI,Fairfield Inn & Suites Findlay,tolfi-fairfield-inn-&-suites-findlay,Marriott-TOLFI
TOLTF,TownePlace Suites Findlay,toltf-towneplace-suites-findlay,Marriott-TOLTF
CMHCG,Courtyard Columbus Grove City,cmhcg-courtyard-columbus-grove-city,Marriott-CMHCG
CMHFG,Fairfield Inn & Suites Columbus Grove City,cmhfg-fairfield-inn-&-suites-columbus-grove-city,Marriott-CMHFG
CVGHA,Courtyard Hamilton,cvgha-courtyard-hamilton,Marriott-CVGHA
CMHTH,TownePlace Suites Columbus Hilliard,cmhth-towneplace-suites-columbus-hilliard,Marriott-CMHTH
TOLCH,Courtyard Toledo Airport Holland,tolch-courtyard-toledo-airport-holland,Marriott-TOLCH
CLECI,Courtyard Cleveland Independence,cleci-courtyard-cleveland-independence,Marriott-CLECI
CLEIN,Residence Inn Cleveland Independence,clein-residence-inn-cleveland-independence,Marriott-CLEIN
CLEIP,SpringHill Suites Cleveland Independence,cleip-springhill-suites-cleveland-independence,Marriott-CLEIP
HTSTI,TownePlace Suites Ironton,htsti-towneplace-suites-ironton,Marriott-HTSTI
DAYJV,Fairfield Inn & Suites Washington Court House Jeffersonville,dayjv-fairfield-inn-&-suites-washington-court-house-jeffersonville,Marriott-DAYJV
CVGCI,AC Hotel Cincinnati at Liberty Center,cvgci-ac-hotel-cincinnati-at-liberty-center,Marriott-CVGCI
DAYCL,Courtyard Lima,daycl-courtyard-lima,Marriott-DAYCL
DAYLM,Fairfield Inn & Suites Lima,daylm-fairfield-inn-&-suites-lima,Marriott-DAYLM
DAYTL,TownePlace Suites Lima,daytl-towneplace-suites-lima,Marriott-DAYTL
CMHMA,Fairfield Inn & Suites Mansfield Ontario,cmhma-fairfield-inn-&-suites-mansfield-ontario,Marriott-CMHMA
CMHMN,TownePlace Suites Mansfield Ontario,cmhmn-towneplace-suites-mansfield-ontario,Marriott-CMHMN
PKBFI,Fairfield Inn & Suites Marietta,pkbfi-fairfield-inn-&-suites-marietta,Marriott-PKBFI
CMHYV,Fairfield Inn & Suites Columbus Marysville,cmhyv-fairfield-inn-&-suites-columbus-marysville,Marriott-CMHYV
CVGCM,Courtyard Cincinnati Mason,cvgcm-courtyard-cincinnati-mason,Marriott-CVGCM
CVGNE,Marriott Cincinnati Northeast,cvgne-marriott-cincinnati-northeast,Marriott-CVGNE
CVGRE,Residence Inn Cincinnati Northeast/Mason,cvgre-residence-inn-cincinnati-northeast/mason,Marriott-CVGRE
CVGMS,SpringHill Suites Cincinnati Mason,cvgms-springhill-suites-cincinnati-mason,Marriott-CVGMS
CVGMP,TownePlace Suites Cincinnati Mason,cvgmp-towneplace-suites-cincinnati-mason,Marriott-CVGMP
TOLCY,Courtyard Toledo Maumee/Arrowhead,tolcy-courtyard-toledo-maumee/arrowhead,Marriott-TOLCY
TOLMU,Fairfield Inn & Suites Toledo Maumee,tolmu-fairfield-inn-&-suites-toledo-maumee,Marriott-TOLMU
TOLRT,Residence Inn Toledo Maumee,tolrt-residence-inn-toledo-maumee,Marriott-TOLRT
CLEMD,Fairfield Inn & Suites Medina,clemd-fairfield-inn-&-suites-medina,Marriott-CLEMD
CLEMT,Residence Inn Cleveland Mentor,clemt-residence-inn-cleveland-mentor,Marriott-CLEMT
DAYML,Courtyard Dayton South,dayml-courtyard-dayton-south,Marriott-DAYML
CLECA,Courtyard Cleveland Airport South,cleca-courtyard-cleveland-airport-south,Marriott-CLECA
CLEMB,Residence Inn Cleveland Airport/Middleburg Heights,clemb-residence-inn-cleveland-airport/middleburg-heights,Marriott-CLEMB
MWDFI,Fairfield Inn Middletown Monroe,mwdfi-fairfield-inn-middletown-monroe,Marriott-MWDFI
CMHAL,Courtyard Columbus New Albany,cmhal-courtyard-columbus-new-albany,Marriott-CMHAL
DAYNP,Fairfield Inn Richmond,daynp-fairfield-inn-richmond,Marriott-DAYNP
CAKNP,TownePlace Suites New Philadelphia,caknp-towneplace-suites-new-philadelphia,Marriott-CAKNP
CMHNK,Courtyard Newark Granville,cmhnk-courtyard-newark-granville,Marriott-CMHNK
YNGNR,Residence Inn Youngstown Warren/Niles,yngnr-residence-inn-youngstown-warren/niles,Marriott-YNGNR
CAKCC,Courtyard Canton,cakcc-courtyard-canton,Marriott-CAKCC
CAKSH,SpringHill Suites Canton,caksh-springhill-suites-canton,Marriott-CAKSH
CLENO,Courtyard Cleveland Airport North,cleno-courtyard-cleveland-airport-north,Marriott-CLENO
CLEAA,Aloft Cleveland Airport,cleaa-aloft-cleveland-airport,Marriott-CLEAA
CLEAC,AC Hotel Cleveland Beachwood,cleac-ac-hotel-cleveland-beachwood,Marriott-CLEAC
TOLTO,TownePlace Suites Toledo Oregon,tolto-towneplace-suites-toledo-oregon,Marriott-TOLTO
YNGFI,Fairfield Inn & Suites Youngstown Boardman/Poland,yngfi-fairfield-inn-&-suites-youngstown-boardman/poland,Marriott-YNGFI
YNGRI,Residence Inn Youngstown Boardman/Poland,yngri-residence-inn-youngstown-boardman/poland,Marriott-YNGRI
TOLFC,Fairfield Inn & Suites Port Clinton Waterfront,tolfc-fairfield-inn-&-suites-port-clinton-waterfront,Marriott-TOLFC
CMHRY,Fairfield Inn & Suites Columbus East,cmhry-fairfield-inn-&-suites-columbus-east,Marriott-CMHRY
TOLCR,Courtyard Toledo Rossford/Perrysburg,tolcr-courtyard-toledo-rossford/perrysburg,Marriott-TOLCR
CLEFS,Fairfield Inn & Suites Sandusky,clefs-fairfield-inn-&-suites-sandusky,Marriott-CLEFS
CVGDE,Delta Hotels Marriott Cincinnati Sharonville,cvgde-delta-hotels-marriott-cincinnati-sharonville,Marriott-CVGDE
DAYTD,TownePlace Suites Sidney,daytd-towneplace-suites-sidney,Marriott-DAYTD
CLESH,SpringHill Suites Cleveland Solon,clesh-springhill-suites-cleveland-solon,Marriott-CLESH
CLETO,TownePlace Suites Cleveland Solon,cleto-towneplace-suites-cleveland-solon,Marriott-CLETO
DAYCS,Courtyard Springfield Downtown,daycs-courtyard-springfield-downtown,Marriott-DAYCS
DAYSP,Fairfield Inn & Suites Springfield,daysp-fairfield-inn-&-suites-springfield,Marriott-DAYSP
PITSC,"Fairfield Inn & Suites Wheeling-St. Clairsville, OH","pitsc-fairfield-inn-&-suites-wheeling-st.-clairsville,-oh",Marriott-PITSC
PITRW,"Residence Inn Wheeling-St. Clairsville, OH","pitrw-residence-inn-wheeling-st.-clairsville,-oh",Marriott-PITRW
CAKCY,Courtyard Akron Stow,cakcy-courtyard-akron-stow,Marriott-CAKCY
CAKAS,Fairfield Inn & Suites Akron Stow,cakas-fairfield-inn-&-suites-akron-stow,Marriott-CAKAS
CLEST,Fairfield Inn & Suites Cleveland Streetsboro,clest-fairfield-inn-&-suites-cleveland-streetsboro,Marriott-CLEST
CLESW,TownePlace Suites Cleveland Streetsboro,clesw-towneplace-suites-cleveland-streetsboro,Marriott-CLESW
TOLNO,Courtyard Toledo North,tolno-courtyard-toledo-north,Marriott-TOLNO
TOLCW,Courtyard Toledo West,tolcw-courtyard-toledo-west,Marriott-TOLCW
TOLDE,Delta Hotels Toledo,tolde-delta-hotels-toledo,Marriott-TOLDE
TOLFN,Fairfield Inn & Suites Toledo North,tolfn-fairfield-inn-&-suites-toledo-north,Marriott-TOLFN
TOLGP,Renaissance Toledo Downtown Hotel,tolgp-renaissance-toledo-downtown-hotel,Marriott-TOLGP
TOLRW,Residence Inn Toledo West,tolrw-residence-inn-toledo-west,Marriott-TOLRW
DAYTR,Fairfield Inn & Suites Dayton Troy,daytr-fairfield-inn-&-suites-dayton-troy,Marriott-DAYTR
DAYTY,Residence Inn Dayton Troy,dayty-residence-inn-dayton-troy,Marriott-DAYTY
YNGFN,Fairfield Inn Warren Niles,yngfn-fairfield-inn-warren-niles,Marriott-YNGFN
CLEEM,Cleveland Marriott East,cleem-cleveland-marriott-east,Marriott-CLEEM
CVGWC,Courtyard Cincinnati North at Union Centre,cvgwc-courtyard-cincinnati-north-at-union-centre,Marriott-CVGWC
CVGFW,Fairfield Inn & Suites Cincinnati North/West Chester,cvgfw-fairfield-inn-&-suites-cincinnati-north/west-chester,Marriott-CVGFW
CVGNO,Marriott Cincinnati North,cvgno-marriott-cincinnati-north,Marriott-CVGNO
CVGRW,Residence Inn Cincinnati North/West Chester,cvgrw-residence-inn-cincinnati-north/west-chester,Marriott-CVGRW
CVGAW,Aloft Cincinnati West Chester,cvgaw-aloft-cincinnati-west-chester,Marriott-CVGAW
CMHBW,Renaissance Columbus Westerville-Polaris Hotel,cmhbw-renaissance-columbus-westerville-polaris-hotel,Marriott-CMHBW
CMHAW,Aloft Columbus Westerville,cmhaw-aloft-columbus-westerville,Marriott-CMHAW
CLECW,Courtyard Cleveland Westlake,clecw-courtyard-cleveland-westlake,Marriott-CLECW
CLETS,TownePlace Suites Cleveland Westlake,clets-towneplace-suites-cleveland-westlake,Marriott-CLETS
CLEWB,Courtyard Cleveland Willoughby,clewb-courtyard-cleveland-willoughby,Marriott-CLEWB
DAYFW,TownePlace Suites Dayton Wilmington,dayfw-towneplace-suites-dayton-wilmington,Marriott-DAYFW
YNGFS,Fairfield Inn & Suites Youngstown Austintown,yngfs-fairfield-inn-&-suites-youngstown-austintown,Marriott-YNGFS
ABEBR,Renaissance Allentown Hotel,abebr-renaissance-allentown-hotel,Marriott-ABEBR
ABEFP,Four Points by Sheraton Allentown Lehigh Valley,abefp-four-points-by-sheraton-allentown-lehigh-valley,Marriott-ABEFP
AOOCY,Courtyard Altoona,aoocy-courtyard-altoona,Marriott-AOOCY
AOOFS,Fairfield Inn & Suites Altoona,aoofs-fairfield-inn-&-suites-altoona,Marriott-AOOFS
AOOTA,TownePlace Suites Altoona,aoota-towneplace-suites-altoona,Marriott-AOOTA
PHLRB,Residence Inn Philadelphia Bala Cynwyd,phlrb-residence-inn-philadelphia-bala-cynwyd,Marriott-PHLRB
AOOFI,Fairfield Inn & Suites Bedford,aoofi-fairfield-inn-&-suites-bedford,Marriott-AOOFI
LBEBV,Fairfield Inn & Suites Belle Vernon,lbebv-fairfield-inn-&-suites-belle-vernon,Marriott-LBEBV
PHLLM,Courtyard Philadelphia Bensalem,phllm-courtyard-philadelphia-bensalem,Marriott-PHLLM
PHLIG,Fairfield Inn & Suites Philadelphia Valley Forge/Great Valley,phlig-fairfield-inn-&-suites-philadelphia-valley-forge/great-valley,Marriott-PHLIG
PHLBW,Residence Inn Philadelphia Valley Forge,phlbw-residence-inn-philadelphia-valley-forge,Marriott-PHLBW
ABEBC,Courtyard Bethlehem Lehigh Valley/I-78,abebc-courtyard-bethlehem-lehigh-valley/i-78,Marriott-ABEBC
ABEFI,Fairfield Inn & Suites Allentown Bethlehem/Lehigh Valley Airport,abefi-fairfield-inn-&-suites-allentown-bethlehem/lehigh-valley-airport,Marriott-ABEFI
SEGBL,Fairfield Inn & Suites Bloomsburg,segbl-fairfield-inn-&-suites-bloomsburg,Marriott-SEGBL
ABEDE,Delta Hotels by Marriott Allentown Lehigh Valley,abede-delta-hotels-by-marriott-allentown-lehigh-valley,Marriott-ABEDE
ABEBV,Fairfield Inn & Suites Allentown West,abebv-fairfield-inn-&-suites-allentown-west,Marriott-ABEBV
PHLRO,Fairfield Inn & Suites Philadelphia Broomall/Newtown Square,phlro-fairfield-inn-&-suites-philadelphia-broomall/newtown-square,Marriott-PHLRO
PITBT,Fairfield Inn & Suites Butler,pitbt-fairfield-inn-&-suites-butler,Marriott-PITBT
PITUT,SpringHill Suites Pittsburgh Butler/Centre City,pitut-springhill-suites-pittsburgh-butler/centre-city,Marriott-PITUT
MDTCH,SpringHill Suites Camp Hill,mdtch-springhill-suites-camp-hill,Marriott-MDTCH
PITAC,AC Hotel Pittsburgh Southpointe,pitac-ac-hotel-pittsburgh-southpointe,Marriott-PITAC
HARFC,Fairfield Inn & Suites Carlisle,harfc-fairfield-inn-&-suites-carlisle,Marriott-HARFC
HARRI,Residence Inn Harrisburg Carlisle,harri-residence-inn-harrisburg-carlisle,Marriott-HARRI
ABECV,SpringHill Suites Allentown Bethlehem/Center Valley,abecv-springhill-suites-allentown-bethlehem/center-valley,Marriott-ABECV
HGRSC,SpringHill Suites Chambersburg,hgrsc-springhill-suites-chambersburg,Marriott-HGRSC
PHLCV,Courtyard Philadelphia Coatesville Exton,phlcv-courtyard-philadelphia-coatesville-exton,Marriott-PHLCV
PHLVG,Courtyard Philadelphia Valley Forge/Collegeville,phlvg-courtyard-philadelphia-valley-forge/collegeville,Marriott-PHLVG
PHLCO,Residence Inn Philadelphia Valley Forge/Collegeville,phlco-residence-inn-philadelphia-valley-forge/collegeville,Marriott-PHLCO
PHLCN,Residence Inn Philadelphia Conshohocken,phlcn-residence-inn-philadelphia-conshohocken,Marriott-PHLCN
PITCA,Courtyard Pittsburgh Airport,pitca-courtyard-pittsburgh-airport,Marriott-PITCA
PITMC,Pittsburgh Airport Marriott,pitmc-pittsburgh-airport-marriott,Marriott-PITMC
PITSA,Sheraton Pittsburgh Airport Hotel,pitsa-sheraton-pittsburgh-airport-hotel,Marriott-PITSA
PITCT,Courtyard Pittsburgh North/Cranberry Woods,pitct-courtyard-pittsburgh-north/cranberry-woods,Marriott-PITCT
PITNO,Pittsburgh Marriott North,pitno-pittsburgh-marriott-north,Marriott-PITNO
PITCR,Residence Inn Pittsburgh Cranberry Township,pitcr-residence-inn-pittsburgh-cranberry-township,Marriott-PITCR
PITRR,TownePlace Suites Pittsburgh Cranberry Township,pitrr-towneplace-suites-pittsburgh-cranberry-township,Marriott-PITRR
DUJFI,Fairfield Inn & Suites DuBois,dujfi-fairfield-inn-&-suites-dubois,Marriott-DUJFI
ABETS,TownePlace Suites Bethlehem Easton/Lehigh Valley,abets-towneplace-suites-bethlehem-easton/lehigh-valley,Marriott-ABETS
ERICY,Courtyard Erie Ambassador Conference Center,ericy-courtyard-erie-ambassador-conference-center,Marriott-ERICY
ERIDT,Courtyard Erie Bayfront,eridt-courtyard-erie-bayfront,Marriott-ERIDT
ERIFI,Fairfield Inn Erie Millcreek Mall,erifi-fairfield-inn-erie-millcreek-mall,Marriott-ERIFI
ERISH,SpringHill Suites Erie,erish-springhill-suites-erie,Marriott-ERISH
ERISI,Sheraton Erie Bayfront Hotel,erisi-sheraton-erie-bayfront-hotel,Marriott-ERISI
ERIKE,TownePlace Suites Erie,erike-towneplace-suites-erie,Marriott-ERIKE
PHLEX,Fairfield Inn Philadelphia West Chester/Exton,phlex-fairfield-inn-philadelphia-west-chester/exton,Marriott-PHLEX
PHLRX,Residence Inn Philadelphia West Chester/Exton,phlrx-residence-inn-philadelphia-west-chester/exton,Marriott-PHLRX
PHLSX,SpringHill Suites Philadelphia West Chester/Exton,phlsx-springhill-suites-philadelphia-west-chester/exton,Marriott-PHLSX
PHLVS,Sheraton Great Valley Hotel,phlvs-sheraton-great-valley-hotel,Marriott-PHLVS
HARGT,Courtyard Gettysburg,hargt-courtyard-gettysburg,Marriott-HARGT
PHLVL,Residence Inn Philadelphia Glen Mills/Concordville,phlvl-residence-inn-philadelphia-glen-mills/concordville,Marriott-PHLVL
PITGB,Courtyard Pittsburgh Greensburg,pitgb-courtyard-pittsburgh-greensburg,Marriott-PITGB
HARCY,Courtyard Harrisburg Hershey,harcy-courtyard-harrisburg-hershey,Marriott-HARCY
HARFF,Fairfield Inn & Suites Harrisburg Hershey,harff-fairfield-inn-&-suites-harrisburg-hershey,Marriott-HARFF
HARHB,Residence Inn Harrisburg Hershey,harhb-residence-inn-harrisburg-hershey,Marriott-HARHB
HARLG,Residence Inn Harrisburg North,harlg-residence-inn-harrisburg-north,Marriott-HARLG
HARET,SpringHill Suites Harrisburg Hershey,haret-springhill-suites-harrisburg-hershey,Marriott-HARET
HARSI,Sheraton Harrisburg Hershey Hotel,harsi-sheraton-harrisburg-hershey-hotel,Marriott-HARSI
HARTS,TownePlace Suites Harrisburg Hershey,harts-towneplace-suites-harrisburg-hershey,Marriott-HARTS
HZLFI,Fairfield Inn & Suites Hazleton,hzlfi-fairfield-inn-&-suites-hazleton,Marriott-HZLFI
HZLRI,Residence Inn Hazleton,hzlri-residence-inn-hazleton,Marriott-HZLRI
HARCA,Courtyard Hershey Chocolate Avenue,harca-courtyard-hershey-chocolate-avenue,Marriott-HARCA
HARHS,Fairfield Inn & Suites Hershey Chocolate Avenue,harhs-fairfield-inn-&-suites-hershey-chocolate-avenue,Marriott-HARHS
HARSH,SpringHill Suites Hershey Near the Park,harsh-springhill-suites-hershey-near-the-park,Marriott-HARSH
PHLRW,Residence Inn Philadelphia Willow Grove,phlrw-residence-inn-philadelphia-willow-grove,Marriott-PHLRW
PHLTH,TownePlace Suites Philadelphia Horsham,phlth-towneplace-suites-philadelphia-horsham,Marriott-PHLTH
SCEHD,Fairfield Inn & Suites Huntingdon Route 22/Raystown Lake,scehd-fairfield-inn-&-suites-huntingdon-route-22/raystown-lake,Marriott-SCEHD
RDGJT,Fairfield Inn & Suites Jonestown Lebanon Valley,rdgjt-fairfield-inn-&-suites-jonestown-lebanon-valley,Marriott-RDGJT
PHLKS,Fairfield Inn & Suites Kennett Square Brandywine Valley,phlks-fairfield-inn-&-suites-kennett-square-brandywine-valley,Marriott-PHLKS
PHLKP,SpringHill Suites Philadelphia Valley Forge/King of Prussia,phlkp-springhill-suites-philadelphia-valley-forge/king-of-prussia,Marriott-PHLKP
PHLEV,Element Valley Forge King of Prussia,phlev-element-valley-forge-king-of-prussia,Marriott-PHLEV
PHLFO,Sheraton Valley Forge King of Prussia,phlfo-sheraton-valley-forge-king-of-prussia,Marriott-PHLFO
PHLVF,Fairfield Inn Philadelphia Valley Forge/King of Prussia,phlvf-fairfield-inn-philadelphia-valley-forge/king-of-prussia,Marriott-PHLVF
LNSCY,Courtyard Lancaster,lnscy-courtyard-lancaster,Marriott-LNSCY
LNSFI,Fairfield Inn & Suites Lancaster,lnsfi-fairfield-inn-&-suites-lancaster,Marriott-LNSFI
LNSFL,Fairfield Inn & Suites Lancaster East at The Outlets,lnsfl-fairfield-inn-&-suites-lancaster-east-at-the-outlets,Marriott-LNSFL
LNSMC,Lancaster Marriott at Penn Square,lnsmc-lancaster-marriott-at-penn-square,Marriott-LNSMC
LNSRI,Residence Inn Lancaster,lnsri-residence-inn-lancaster,Marriott-LNSRI
PHLLN,Courtyard Philadelphia Langhorne,phlln-courtyard-philadelphia-langhorne,Marriott-PHLLN
PHLLH,Residence Inn Philadelphia Langhorne,phllh-residence-inn-philadelphia-langhorne,Marriott-PHLLH
PHLSP,SpringHill Suites Philadelphia Langhorne,phlsp-springhill-suites-philadelphia-langhorne,Marriott-PHLSP
PHLBC,Sheraton Bucks County Langhorne,phlbc-sheraton-bucks-county-langhorne,Marriott-PHLBC
PHLLD,Courtyard Philadelphia Lansdale,phlld-courtyard-philadelphia-lansdale,Marriott-PHLLD
PITLT,SpringHill Suites Pittsburgh Latrobe,pitlt-springhill-suites-pittsburgh-latrobe,Marriott-PITLT
HARFL,Fairfield Inn & Suites Lebanon Near Expo Center,harfl-fairfield-inn-&-suites-lebanon-near-expo-center,Marriott-HARFL
IPTFL,Fairfield Inn & Suites Lewisburg,iptfl-fairfield-inn-&-suites-lewisburg,Marriott-IPTFL
IPTLH,Fairfield Inn & Suites Lock Haven,iptlh-fairfield-inn-&-suites-lock-haven,Marriott-IPTLH
PHLGV,Courtyard Philadelphia Great Valley/Malvern,phlgv-courtyard-philadelphia-great-valley/malvern,Marriott-PHLGV
PHLMA,Residence Inn Philadelphia Great Valley/Malvern,phlma-residence-inn-philadelphia-great-valley/malvern,Marriott-PHLMA
HARWM,Courtyard Harrisburg West/Mechanicsburg,harwm-courtyard-harrisburg-west/mechanicsburg,Marriott-HARWM
HARFH,Fairfield Inn & Suites Harrisburg West/Mechanicsburg,harfh-fairfield-inn-&-suites-harrisburg-west/mechanicsburg,Marriott-HARFH
HARMT,TownePlace Suites Harrisburg West/Mechanicsburg,harmt-towneplace-suites-harrisburg-west/mechanicsburg,Marriott-HARMT
FKLTS,TownePlace Suites Grove City Mercer/Outlets,fklts-towneplace-suites-grove-city-mercer/outlets,Marriott-FKLTS
HARFM,Fairfield Inn & Suites Harrisburg International Airport,harfm-fairfield-inn-&-suites-harrisburg-international-airport,Marriott-HARFM
PITMO,Fairfield Inn & Suites Monaca,pitmo-fairfield-inn-&-suites-monaca,Marriott-PITMO
PITMR,Courtyard Pittsburgh Monroeville,pitmr-courtyard-pittsburgh-monroeville,Marriott-PITMR
PITMV,SpringHill Suites Pittsburgh Monroeville,pitmv-springhill-suites-pittsburgh-monroeville,Marriott-PITMV
AVPFW,Fairfield Inn & Suites Scranton Montage Mountain,avpfw-fairfield-inn-&-suites-scranton-montage-mountain,Marriott-AVPFW
AVPSH,SpringHill Suites Scranton Montage Mountain,avpsh-springhill-suites-scranton-montage-mountain,Marriott-AVPSH
SCRCS,TownePlace Suites Scranton Wilkes-Barre,scrcs-towneplace-suites-scranton-wilkes-barre,Marriott-SCRCS
PITLE,SpringHill Suites Pittsburgh Mt. Lebanon,pitle-springhill-suites-pittsburgh-mt.-lebanon,Marriott-PITLE
HARNC,Fairfield Inn & Suites Harrisburg West,harnc-fairfield-inn-&-suites-harrisburg-west,Marriott-HARNC
LBEFI,Fairfield Inn & Suites Pittsburgh New Stanton,lbefi-fairfield-inn-&-suites-pittsburgh-new-stanton,Marriott-LBEFI
PHLMM,Courtyard Philadelphia Montgomeryville,phlmm-courtyard-philadelphia-montgomeryville,Marriott-PHLMM
PHLMG,Residence Inn Philadelphia Montgomeryville,phlmg-residence-inn-philadelphia-montgomeryville,Marriott-PHLMG
PHLAK,"The Notary Hotel, Philadelphia, Autograph Collection","phlak-the-notary-hotel,-philadelphia,-autograph-collection",Marriott-PHLAK
PHLAV,Courtyard Philadelphia City Avenue,phlav-courtyard-philadelphia-city-avenue,Marriott-PHLAV
PHLCS,Courtyard Philadelphia South at The Navy Yard,phlcs-courtyard-philadelphia-south-at-the-navy-yard,Marriott-PHLCS
PHLDE,Delta Hotels Philadelphia Airport,phlde-delta-hotels-philadelphia-airport,Marriott-PHLDE
PHLCC,Fairfield Inn & Suites Philadelphia Downtown/Center City,phlcc-fairfield-inn-&-suites-philadelphia-downtown/center-city,Marriott-PHLCC
PHLFA,Fairfield Inn Philadelphia Airport,phlfa-fairfield-inn-philadelphia-airport,Marriott-PHLFA
PHLAR,Philadelphia Airport Marriott,phlar-philadelphia-airport-marriott,Marriott-PHLAR
PHLDT,Philadelphia Marriott Downtown,phldt-philadelphia-marriott-downtown,Marriott-PHLDT
PHLMO,Philadelphia Marriott Old City,phlmo-philadelphia-marriott-old-city,Marriott-PHLMO
PHLPR,Renaissance Philadelphia Downtown Hotel,phlpr-renaissance-philadelphia-downtown-hotel,Marriott-PHLPR
PHLBA,Residence Inn Philadelphia Airport,phlba-residence-inn-philadelphia-airport,Marriott-PHLBA
PHLRI,Residence Inn Philadelphia Center City,phlri-residence-inn-philadelphia-center-city,Marriott-PHLRI
PHLRT,"The Ritz-Carlton, Philadelphia","phlrt-the-ritz-carlton,-philadelphia",Marriott-PHLRT
PHLAI,Aloft Philadelphia Airport,phlai-aloft-philadelphia-airport,Marriott-PHLAI
PHLAD,Aloft Philadelphia Downtown,phlad-aloft-philadelphia-downtown,Marriott-PHLAD
PHLEL,Element Philadelphia Downtown,phlel-element-philadelphia-downtown,Marriott-PHLEL
PHLFP,Four Points by Sheraton Philadelphia Airport,phlfp-four-points-by-sheraton-philadelphia-airport,Marriott-PHLFP
PHLCP,Four Points by Sheraton Philadelphia City Center,phlcp-four-points-by-sheraton-philadelphia-city-center,Marriott-PHLCP
PHLPF,Four Points by Sheraton Philadelphia Northeast,phlpf-four-points-by-sheraton-philadelphia-northeast,Marriott-PHLPF
PHLMD,Le Méridien Philadelphia,phlmd-le-méridien-philadelphia,Marriott-PHLMD
PHLWS,Sheraton Philadelphia Downtown,phlws-sheraton-philadelphia-downtown,Marriott-PHLWS
PHLUS,Sheraton Philadelphia University City Hotel,phlus-sheraton-philadelphia-university-city-hotel,Marriott-PHLUS
PHLSA,Sheraton Suites Philadelphia Airport,phlsa-sheraton-suites-philadelphia-airport,Marriott-PHLSA
PHLWH,W Philadelphia,phlwh-w-philadelphia,Marriott-PHLWH
PHLWI,The Westin Philadelphia,phlwi-the-westin-philadelphia,Marriott-PHLWI
PITAR,AC Hotel Pittsburgh Downtown,pitar-ac-hotel-pittsburgh-downtown,Marriott-PITAR
PITAD,"The Industrialist Hotel, Pittsburgh, Autograph Collection","pitad-the-industrialist-hotel,-pittsburgh,-autograph-collection",Marriott-PITAD
PITAK,"The Oaklander Hotel, Autograph Collection","pitak-the-oaklander-hotel,-autograph-collection",Marriott-PITAK
PITSR,Courtyard Pittsburgh Airport Settlers Ridge,pitsr-courtyard-pittsburgh-airport-settlers-ridge,Marriott-PITSR
PITCY,Courtyard Pittsburgh Downtown,pitcy-courtyard-pittsburgh-downtown,Marriott-PITCY
PITWF,Fairfield Inn & Suites Pittsburgh Airport/Robinson Township,pitwf-fairfield-inn-&-suites-pittsburgh-airport/robinson-township,Marriott-PITWF
PITDF,Fairfield Inn & Suites Pittsburgh Downtown,pitdf-fairfield-inn-&-suites-pittsburgh-downtown,Marriott-PITDF
PITNV,Fairfield Inn & Suites Pittsburgh Neville Island,pitnv-fairfield-inn-&-suites-pittsburgh-neville-island,Marriott-PITNV
PITFM,Fairfield Inn & Suites Pittsburgh North/McCandless Crossing,pitfm-fairfield-inn-&-suites-pittsburgh-north/mccandless-crossing,Marriott-PITFM
PITDT,Pittsburgh Marriott City Center,pitdt-pittsburgh-marriott-city-center,Marriott-PITDT
PITBR,Renaissance Pittsburgh Hotel,pitbr-renaissance-pittsburgh-hotel,Marriott-PITBR
PITPM,Residence Inn Pittsburgh Monroeville/Wilkins Township,pitpm-residence-inn-pittsburgh-monroeville/wilkins-township,Marriott-PITPM
PITRN,Residence Inn Pittsburgh North Shore,pitrn-residence-inn-pittsburgh-north-shore,Marriott-PITRN
PITRD,Residence Inn Pittsburgh Oakland/University Place,pitrd-residence-inn-pittsburgh-oakland/university-place,Marriott-PITRD
PITEL,SpringHill Suites Pittsburgh Bakery Square,pitel-springhill-suites-pittsburgh-bakery-square,Marriott-PITEL
PITNS,SpringHill Suites Pittsburgh North Shore,pitns-springhill-suites-pittsburgh-north-shore,Marriott-PITNS
PITSS,SpringHill Suites Pittsburgh Southside Works,pitss-springhill-suites-pittsburgh-southside-works,Marriott-PITSS
PITWM,SpringHill Suites West Mifflin,pitwm-springhill-suites-west-mifflin,Marriott-PITWM
PITPS,Sheraton Pittsburgh Hotel at Station Square,pitps-sheraton-pittsburgh-hotel-at-station-square,Marriott-PITPS
PITNE,TownePlace Suites Pittsburgh Harmarville,pitne-towneplace-suites-pittsburgh-harmarville,Marriott-PITNE
PITWI,The Westin Pittsburgh,pitwi-the-westin-pittsburgh,Marriott-PITWI
PHLCY,Courtyard Philadelphia Plymouth Meeting,phlcy-courtyard-philadelphia-plymouth-meeting,Marriott-PHLCY
PHLPY,SpringHill Suites Philadelphia Plymouth Meeting,phlpy-springhill-suites-philadelphia-plymouth-meeting,Marriott-PHLPY
ABEFO,Fairfield Inn & Suites Pottstown Limerick,abefo-fairfield-inn-&-suites-pottstown-limerick,Marriott-ABEFO
UKTSH,SpringHill Suites Quakertown,uktsh-springhill-suites-quakertown,Marriott-UKTSH
RDGWY,Courtyard Reading Wyomissing,rdgwy-courtyard-reading-wyomissing,Marriott-RDGWY
RDGFI,Fairfield Inn & Suites Reading Wyomissing,rdgfi-fairfield-inn-&-suites-reading-wyomissing,Marriott-RDGFI
PHLSR,SpringHill Suites Philadelphia Airport/Ridley Park,phlsr-springhill-suites-philadelphia-airport/ridley-park,Marriott-PHLSR
PITTW,TownePlace Suites Pittsburgh Airport/Robinson Township,pittw-towneplace-suites-pittsburgh-airport/robinson-township,Marriott-PITTW
SCRCY,Courtyard Scranton Montage Mountain,scrcy-courtyard-scranton-montage-mountain,Marriott-SCRCY
SCRFI,Fairfield Inn Scranton,scrfi-fairfield-inn-scranton,Marriott-SCRFI
SCRRI,Residence Inn Scranton,scrri-residence-inn-scranton,Marriott-SCRRI
SCRFP,Four Points by Sheraton Scranton,scrfp-four-points-by-sheraton-scranton,Marriott-SCRFP
SEGFI,Fairfield Inn & Suites Selinsgrove,segfi-fairfield-inn-&-suites-selinsgrove,Marriott-SEGFI
HARSB,Courtyard Shippensburg,harsb-courtyard-shippensburg,Marriott-HARSB
PITRK,Fairfield Inn & Suites Slippery Rock,pitrk-fairfield-inn-&-suites-slippery-rock,Marriott-PITRK
LBESS,Fairfield Inn & Suites Somerset,lbess-fairfield-inn-&-suites-somerset,Marriott-LBESS
PHLGF,Courtyard Philadelphia Springfield,phlgf-courtyard-philadelphia-springfield,Marriott-PHLGF
SCECY,Courtyard State College,scecy-courtyard-state-college,Marriott-SCECY
SCECO,Fairfield Inn & Suites State College,sceco-fairfield-inn-&-suites-state-college,Marriott-SCECO
SCERI,Residence Inn State College,sceri-residence-inn-state-college,Marriott-SCERI
SCESH,SpringHill Suites State College,scesh-springhill-suites-state-college,Marriott-SCESH
MPOFI,Fairfield Inn & Suites Stroudsburg Bartonsville/Poconos,mpofi-fairfield-inn-&-suites-stroudsburg-bartonsville/poconos,Marriott-MPOFI
PITML,SpringHill Suites Pittsburgh Mills,pitml-springhill-suites-pittsburgh-mills,Marriott-PITML
BGMWB,Fairfield Inn & Suites Towanda Wysox,bgmwb-fairfield-inn-&-suites-towanda-wysox,Marriott-BGMWB
PITWC,Courtyard Pittsburgh Washington/Meadow Lands,pitwc-courtyard-pittsburgh-washington/meadow-lands,Marriott-PITWC
PITFA,Fairfield Inn & Suites Washington Casino Area,pitfa-fairfield-inn-&-suites-washington-casino-area,Marriott-PITFA
PITWS,SpringHill Suites Pittsburgh Washington,pitws-springhill-suites-pittsburgh-washington,Marriott-PITWS
PHLDV,Courtyard Philadelphia Devon/Villanova,phldv-courtyard-philadelphia-devon/villanova,Marriott-PHLDV
PHLVA,Courtyard Philadelphia Valley Forge/King of Prussia,phlva-courtyard-philadelphia-valley-forge/king-of-prussia,Marriott-PHLVA
PHLWE,Marriott Philadelphia  West,phlwe-marriott-philadelphia--west,Marriott-PHLWE
PITHW,Courtyard Pittsburgh West Homestead/Waterfront,pithw-courtyard-pittsburgh-west-homestead/waterfront,Marriott-PITHW
AVPCY,Courtyard Wilkes-Barre Arena,avpcy-courtyard-wilkes-barre-arena,Marriott-AVPCY
AVPFI,Fairfield Inn & Suites Wilkes-Barre Scranton,avpfi-fairfield-inn-&-suites-wilkes-barre-scranton,Marriott-AVPFI
AVPRI,Residence Inn Wilkes-Barre Arena,avpri-residence-inn-wilkes-barre-arena,Marriott-AVPRI
IPTFI,Fairfield Inn & Suites Williamsport,iptfi-fairfield-inn-&-suites-williamsport,Marriott-IPTFI
IPTRI,Residence Inn Williamsport,iptri-residence-inn-williamsport,Marriott-IPTRI
IPTTS,TownePlace Suites by Marriott Williamsport PA,iptts-towneplace-suites-by-marriott-williamsport-pa,Marriott-IPTTS
PHLWG,Courtyard Philadelphia Willow Grove,phlwg-courtyard-philadelphia-willow-grove,Marriott-PHLWG
PHLFG,Fairfield Inn & Suites Philadelphia Horsham,phlfg-fairfield-inn-&-suites-philadelphia-horsham,Marriott-PHLFG
PHLWL,SpringHill Suites Philadelphia Willow Grove,phlwl-springhill-suites-philadelphia-willow-grove,Marriott-PHLWL
ABERR,Residence Inn Reading,aberr-residence-inn-reading,Marriott-ABERR
HARYK,Courtyard York,haryk-courtyard-york,Marriott-HARYK
HARFP,Four Points by Sheraton York,harfp-four-points-by-sheraton-york,Marriott-HARFP
HARYT,TownePlace Suites York,haryt-towneplace-suites-york,Marriott-HARYT
TYSKX,Courtyard Knoxville Airport Alcoa,tyskx-courtyard-knoxville-airport-alcoa,Marriott-TYSKX
TYSFA,Fairfield Inn & Suites Knoxville Airport Alcoa,tysfa-fairfield-inn-&-suites-knoxville-airport-alcoa,Marriott-TYSFA
MEMFA,Fairfield Inn & Suites Memphis Arlington,memfa-fairfield-inn-&-suites-memphis-arlington,Marriott-MEMFA
MMIFI,Fairfield Inn & Suites Athens,mmifi-fairfield-inn-&-suites-athens,Marriott-MMIFI
BNAAB,AC Hotel Nashville Brentwood,bnaab-ac-hotel-nashville-brentwood,Marriott-BNAAB
BNABR,Courtyard Nashville Brentwood,bnabr-courtyard-nashville-brentwood,Marriott-BNABR
BNAWO,SpringHill Suites Nashville Brentwood,bnawo-springhill-suites-nashville-brentwood,Marriott-BNAWO
BNAFP,Four Points by Sheraton Nashville - Brentwood,bnafp-four-points-by-sheraton-nashville---brentwood,Marriott-BNAFP
TRIFB,Fairfield Inn & Suites Bristol,trifb-fairfield-inn-&-suites-bristol,Marriott-TRIFB
CHAAK,"The Edwin Hotel, Autograph Collection","chaak-the-edwin-hotel,-autograph-collection",Marriott-CHAAK
CHACY,Courtyard Chattanooga Downtown,chacy-courtyard-chattanooga-downtown,Marriott-CHACY
CHAFI,Fairfield Inn & Suites Chattanooga,chafi-fairfield-inn-&-suites-chattanooga,Marriott-CHAFI
CHATF,Fairfield Inn & Suites Chattanooga I-24/Lookout Mountain,chatf-fairfield-inn-&-suites-chattanooga-i-24/lookout-mountain,Marriott-CHATF
CHADT,Chattanooga Marriott Downtown,chadt-chattanooga-marriott-downtown,Marriott-CHADT
CHAOX,Moxy Chattanooga Downtown,chaox-moxy-chattanooga-downtown,Marriott-CHAOX
CHARI,Residence Inn Chattanooga Downtown,chari-residence-inn-chattanooga-downtown,Marriott-CHARI
CHAHP,Residence Inn Chattanooga Near Hamilton Place,chahp-residence-inn-chattanooga-near-hamilton-place,Marriott-CHAHP
CHASH,SpringHill Suites Chattanooga Downtown/Cameron Harbor,chash-springhill-suites-chattanooga-downtown/cameron-harbor,Marriott-CHASH
CHAAL,Aloft Chattanooga Hamilton Place,chaal-aloft-chattanooga-hamilton-place,Marriott-CHAAL
CHADW,"The Dwell Hotel, a Member of Design Hotels™","chadw-the-dwell-hotel,-a-member-of-design-hotels™",Marriott-CHADW
CHAEL,Element Chattanooga East,chael-element-chattanooga-east,Marriott-CHAEL
CHATS,TownePlace Suites Chattanooga Near Hamilton Place,chats-towneplace-suites-chattanooga-near-hamilton-place,Marriott-CHATS
CHATX,"Kinley Chattanooga Southside, a Tribute Portfolio Hotel","chatx-kinley-chattanooga-southside,-a-tribute-portfolio-hotel",Marriott-CHATX
CHAWI,The Westin Chattanooga,chawi-the-westin-chattanooga,Marriott-CHAWI
BNAVL,Courtyard Clarksville,bnavl-courtyard-clarksville,Marriott-BNAVL
BNACV,Fairfield Inn & Suites Clarksville,bnacv-fairfield-inn-&-suites-clarksville,Marriott-BNACV
BNAWH,TownePlace Suites Clarksville,bnawh-towneplace-suites-clarksville,Marriott-BNAWH
CHACL,Fairfield by Marriott Cleveland,chacl-fairfield-by-marriott-cleveland,Marriott-CHACL
CHATV,TownePlace Suites Cleveland,chatv-towneplace-suites-cleveland,Marriott-CHATV
TYSFX,Fairfield Inn & Suites Knoxville Clinton,tysfx-fairfield-inn-&-suites-knoxville-clinton,Marriott-TYSFX
MEMVL,Courtyard Memphis Collierville,memvl-courtyard-memphis-collierville,Marriott-MEMVL
MEMFV,Fairfield Inn & Suites Memphis Collierville,memfv-fairfield-inn-&-suites-memphis-collierville,Marriott-MEMFV
BNAFC,Fairfield Inn & Suites Columbia,bnafc-fairfield-inn-&-suites-columbia,Marriott-BNAFC
BNACK,Fairfield Inn & Suites Cookeville,bnack-fairfield-inn-&-suites-cookeville,Marriott-BNACK
BNAVI,TownePlace Suites Cookeville,bnavi-towneplace-suites-cookeville,Marriott-BNAVI
MEMCO,TownePlace Suites Memphis Cordova,memco-towneplace-suites-memphis-cordova,Marriott-MEMCO
GHMDK,Fairfield Inn & Suites Dickson,ghmdk-fairfield-inn-&-suites-dickson,Marriott-GHMDK
CHASE,Fairfield Inn & Suites Chattanooga South/East Ridge,chase-fairfield-inn-&-suites-chattanooga-south/east-ridge,Marriott-CHASE
CHAER,TownePlace Suites Chattanooga South/East Ridge,chaer-towneplace-suites-chattanooga-south/east-ridge,Marriott-CHAER
BNACC,Courtyard Franklin Cool Springs,bnacc-courtyard-franklin-cool-springs,Marriott-BNACC
BNAFL,Fairfield Inn & Suites Franklin Cool Springs,bnafl-fairfield-inn-&-suites-franklin-cool-springs,Marriott-BNAFL
BNACS,Franklin Marriott Cool Springs,bnacs-franklin-marriott-cool-springs,Marriott-BNACS
BNARF,Residence Inn Franklin Berry Farms,bnarf-residence-inn-franklin-berry-farms,Marriott-BNARF
BNACL,Residence Inn Franklin Cool Springs,bnacl-residence-inn-franklin-cool-springs,Marriott-BNACL
BNAFK,SpringHill Suites Franklin Cool Springs,bnafk-springhill-suites-franklin-cool-springs,Marriott-BNAFK
BNAAL,Aloft Nashville Franklin,bnaal-aloft-nashville-franklin,Marriott-BNAAL
BNATC,TownePlace Suites Franklin Cool Springs,bnatc-towneplace-suites-franklin-cool-springs,Marriott-BNATC
GTLCY,Courtyard Gatlinburg Downtown,gtlcy-courtyard-gatlinburg-downtown,Marriott-GTLCY
GTLFG,Fairfield Inn & Suites Gatlinburg Downtown,gtlfg-fairfield-inn-&-suites-gatlinburg-downtown,Marriott-GTLFG
MEMGT,Courtyard Memphis Germantown,memgt-courtyard-memphis-germantown,Marriott-MEMGT
MEMFG,Fairfield Inn & Suites Memphis Germantown,memfg-fairfield-inn-&-suites-memphis-germantown,Marriott-MEMFG
MEMGR,Residence Inn Memphis Germantown,memgr-residence-inn-memphis-germantown,Marriott-MEMGR
BNAGV,Courtyard Nashville Goodlettsville,bnagv-courtyard-nashville-goodlettsville,Marriott-BNAGV
BNATG,TownePlace Suites Nashville Goodlettsville,bnatg-towneplace-suites-nashville-goodlettsville,Marriott-BNATG
BNAFV,Fairfield Inn & Suites Nashville Hendersonville,bnafv-fairfield-inn-&-suites-nashville-hendersonville,Marriott-BNAFV
CHATH,TownePlace Suites Hixson,chath-towneplace-suites-hixson,Marriott-CHATH
MKLCY,Courtyard Jackson,mklcy-courtyard-jackson,Marriott-MKLCY
MKLJK,Fairfield Inn & Suites Jackson,mkljk-fairfield-inn-&-suites-jackson,Marriott-MKLJK
MKLRI,Residence Inn Jackson,mklri-residence-inn-jackson,Marriott-MKLRI
MKLSH,SpringHill Suites Jackson,mklsh-springhill-suites-jackson,Marriott-MKLSH
TRIJC,Courtyard Johnson City,trijc-courtyard-johnson-city,Marriott-TRIJC
TRITN,Fairfield Inn & Suites Johnson City,tritn-fairfield-inn-&-suites-johnson-city,Marriott-TRITN
TRIFK,Fairfield Inn & Suites Kingsport,trifk-fairfield-inn-&-suites-kingsport,Marriott-TRIFK
TRICC,MeadowView Conference Resort & Convention Center,tricc-meadowview-conference-resort-&-convention-center,Marriott-TRICC
TYSCY,Courtyard Knoxville Cedar Bluff,tyscy-courtyard-knoxville-cedar-bluff,Marriott-TYSCY
TYSDT,Courtyard Knoxville Downtown,tysdt-courtyard-knoxville-downtown,Marriott-TYSDT
TYSCK,Courtyard Knoxville West/Bearden,tysck-courtyard-knoxville-west/bearden,Marriott-TYSCK
TYSFN,Fairfield Inn & Suites Knoxville Northwest,tysfn-fairfield-inn-&-suites-knoxville-northwest,Marriott-TYSFN
TYSXW,Fairfield Inn & Suites Knoxville Turkey Creek,tysxw-fairfield-inn-&-suites-knoxville-turkey-creek,Marriott-TYSXW
TYSKE,Fairfield Inn & Suites Knoxville/East,tyske-fairfield-inn-&-suites-knoxville/east,Marriott-TYSKE
TYSKN,Marriott Knoxville Downtown,tyskn-marriott-knoxville-downtown,Marriott-TYSKN
TYSRI,Residence Inn Knoxville Cedar Bluff,tysri-residence-inn-knoxville-cedar-bluff,Marriott-TYSRI
TYSXV,Residence Inn Knoxville Downtown,tysxv-residence-inn-knoxville-downtown,Marriott-TYSXV
TYSKW,SpringHill Suites Knoxville at Turkey Creek,tyskw-springhill-suites-knoxville-at-turkey-creek,Marriott-TYSKW
TYSAL,Aloft Knoxville West,tysal-aloft-knoxville-west,Marriott-TYSAL
TYSEL,Element Knoxville West,tysel-element-knoxville-west,Marriott-TYSEL
TYSTS,TownePlace Suites Knoxville Cedar Bluff,tysts-towneplace-suites-knoxville-cedar-bluff,Marriott-TYSTS
TYSKD,Fairfield Inn & Suites Sevierville Kodak,tyskd-fairfield-inn-&-suites-sevierville-kodak,Marriott-TYSKD
BNALB,Fairfield Inn & Suites Lebanon,bnalb-fairfield-inn-&-suites-lebanon,Marriott-BNALB
TYSFL,Fairfield Inn & Suites Knoxville Lenoir City/I-75,tysfl-fairfield-inn-&-suites-knoxville-lenoir-city/i-75,Marriott-TYSFL
MEMCA,Courtyard Memphis Airport,memca-courtyard-memphis-airport,Marriott-MEMCA
MEMCD,Courtyard Memphis Downtown,memcd-courtyard-memphis-downtown,Marriott-MEMCD
MEMLX,Courtyard Memphis East/Bill Morris Parkway,memlx-courtyard-memphis-east/bill-morris-parkway,Marriott-MEMLX
MEMCG,Courtyard Memphis East/Galleria,memcg-courtyard-memphis-east/galleria,Marriott-MEMCG
MEMPA,Courtyard Memphis East/Park Avenue,mempa-courtyard-memphis-east/park-avenue,Marriott-MEMPA
MEMME,Fairfield Inn & Suites Memphis East/Galleria,memme-fairfield-inn-&-suites-memphis-east/galleria,Marriott-MEMME
MEMPL,Fairfield Inn & Suites Memphis I-240 & Perkins,mempl-fairfield-inn-&-suites-memphis-i-240-&-perkins,Marriott-MEMPL
MEMMM,Marriott Memphis East,memmm-marriott-memphis-east,Marriott-MEMMM
MEMOX,Moxy Memphis Downtown,memox-moxy-memphis-downtown,Marriott-MEMOX
MEMRI,Residence Inn Memphis Downtown,memri-residence-inn-memphis-downtown,Marriott-MEMRI
MEMMP,SpringHill Suites Memphis Downtown,memmp-springhill-suites-memphis-downtown,Marriott-MEMMP
MEMSS,SpringHill Suites Memphis East/Galleria,memss-springhill-suites-memphis-east/galleria,Marriott-MEMSS
MEMWF,Four Points by Sheraton Memphis - Southwind,memwf-four-points-by-sheraton-memphis---southwind,Marriott-MEMWF
MEMEF,Four Points by Sheraton Memphis East,memef-four-points-by-sheraton-memphis-east,Marriott-MEMEF
MEMDS,Sheraton Memphis Downtown Hotel,memds-sheraton-memphis-downtown-hotel,Marriott-MEMDS
MEMTD,"The Memphian, a Tribute Portfolio Hotel","memtd-the-memphian,-a-tribute-portfolio-hotel",Marriott-MEMTD
MEMWI,The Westin Memphis Beale Street,memwi-the-westin-memphis-beale-street,Marriott-MEMWI
TRIFM,Fairfield Inn & Suites Morristown,trifm-fairfield-inn-&-suites-morristown,Marriott-TRIFM
BNAMJ,Courtyard Nashville Mount Juliet,bnamj-courtyard-nashville-mount-juliet,Marriott-BNAMJ
BNARJ,Residence Inn Nashville Mt. Juliet,bnarj-residence-inn-nashville-mt.-juliet,Marriott-BNARJ
BNACB,Courtyard Nashville SE/Murfreesboro,bnacb-courtyard-nashville-se/murfreesboro,Marriott-BNACB
BNAMB,Fairfield Inn & Suites Murfreesboro,bnamb-fairfield-inn-&-suites-murfreesboro,Marriott-BNAMB
BNAMU,Residence Inn Nashville SE/Murfreesboro,bnamu-residence-inn-nashville-se/murfreesboro,Marriott-BNAMU
BNAAC,AC Hotel Nashville Downtown,bnaac-ac-hotel-nashville-downtown,Marriott-BNAAC
BNAAK,"The Union Station Nashville Yards, Autograph Collection","bnaak-the-union-station-nashville-yards,-autograph-collection",Marriott-BNAAK
BNACA,Courtyard Nashville Airport,bnaca-courtyard-nashville-airport,Marriott-BNACA
BNACO,Courtyard Nashville at Opryland,bnaco-courtyard-nashville-at-opryland,Marriott-BNACO
BNADT,Courtyard Nashville Downtown,bnadt-courtyard-nashville-downtown,Marriott-BNADT
BNAGH,Courtyard Nashville Green Hills,bnagh-courtyard-nashville-green-hills,Marriott-BNAGH
BNAWE,Courtyard Nashville Vanderbilt/West End,bnawe-courtyard-nashville-vanderbilt/west-end,Marriott-BNAWE
BNAAF,Fairfield Inn & Suites Nashville Airport,bnaaf-fairfield-inn-&-suites-nashville-airport,Marriott-BNAAF
BNAOP,Fairfield Inn & Suites Nashville at Opryland,bnaop-fairfield-inn-&-suites-nashville-at-opryland,Marriott-BNAOP
BNAFN,Fairfield Inn & Suites Nashville Downtown/The Gulch,bnafn-fairfield-inn-&-suites-nashville-downtown/the-gulch,Marriott-BNAFN
BNAFM,Fairfield Inn & Suites Nashville MetroCenter,bnafm-fairfield-inn-&-suites-nashville-metrocenter,Marriott-BNAFM
BNAFO,Fairfield Inn & Suites Nashville Near Vanderbilt,bnafo-fairfield-inn-&-suites-nashville-near-vanderbilt,Marriott-BNAFO
BNAGO,Gaylord Opryland Resort & Convention Center,bnago-gaylord-opryland-resort-&-convention-center,Marriott-BNAGO
BNAGI,"The Inn at Opryland, A Gaylord Hotel","bnagi-the-inn-at-opryland,-a-gaylord-hotel",Marriott-BNAGI
BNAJW,JW Marriott Nashville,bnajw-jw-marriott-nashville,Marriott-BNAJW
BNAAV,Nashville Marriott at Vanderbilt University,bnaav-nashville-marriott-at-vanderbilt-university,Marriott-BNAAV
BNAOX,Moxy Nashville Downtown,bnaox-moxy-nashville-downtown,Marriott-BNAOX
BNAOV,Moxy Nashville Vanderbilt Area,bnaov-moxy-nashville-vanderbilt-area,Marriott-BNAOV
BNASH,Renaissance Nashville Hotel,bnash-renaissance-nashville-hotel,Marriott-BNASH
BNABN,Residence Inn Nashville Airport,bnabn-residence-inn-nashville-airport,Marriott-BNABN
BNAOL,Residence Inn Nashville at Opryland,bnaol-residence-inn-nashville-at-opryland,Marriott-BNAOL
BNARN,Residence Inn Nashville Downtown/Convention Center,bnarn-residence-inn-nashville-downtown/convention-center,Marriott-BNARN
BNAGN,Residence Inn Nashville Green Hills,bnagn-residence-inn-nashville-green-hills,Marriott-BNAGN
BNAVB,Residence Inn Nashville Vanderbilt/West End,bnavb-residence-inn-nashville-vanderbilt/west-end,Marriott-BNAVB
BNASN,SpringHill Suites Nashville Downtown/Convention Center,bnasn-springhill-suites-nashville-downtown/convention-center,Marriott-BNASN
BNASM,SpringHill Suites Nashville MetroCenter,bnasm-springhill-suites-nashville-metrocenter,Marriott-BNASM
BNAVW,SpringHill Suites Nashville Vanderbilt/West End,bnavw-springhill-suites-nashville-vanderbilt/west-end,Marriott-BNAVW
BNAAA,Aloft Nashville Airport,bnaaa-aloft-nashville-airport,Marriott-BNAAA
BNAWL,Aloft Nashville West End,bnawl-aloft-nashville-west-end,Marriott-BNAWL
BNAEL,Element Nashville Airport,bnael-element-nashville-airport,Marriott-BNAEL
BNAEW,Element Nashville Vanderbilt West End,bnaew-element-nashville-vanderbilt-west-end,Marriott-BNAEW
BNAPA,Four Points by Sheraton Nashville Airport,bnapa-four-points-by-sheraton-nashville-airport,Marriott-BNAPA
BNALJ,"The Joseph, a Luxury Collection Hotel, Nashville","bnalj-the-joseph,-a-luxury-collection-hotel,-nashville",Marriott-BNALJ
BNAND,Sheraton Grand Nashville Downtown,bnand-sheraton-grand-nashville-downtown,Marriott-BNAND
BNASI,Sheraton Music City Nashville Airport,bnasi-sheraton-music-city-nashville-airport,Marriott-BNASI
BNATS,TownePlace Suites Nashville Airport,bnats-towneplace-suites-nashville-airport,Marriott-BNATS
BNATD,TownePlace Suites Nashville Downtown/Capitol District,bnatd-towneplace-suites-nashville-downtown/capitol-district,Marriott-BNATD
BNATW,TownePlace Suites Nashville Midtown,bnatw-towneplace-suites-nashville-midtown,Marriott-BNATW
BNAWN,W Nashville,bnawn-w-nashville,Marriott-BNAWN
BNAWI,The Westin Nashville,bnawi-the-westin-nashville,Marriott-BNAWI
TYSOR,TownePlace Suites Knoxville Oak Ridge,tysor-towneplace-suites-knoxville-oak-ridge,Marriott-TYSOR
CHAOW,SpringHill Suites Chattanooga North/Ooltewah,chaow-springhill-suites-chattanooga-north/ooltewah,Marriott-CHAOW
TYSCP,Courtyard Pigeon Forge,tyscp-courtyard-pigeon-forge,Marriott-TYSCP
TYSFF,Fairfield Inn & Suites Pigeon Forge,tysff-fairfield-inn-&-suites-pigeon-forge,Marriott-TYSFF
TYSRK,Residence Inn Pigeon Forge,tysrk-residence-inn-pigeon-forge,Marriott-TYSRK
TYSSP,SpringHill Suites Pigeon Forge,tyssp-springhill-suites-pigeon-forge,Marriott-TYSSP
TYSPT,"The Wayback, Pigeon Forge, A Tribute Portfolio Hotel","tyspt-the-wayback,-pigeon-forge,-a-tribute-portfolio-hotel",Marriott-TYSPT
BNAMY,Courtyard Nashville Smyrna,bnamy-courtyard-nashville-smyrna,Marriott-BNAMY
BNASY,Fairfield Inn & Suites Nashville Smyrna,bnasy-fairfield-inn-&-suites-nashville-smyrna,Marriott-BNASY
BNANS,TownePlace Suites Nashville Smyrna,bnans-towneplace-suites-nashville-smyrna,Marriott-BNANS
ABINE,Courtyard Abilene Northeast,abine-courtyard-abilene-northeast,Marriott-ABINE
ABICY,Courtyard Abilene Southwest/Abilene Mall South,abicy-courtyard-abilene-southwest/abilene-mall-south,Marriott-ABICY
ABIFI,Fairfield Inn & Suites Abilene,abifi-fairfield-inn-&-suites-abilene,Marriott-ABIFI
ABIRI,Residence Inn Abilene,abiri-residence-inn-abilene,Marriott-ABIRI
ABITS,TownePlace Suites Abilene Northeast,abits-towneplace-suites-abilene-northeast,Marriott-ABITS
DALAD,Courtyard Dallas Addison/Midway,dalad-courtyard-dallas-addison/midway,Marriott-DALAD
DALQD,Courtyard Dallas Addison/Quorum Drive,dalqd-courtyard-dallas-addison/quorum-drive,Marriott-DALQD
DALIC,Renaissance Dallas Addison Hotel,dalic-renaissance-dallas-addison-hotel,Marriott-DALIC
DALSH,SpringHill Suites Dallas Addison/Quorum Drive,dalsh-springhill-suites-dallas-addison/quorum-drive,Marriott-DALSH
DALAN,Courtyard Dallas Allen at the Event Center,dalan-courtyard-dallas-allen-at-the-event-center,Marriott-DALAN
DALEN,Marriott Dallas Allen Hotel & Convention Center,dalen-marriott-dallas-allen-hotel-&-convention-center,Marriott-DALEN
AMAAK,"The Barfield, Autograph Collection","amaak-the-barfield,-autograph-collection",Marriott-AMAAK
AMADT,Courtyard Amarillo Downtown,amadt-courtyard-amarillo-downtown,Marriott-AMADT
AMACY,Courtyard Amarillo West/Medical Center,amacy-courtyard-amarillo-west/medical-center,Marriott-AMACY
AMAAP,Fairfield Inn & Suites Amarillo Airport,amaap-fairfield-inn-&-suites-amarillo-airport,Marriott-AMAAP
AMAFD,Fairfield Inn & Suites Amarillo Central,amafd-fairfield-inn-&-suites-amarillo-central,Marriott-AMAFD
AMAFI,Fairfield Inn & Suites Amarillo West/Medical Center,amafi-fairfield-inn-&-suites-amarillo-west/medical-center,Marriott-AMAFI
AMARI,Residence Inn Amarillo,amari-residence-inn-amarillo,Marriott-AMARI
AMASH,SpringHill Suites Amarillo,amash-springhill-suites-amarillo,Marriott-AMASH
AMAFP,Four Points by Sheraton Amarillo Central,amafp-four-points-by-sheraton-amarillo-central,Marriott-AMAFP
AMATS,TownePlace Suites Amarillo West/Medical Center,amats-towneplace-suites-amarillo-west/medical-center,Marriott-AMATS
CRPFC,Fairfield Inn & Suites Corpus Christi Aransas Pass,crpfc-fairfield-inn-&-suites-corpus-christi-aransas-pass,Marriott-CRPFC
DALAC,Courtyard Dallas Arlington South,dalac-courtyard-dallas-arlington-south,Marriott-DALAC
DALAL,Courtyard Dallas Arlington/Entertainment District,dalal-courtyard-dallas-arlington/entertainment-district,Marriott-DALAL
DFWAR,Fairfield Inn & Suites Arlington Near Six Flags,dfwar-fairfield-inn-&-suites-arlington-near-six-flags,Marriott-DFWAR
DALFA,Fairfield Inn & Suites Dallas Arlington South,dalfa-fairfield-inn-&-suites-dallas-arlington-south,Marriott-DALFA
DALAR,Residence Inn Arlington,dalar-residence-inn-arlington,Marriott-DALAR
DALAG,Residence Inn Dallas Arlington South,dalag-residence-inn-dallas-arlington-south,Marriott-DALAG
DFWSH,SpringHill Suites Dallas Arlington North,dfwsh-springhill-suites-dallas-arlington-north,Marriott-DFWSH
DALAE,Aloft Dallas Arlington Entertainment District,dalae-aloft-dallas-arlington-entertainment-district,Marriott-DALAE
DFWLD,Aloft Dallas Arlington South,dfwld-aloft-dallas-arlington-south,Marriott-DFWLD
DFWFA,Four Points by Sheraton Dallas Arlington Entertainment District,dfwfa-four-points-by-sheraton-dallas-arlington-entertainment-district,Marriott-DFWFA
DALGI,Sheraton Arlington Hotel,dalgi-sheraton-arlington-hotel,Marriott-DALGI
DFWTA,TownePlace Suites Dallas Arlington North,dfwta-towneplace-suites-dallas-arlington-north,Marriott-DFWTA
AUSAT,AC Hotel Austin Hill Country,ausat-ac-hotel-austin-hill-country,Marriott-AUSAT
AUSAW,AC Hotel Austin-University,ausaw-ac-hotel-austin-university,Marriott-AUSAW
AUSAK,"The Otis Hotel Austin, Autograph Collection","ausak-the-otis-hotel-austin,-autograph-collection",Marriott-AUSAK
AUSAA,Courtyard Austin Airport,ausaa-courtyard-austin-airport,Marriott-AUSAA
AUSCD,Courtyard Austin Downtown/Convention Center,auscd-courtyard-austin-downtown/convention-center,Marriott-AUSCD
AUSNP,Courtyard Austin Parmer/Tech Ridge,ausnp-courtyard-austin-parmer/tech-ridge,Marriott-AUSNP
AUSNL,Courtyard Austin Northwest/Lakeline,ausnl-courtyard-austin-northwest/lakeline,Marriott-AUSNL
AUSSE,Courtyard Austin South,ausse-courtyard-austin-south,Marriott-AUSSE
AUSNW,Courtyard Austin The Domain Area,ausnw-courtyard-austin-the-domain-area,Marriott-AUSNW
AUSCY,Courtyard Austin-University Area,auscy-courtyard-austin-university-area,Marriott-AUSCY
AUSFD,Fairfield Inn & Suites Austin Downtown,ausfd-fairfield-inn-&-suites-austin-downtown,Marriott-AUSFD
AUSRB,Fairfield Inn & Suites Austin Northwest/Research Blvd,ausrb-fairfield-inn-&-suites-austin-northwest/research-blvd,Marriott-AUSRB
AUSPB,Fairfield Inn & Suites Austin Northwest/The Domain Area,auspb-fairfield-inn-&-suites-austin-northwest/the-domain-area,Marriott-AUSPB
AUSPL,Fairfield Inn & Suites Austin Parmer/Tech Ridge,auspl-fairfield-inn-&-suites-austin-parmer/tech-ridge,Marriott-AUSPL
AUSFS,Fairfield Inn & Suites Austin South,ausfs-fairfield-inn-&-suites-austin-south,Marriott-AUSFS
AUSFI,Fairfield Inn & Suites Austin-University Area,ausfi-fairfield-inn-&-suites-austin-university-area,Marriott-AUSFI
AUSJW,JW Marriott Austin,ausjw-jw-marriott-austin,Marriott-AUSJW
AUSMD,Austin Marriott Downtown,ausmd-austin-marriott-downtown,Marriott-AUSMD
AUSAP,Austin Marriott South,ausap-austin-marriott-south,Marriott-AUSAP
AUSOX,Moxy Austin - University,ausox-moxy-austin---university,Marriott-AUSOX
AUSSH,Renaissance Austin Hotel,aussh-renaissance-austin-hotel,Marriott-AUSSH
AUSRA,Residence Inn Austin Airport,ausra-residence-inn-austin-airport,Marriott-AUSRA
AUSRD,Residence Inn Austin Downtown/Convention Center,ausrd-residence-inn-austin-downtown/convention-center,Marriott-AUSRD
AUSLA,Residence Inn Austin Lake Travis/River Place,ausla-residence-inn-austin-lake-travis/river-place,Marriott-AUSLA
AUSNB,Residence Inn Austin Northwest/The Domain Area,ausnb-residence-inn-austin-northwest/the-domain-area,Marriott-AUSNB
AUSRN,Residence Inn Austin Parmer/Tech Ridge,ausrn-residence-inn-austin-parmer/tech-ridge,Marriott-AUSRN
AUSRS,Residence Inn Austin South,ausrs-residence-inn-austin-south,Marriott-AUSRS
AUSWE,Residence Inn Austin Southwest,auswe-residence-inn-austin-southwest,Marriott-AUSWE
AUSRI,Residence Inn Austin The Domain Area,ausri-residence-inn-austin-the-domain-area,Marriott-AUSRI
AUSRT,Residence Inn Austin-University Area,ausrt-residence-inn-austin-university-area,Marriott-AUSRT
AUSSW,SpringHill Suites by Marriott Austin North,aussw-springhill-suites-by-marriott-austin-north,Marriott-AUSSW
AUSNE,SpringHill Suites Austin Parmer/Tech Ridge,ausne-springhill-suites-austin-parmer/tech-ridge,Marriott-AUSNE
AUSST,SpringHill Suites Austin South,ausst-springhill-suites-austin-south,Marriott-AUSST
AUSSN,SpringHill Suites Austin The Domain Area,aussn-springhill-suites-austin-the-domain-area,Marriott-AUSSN
AUSPA,Aloft Austin Airport,auspa-aloft-austin-airport,Marriott-AUSPA
AUSAL,Aloft Austin at The Domain,ausal-aloft-austin-at-the-domain,Marriott-AUSAL
AUSDA,Aloft Austin Downtown,ausda-aloft-austin-downtown,Marriott-AUSDA
AUSTL,Aloft Austin Northwest,austl-aloft-austin-northwest,Marriott-AUSTL
AUSSA,Aloft Austin South,aussa-aloft-austin-south,Marriott-AUSSA
AUSWA,Aloft Austin Southwest,auswa-aloft-austin-southwest,Marriott-AUSWA
AUSDS,"Austin Proper Hotel, a Member of Design Hotels™","ausds-austin-proper-hotel,-a-member-of-design-hotels™",Marriott-AUSDS
AUSEL,Element Austin at The Domain,ausel-element-austin-at-the-domain,Marriott-AUSEL
AUSED,Element Austin Downtown,aused-element-austin-downtown,Marriott-AUSED
AUSFR,Four Points by Sheraton Austin Airport,ausfr-four-points-by-sheraton-austin-airport,Marriott-AUSFR
AUSCS,Sheraton Austin Hotel at the Capitol,auscs-sheraton-austin-hotel-at-the-capitol,Marriott-AUSCS
AUSLN,TownePlace Suites Austin North/Lakeline,ausln-towneplace-suites-austin-north/lakeline,Marriott-AUSLN
AUSTE,TownePlace Suites Austin Northwest/The Domain Area,auste-towneplace-suites-austin-northwest/the-domain-area,Marriott-AUSTE
AUSTS,TownePlace Suites Austin Parmer/Tech Ridge,austs-towneplace-suites-austin-parmer/tech-ridge,Marriott-AUSTS
AUSTN,TownePlace Suites Austin Round Rock,austn-towneplace-suites-austin-round-rock,Marriott-AUSTN
AUSTO,TownePlace Suites Austin South,austo-towneplace-suites-austin-south,Marriott-AUSTO
AUSTU,Austin Southpark Hotel,austu-austin-southpark-hotel,Marriott-AUSTU
AUSWH,W Austin,auswh-w-austin,Marriott-AUSWH
AUSDW,The Westin Austin at The Domain,ausdw-the-westin-austin-at-the-domain,Marriott-AUSDW
AUSWI,The Westin Austin Downtown,auswi-the-westin-austin-downtown,Marriott-AUSWI
BBCFI,Fairfield Inn & Suites Bay City,bbcfi-fairfield-inn-&-suites-bay-city,Marriott-BBCFI
HOUBT,SpringHill Suites Houston Baytown,houbt-springhill-suites-houston-baytown,Marriott-HOUBT
HOUTB,TownePlace Suites Houston Baytown,houtb-towneplace-suites-houston-baytown,Marriott-HOUTB
BPTCY,Courtyard Beaumont,bptcy-courtyard-beaumont,Marriott-BPTCY
BPTFI,Fairfield Inn & Suites Beaumont,bptfi-fairfield-inn-&-suites-beaumont,Marriott-BPTFI
BPTRI,Residence Inn Beaumont,bptri-residence-inn-beaumont,Marriott-BPTRI
DALBD,Courtyard Dallas-Fort Worth/Bedford,dalbd-courtyard-dallas-fort-worth/bedford,Marriott-DALBD
DFWWB,Residence Inn Dallas DFW Airport West/Bedford,dfwwb-residence-inn-dallas-dfw-airport-west/bedford,Marriott-DFWWB
DALBT,TownePlace Suites Dallas Bedford,dalbt-towneplace-suites-dallas-bedford,Marriott-DALBT
MAFTB,TownePlace Suites Big Spring,maftb-towneplace-suites-big-spring,Marriott-MAFTB
SATBO,Fairfield Inn & Suites San Antonio Boerne,satbo-fairfield-inn-&-suites-san-antonio-boerne,Marriott-SATBO
BROCY,Courtyard Brownsville,brocy-courtyard-brownsville,Marriott-BROCY
BROFI,Fairfield Inn & Suites Brownsville North,brofi-fairfield-inn-&-suites-brownsville-north,Marriott-BROFI
BRORI,Residence Inn Brownsville,brori-residence-inn-brownsville,Marriott-BRORI
CLLAK,"The Stella Hotel, Autograph Collection","cllak-the-stella-hotel,-autograph-collection",Marriott-CLLAK
CLLBI,Fairfield Inn & Suites Bryan College Station,cllbi-fairfield-inn-&-suites-bryan-college-station,Marriott-CLLBI
AUSBU,Fairfield Inn & Suites Austin Buda,ausbu-fairfield-inn-&-suites-austin-buda,Marriott-AUSBU
DALRL,Courtyard Dallas Carrollton and Carrollton Conference Center,dalrl-courtyard-dallas-carrollton-and-carrollton-conference-center,Marriott-DALRL
DALEH,Fairfield Inn & Suites Dallas Cedar Hill,daleh-fairfield-inn-&-suites-dallas-cedar-hill,Marriott-DALEH
AUSCP,SpringHill Suites Austin Cedar Park,auscp-springhill-suites-austin-cedar-park,Marriott-AUSCP
HOUCV,Fairfield Inn & Suites Houston Channelview,houcv-fairfield-inn-&-suites-houston-channelview,Marriott-HOUCV
HOUCT,TownePlace Suites Lake Jackson Clute,houct-towneplace-suites-lake-jackson-clute,Marriott-HOUCT
CLLCY,Courtyard Bryan College Station,cllcy-courtyard-bryan-college-station,Marriott-CLLCY
CLLRI,Residence Inn Bryan College Station,cllri-residence-inn-bryan-college-station,Marriott-CLLRI
CLLAL,Aloft College Station,cllal-aloft-college-station,Marriott-CLLAL
CLLTB,TownePlace Suites College Station,clltb-towneplace-suites-college-station,Marriott-CLLTB
HOUCR,Fairfield Inn & Suites Houston Conroe Near The Woodlands®,houcr-fairfield-inn-&-suites-houston-conroe-near-the-woodlands®,Marriott-HOUCR
HOUTO,TownePlace Suites Conroe,houto-towneplace-suites-conroe,Marriott-HOUTO
DALFC,Fairfield Inn & Suites Dallas DFW Airport North/Coppell Grapevine,dalfc-fairfield-inn-&-suites-dallas-dfw-airport-north/coppell-grapevine,Marriott-DALFC
DALAV,Aloft Dallas DFW Airport Grapevine,dalav-aloft-dallas-dfw-airport-grapevine,Marriott-DALAV
DFWFP,Four Points by Sheraton Dallas Fort Worth Airport North,dfwfp-four-points-by-sheraton-dallas-fort-worth-airport-north,Marriott-DFWFP
DFWCF,Fairfield Inn & Suites Corinth South Denton Area,dfwcf-fairfield-inn-&-suites-corinth-south-denton-area,Marriott-DFWCF
CRPCY,Courtyard Corpus Christi,crpcy-courtyard-corpus-christi,Marriott-CRPCY
CRPFI,Fairfield Inn & Suites Corpus Christi,crpfi-fairfield-inn-&-suites-corpus-christi,Marriott-CRPFI
CRPFW,Fairfield Inn & Suites Corpus Christi Central,crpfw-fairfield-inn-&-suites-corpus-christi-central,Marriott-CRPFW
CRPRI,Residence Inn Corpus Christi,crpri-residence-inn-corpus-christi,Marriott-CRPRI
CRPDR,Residence Inn Corpus Christi Downtown,crpdr-residence-inn-corpus-christi-downtown,Marriott-CRPDR
CRPSH,SpringHill Suites Corpus Christi,crpsh-springhill-suites-corpus-christi,Marriott-CRPSH
CRPAL,Aloft Corpus Christi,crpal-aloft-corpus-christi,Marriott-CRPAL
CRPTS,TownePlace Suites Corpus Christi,crpts-towneplace-suites-corpus-christi,Marriott-CRPTS
COTFI,Fairfield Inn & Suites Cotulla,cotfi-fairfield-inn-&-suites-cotulla,Marriott-COTFI
VCTCU,Fairfield Inn & Suites Cuero,vctcu-fairfield-inn-&-suites-cuero,Marriott-VCTCU
HOUYP,Courtyard Houston Northwest/Cypress,houyp-courtyard-houston-northwest/cypress,Marriott-HOUYP
DALNC,AC Hotel Dallas by the Galleria,dalnc-ac-hotel-dallas-by-the-galleria,Marriott-DALNC
DALXS,AC Hotel Dallas Downtown,dalxs-ac-hotel-dallas-downtown,Marriott-DALXS
DALAK,"The Adolphus, Autograph Collection","dalak-the-adolphus,-autograph-collection",Marriott-DALAK
DALWD,Courtyard Dallas Downtown/Reunion District,dalwd-courtyard-dallas-downtown/reunion-district,Marriott-DALWD
DALCH,Courtyard Dallas Medical/Market Center,dalch-courtyard-dallas-medical/market-center,Marriott-DALCH
DALNW,Courtyard Dallas Northwest,dalnw-courtyard-dallas-northwest,Marriott-DALNW
DALTY,Fairfield Inn & Suites Dallas Downtown,dalty-fairfield-inn-&-suites-dallas-downtown,Marriott-DALTY
DALFE,Fairfield Inn & Suites Dallas East,dalfe-fairfield-inn-&-suites-dallas-east,Marriott-DALFE
DALFD,Fairfield Inn & Suites Dallas Love Field,dalfd-fairfield-inn-&-suites-dallas-love-field,Marriott-DALFD
DALMC,Fairfield Inn & Suites Dallas Medical/Market Center,dalmc-fairfield-inn-&-suites-dallas-medical/market-center,Marriott-DALMC
DALPC,Fairfield Inn & Suites Dallas Park Central,dalpc-fairfield-inn-&-suites-dallas-park-central,Marriott-DALPC
DALWF,Fairfield Inn & Suites Dallas West/I-30,dalwf-fairfield-inn-&-suites-dallas-west/i-30,Marriott-DALWF
DALJA,JW Marriott Dallas Arts District,dalja-jw-marriott-dallas-arts-district,Marriott-DALJA
DALDT,Dallas Marriott Downtown,daldt-dallas-marriott-downtown,Marriott-DALDT
DALMT,Dallas Marriott Suites Medical/Market Center,dalmt-dallas-marriott-suites-medical/market-center,Marriott-DALMT
DALQC,Dallas/Addison Marriott Quorum by the Galleria,dalqc-dallas/addison-marriott-quorum-by-the-galleria,Marriott-DALQC
DALMU,Marriott Dallas Uptown,dalmu-marriott-dallas-uptown,Marriott-DALMU
DALBR,Renaissance Dallas Hotel,dalbr-renaissance-dallas-hotel,Marriott-DALBR
DALRE,Renaissance Dallas North Hotel,dalre-renaissance-dallas-north-hotel,Marriott-DALRE
DALBW,Renaissance Saint Elm Dallas Downtown Hotel,dalbw-renaissance-saint-elm-dallas-downtown-hotel,Marriott-DALBW
DALAS,Residence Inn Dallas Addison/Quorum Drive,dalas-residence-inn-dallas-addison/quorum-drive,Marriott-DALAS
DALWT,Residence Inn Dallas at The Canyon,dalwt-residence-inn-dallas-at-the-canyon,Marriott-DALWT
DALDR,Residence Inn Dallas by the Galleria,daldr-residence-inn-dallas-by-the-galleria,Marriott-DALDR
DALDZ,Residence Inn Dallas Downtown,daldz-residence-inn-dallas-downtown,Marriott-DALDZ
DALRP,Residence Inn Dallas Park Central,dalrp-residence-inn-dallas-park-central,Marriott-DALRP
DALSX,SpringHill Suites Dallas Central Expressway,dalsx-springhill-suites-dallas-central-expressway,Marriott-DALSX
DALWE,SpringHill Suites Dallas Downtown/West End,dalwe-springhill-suites-dallas-downtown/west-end,Marriott-DALWE
DALSS,SpringHill Suites Dallas NW Highway at Stemmons/I-35E,dalss-springhill-suites-dallas-nw-highway-at-stemmons/i-35e,Marriott-DALSS
DALPH,SpringHill Suites Dallas Richardson/University Area,dalph-springhill-suites-dallas-richardson/university-area,Marriott-DALPH
DALRZ,"The Ritz-Carlton, Dallas","dalrz-the-ritz-carlton,-dallas",Marriott-DALRZ
DALDL,Aloft Dallas Downtown,daldl-aloft-dallas-downtown,Marriott-DALDL
DALLO,Aloft Dallas Love Field,dallo-aloft-dallas-love-field,Marriott-DALLO
DALEA,Element Dallas Downtown East,dalea-element-dallas-downtown-east,Marriott-DALEA
DALEL,Element Dallas Love Field,dalel-element-dallas-love-field,Marriott-DALEL
DALMD,Le Méridien Dallas by the Galleria,dalmd-le-méridien-dallas-by-the-galleria,Marriott-DALMD
DALML,"Le Méridien Dallas, The Stoneleigh","dalml-le-méridien-dallas,-the-stoneleigh",Marriott-DALML
DALDH,Sheraton Dallas Hotel,daldh-sheraton-dallas-hotel,Marriott-DALDH
DALSL,Sheraton Dallas Hotel by the Galleria,dalsl-sheraton-dallas-hotel-by-the-galleria,Marriott-DALSL
DALSI,Sheraton Suites Market Center Dallas,dalsi-sheraton-suites-market-center-dallas,Marriott-DALSI
DALTX,TownePlace Suites Dallas Downtown,daltx-towneplace-suites-dallas-downtown,Marriott-DALTX
DALWH,W Dallas,dalwh-w-dallas,Marriott-DALWH
DALDW,The Westin Dallas Downtown,daldw-the-westin-dallas-downtown,Marriott-DALDW
DALWI,The Westin Dallas Park Central,dalwi-the-westin-dallas-park-central,Marriott-DALWI
DALGW,The Westin Galleria Dallas,dalgw-the-westin-galleria-dallas,Marriott-DALGW
DFWCA,Fairfield Inn & Suites Decatur at Decatur Conference Center,dfwca-fairfield-inn-&-suites-decatur-at-decatur-conference-center,Marriott-DFWCA
DFWDE,Courtyard Denton,dfwde-courtyard-denton,Marriott-DFWDE
DFWDN,Fairfield Inn & Suites Denton,dfwdn-fairfield-inn-&-suites-denton,Marriott-DFWDN
DFWRD,Residence Inn Denton,dfwrd-residence-inn-denton,Marriott-DFWRD
DFWSD,SpringHill Suites Denton,dfwsd-springhill-suites-denton,Marriott-DFWSD
DALDS,TownePlace Suites Dallas DeSoto,dalds-towneplace-suites-dallas-desoto,Marriott-DALDS
AUSDI,Courtyard Austin Dripping Springs,ausdi-courtyard-austin-dripping-springs,Marriott-AUSDI
EGPTS,TownePlace Suites Eagle Pass,egpts-towneplace-suites-eagle-pass,Marriott-EGPTS
MFETS,TownePlace Suites McAllen Edinburg,mfets-towneplace-suites-mcallen-edinburg,Marriott-MFETS
ELPAK,"Hotel Paso Del Norte, Autograph Collection","elpak-hotel-paso-del-norte,-autograph-collection",Marriott-ELPAK
ELPCY,Courtyard El Paso Airport,elpcy-courtyard-el-paso-airport,Marriott-ELPCY
ELPCV,Courtyard El Paso Downtown/Convention Center,elpcv-courtyard-el-paso-downtown/convention-center,Marriott-ELPCV
ELPCE,Courtyard El Paso East/I-10,elpce-courtyard-el-paso-east/i-10,Marriott-ELPCE
ELPFI,Fairfield Inn & Suites El Paso,elpfi-fairfield-inn-&-suites-el-paso,Marriott-ELPFI
ELPFA,Fairfield Inn & Suites El Paso Airport,elpfa-fairfield-inn-&-suites-el-paso-airport,Marriott-ELPFA
ELPTX,Marriott El Paso,elptx-marriott-el-paso,Marriott-ELPTX
ELPRI,Residence Inn El Paso,elpri-residence-inn-el-paso,Marriott-ELPRI
ELPSE,SpringHill Suites El Paso,elpse-springhill-suites-el-paso,Marriott-ELPSE
ELPHA,SpringHill Suites El Paso Airport,elpha-springhill-suites-el-paso-airport,Marriott-ELPHA
ELPAL,Aloft El Paso Downtown,elpal-aloft-el-paso-downtown,Marriott-ELPAL
ELPTS,TownePlace Suites El Paso Airport,elpts-towneplace-suites-el-paso-airport,Marriott-ELPTS
ELPTE,TownePlace Suites El Paso East/I-10,elpte-towneplace-suites-el-paso-east/i-10,Marriott-ELPTE
ELPTN,TownePlace Suites El Paso North,elptn-towneplace-suites-el-paso-north,Marriott-ELPTN
DFWAE,Aloft Dallas Euless,dfwae-aloft-dallas-euless,Marriott-DFWAE
DALFV,Residence Inn Dallas Allen/Fairview,dalfv-residence-inn-dallas-allen/fairview,Marriott-DALFV
DALMO,Courtyard Dallas Flower Mound,dalmo-courtyard-dallas-flower-mound,Marriott-DALMO
FSTFI,Fairfield Inn & Suites Fort Stockton,fstfi-fairfield-inn-&-suites-fort-stockton,Marriott-FSTFI
DFWAC,AC Hotel Fort Worth Downtown,dfwac-ac-hotel-fort-worth-downtown,Marriott-DFWAC
DFWAK,"Hotel Drover, Autograph Collection","dfwak-hotel-drover,-autograph-collection",Marriott-DFWAK
DALSN,"The Sinclair, Autograph Collection","dalsn-the-sinclair,-autograph-collection",Marriott-DALSN
DFWAT,Courtyard Fort Worth at Alliance Town Center,dfwat-courtyard-fort-worth-at-alliance-town-center,Marriott-DFWAT
DFWMS,Courtyard Fort Worth Downtown/Blackstone,dfwms-courtyard-fort-worth-downtown/blackstone,Marriott-DFWMS
DFWCN,Courtyard Fort Worth Historic Stockyards,dfwcn-courtyard-fort-worth-historic-stockyards,Marriott-DFWCN
DFWWL,Courtyard Fort Worth I-30 West Near NAS JRB,dfwwl-courtyard-fort-worth-i-30-west-near-nas-jrb,Marriott-DFWWL
DFWCH,Courtyard Fort Worth University Drive,dfwch-courtyard-fort-worth-university-drive,Marriott-DFWCH
DALSW,Courtyard Fort Worth West at Cityview,dalsw-courtyard-fort-worth-west-at-cityview,Marriott-DALSW
DFWNO,Fairfield Inn & Suites Fort Worth Alliance Airport,dfwno-fairfield-inn-&-suites-fort-worth-alliance-airport,Marriott-DFWNO
DFWFD,Fairfield Inn & Suites Fort Worth Downtown/Convention Center,dfwfd-fairfield-inn-&-suites-fort-worth-downtown/convention-center,Marriott-DFWFD
DFWJR,Fairfield Inn & Suites Fort Worth I-30 West Near NAS JRB,dfwjr-fairfield-inn-&-suites-fort-worth-i-30-west-near-nas-jrb,Marriott-DFWJR
DFWBU,Fairfield Inn & Suites Fort Worth South/Burleson,dfwbu-fairfield-inn-&-suites-fort-worth-south/burleson,Marriott-DFWBU
DFWFI,Fairfield Inn & Suites Fort Worth Southwest at Cityview,dfwfi-fairfield-inn-&-suites-fort-worth-southwest-at-cityview,Marriott-DFWFI
DFWUN,Fairfield Inn & Suites Fort Worth University Drive,dfwun-fairfield-inn-&-suites-fort-worth-university-drive,Marriott-DFWUN
DFWNF,Fairfield Inn & Suites Fort Worth/Fossil Creek,dfwnf-fairfield-inn-&-suites-fort-worth/fossil-creek,Marriott-DFWNF
DFWMC,Dallas/Fort Worth Marriott Hotel & Golf Club at Champions Circle,dfwmc-dallas/fort-worth-marriott-hotel-&-golf-club-at-champions-circle,Marriott-DFWMC
DFWAM,Marriott DFW Airport South,dfwam-marriott-dfw-airport-south,Marriott-DFWAM
DFWDT,The Worthington Renaissance Fort Worth Hotel,dfwdt-the-worthington-renaissance-fort-worth-hotel,Marriott-DFWDT
DFWAL,Residence Inn Fort Worth Alliance Airport,dfwal-residence-inn-fort-worth-alliance-airport,Marriott-DFWAL
DFWRW,Residence Inn Fort Worth Cultural District,dfwrw-residence-inn-fort-worth-cultural-district,Marriott-DFWRW
DFWRF,Residence Inn Fort Worth Southwest,dfwrf-residence-inn-fort-worth-southwest,Marriott-DFWRF
DFWSU,SpringHill Suites Dallas DFW Airport South/CentrePort,dfwsu-springhill-suites-dallas-dfw-airport-south/centreport,Marriott-DFWSU
DFWOS,SpringHill Suites Fort Worth Fossil Creek,dfwos-springhill-suites-fort-worth-fossil-creek,Marriott-DFWOS
DFWSY,SpringHill Suites Fort Worth Historic Stockyards,dfwsy-springhill-suites-fort-worth-historic-stockyards,Marriott-DFWSY
DFWUV,SpringHill Suites Fort Worth University,dfwuv-springhill-suites-fort-worth-university,Marriott-DFWUV
DFWAD,Aloft Fort Worth Downtown,dfwad-aloft-fort-worth-downtown,Marriott-DFWAD
DFWPF,Four Points by Sheraton Fort Worth North,dfwpf-four-points-by-sheraton-fort-worth-north,Marriott-DFWPF
DALWM,Le Méridien Fort Worth Downtown,dalwm-le-méridien-fort-worth-downtown,Marriott-DALWM
DFWDS,Sheraton Fort Worth Downtown Hotel,dfwds-sheraton-fort-worth-downtown-hotel,Marriott-DFWDS
DFWTD,TownePlace Suites Fort Worth Downtown,dfwtd-towneplace-suites-fort-worth-downtown,Marriott-DFWTD
DFWTS,TownePlace Suites Fort Worth Southwest/TCU Area,dfwts-towneplace-suites-fort-worth-southwest/tcu-area,Marriott-DFWTS
DFWTU,TownePlace Suites Fort Worth University Area/Medical Center,dfwtu-towneplace-suites-fort-worth-university-area/medical-center,Marriott-DFWTU
ERVFI,Fairfield Inn & Suites Fredericksburg,ervfi-fairfield-inn-&-suites-fredericksburg,Marriott-ERVFI
DALAF,AC Hotel Dallas Frisco,dalaf-ac-hotel-dallas-frisco,Marriott-DALAF
DALRF,Residence Inn Dallas Frisco,dalrf-residence-inn-dallas-frisco,Marriott-DALRF
DALLF,Aloft Frisco,dallf-aloft-frisco,Marriott-DALLF
DALSA,Sheraton Stonebriar Hotel,dalsa-sheraton-stonebriar-hotel,Marriott-DALSA
DALSB,The Westin Dallas Stonebriar Golf Resort & Spa,dalsb-the-westin-dallas-stonebriar-golf-resort-&-spa,Marriott-DALSB
GLEFI,Fairfield Inn & Suites Gainesville I-35,glefi-fairfield-inn-&-suites-gainesville-i-35,Marriott-GLEFI
HOUGA,"Grand Galvez Resort, Autograph Collection","houga-grand-galvez-resort,-autograph-collection",Marriott-HOUGA
GLSCY,Courtyard Galveston Island,glscy-courtyard-galveston-island,Marriott-GLSCY
HOURG,Residence Inn Galveston Island,hourg-residence-inn-galveston-island,Marriott-HOURG
GLSSH,SpringHill Suites Galveston Island,glssh-springhill-suites-galveston-island,Marriott-GLSSH
GLSTS,TownePlace Suites Galveston Island,glsts-towneplace-suites-galveston-island,Marriott-GLSTS
HOUGX,"The Tremont House, Galveston, a Tribute Portfolio Hotel","hougx-the-tremont-house,-galveston,-a-tribute-portfolio-hotel",Marriott-HOUGX
AUSGT,Fairfield Inn & Suites Austin Georgetown,ausgt-fairfield-inn-&-suites-austin-georgetown,Marriott-AUSGT
ILEGT,Sheraton Austin Georgetown Hotel & Conference Center,ilegt-sheraton-austin-georgetown-hotel-&-conference-center,Marriott-ILEGT
DALCG,Courtyard Dallas Grand Prairie,dalcg-courtyard-dallas-grand-prairie,Marriott-DALCG
DALGA,"Hotel Vin, Autograph Collection","dalga-hotel-vin,-autograph-collection",Marriott-DALGA
DFWGV,Courtyard Dallas DFW Airport North/Grapevine,dfwgv-courtyard-dallas-dfw-airport-north/grapevine,Marriott-DFWGV
DALGT,Gaylord Texan Resort & Convention Center,dalgt-gaylord-texan-resort-&-convention-center,Marriott-DALGT
DALGP,Residence Inn DFW Airport North/Grapevine,dalgp-residence-inn-dfw-airport-north/grapevine,Marriott-DALGP
DALGV,SpringHill Suites Dallas DFW Airport North/Grapevine,dalgv-springhill-suites-dallas-dfw-airport-north/grapevine,Marriott-DALGV
DALTG,TownePlace Suites Dallas DFW Airport North/Grapevine,daltg-towneplace-suites-dallas-dfw-airport-north/grapevine,Marriott-DALTG
HRLCY,Courtyard Harlingen,hrlcy-courtyard-harlingen,Marriott-HRLCY
BROBV,Residence Inn Harlingen,brobv-residence-inn-harlingen,Marriott-BROBV
HOUAC,AC Hotel Houston Downtown,houac-ac-hotel-houston-downtown,Marriott-HOUAC
HOUAK,"Hotel ICON, Autograph Collection","houak-hotel-icon,-autograph-collection",Marriott-HOUAK
HOUKD,"The Laura Hotel, Houston Downtown, Autograph Collection","houkd-the-laura-hotel,-houston-downtown,-autograph-collection",Marriott-HOUKD
HOUCY,Courtyard Houston Brookhollow,houcy-courtyard-houston-brookhollow,Marriott-HOUCY
HOUGC,Courtyard Houston by The Galleria,hougc-courtyard-houston-by-the-galleria,Marriott-HOUGC
HOUDT,Courtyard Houston Downtown/Convention Center,houdt-courtyard-houston-downtown/convention-center,Marriott-HOUDT
HOUCW,Courtyard Houston Heights/I-10,houcw-courtyard-houston-heights/i-10,Marriott-HOUCW
HOUHB,Courtyard Houston Hobby Airport,houhb-courtyard-houston-hobby-airport,Marriott-HOUHB
HOUWK,Courtyard Houston I-10 West/Energy Corridor,houwk-courtyard-houston-i-10-west/energy-corridor,Marriott-HOUWK
HOUCI,Courtyard Houston I-10 West/Memorial,houci-courtyard-houston-i-10-west/memorial,Marriott-HOUCI
HOUPS,Courtyard Houston I-10 West/Park Row,houps-courtyard-houston-i-10-west/park-row,Marriott-HOUPS
IAHCH,Courtyard Houston Intercontinental Airport,iahch-courtyard-houston-intercontinental-airport,Marriott-IAHCH
HOUMD,Courtyard Houston Medical Center/NRG Park,houmd-courtyard-houston-medical-center/nrg-park,Marriott-HOUMD
HOUCO,Courtyard Houston Northeast,houco-courtyard-houston-northeast,Marriott-HOUCO
HOUNW,Courtyard Houston Northwest,hounw-courtyard-houston-northwest,Marriott-HOUNW
HOUCN,Courtyard Houston NW/290 Corridor,houcn-courtyard-houston-nw/290-corridor,Marriott-HOUCN
HOUWC,Courtyard Houston Westchase,houwc-courtyard-houston-westchase,Marriott-HOUWC
HOUBS,Courtyard Houston Rice University,houbs-courtyard-houston-rice-university,Marriott-HOUBS
HOUFB,Fairfield Inn & Suites Houston Brookhollow,houfb-fairfield-inn-&-suites-houston-brookhollow,Marriott-HOUFB
HOUFW,Fairfield Inn & Suites Houston Energy Corridor/Katy Freeway,houfw-fairfield-inn-&-suites-houston-energy-corridor/katy-freeway,Marriott-HOUFW
HOUFH,Fairfield Inn & Suites Houston Hobby Airport,houfh-fairfield-inn-&-suites-houston-hobby-airport,Marriott-HOUFH
HOUIC,Fairfield Inn & Suites Houston Intercontinental Airport,houic-fairfield-inn-&-suites-houston-intercontinental-airport,Marriott-HOUIC
HOUFE,Fairfield Inn & Suites Houston Memorial City Area,houfe-fairfield-inn-&-suites-houston-memorial-city-area,Marriott-HOUFE
HOUFN,Fairfield Inn & Suites Houston North/Cypress Station,houfn-fairfield-inn-&-suites-houston-north/cypress-station,Marriott-HOUFN
HOUFX,Fairfield Inn & Suites Houston Northwest/Willowbrook,houfx-fairfield-inn-&-suites-houston-northwest/willowbrook,Marriott-HOUFX
HOUFC,Fairfield Inn & Suites Houston Westchase,houfc-fairfield-inn-&-suites-houston-westchase,Marriott-HOUFC
HOUJW,JW Marriott Houston by The Galleria,houjw-jw-marriott-houston-by-the-galleria,Marriott-HOUJW
HOUDJ,JW Marriott Houston Downtown,houdj-jw-marriott-houston-downtown,Marriott-HOUDJ
IAHAP,Houston Airport Marriott at George Bush Intercontinental,iahap-houston-airport-marriott-at-george-bush-intercontinental,Marriott-IAHAP
HOUEG,Houston Marriott Energy Corridor,houeg-houston-marriott-energy-corridor,Marriott-HOUEG
HOUMC,Houston Marriott Medical Center/Museum District,houmc-houston-marriott-medical-center/museum-district,Marriott-HOUMC
HOUGP,Houston Marriott North,hougp-houston-marriott-north,Marriott-HOUGP
HOUHH,Houston Marriott South at Hobby Airport,houhh-houston-marriott-south-at-hobby-airport,Marriott-HOUHH
HOUWL,Houston Marriott West Loop by The Galleria,houwl-houston-marriott-west-loop-by-the-galleria,Marriott-HOUWL
HOUWM,Houston Marriott Westchase,houwm-houston-marriott-westchase,Marriott-HOUWM
HOUMQ,Marriott Marquis Houston,houmq-marriott-marquis-houston,Marriott-HOUMQ
HOUOX,Moxy Houston Downtown,houox-moxy-houston-downtown,Marriott-HOUOX
HOUGL,Residence Inn Houston by The Galleria,hougl-residence-inn-houston-by-the-galleria,Marriott-HOUGL
HOURD,Residence Inn Houston Downtown/Convention Center,hourd-residence-inn-houston-downtown/convention-center,Marriott-HOURD
HOUEN,Residence Inn Houston I-10 West/Park Row,houen-residence-inn-houston-i-10-west/park-row,Marriott-HOUEN
HOURW,Residence Inn Houston Medical Center/NRG Park,hourw-residence-inn-houston-medical-center/nrg-park,Marriott-HOURW
HOURN,Residence Inn Houston Northwest/Cypress,hourn-residence-inn-houston-northwest/cypress,Marriott-HOURN
HOUBK,Residence Inn Houston Northwest/Willowbrook,houbk-residence-inn-houston-northwest/willowbrook,Marriott-HOUBK
HOUXN,Residence Inn Houston West/Beltway 8 at Clay Road,houxn-residence-inn-houston-west/beltway-8-at-clay-road,Marriott-HOUXN
HOUHW,Residence Inn Houston West/Energy Corridor,houhw-residence-inn-houston-west/energy-corridor,Marriott-HOUHW
HOUWT,Residence Inn Houston Westchase on Westheimer,houwt-residence-inn-houston-westchase-on-westheimer,Marriott-HOUWT
HOUBF,Residence Inn Houston-West University,houbf-residence-inn-houston-west-university,Marriott-HOUBF
HOUSH,SpringHill Suites Houston Brookhollow,housh-springhill-suites-houston-brookhollow,Marriott-HOUSH
HOUZD,SpringHill Suites Houston Downtown/Convention Center,houzd-springhill-suites-houston-downtown/convention-center,Marriott-HOUZD
HOUHA,SpringHill Suites Houston Hobby Airport,houha-springhill-suites-houston-hobby-airport,Marriott-HOUHA
HOUZW,SpringHill Suites Houston Hwy. 290/NW Cypress,houzw-springhill-suites-houston-hwy.-290/nw-cypress,Marriott-HOUZW
HOUIS,SpringHill Suites Houston I-45 North,houis-springhill-suites-houston-i-45-north,Marriott-HOUIS
IAHSH,SpringHill Suites Houston Intercontinental Airport,iahsh-springhill-suites-houston-intercontinental-airport,Marriott-IAHSH
HOURP,SpringHill Suites Houston Medical Center/NRG Park,hourp-springhill-suites-houston-medical-center/nrg-park,Marriott-HOURP
HOUZN,SpringHill Suites Houston Northwest,houzn-springhill-suites-houston-northwest,Marriott-HOUZN
HOUXC,SpringHill Suites Houston Westchase,houxc-springhill-suites-houston-westchase,Marriott-HOUXC
HOUAL,Aloft Houston by the Galleria,houal-aloft-houston-by-the-galleria,Marriott-HOUAL
HOUDW,Aloft Houston Downtown,houdw-aloft-houston-downtown,Marriott-HOUDW
HOUEL,Element Houston Vintage Park,houel-element-houston-vintage-park,Marriott-HOUEL
HOUFP,Four Points by Sheraton Houston Energy Corridor,houfp-four-points-by-sheraton-houston-energy-corridor,Marriott-HOUFP
HOUBB,Four Points by Sheraton Houston Hobby Airport,houbb-four-points-by-sheraton-houston-hobby-airport,Marriott-HOUBB
IAHFP,Four Points by Sheraton Houston Intercontinental Airport,iahfp-four-points-by-sheraton-houston-intercontinental-airport,Marriott-IAHFP
HOUWF,Four Points by Sheraton Houston West,houwf-four-points-by-sheraton-houston-west,Marriott-HOUWF
HOUDM,Le Méridien Houston Downtown,houdm-le-méridien-houston-downtown,Marriott-HOUDM
HOUSI,Sheraton Houston Brookhollow Hotel,housi-sheraton-houston-brookhollow-hotel,Marriott-HOUSI
HOUGI,Sheraton North Houston at George Bush Intercontinental,hougi-sheraton-north-houston-at-george-bush-intercontinental,Marriott-HOUGI
HOUXR,The St. Regis Houston,houxr-the-st.-regis-houston,Marriott-HOUXR
HOUNF,TownePlace Suites Houston Brookhollow,hounf-towneplace-suites-houston-brookhollow,Marriott-HOUNF
HOULL,TownePlace Suites Houston Galleria Area,houll-towneplace-suites-houston-galleria-area,Marriott-HOULL
HOUTU,TownePlace Suites Houston Hobby Airport,houtu-towneplace-suites-houston-hobby-airport,Marriott-HOUTU
HOUEO,TownePlace Suites Houston I-10 East,houeo-towneplace-suites-houston-i-10-east,Marriott-HOUEO
HOUTA,TownePlace Suites Houston Intercontinental Airport,houta-towneplace-suites-houston-intercontinental-airport,Marriott-HOUTA
HOUTP,TownePlace Suites Houston NASA/Clear Lake,houtp-towneplace-suites-houston-nasa/clear-lake,Marriott-HOUTP
HOUTN,TownePlace Suites Houston Northwest,houtn-towneplace-suites-houston-northwest,Marriott-HOUTN
HOUTY,TownePlace Suites Houston Northwest/Beltway 8,houty-towneplace-suites-houston-northwest/beltway-8,Marriott-HOUTY
HOUTE,TownePlace Suites Houston Westchase,houte-towneplace-suites-houston-westchase,Marriott-HOUTE
HOUMG,"Magnolia Hotel Houston, a Tribute Portfolio Hotel","houmg-magnolia-hotel-houston,-a-tribute-portfolio-hotel",Marriott-HOUMG
HOUGW,The Westin Galleria Houston,hougw-the-westin-galleria-houston,Marriott-HOUGW
HOUWI,The Westin Houston Downtown,houwi-the-westin-houston-downtown,Marriott-HOUWI
HOUWA,The Westin Houston Medical Center/Museum District,houwa-the-westin-houston-medical-center/museum-district,Marriott-HOUWA
HOUMY,"The Westin Houston, Memorial City","houmy-the-westin-houston,-memorial-city",Marriott-HOUMY
HOUOW,The Westin Oaks Houston at the Galleria,houow-the-westin-oaks-houston-at-the-galleria,Marriott-HOUOW
HOUHM,Fairfield Inn & Suites Houston Humble,houhm-fairfield-inn-&-suites-houston-humble,Marriott-HOUHM
CLLHU,Fairfield Inn & Suites Huntsville,cllhu-fairfield-inn-&-suites-huntsville,Marriott-CLLHU
DFWFR,Fairfield Inn & Suites Fort Worth Northeast,dfwfr-fairfield-inn-&-suites-fort-worth-northeast,Marriott-DFWFR
DFWCY,Courtyard Dallas DFW Airport North/Irving,dfwcy-courtyard-dallas-dfw-airport-north/irving,Marriott-DFWCY
DALIV,Courtyard Dallas DFW Airport South/Irving,daliv-courtyard-dallas-dfw-airport-south/irving,Marriott-DALIV
DALLA,Courtyard Dallas Las Colinas,dalla-courtyard-dallas-las-colinas,Marriott-DALLA
DFWFN,Fairfield Inn & Suites Dallas DFW Airport North/ Irving,dfwfn-fairfield-inn-&-suites-dallas-dfw-airport-north/-irving,Marriott-DFWFN
DFWSI,Fairfield Inn & Suites Dallas DFW Airport South/Irving,dfwsi-fairfield-inn-&-suites-dallas-dfw-airport-south/irving,Marriott-DFWSI
DALFL,Fairfield Inn & Suites Dallas Las Colinas,dalfl-fairfield-inn-&-suites-dallas-las-colinas,Marriott-DALFL
DFWAP,Dallas/Fort Worth Airport Marriott,dfwap-dallas/fort-worth-airport-marriott,Marriott-DFWAP
DALCL,Marriott Dallas Las Colinas,dalcl-marriott-dallas-las-colinas,Marriott-DALCL
DFWRA,Residence Inn Dallas DFW Airport North/Irving,dfwra-residence-inn-dallas-dfw-airport-north/irving,Marriott-DFWRA
DFWAS,Residence Inn Dallas DFW Airport South/Irving,dfwas-residence-inn-dallas-dfw-airport-south/irving,Marriott-DFWAS
DALLS,Residence Inn Dallas Las Colinas,dalls-residence-inn-dallas-las-colinas,Marriott-DALLS
DALIR,SpringHill Suites Dallas DFW Airport East/Las Colinas Irving,dalir-springhill-suites-dallas-dfw-airport-east/las-colinas-irving,Marriott-DALIR
DALIL,"The Las Colinas Resort, Dallas","dalil-the-las-colinas-resort,-dallas",Marriott-DALIL
DFWAN,Aloft DFW Airport North,dfwan-aloft-dfw-airport-north,Marriott-DFWAN
DFWAI,Aloft Las Colinas,dfwai-aloft-las-colinas,Marriott-DFWAI
DFWEL,Element Dallas Fort Worth Airport North,dfwel-element-dallas-fort-worth-airport-north,Marriott-DFWEL
DALEC,Element Dallas Las Colinas,dalec-element-dallas-las-colinas,Marriott-DALEC
DFWAH,Sheraton DFW Airport Hotel,dfwah-sheraton-dfw-airport-hotel,Marriott-DFWAH
DFWTI,TownePlace Suites Dallas DFW Airport North/Irving,dfwti-towneplace-suites-dallas-dfw-airport-north/irving,Marriott-DFWTI
DALTS,TownePlace Suites Dallas Las Colinas,dalts-towneplace-suites-dallas-las-colinas,Marriott-DALTS
DFWWA,The Westin Dallas Fort Worth Airport,dfwwa-the-westin-dallas-fort-worth-airport,Marriott-DFWWA
DALIW,The Westin Irving Convention Center at Las Colinas,daliw-the-westin-irving-convention-center-at-las-colinas,Marriott-DALIW
HOUKY,Courtyard Houston Katy Mills,houky-courtyard-houston-katy-mills,Marriott-HOUKY
HOUHK,Fairfield Inn & Suites Houston Katy,houhk-fairfield-inn-&-suites-houston-katy,Marriott-HOUHK
HOUKM,Residence Inn Houston Katy Mills,houkm-residence-inn-houston-katy-mills,Marriott-HOUKM
HOUKF,SpringHill Suites Houston Katy Mills,houkf-springhill-suites-houston-katy-mills,Marriott-HOUKF
HOUAT,Aloft Katy Mills,houat-aloft-katy-mills,Marriott-HOUAT
HOUEK,Element Houston Katy,houek-element-houston-katy,Marriott-HOUEK
HOUCK,Courtyard Houston Kemah,houck-courtyard-houston-kemah,Marriott-HOUCK
ILECY,Courtyard Killeen,ilecy-courtyard-killeen,Marriott-ILECY
ILEFI,Fairfield Inn & Suites Killeen,ilefi-fairfield-inn-&-suites-killeen,Marriott-ILEFI
ILERI,Residence Inn Killeen,ileri-residence-inn-killeen,Marriott-ILERI
ILETS,TownePlace Suites Killeen,ilets-towneplace-suites-killeen,Marriott-ILETS
CRPTK,TownePlace Suites Kingsville,crptk-towneplace-suites-kingsville,Marriott-CRPTK
HOUKW,Courtyard Houston Kingwood,houkw-courtyard-houston-kingwood,Marriott-HOUKW
LJNCY,Courtyard Lake Jackson,ljncy-courtyard-lake-jackson,Marriott-LJNCY
DFWTW,TownePlace Suites Fort Worth Northwest/Lake Worth,dfwtw-towneplace-suites-fort-worth-northwest/lake-worth,Marriott-DFWTW
AUSWL,SpringHill Suites Austin West/Lakeway,auswl-springhill-suites-austin-west/lakeway,Marriott-AUSWL
LRDCY,Courtyard Laredo,lrdcy-courtyard-laredo,Marriott-LRDCY
LRDFI,Fairfield Inn & Suites Laredo,lrdfi-fairfield-inn-&-suites-laredo,Marriott-LRDFI
LRDRI,Residence Inn Laredo Del Mar,lrdri-residence-inn-laredo-del-mar,Marriott-LRDRI
LRDSH,SpringHill Suites Laredo,lrdsh-springhill-suites-laredo,Marriott-LRDSH
LRDTS,TownePlace Suites Laredo,lrdts-towneplace-suites-laredo,Marriott-LRDTS
HOULG,Fairfield Inn & Suites Houston League City,houlg-fairfield-inn-&-suites-houston-league-city,Marriott-HOULG
DALLL,Courtyard Dallas Lewisville,dalll-courtyard-dallas-lewisville,Marriott-DALLL
DALLE,Fairfield Inn & Suites Dallas Lewisville,dalle-fairfield-inn-&-suites-dallas-lewisville,Marriott-DALLE
DALLW,Residence Inn Dallas Lewisville,dallw-residence-inn-dallas-lewisville,Marriott-DALLW
DALVL,SpringHill Suites Dallas Lewisville,dalvl-springhill-suites-dallas-lewisville,Marriott-DALVL
DALTL,TownePlace Suites Dallas Lewisville,daltl-towneplace-suites-dallas-lewisville,Marriott-DALTL
TYRSL,SpringHill Suites Lindale Tyler,tyrsl-springhill-suites-lindale-tyler,Marriott-TYRSL
LGVCY,Courtyard Longview North,lgvcy-courtyard-longview-north,Marriott-LGVCY
LGVFI,Fairfield Inn & Suites Longview,lgvfi-fairfield-inn-&-suites-longview,Marriott-LGVFI
LBBCY,Courtyard Lubbock,lbbcy-courtyard-lubbock,Marriott-LBBCY
LBBDT,Courtyard Lubbock Downtown/University Area,lbbdt-courtyard-lubbock-downtown/university-area,Marriott-LBBDT
LBBFI,Fairfield Inn & Suites Lubbock,lbbfi-fairfield-inn-&-suites-lubbock,Marriott-LBBFI
LBBFW,Fairfield Inn & Suites Lubbock Southwest,lbbfw-fairfield-inn-&-suites-lubbock-southwest,Marriott-LBBFW
LBBRW,Residence Inn Lubbock Southwest,lbbrw-residence-inn-lubbock-southwest,Marriott-LBBRW
LBBRN,Residence Inn Lubbock-University Area,lbbrn-residence-inn-lubbock-university-area,Marriott-LBBRN
LBBAL,Aloft Lubbock,lbbal-aloft-lubbock,Marriott-LBBAL
LBBTS,TownePlace Suites Lubbock,lbbts-towneplace-suites-lubbock,Marriott-LBBTS
LFKCY,Courtyard Lufkin,lfkcy-courtyard-lufkin,Marriott-LFKCY
DALFM,Fairfield Inn & Suites Dallas Mansfield,dalfm-fairfield-inn-&-suites-dallas-mansfield,Marriott-DALFM
DALSF,SpringHill Suites Dallas Mansfield,dalsf-springhill-suites-dallas-mansfield,Marriott-DALSF
LGVFS,Fairfield Inn & Suites Marshall,lgvfs-fairfield-inn-&-suites-marshall,Marriott-LGVFS
MFECY,Courtyard McAllen Airport,mfecy-courtyard-mcallen-airport,Marriott-MFECY
MFEFI,Fairfield Inn & Suites McAllen Airport,mfefi-fairfield-inn-&-suites-mcallen-airport,Marriott-MFEFI
MFERI,Residence Inn McAllen,mferi-residence-inn-mcallen,Marriott-MFERI
MFEMA,SpringHill Suites McAllen Convention Center,mfema-springhill-suites-mcallen-convention-center,Marriott-MFEMA
DALFK,Fairfield Inn & Suites Dallas McKinney,dalfk-fairfield-inn-&-suites-dallas-mckinney,Marriott-DALFK
DALSK,SpringHill Suites Dallas McKinney/Allen,dalsk-springhill-suites-dallas-mckinney/allen,Marriott-DALSK
DALKS,Sheraton McKinney Hotel,dalks-sheraton-mckinney-hotel,Marriott-DALKS
DALDM,TownePlace Suites Dallas McKinney,daldm-towneplace-suites-dallas-mckinney,Marriott-DALDM
DALCM,Courtyard Dallas Mesquite,dalcm-courtyard-dallas-mesquite,Marriott-DALCM
DALMQ,Fairfield Inn & Suites Dallas Mesquite,dalmq-fairfield-inn-&-suites-dallas-mesquite,Marriott-DALMQ
DALTM,TownePlace Suites Dallas Mesquite,daltm-towneplace-suites-dallas-mesquite,Marriott-DALTM
MAFCY,Courtyard Midland,mafcy-courtyard-midland,Marriott-MAFCY
MAFFI,Fairfield Inn & Suites Midland,maffi-fairfield-inn-&-suites-midland,Marriott-MAFFI
MAFRI,Residence Inn Midland,mafri-residence-inn-midland,Marriott-MAFRI
MAFLD,SpringHill Suites Midland Odessa,mafld-springhill-suites-midland-odessa,Marriott-MAFLD
MAFFP,Four Points by Sheraton Midland,maffp-four-points-by-sheraton-midland,Marriott-MAFFP
MAFMT,TownePlace Suites Midland,mafmt-towneplace-suites-midland,Marriott-MAFMT
MAFSO,TownePlace Suites Midland South/I-20,mafso-towneplace-suites-midland-south/i-20,Marriott-MAFSO
DALCD,Courtyard Dallas Midlothian at Midlothian Conference Center,dalcd-courtyard-dallas-midlothian-at-midlothian-conference-center,Marriott-DALCD
HOUFM,Fairfield Inn & Suites Houston Missouri City,houfm-fairfield-inn-&-suites-houston-missouri-city,Marriott-HOUFM
MAFFO,Fairfield Inn & Suites Monahans,maffo-fairfield-inn-&-suites-monahans,Marriott-MAFFO
HOUCS,Courtyard Houston NASA/Clear Lake,houcs-courtyard-houston-nasa/clear-lake,Marriott-HOUCS
SATNB,Courtyard New Braunfels River Village,satnb-courtyard-new-braunfels-river-village,Marriott-SATNB
SATBF,Fairfield Inn & Suites New Braunfels,satbf-fairfield-inn-&-suites-new-braunfels,Marriott-SATBF
MAFOC,Courtyard Odessa,mafoc-courtyard-odessa,Marriott-MAFOC
MAFOD,Fairfield Inn & Suites Odessa,mafod-fairfield-inn-&-suites-odessa,Marriott-MAFOD
MAFMC,Odessa Marriott Hotel & Conference Center,mafmc-odessa-marriott-hotel-&-conference-center,Marriott-MAFMC
MAFOR,Residence Inn Odessa,mafor-residence-inn-odessa,Marriott-MAFOR
MAFTS,TownePlace Suites Odessa,mafts-towneplace-suites-odessa,Marriott-MAFTS
HOUPD,Fairfield Inn & Suites Houston Pasadena,houpd-fairfield-inn-&-suites-houston-pasadena,Marriott-HOUPD
HOUPA,Residence Inn Houston Pasadena,houpa-residence-inn-houston-pasadena,Marriott-HOUPA
HOUCP,Courtyard Houston Pearland,houcp-courtyard-houston-pearland,Marriott-HOUCP
HOUPL,SpringHill Suites Houston Pearland,houpl-springhill-suites-houston-pearland,Marriott-HOUPL
PEQFI,Fairfield Inn & Suites Pecos,peqfi-fairfield-inn-&-suites-pecos,Marriott-PEQFI
AUSPF,Courtyard Austin Pflugerville and Pflugerville Conference Center,auspf-courtyard-austin-pflugerville-and-pflugerville-conference-center,Marriott-AUSPF
DALLP,Courtyard Dallas Plano in Legacy Park,dallp-courtyard-dallas-plano-in-legacy-park,Marriott-DALLP
DALPN,Courtyard Dallas Plano Parkway at Preston Road,dalpn-courtyard-dallas-plano-parkway-at-preston-road,Marriott-DALPN
DALXC,Courtyard Dallas Plano/Richardson,dalxc-courtyard-dallas-plano/richardson,Marriott-DALXC
DALFP,Fairfield Inn & Suites Dallas Plano,dalfp-fairfield-inn-&-suites-dallas-plano,Marriott-DALFP
DALFN,Fairfield Inn & Suites Dallas Plano North,dalfn-fairfield-inn-&-suites-dallas-plano-north,Marriott-DALFN
DALPF,Fairfield Inn & Suites Dallas Plano/Frisco,dalpf-fairfield-inn-&-suites-dallas-plano/frisco,Marriott-DALPF
DALPT,Dallas/Plano Marriott at Legacy Town Center,dalpt-dallas/plano-marriott-at-legacy-town-center,Marriott-DALPT
DALBP,Renaissance Dallas at Plano Legacy West Hotel,dalbp-renaissance-dallas-at-plano-legacy-west-hotel,Marriott-DALBP
DALPL,Residence Inn Dallas Plano/Legacy,dalpl-residence-inn-dallas-plano/legacy,Marriott-DALPL
DALPR,Residence Inn Dallas Plano/Richardson,dalpr-residence-inn-dallas-plano/richardson,Marriott-DALPR
DALXR,Residence Inn Dallas Plano/Richardson at Coit Rd.,dalxr-residence-inn-dallas-plano/richardson-at-coit-rd.,Marriott-DALXR
DALPS,SpringHill Suites Dallas Plano/Frisco,dalps-springhill-suites-dallas-plano/frisco,Marriott-DALPS
DALNL,Aloft Plano,dalnl-aloft-plano,Marriott-DALNL
DALPU,Four Points by Sheraton Plano,dalpu-four-points-by-sheraton-plano,Marriott-DALPU
DALTP,TownePlace Suites Dallas Plano/Legacy,daltp-towneplace-suites-dallas-plano/legacy,Marriott-DALTP
DALSP,TownePlace Suites Dallas Plano/Richardson,dalsp-towneplace-suites-dallas-plano/richardson,Marriott-DALSP
SATPT,Fairfield Inn & Suites Pleasanton,satpt-fairfield-inn-&-suites-pleasanton,Marriott-SATPT
BPTRB,Residence Inn Port Arthur,bptrb-residence-inn-port-arthur,Marriott-BPTRB
BPTTS,TownePlace Suites Beaumont Port Arthur,bptts-towneplace-suites-beaumont-port-arthur,Marriott-BPTTS
CRPPT,TownePlace Suites Corpus Christi Portland,crppt-towneplace-suites-corpus-christi-portland,Marriott-CRPPT
DALNE,Courtyard Dallas Richardson at Spring Valley,dalne-courtyard-dallas-richardson-at-spring-valley,Marriott-DALNE
DALRD,Renaissance Dallas Richardson Hotel,dalrd-renaissance-dallas-richardson-hotel,Marriott-DALRD
DALSR,SpringHill Suites Dallas Richardson/Plano,dalsr-springhill-suites-dallas-richardson/plano,Marriott-DALSR
DALLR,Aloft Richardson,dallr-aloft-richardson,Marriott-DALLR
DALER,Element Dallas Richardson,daler-element-dallas-richardson,Marriott-DALER
HOUFR,Fairfield Inn & Suites Houston Richmond,houfr-fairfield-inn-&-suites-houston-richmond,Marriott-HOUFR
CRPRP,Fairfield Inn & Suites Rockport,crprp-fairfield-inn-&-suites-rockport,Marriott-CRPRP
DALRW,SpringHill Suites Dallas Rockwall,dalrw-springhill-suites-dallas-rockwall,Marriott-DALRW
DALTR,TownePlace Suites Dallas Rockwall,daltr-towneplace-suites-dallas-rockwall,Marriott-DALTR
HOURB,SpringHill Suites Houston Rosenberg,hourb-springhill-suites-houston-rosenberg,Marriott-HOURB
AUSRR,Courtyard Austin Round Rock,ausrr-courtyard-austin-round-rock,Marriott-AUSRR
AUSNO,Austin Marriott North,ausno-austin-marriott-north,Marriott-AUSNO
AUSRK,Residence Inn Austin Round Rock/Dell Way,ausrk-residence-inn-austin-round-rock/dell-way,Marriott-AUSRK
AUSAN,SpringHill Suites Austin Round Rock,ausan-springhill-suites-austin-round-rock,Marriott-AUSAN
AUSAR,Aloft Austin Round Rock,ausar-aloft-austin-round-rock,Marriott-AUSAR
AUSEO,Element Austin Round Rock,auseo-element-austin-round-rock,Marriott-AUSEO
SJTCY,Courtyard San Angelo,sjtcy-courtyard-san-angelo,Marriott-SJTCY
SJTFI,Fairfield Inn & Suites San Angelo,sjtfi-fairfield-inn-&-suites-san-angelo,Marriott-SJTFI
SJTRI,Residence Inn San Angelo,sjtri-residence-inn-san-angelo,Marriott-SJTRI
SJTSH,SpringHill Suites San Angelo,sjtsh-springhill-suites-san-angelo,Marriott-SJTSH
SATAC,AC Hotel San Antonio Riverwalk,satac-ac-hotel-san-antonio-riverwalk,Marriott-SATAC
SATKD,"Plaza San Antonio Hotel & Spa, Autograph Collection","satkd-plaza-san-antonio-hotel-&-spa,-autograph-collection",Marriott-SATKD
SATCA,Courtyard San Antonio Airport,satca-courtyard-san-antonio-airport,Marriott-SATCA
SATCY,Courtyard San Antonio Airport/North Star Mall,satcy-courtyard-san-antonio-airport/north-star-mall,Marriott-SATCY
SATCD,Courtyard San Antonio Downtown/Market Square,satcd-courtyard-san-antonio-downtown/market-square,Marriott-SATCD
SATMC,Courtyard San Antonio Medical Center,satmc-courtyard-san-antonio-medical-center,Marriott-SATMC
SATCN,Courtyard San Antonio North/Stone Oak at Legacy,satcn-courtyard-san-antonio-north/stone-oak-at-legacy,Marriott-SATCN
SATCR,Courtyard San Antonio Riverwalk,satcr-courtyard-san-antonio-riverwalk,Marriott-SATCR
SATCL,Courtyard San Antonio SeaWorld®/Lackland,satcl-courtyard-san-antonio-seaworld®/lackland,Marriott-SATCL
SATCW,Courtyard San Antonio SeaWorld®/Westover Hills,satcw-courtyard-san-antonio-seaworld®/westover-hills,Marriott-SATCW
SATWL,Courtyard San Antonio Six Flags® at The RIM,satwl-courtyard-san-antonio-six-flags®-at-the-rim,Marriott-SATWL
SATFA,Fairfield Inn & Suites San Antonio Airport/North Star Mall,satfa-fairfield-inn-&-suites-san-antonio-airport/north-star-mall,Marriott-SATFA
SATDW,Fairfield Inn & Suites San Antonio Alamo Plaza/Convention Center,satdw-fairfield-inn-&-suites-san-antonio-alamo-plaza/convention-center,Marriott-SATDW
SATSE,Fairfield Inn & Suites San Antonio Brooks City Base,satse-fairfield-inn-&-suites-san-antonio-brooks-city-base,Marriott-SATSE
SATFI,Fairfield Inn & Suites San Antonio Downtown/Market Square,satfi-fairfield-inn-&-suites-san-antonio-downtown/market-square,Marriott-SATFI
SATFM,Fairfield Inn & Suites San Antonio Medical Center,satfm-fairfield-inn-&-suites-san-antonio-medical-center,Marriott-SATFM
SATFN,Fairfield Inn & Suites San Antonio North/Stone Oak,satfn-fairfield-inn-&-suites-san-antonio-north/stone-oak,Marriott-SATFN
SATSW,Fairfield Inn & Suites San Antonio SeaWorld®/Westover Hills,satsw-fairfield-inn-&-suites-san-antonio-seaworld®/westover-hills,Marriott-SATSW
SATJW,JW Marriott San Antonio Hill Country Resort & Spa,satjw-jw-marriott-san-antonio-hill-country-resort-&-spa,Marriott-SATJW
SATMA,Marriott San Antonio Airport,satma-marriott-san-antonio-airport,Marriott-SATMA
SATNW,San Antonio Marriott Northwest Medical Center,satnw-san-antonio-marriott-northwest-medical-center,Marriott-SATNW
SATRC,San Antonio Marriott Rivercenter on the River Walk,satrc-san-antonio-marriott-rivercenter-on-the-river-walk,Marriott-SATRC
SATDT,San Antonio Marriott Riverwalk,satdt-san-antonio-marriott-riverwalk,Marriott-SATDT
SATAP,Residence Inn San Antonio Airport/Alamo Heights,satap-residence-inn-san-antonio-airport/alamo-heights,Marriott-SATAP
SATRI,Residence Inn San Antonio Downtown/Market Square,satri-residence-inn-san-antonio-downtown/market-square,Marriott-SATRI
SATMR,Residence Inn San Antonio North/Stone Oak,satmr-residence-inn-san-antonio-north/stone-oak,Marriott-SATMR
SATSR,Residence Inn San Antonio SeaWorld®/Lackland,satsr-residence-inn-san-antonio-seaworld®/lackland,Marriott-SATSR
SATLO,Residence Inn San Antonio Six Flags® at The RIM,satlo-residence-inn-san-antonio-six-flags®-at-the-rim,Marriott-SATLO
SATSA,SpringHill Suites San Antonio Airport,satsa-springhill-suites-san-antonio-airport,Marriott-SATSA
SATDS,SpringHill Suites San Antonio Alamo Plaza/Convention Center,satds-springhill-suites-san-antonio-alamo-plaza/convention-center,Marriott-SATDS
SATTW,SpringHill Suites San Antonio Downtown/Riverwalk Area,sattw-springhill-suites-san-antonio-downtown/riverwalk-area,Marriott-SATTW
SATNL,SpringHill Suites San Antonio Medical Center/Northwest,satnl-springhill-suites-san-antonio-medical-center/northwest,Marriott-SATNL
SATSN,SpringHill Suites San Antonio Northwest at The RIM,satsn-springhill-suites-san-antonio-northwest-at-the-rim,Marriott-SATSN
SATSS,SpringHill Suites San Antonio SeaWorld®/Lackland,satss-springhill-suites-san-antonio-seaworld®/lackland,Marriott-SATSS
SATAL,Aloft San Antonio Airport,satal-aloft-san-antonio-airport,Marriott-SATAL
SATNA,Aloft San Antonio UTSA Area,satna-aloft-san-antonio-utsa-area,Marriott-SATNA
SATDN,Element San Antonio Riverwalk,satdn-element-san-antonio-riverwalk,Marriott-SATDN
SATLC,"The St. Anthony, a Luxury Collection Hotel, San Antonio","satlc-the-st.-anthony,-a-luxury-collection-hotel,-san-antonio",Marriott-SATLC
SATTS,TownePlace Suites San Antonio Airport,satts-towneplace-suites-san-antonio-airport,Marriott-SATTS
SATTD,TownePlace Suites San Antonio Downtown Riverwalk,sattd-towneplace-suites-san-antonio-downtown-riverwalk,Marriott-SATTD
SATTN,TownePlace Suites San Antonio Northwest,sattn-towneplace-suites-san-antonio-northwest,Marriott-SATTN
SATTT,TownePlace Suites San Antonio Northwest at The RIM,sattt-towneplace-suites-san-antonio-northwest-at-the-rim,Marriott-SATTT
SATTO,TownePlace Suites San Antonio Westover Hills,satto-towneplace-suites-san-antonio-westover-hills,Marriott-SATTO
SATDX,The Gunter Hotel San Antonio Riverwalk,satdx-the-gunter-hotel-san-antonio-riverwalk,Marriott-SATDX
SATVW,"The Westin Riverwalk, San Antonio","satvw-the-westin-riverwalk,-san-antonio",Marriott-SATVW
SATWN,The Westin San Antonio North,satwn-the-westin-san-antonio-north,Marriott-SATWN
AUSSM,Courtyard San Marcos,aussm-courtyard-san-marcos,Marriott-AUSSM
AUSFM,Fairfield Inn & Suites Austin San Marcos,ausfm-fairfield-inn-&-suites-austin-san-marcos,Marriott-AUSFM
AUSDM,Residence Inn San Marcos,ausdm-residence-inn-san-marcos,Marriott-AUSDM
SATNE,Fairfield Inn & Suites San Antonio NE/Schertz,satne-fairfield-inn-&-suites-san-antonio-ne/schertz,Marriott-SATNE
HOUSE,SpringHill Suites Houston NASA/Seabrook,house-springhill-suites-houston-nasa/seabrook,Marriott-HOUSE
SATSG,TownePlace Suites Seguin,satsg-towneplace-suites-seguin,Marriott-SATSG
SATTU,TownePlace Suites San Antonio Universal City/Live Oak,sattu-towneplace-suites-san-antonio-universal-city/live-oak,Marriott-SATTU
IAHCS,Courtyard Houston North/Shenandoah,iahcs-courtyard-houston-north/shenandoah,Marriott-IAHCS
HOUAO,Aloft Shenandoah Woodlands Area,houao-aloft-shenandoah-woodlands-area,Marriott-HOUAO
HOUTL,TownePlace Suites Houston North/Shenandoah,houtl-towneplace-suites-houston-north/shenandoah,Marriott-HOUTL
PNXCY,Courtyard Sherman,pnxcy-courtyard-sherman,Marriott-PNXCY
ABISN,Fairfield Inn & Suites Snyder,abisn-fairfield-inn-&-suites-snyder,Marriott-ABISN
BROSP,Courtyard South Padre Island,brosp-courtyard-south-padre-island,Marriott-BROSP
DFWDL,Delta Hotels Dallas Southlake,dfwdl-delta-hotels-dallas-southlake,Marriott-DFWDL
DALWS,The Westin Dallas Southlake,dalws-the-westin-dallas-southlake,Marriott-DALWS
HOUXP,Courtyard Houston City Place,houxp-courtyard-houston-city-place,Marriott-HOUXP
HOUFA,Fairfield Inn & Suites Houston North/Spring,houfa-fairfield-inn-&-suites-houston-north/spring,Marriott-HOUFA
HOUNS,Houston CityPlace Marriott at Springwoods Village,houns-houston-cityplace-marriott-at-springwoods-village,Marriott-HOUNS
HOUPG,Residence Inn Houston City Place,houpg-residence-inn-houston-city-place,Marriott-HOUPG
HOUSW,Courtyard Houston Sugar Land/Stafford,housw-courtyard-houston-sugar-land/stafford,Marriott-HOUSW
HOUSG,Residence Inn Houston Sugar Land/Stafford,housg-residence-inn-houston-sugar-land/stafford,Marriott-HOUSG
HOUCF,Courtyard Houston Sugar Land/Lake Pointe,houcf-courtyard-houston-sugar-land/lake-pointe,Marriott-HOUCF
HOUSL,Houston Marriott Sugar Land,housl-houston-marriott-sugar-land,Marriott-HOUSL
HOUSS,SpringHill Suites Houston Sugar Land,houss-springhill-suites-houston-sugar-land,Marriott-HOUSS
TPLFI,Fairfield Inn & Suites Temple Belton,tplfi-fairfield-inn-&-suites-temple-belton,Marriott-TPLFI
TPLRI,Residence Inn Temple,tplri-residence-inn-temple,Marriott-TPLRI
TPLTS,TownePlace Suites Temple,tplts-towneplace-suites-temple,Marriott-TPLTS
DALTE,Fairfield Inn & Suites Terrell,dalte-fairfield-inn-&-suites-terrell,Marriott-DALTE
TXKCY,Courtyard Texarkana,txkcy-courtyard-texarkana,Marriott-TXKCY
TXKFI,Fairfield Inn & Suites Texarkana,txkfi-fairfield-inn-&-suites-texarkana,Marriott-TXKFI
TXKRI,Residence Inn Texarkana,txkri-residence-inn-texarkana,Marriott-TXKRI
TXKTS,TownePlace Suites Texarkana,txkts-towneplace-suites-texarkana,Marriott-TXKTS
HOUST,SpringHill Suites Texas City,houst-springhill-suites-texas-city,Marriott-HOUST
DALYC,Courtyard Dallas Plano/The Colony,dalyc-courtyard-dallas-plano/the-colony,Marriott-DALYC
DALTC,Fairfield Inn & Suites Dallas Plano/The Colony,daltc-fairfield-inn-&-suites-dallas-plano/the-colony,Marriott-DALTC
DALCO,Residence Inn Dallas Plano/The Colony,dalco-residence-inn-dallas-plano/the-colony,Marriott-DALCO
HOUWD,Courtyard Houston The Woodlands,houwd-courtyard-houston-the-woodlands,Marriott-HOUWD
HOUTW,Fairfield Inn & Suites Houston The Woodlands,houtw-fairfield-inn-&-suites-houston-the-woodlands,Marriott-HOUTW
HOUMW,The Woodlands Waterway Marriott Hotel & Convention Center,houmw-the-woodlands-waterway-marriott-hotel-&-convention-center,Marriott-HOUMW
HOUWO,Residence Inn Houston The Woodlands/Lake Front Circle,houwo-residence-inn-houston-the-woodlands/lake-front-circle,Marriott-HOUWO
HOULD,Residence Inn Houston The Woodlands/Market Street,hould-residence-inn-houston-the-woodlands/market-street,Marriott-HOULD
HOULN,SpringHill Suites Houston The Woodlands,houln-springhill-suites-houston-the-woodlands,Marriott-HOULN
IAHWI,The Westin at The Woodlands®,iahwi-the-westin-at-the-woodlands®,Marriott-IAHWI
HOUTM,Residence Inn Houston Tomball,houtm-residence-inn-houston-tomball,Marriott-HOUTM
DFWTP,Aloft Trophy Club Westlake,dfwtp-aloft-trophy-club-westlake,Marriott-DFWTP
TYRCY,Courtyard Tyler,tyrcy-courtyard-tyler,Marriott-TYRCY
TYRFI,Fairfield Inn & Suites Tyler,tyrfi-fairfield-inn-&-suites-tyler,Marriott-TYRFI
TYRSO,Fairfield Inn & Suites Tyler South,tyrso-fairfield-inn-&-suites-tyler-south,Marriott-TYRSO
TYRTR,Residence Inn Tyler,tyrtr-residence-inn-tyler,Marriott-TYRTR
TYRVT,Fairfield Inn & Suites Van Canton Area,tyrvt-fairfield-inn-&-suites-van-canton-area,Marriott-TYRVT
VCTCY,Courtyard Victoria,vctcy-courtyard-victoria,Marriott-VCTCY
VCTFI,Fairfield Inn & Suites Victoria,vctfi-fairfield-inn-&-suites-victoria,Marriott-VCTFI
WCOCY,Courtyard Waco,wcocy-courtyard-waco,Marriott-WCOCY
WCOLL,Fairfield Inn & Suites Waco North,wcoll-fairfield-inn-&-suites-waco-north,Marriott-WCOLL
WCORI,Residence Inn Waco,wcori-residence-inn-waco,Marriott-WCORI
WCORS,Residence Inn Waco South,wcors-residence-inn-waco-south,Marriott-WCORS
WCOSW,SpringHill Suites Waco,wcosw-springhill-suites-waco,Marriott-WCOSW
WCOAL,Aloft Waco Downtown,wcoal-aloft-waco-downtown,Marriott-WCOAL
ACTEL,Element Waco,actel-element-waco,Marriott-ACTEL
WCOTN,TownePlace Suites Waco Northeast,wcotn-towneplace-suites-waco-northeast,Marriott-WCOTN
WCOTS,TownePlace Suites Waco South,wcots-towneplace-suites-waco-south,Marriott-WCOTS
IAHFW,Fairfield Inn & Suites Waller,iahfw-fairfield-inn-&-suites-waller,Marriott-IAHFW
DALWX,Fairfield Inn & Suites Dallas Waxahachie,dalwx-fairfield-inn-&-suites-dallas-waxahachie,Marriott-DALWX
DFWWS,Fairfield Inn & Suites Weatherford,dfwws-fairfield-inn-&-suites-weatherford,Marriott-DFWWS
DALFT,TownePlace Suites Weatherford,dalft-towneplace-suites-weatherford,Marriott-DALFT
HOUNA,Fairfield Inn & Suites Houston NASA/Webster,houna-fairfield-inn-&-suites-houston-nasa/webster,Marriott-HOUNA
HOUSB,SpringHill Suites Houston NASA/Webster,housb-springhill-suites-houston-nasa/webster,Marriott-HOUSB
DALWL,The Ricardo Marriott DFW Westlake,dalwl-the-ricardo-marriott-dfw-westlake,Marriott-DALWL
WCTCY,Courtyard Wichita Falls,wctcy-courtyard-wichita-falls,Marriott-WCTCY
SPSDE,Delta Hotels by Marriott Wichita Falls Convention Center,spsde-delta-hotels-by-marriott-wichita-falls-convention-center,Marriott-SPSDE
WCTNW,Fairfield Inn & Suites Wichita Falls Northwest,wctnw-fairfield-inn-&-suites-wichita-falls-northwest,Marriott-WCTNW
SPSRI,Residence Inn Wichita Falls,spsri-residence-inn-wichita-falls,Marriott-SPSRI
DFWSW,SpringHill Suites Weatherford Willow Park,dfwsw-springhill-suites-weatherford-willow-park,Marriott-DFWSW
WCOFI,Fairfield Inn & Suites Waco South,wcofi-fairfield-inn-&-suites-waco-south,Marriott-WCOFI
WCOSH,SpringHill Suites Waco Woodway,wcosh-springhill-suites-waco-woodway,Marriott-WCOSH
TRIAB,Fairfield Inn & Suites Abingdon,triab-fairfield-inn-&-suites-abingdon,Marriott-TRIAB
WASMH,"Morrison House Old Town Alexandria, Autograph Collection","wasmh-morrison-house-old-town-alexandria,-autograph-collection",Marriott-WASMH
WASMO,"The Alexandrian Old Town Alexandria, Autograph Collection","wasmo-the-alexandrian-old-town-alexandria,-autograph-collection",Marriott-WASMO
WASAL,Courtyard Alexandria Old Town/Southwest,wasal-courtyard-alexandria-old-town/southwest,Marriott-WASAL
WASPS,Courtyard Alexandria Pentagon South,wasps-courtyard-alexandria-pentagon-south,Marriott-WASPS
WASXF,Fairfield Inn & Suites Alexandria,wasxf-fairfield-inn-&-suites-alexandria,Marriott-WASXF
WASFA,Fairfield Inn & Suites Alexandria West/Mark Center,wasfa-fairfield-inn-&-suites-alexandria-west/mark-center,Marriott-WASFA
WASRA,Residence Inn Alexandria Old Town South at Carlyle,wasra-residence-inn-alexandria-old-town-south-at-carlyle,Marriott-WASRA
WASDK,Residence Inn Alexandria Old Town/Duke Street,wasdk-residence-inn-alexandria-old-town/duke-street,Marriott-WASDK
WASAX,SpringHill Suites Alexandria,wasax-springhill-suites-alexandria,Marriott-WASAX
WASVA,SpringHill Suites Alexandria Old Town/Southwest,wasva-springhill-suites-alexandria-old-town/southwest,Marriott-WASVA
WASSI,Sheraton Suites Old Town Alexandria,wassi-sheraton-suites-old-town-alexandria,Marriott-WASSI
WASLN,TownePlace Suites Alexandria Fort Belvoir,wasln-towneplace-suites-alexandria-fort-belvoir,Marriott-WASLN
WASXW,The Westin Alexandria Old Town,wasxw-the-westin-alexandria-old-town,Marriott-WASXW
WASCT,Courtyard Arlington Crystal City/Reagan National Airport,wasct-courtyard-arlington-crystal-city/reagan-national-airport,Marriott-WASCT
WASCC,Crystal City Marriott at Reagan National Airport,wascc-crystal-city-marriott-at-reagan-national-airport,Marriott-WASCC
WASGW,Crystal Gateway Marriott,wasgw-crystal-gateway-marriott,Marriott-WASGW
WASPY,Renaissance Arlington Capital View Hotel,waspy-renaissance-arlington-capital-view-hotel,Marriott-WASPY
WASIN,Residence Inn Arlington Ballston,wasin-residence-inn-arlington-ballston,Marriott-WASIN
WASRY,Residence Inn Arlington Capital View,wasry-residence-inn-arlington-capital-view,Marriott-WASRY
WASCA,Residence Inn Arlington Courthouse,wasca-residence-inn-arlington-courthouse,Marriott-WASCA
WASRR,Residence Inn Arlington Rosslyn,wasrr-residence-inn-arlington-rosslyn,Marriott-WASRR
WASPC,"The Ritz-Carlton, Pentagon City","waspc-the-ritz-carlton,-pentagon-city",Marriott-WASPC
WASRL,Le Méridien Arlington,wasrl-le-méridien-arlington,Marriott-WASRL
WASGS,Sheraton Pentagon City Hotel,wasgs-sheraton-pentagon-city-hotel,Marriott-WASGS
WASAG,The Westin Arlington,wasag-the-westin-arlington,Marriott-WASAG
WASWI,The Westin Crystal City Reagan National Airport,waswi-the-westin-crystal-city-reagan-national-airport,Marriott-WASWI
IADAS,SpringHill Suites Ashburn Dulles North,iadas-springhill-suites-ashburn-dulles-north,Marriott-IADAS
IADAL,Aloft Dulles Airport North,iadal-aloft-dulles-airport-north,Marriott-IADAL
RICRA,Fairfield Inn & Suites Richmond Ashland,ricra-fairfield-inn-&-suites-richmond-ashland,Marriott-RICRA
ROABL,Courtyard Blacksburg,roabl-courtyard-blacksburg,Marriott-ROABL
ROARB,Residence Inn Blacksburg-University,roarb-residence-inn-blacksburg-university,Marriott-ROARB
TRICY,Courtyard Bristol,tricy-courtyard-bristol,Marriott-TRICY
TRIDE,Delta Hotels Bristol,tride-delta-hotels-bristol,Marriott-TRIDE
TRITX,"The Sessions Hotel, Bristol, a Tribute Portfolio Hotel","tritx-the-sessions-hotel,-bristol,-a-tribute-portfolio-hotel",Marriott-TRITX
WASCV,SpringHill Suites Centreville Chantilly,wascv-springhill-suites-centreville-chantilly,Marriott-WASCV
IADCA,Courtyard Dulles Airport Chantilly,iadca-courtyard-dulles-airport-chantilly,Marriott-IADCA
IADFC,Fairfield Inn & Suites Dulles Airport Chantilly,iadfc-fairfield-inn-&-suites-dulles-airport-chantilly,Marriott-IADFC
IADWF,Westfields Marriott Washington Dulles,iadwf-westfields-marriott-washington-dulles,Marriott-IADWF
IADFX,Residence Inn Chantilly Dulles South,iadfx-residence-inn-chantilly-dulles-south,Marriott-IADFX
CHOAK,"The Draftsman, Charlottesville, University, Autograph Collection Hotel","choak-the-draftsman,-charlottesville,-university,-autograph-collection-hotel",Marriott-CHOAK
CHOCH,Courtyard Charlottesville,choch-courtyard-charlottesville,Marriott-CHOCH
CHODT,Courtyard Charlottesville - University Medical Center,chodt-courtyard-charlottesville---university-medical-center,Marriott-CHODT
CHOFC,Fairfield Inn & Suites Charlottesville Downtown/University Area,chofc-fairfield-inn-&-suites-charlottesville-downtown/university-area,Marriott-CHOFC
CHOFI,Fairfield Inn & Suites Charlottesville North,chofi-fairfield-inn-&-suites-charlottesville-north,Marriott-CHOFI
CHOWR,Residence Inn Charlottesville Downtown,chowr-residence-inn-charlottesville-downtown,Marriott-CHOWR
ORFCY,Courtyard Chesapeake Greenbrier,orfcy-courtyard-chesapeake-greenbrier,Marriott-ORFCY
ORFCD,Delta Hotels Chesapeake Norfolk,orfcd-delta-hotels-chesapeake-norfolk,Marriott-ORFCD
ORFFC,Fairfield Inn & Suites Chesapeake,orffc-fairfield-inn-&-suites-chesapeake,Marriott-ORFFC
ORFSU,Fairfield Inn & Suites Chesapeake Suffolk,orfsu-fairfield-inn-&-suites-chesapeake-suffolk,Marriott-ORFSU
ORFGB,Residence Inn Chesapeake Greenbrier,orfgb-residence-inn-chesapeake-greenbrier,Marriott-ORFGB
ORFNC,SpringHill Suites Chesapeake Greenbrier,orfnc-springhill-suites-chesapeake-greenbrier,Marriott-ORFNC
ORFAL,Aloft Chesapeake,orfal-aloft-chesapeake,Marriott-ORFAL
RICCY,Courtyard Richmond Chester,riccy-courtyard-richmond-chester,Marriott-RICCY
RICCH,Fairfield Inn Richmond Chester,ricch-fairfield-inn-richmond-chester,Marriott-RICCH
RICRH,Residence Inn Richmond Chester,ricrh-residence-inn-richmond-chester,Marriott-RICRH
RICSC,SpringHill Suites Chester,ricsc-springhill-suites-chester,Marriott-RICSC
SBYCI,Fairfield Inn & Suites Chincoteague Island Waterfront,sbyci-fairfield-inn-&-suites-chincoteague-island-waterfront,Marriott-SBYCI
ROAFI,Fairfield Inn & Suites Christiansburg,roafi-fairfield-inn-&-suites-christiansburg,Marriott-ROAFI
RICCD,Delta Hotels Colonial Heights,riccd-delta-hotels-colonial-heights,Marriott-RICCD
RICTO,TownePlace Suites Richmond Colonial Heights,ricto-towneplace-suites-richmond-colonial-heights,Marriott-RICTO
GSODV,Courtyard Danville,gsodv-courtyard-danville,Marriott-GSODV
IADTC,Courtyard Dulles Town Center,iadtc-courtyard-dulles-town-center,Marriott-IADTC
IADAP,Washington Dulles Airport Marriott,iadap-washington-dulles-airport-marriott,Marriott-IADAP
IADRI,Residence Inn Dulles Airport at Dulles 28 Centre,iadri-residence-inn-dulles-airport-at-dulles-28-centre,Marriott-IADRI
EMVFI,Fairfield Inn & Suites Emporia I-95,emvfi-fairfield-inn-&-suites-emporia-i-95,Marriott-EMVFI
IADFO,Courtyard Fairfax Fair Oaks,iadfo-courtyard-fairfax-fair-oaks,Marriott-IADFO
IADMC,Fairfax Marriott at Fair Oaks,iadmc-fairfax-marriott-at-fair-oaks,Marriott-IADMC
IADRF,Residence Inn Fairfax City,iadrf-residence-inn-fairfax-city,Marriott-IADRF
IADFR,SpringHill Suites Fairfax Fair Oaks,iadfr-springhill-suites-fairfax-fair-oaks,Marriott-IADFR
WASFP,Falls Church Marriott Fairview Park,wasfp-falls-church-marriott-fairview-park,Marriott-WASFP
IADXM,Residence Inn Fairfax Merrifield,iadxm-residence-inn-fairfax-merrifield,Marriott-IADXM
WASNS,The Westin Tysons Corner,wasns-the-westin-tysons-corner,Marriott-WASNS
FKRCY,Courtyard Fredericksburg Historic District,fkrcy-courtyard-fredericksburg-historic-district,Marriott-FKRCY
FKBFI,Fairfield Inn & Suites Fredericksburg,fkbfi-fairfield-inn-&-suites-fredericksburg,Marriott-FKBFI
FKRRI,Residence Inn Fredericksburg,fkrri-residence-inn-fredericksburg,Marriott-FKRRI
FKRTS,TownePlace Suites Fredericksburg,fkrts-towneplace-suites-fredericksburg,Marriott-FKRTS
IADTR,TownePlace Suites Front Royal,iadtr-towneplace-suites-front-royal,Marriott-IADTR
IADGV,SpringHill Suites Gainesville Haymarket,iadgv-springhill-suites-gainesville-haymarket,Marriott-IADGV
RICGA,Courtyard Richmond North/Glen Allen,ricga-courtyard-richmond-north/glen-allen,Marriott-RICGA
RICMW,Richmond Marriott Short Pump,ricmw-richmond-marriott-short-pump,Marriott-RICMW
RICSH,SpringHill Suites Richmond North/Glen Allen,ricsh-springhill-suites-richmond-north/glen-allen,Marriott-RICSH
RICAL,Aloft Richmond West Short Pump,rical-aloft-richmond-west-short-pump,Marriott-RICAL
PHFCH,Courtyard Hampton Coliseum Central,phfch-courtyard-hampton-coliseum-central,Marriott-PHFCH
PHFHC,SpringHill Suites Hampton,phfhc-springhill-suites-hampton,Marriott-PHFHC
PHFEL,Element Hampton Peninsula Town Center,phfel-element-hampton-peninsula-town-center,Marriott-PHFEL
SHDCY,Courtyard Harrisonburg,shdcy-courtyard-harrisonburg,Marriott-SHDCY
SHDFI,Fairfield Inn & Suites Harrisonburg,shdfi-fairfield-inn-&-suites-harrisonburg,Marriott-SHDFI
SHDHR,Residence Inn Harrisonburg,shdhr-residence-inn-harrisonburg,Marriott-SHDHR
RICNW,Courtyard Richmond Northwest/Short Pump,ricnw-courtyard-richmond-northwest/short-pump,Marriott-RICNW
RICIN,Residence Inn Richmond Northwest/Short Pump,ricin-residence-inn-richmond-northwest/short-pump,Marriott-RICIN
RICNT,SpringHill Suites Richmond Northwest,ricnt-springhill-suites-richmond-northwest,Marriott-RICNT
IADHE,Courtyard Dulles Airport Herndon,iadhe-courtyard-dulles-airport-herndon,Marriott-IADHE
IADHC,Courtyard Dulles Airport Herndon/Reston,iadhc-courtyard-dulles-airport-herndon/reston,Marriott-IADHC
IADDH,Fairfield Inn & Suites Herndon Reston,iaddh-fairfield-inn-&-suites-herndon-reston,Marriott-IADDH
IADDS,Washington Dulles Marriott Suites,iadds-washington-dulles-marriott-suites,Marriott-IADDS
IADSH,SpringHill Suites Herndon Reston,iadsh-springhill-suites-herndon-reston,Marriott-IADSH
IADWI,The Westin Washington Dulles Airport,iadwi-the-westin-washington-dulles-airport,Marriott-IADWI
WASMR,The Marriott Ranch Bed and Breakfast,wasmr-the-marriott-ranch-bed-and-breakfast,Marriott-WASMR
LYHCY,Courtyard Lynchburg,lyhcy-courtyard-lynchburg,Marriott-LYHCY
LYHFI,Fairfield Inn & Suites Lynchburg Liberty University,lyhfi-fairfield-inn-&-suites-lynchburg-liberty-university,Marriott-LYHFI
LYHRI,Residence Inn Lynchburg,lyhri-residence-inn-lynchburg,Marriott-LYHRI
LYHSH,SpringHill Suites Lynchburg Airport/University Area,lyhsh-springhill-suites-lynchburg-airport/university-area,Marriott-LYHSH
LYHTX,"Craddock Terry Hotel, Lynchburg, a Tribute Portfolio Hotel","lyhtx-craddock-terry-hotel,-lynchburg,-a-tribute-portfolio-hotel",Marriott-LYHTX
MNZCH,Courtyard Manassas Battlefield Park,mnzch-courtyard-manassas-battlefield-park,Marriott-MNZCH
MNZRI,Residence Inn Manassas Battlefield Park,mnzri-residence-inn-manassas-battlefield-park,Marriott-MNZRI
WASTN,Courtyard Tysons McLean,wastn-courtyard-tysons-mclean,Marriott-WASTN
WASTY,"The Ritz-Carlton, Tysons Corner","wasty-the-ritz-carlton,-tysons-corner",Marriott-WASTY
RICLO,Residence Inn Richmond West/Midlothian,riclo-residence-inn-richmond-west/midlothian,Marriott-RICLO
PHFCN,Courtyard Newport News Airport,phfcn-courtyard-newport-news-airport,Marriott-PHFCN
PHFOY,Newport News Marriott at City Center,phfoy-newport-news-marriott-at-city-center,Marriott-PHFOY
PHFNN,Residence Inn Newport News Airport,phfnn-residence-inn-newport-news-airport,Marriott-PHFNN
ORFAV,"Glass Light Hotel & Gallery, Autograph Collection","orfav-glass-light-hotel-&-gallery,-autograph-collection",Marriott-ORFAV
ORFDT,Courtyard Norfolk Downtown,orfdt-courtyard-norfolk-downtown,Marriott-ORFDT
ORFDE,Delta Hotels Norfolk Airport,orfde-delta-hotels-norfolk-airport,Marriott-ORFDE
ORFWS,Norfolk Waterside Marriott,orfws-norfolk-waterside-marriott,Marriott-ORFWS
ORFRI,Residence Inn Norfolk Airport,orfri-residence-inn-norfolk-airport,Marriott-ORFRI
ORFRN,Residence Inn Norfolk Downtown,orfrn-residence-inn-norfolk-downtown,Marriott-ORFRN
ORFOD,SpringHill Suites Norfolk Old Dominion University,orfod-springhill-suites-norfolk-old-dominion-university,Marriott-ORFOD
ORFNW,SpringHill Suites Norfolk Virginia Beach,orfnw-springhill-suites-norfolk-virginia-beach,Marriott-ORFNW
ORFSI,Sheraton Norfolk Waterside Hotel,orfsi-sheraton-norfolk-waterside-hotel,Marriott-ORFSI
ORFPT,Renaissance Portsmouth-Norfolk Waterfront Hotel,orfpt-renaissance-portsmouth-norfolk-waterfront-hotel,Marriott-ORFPT
WASSR,Sheraton Reston Hotel,wassr-sheraton-reston-hotel,Marriott-WASSR
WASOW,The Westin Reston Heights,wasow-the-westin-reston-heights,Marriott-WASOW
RICRL,Courtyard Richmond Downtown,ricrl-courtyard-richmond-downtown,Marriott-RICRL
RICCN,Courtyard Richmond Scott’s Addition,riccn-courtyard-richmond-scott’s-addition,Marriott-RICCN
RICWE,Courtyard Richmond West,ricwe-courtyard-richmond-west,Marriott-RICWE
RICDE,Delta Hotels Richmond Downtown,ricde-delta-hotels-richmond-downtown,Marriott-RICDE
RICFI,Fairfield Inn & Suites Richmond Innsbrook,ricfi-fairfield-inn-&-suites-richmond-innsbrook,Marriott-RICFI
RICFW,Fairfield Inn & Suites Richmond Midlothian,ricfw-fairfield-inn-&-suites-richmond-midlothian,Marriott-RICFW
RICDT,Richmond Marriott,ricdt-richmond-marriott,Marriott-RICDT
RICOX,Moxy Richmond Downtown,ricox-moxy-richmond-downtown,Marriott-RICOX
RICRT,Residence Inn Richmond Downtown,ricrt-residence-inn-richmond-downtown,Marriott-RICRT
RICRR,Residence Inn Richmond Midtown/Glenside,ricrr-residence-inn-richmond-midtown/glenside,Marriott-RICRR
RICWW,Residence Inn Richmond West End,ricww-residence-inn-richmond-west-end,Marriott-RICWW
RICRN,Residence Inn Short Pump at the Notch,ricrn-residence-inn-short-pump-at-the-notch,Marriott-RICRN
RICFP,Four Points by Sheraton Richmond,ricfp-four-points-by-sheraton-richmond,Marriott-RICFP
RICPA,Four Points by Sheraton Richmond Airport,ricpa-four-points-by-sheraton-richmond-airport,Marriott-RICPA
RICWI,The Westin Richmond,ricwi-the-westin-richmond,Marriott-RICWI
ROACY,Courtyard Roanoke Airport,roacy-courtyard-roanoke-airport,Marriott-ROACY
ROANO,Fairfield Inn & Suites Roanoke Hollins/I-81,roano-fairfield-inn-&-suites-roanoke-hollins/i-81,Marriott-ROANO
ROARI,Residence Inn Roanoke Airport,roari-residence-inn-roanoke-airport,Marriott-ROARI
ROASH,SpringHill Suites Roanoke,roash-springhill-suites-roanoke,Marriott-ROASH
ROASL,Fairfield Inn & Suites Roanoke Salem,roasl-fairfield-inn-&-suites-roanoke-salem,Marriott-ROASL
RICAP,Courtyard Richmond Airport,ricap-courtyard-richmond-airport,Marriott-RICAP
RICSD,Fairfield Inn & Suites Richmond Airport,ricsd-fairfield-inn-&-suites-richmond-airport,Marriott-RICSD
RICSI,Sheraton Richmond Airport Hotel,ricsi-sheraton-richmond-airport-hotel,Marriott-RICSI
LYHSB,Fairfield Inn & Suites South Boston,lyhsb-fairfield-inn-&-suites-south-boston,Marriott-LYHSB
RICST,Fairfield Inn & Suites South Hill I-85,ricst-fairfield-inn-&-suites-south-hill-i-85,Marriott-RICST
WASSP,Courtyard Springfield,wassp-courtyard-springfield,Marriott-WASSP
WASOK,Residence Inn Springfield Old Keene Mill,wasok-residence-inn-springfield-old-keene-mill,Marriott-WASOK
WASSF,TownePlace Suites Springfield,wassf-towneplace-suites-springfield,Marriott-WASSF
MNZCY,Courtyard Stafford Quantico,mnzcy-courtyard-stafford-quantico,Marriott-MNZCY
MNZFS,Fairfield Inn & Suites Quantico Stafford,mnzfs-fairfield-inn-&-suites-quantico-stafford,Marriott-MNZFS
MNZTS,TownePlace Suites Quantico Stafford,mnzts-towneplace-suites-quantico-stafford,Marriott-MNZTS
SHDFS,Fairfield Inn & Suites Staunton,shdfs-fairfield-inn-&-suites-staunton,Marriott-SHDFS
IADFI,Fairfield Inn & Suites at Dulles Airport,iadfi-fairfield-inn-&-suites-at-dulles-airport,Marriott-IADFI
IADDL,SpringHill Suites Dulles Airport,iaddl-springhill-suites-dulles-airport,Marriott-IADDL
IADTF,TownePlace Suites Dulles Airport,iadtf-towneplace-suites-dulles-airport,Marriott-IADTF
RICFC,Fairfield Inn & Suites Stony Creek,ricfc-fairfield-inn-&-suites-stony-creek,Marriott-RICFC
IADST,Fairfield Inn & Suites Strasburg Shenandoah Valley,iadst-fairfield-inn-&-suites-strasburg-shenandoah-valley,Marriott-IADST
ORFCS,Courtyard Suffolk Chesapeake,orfcs-courtyard-suffolk-chesapeake,Marriott-ORFCS
ORFST,TownePlace Suites Suffolk Chesapeake,orfst-towneplace-suites-suffolk-chesapeake,Marriott-ORFST
WASTC,Tysons Corner Marriott,wastc-tysons-corner-marriott,Marriott-WASTC
IADCY,Courtyard Dunn Loring Fairfax,iadcy-courtyard-dunn-loring-fairfax,Marriott-IADCY
WASTO,Residence Inn Tysons,wasto-residence-inn-tysons,Marriott-WASTO
ORFAK,"The Historic Cavalier Hotel and Beach Club, Autograph Collection","orfak-the-historic-cavalier-hotel-and-beach-club,-autograph-collection",Marriott-ORFAK
ORFVB,Courtyard Virginia Beach Norfolk,orfvb-courtyard-virginia-beach-norfolk,Marriott-ORFVB
ORFOF,Courtyard Virginia Beach Oceanfront/North 37th Street,orfof-courtyard-virginia-beach-oceanfront/north-37th-street,Marriott-ORFOF
ORFOC,Courtyard Virginia Beach Oceanfront/South,orfoc-courtyard-virginia-beach-oceanfront/south,Marriott-ORFOC
ORFDB,Delta Hotels Virginia Beach Waterfront,orfdb-delta-hotels-virginia-beach-waterfront,Marriott-ORFDB
ORFVA,Fairfield Inn & Suites Virginia Beach Oceanfront,orfva-fairfield-inn-&-suites-virginia-beach-oceanfront,Marriott-ORFVA
ORFFW,Fairfield Inn & Suites Virginia Beach Town Center,orffw-fairfield-inn-&-suites-virginia-beach-town-center,Marriott-ORFFW
ORFFV,Fairfield Inn & Suites Virginia Beach/Norfolk Airport,orffv-fairfield-inn-&-suites-virginia-beach/norfolk-airport,Marriott-ORFFV
ORFMC,Marriott Virginia Beach Oceanfront Resort,orfmc-marriott-virginia-beach-oceanfront-resort,Marriott-ORFMC
ORFVX,Moxy Virginia Beach Oceanfront,orfvx-moxy-virginia-beach-oceanfront,Marriott-ORFVX
ORFBO,Residence Inn Virginia Beach Oceanfront,orfbo-residence-inn-virginia-beach-oceanfront,Marriott-ORFBO
ORFRV,Residence Inn Virginia Beach Town Center,orfrv-residence-inn-virginia-beach-town-center,Marriott-ORFRV
ORFVO,SpringHill Suites Virginia Beach Oceanfront,orfvo-springhill-suites-virginia-beach-oceanfront,Marriott-ORFVO
ORFFP,Four Points by Sheraton Virginia Beach Oceanfront,orffp-four-points-by-sheraton-virginia-beach-oceanfront,Marriott-ORFFP
ORFVS,Sheraton Virginia Beach Oceanfront Hotel,orfvs-sheraton-virginia-beach-oceanfront-hotel,Marriott-ORFVS
ORFWI,The Westin Virginia Beach Town Center,orfwi-the-westin-virginia-beach-town-center,Marriott-ORFWI
SHDRI,Residence Inn Waynesboro,shdri-residence-inn-waynesboro,Marriott-SHDRI
PHFAK,"Williamsburg Lodge, Autograph Collection","phfak-williamsburg-lodge,-autograph-collection",Marriott-PHFAK
PHFWB,Courtyard Williamsburg Busch Gardens Area,phfwb-courtyard-williamsburg-busch-gardens-area,Marriott-PHFWB
PHFFW,Fairfield Inn & Suites Williamsburg,phffw-fairfield-inn-&-suites-williamsburg,Marriott-PHFFW
PHFVI,Marriott's Manor Club at Ford's Colony,phfvi-marriott's-manor-club-at-ford's-colony,Marriott-PHFVI
PHFRW,Residence Inn Williamsburg,phfrw-residence-inn-williamsburg,Marriott-PHFRW
PHFSH,SpringHill Suites Williamsburg,phfsh-springhill-suites-williamsburg,Marriott-PHFSH
WGOCY,Courtyard Winchester Medical Center,wgocy-courtyard-winchester-medical-center,Marriott-WGOCY
WGOFI,Fairfield Inn & Suites Winchester,wgofi-fairfield-inn-&-suites-winchester,Marriott-WGOFI
WGOSH,SpringHill Suites Winchester,wgosh-springhill-suites-winchester,Marriott-WGOSH
WGOTS,TownePlace Suites Winchester,wgots-towneplace-suites-winchester,Marriott-WGOTS
WASWB,Courtyard Potomac Mills Woodbridge,waswb-courtyard-potomac-mills-woodbridge,Marriott-WASWB
WASPM,Fairfield Inn & Suites Potomac Mills Woodbridge,waspm-fairfield-inn-&-suites-potomac-mills-woodbridge,Marriott-WASPM
WASPW,Residence Inn Potomac Mills Woodbridge,waspw-residence-inn-potomac-mills-woodbridge,Marriott-WASPW
WASSW,SpringHill Suites Potomac Mills Woodbridge,wassw-springhill-suites-potomac-mills-woodbridge,Marriott-WASSW
WASTM,TownePlace Suites Potomac Mills Woodbridge,wastm-towneplace-suites-potomac-mills-woodbridge,Marriott-WASTM
BLFFI,Fairfield Inn & Suites Wytheville,blffi-fairfield-inn-&-suites-wytheville,Marriott-BLFFI
PHFYT,Courtyard Newport News Yorktown,phfyt-courtyard-newport-news-yorktown,Marriott-PHFYT
JXNAB,Courtyard Albion,jxnab-courtyard-albion,Marriott-JXNAB
DTTRA,TownePlace Suites by Marriott Detroit Allen Park,dttra-towneplace-suites-by-marriott-detroit-allen-park,Marriott-DTTRA
ARBCH,Courtyard Ann Arbor,arbch-courtyard-ann-arbor,Marriott-ARBCH
ARBFI,Fairfield Inn Ann Arbor,arbfi-fairfield-inn-ann-arbor,Marriott-ARBFI
ARBDT,Residence Inn Ann Arbor Downtown,arbdt-residence-inn-ann-arbor-downtown,Marriott-ARBDT
ARBRN,Residence Inn Ann Arbor North,arbrn-residence-inn-ann-arbor-north,Marriott-ARBRN
ARBSI,Sheraton Ann Arbor Hotel,arbsi-sheraton-ann-arbor-hotel,Marriott-ARBSI
ARBTP,TownePlace Suites Ann Arbor,arbtp-towneplace-suites-ann-arbor,Marriott-ARBTP
DTWTA,TownePlace Suites Detroit Auburn Hills,dtwta-towneplace-suites-detroit-auburn-hills,Marriott-DTWTA
BTLCY,Courtyard Battle Creek,btlcy-courtyard-battle-creek,Marriott-BTLCY
BTLFI,Fairfield Inn Battle Creek,btlfi-fairfield-inn-battle-creek,Marriott-BTLFI
BTLTS,TownePlace Suites Battle Creek,btlts-towneplace-suites-battle-creek,Marriott-BTLTS
MBSCB,Courtyard Bay City,mbscb-courtyard-bay-city,Marriott-MBSCB
PLNAK,"Inn at Bay Harbor, Autograph Collection","plnak-inn-at-bay-harbor,-autograph-collection",Marriott-PLNAK
DTWBL,TownePlace Suites Detroit Belleville,dtwbl-towneplace-suites-detroit-belleville,Marriott-DTWBL
SBNCB,Courtyard St. Joseph Benton Harbor,sbncb-courtyard-st.-joseph-benton-harbor,Marriott-SBNCB
SBNSD,SpringHill Suites St. Joseph Benton Harbor,sbnsd-springhill-suites-st.-joseph-benton-harbor,Marriott-SBNSD
DTWBR,Courtyard Detroit Brighton,dtwbr-courtyard-detroit-brighton,Marriott-DTWBR
DTWXC,Fairfield Inn & Suites Detroit Canton,dtwxc-fairfield-inn-&-suites-detroit-canton,Marriott-DTWXC
DTWYC,TownePlace Suites Detroit Canton,dtwyc-towneplace-suites-detroit-canton,Marriott-DTWYC
DTWMB,Fairfield Inn & Suites Detroit Chesterfield,dtwmb-fairfield-inn-&-suites-detroit-chesterfield,Marriott-DTWMB
DTWTH,TownePlace Suites Chesterfield,dtwth-towneplace-suites-chesterfield,Marriott-DTWTH
DTTRH,Residence Inn Detroit Sterling Heights,dttrh-residence-inn-detroit-sterling-heights,Marriott-DTTRH
DTWTC,TownePlace Suites Detroit Commerce,dtwtc-towneplace-suites-detroit-commerce,Marriott-DTWTC
DTWAK,"The Henry, Autograph Collection","dtwak-the-henry,-autograph-collection",Marriott-DTWAK
DTTDB,Courtyard Detroit Dearborn,dttdb-courtyard-detroit-dearborn,Marriott-DTTDB
DTTSD,SpringHill Suites Detroit Dearborn,dttsd-springhill-suites-detroit-dearborn,Marriott-DTTSD
DTWTD,TownePlace Suites Detroit Dearborn,dtwtd-towneplace-suites-detroit-dearborn,Marriott-DTWTD
DTWDC,Courtyard Detroit Downtown,dtwdc-courtyard-detroit-downtown,Marriott-DTWDC
DTWDT,Detroit Marriott at the Renaissance Center,dtwdt-detroit-marriott-at-the-renaissance-center,Marriott-DTWDT
DTWAL,Aloft Detroit at The David Whitney,dtwal-aloft-detroit-at-the-david-whitney,Marriott-DTWAL
DTWEL,Element Detroit at the Metropolitan,dtwel-element-detroit-at-the-metropolitan,Marriott-DTWEL
DTWCW,The Westin Book Cadillac Detroit,dtwcw-the-westin-book-cadillac-detroit,Marriott-DTWCW
DTWMA,The Westin Detroit Metropolitan Airport,dtwma-the-westin-detroit-metropolitan-airport,Marriott-DTWMA
LANEA,Marriott East Lansing at University Place,lanea-marriott-east-lansing-at-university-place,Marriott-LANEA
LANEL,Residence Inn East Lansing,lanel-residence-inn-east-lansing,Marriott-LANEL
LANSL,SpringHill Suites East Lansing University Area,lansl-springhill-suites-east-lansing-university-area,Marriott-LANSL
LANTS,TownePlace Suites East Lansing,lants-towneplace-suites-east-lansing,Marriott-LANTS
DTWCF,Courtyard Detroit Farmington Hills,dtwcf-courtyard-detroit-farmington-hills,Marriott-DTWCF
DTWDF,Delta Hotels Detroit Novi,dtwdf-delta-hotels-detroit-novi,Marriott-DTWDF
DTWFH,Fairfield Inn & Suites Detroit Farmington Hills,dtwfh-fairfield-inn-&-suites-detroit-farmington-hills,Marriott-DTWFH
DTWRF,Residence Inn Detroit Farmington Hills,dtwrf-residence-inn-detroit-farmington-hills,Marriott-DTWRF
FNTFF,Fairfield Inn & Suites Flint Fenton,fntff-fairfield-inn-&-suites-flint-fenton,Marriott-FNTFF
FNTCY,Courtyard Flint Grand Blanc,fntcy-courtyard-flint-grand-blanc,Marriott-FNTCY
FNTRI,Residence Inn Flint Grand Blanc,fntri-residence-inn-flint-grand-blanc,Marriott-FNTRI
MBSFR,Fairfield Inn & Suites Frankenmuth,mbsfr-fairfield-inn-&-suites-frankenmuth,Marriott-MBSFR
MBSSH,SpringHill Suites Frankenmuth,mbssh-springhill-suites-frankenmuth,Marriott-MBSSH
GLRFI,Fairfield Inn & Suites Gaylord,glrfi-fairfield-inn-&-suites-gaylord,Marriott-GLRFI
FNTFG,Fairfield Inn & Suites Flint Grand Blanc,fntfg-fairfield-inn-&-suites-flint-grand-blanc,Marriott-FNTFG
GRRAR,AC Hotel Grand Rapids Downtown,grrar-ac-hotel-grand-rapids-downtown,Marriott-GRRAR
GRRCY,Courtyard Grand Rapids Airport,grrcy-courtyard-grand-rapids-airport,Marriott-GRRCY
GRRDT,Courtyard Grand Rapids Downtown,grrdt-courtyard-grand-rapids-downtown,Marriott-GRRDT
GRRDE,Delta Hotels Grand Rapids Airport,grrde-delta-hotels-grand-rapids-airport,Marriott-GRRDE
GRRPA,Fairfield Inn & Suites Grand Rapids,grrpa-fairfield-inn-&-suites-grand-rapids,Marriott-GRRPA
GRRJW,JW Marriott Grand Rapids,grrjw-jw-marriott-grand-rapids,Marriott-GRRJW
GRRRI,Residence Inn Grand Rapids Airport,grrri-residence-inn-grand-rapids-airport,Marriott-GRRRI
GRRRD,Residence Inn Grand Rapids Downtown,grrrd-residence-inn-grand-rapids-downtown,Marriott-GRRRD
GRRSE,SpringHill Suites Grand Rapids Airport Southeast,grrse-springhill-suites-grand-rapids-airport-southeast,Marriott-GRRSE
GRRSH,SpringHill Suites Grand Rapids North,grrsh-springhill-suites-grand-rapids-north,Marriott-GRRSH
GRRIS,Sheraton Grand Rapids Airport Hotel,grris-sheraton-grand-rapids-airport-hotel,Marriott-GRRIS
GRRTS,TownePlace Suites Grand Rapids Airport,grrts-towneplace-suites-grand-rapids-airport,Marriott-GRRTS
GRRTE,TownePlace Suites Grand Rapids Airport Southeast,grrte-towneplace-suites-grand-rapids-airport-southeast,Marriott-GRRTE
GRRRW,Residence Inn Grand Rapids West,grrrw-residence-inn-grand-rapids-west,Marriott-GRRRW
GRRGS,SpringHill Suites Grand Rapids West,grrgs-springhill-suites-grand-rapids-west,Marriott-GRRGS
GRRCH,Courtyard Holland Downtown,grrch-courtyard-holland-downtown,Marriott-GRRCH
GRRFI,Fairfield Inn & Suites Holland,grrfi-fairfield-inn-&-suites-holland,Marriott-GRRFI
GRRHO,Residence Inn Holland,grrho-residence-inn-holland,Marriott-GRRHO
GRRSL,SpringHill Suites Holland,grrsl-springhill-suites-holland,Marriott-GRRSL
IMTTS,TownePlace Suites Iron Mountain,imtts-towneplace-suites-iron-mountain,Marriott-IMTTS
JXNCY,Courtyard Jackson,jxncy-courtyard-jackson,Marriott-JXNCY
JXNFI,Fairfield Inn & Suites Jackson,jxnfi-fairfield-inn-&-suites-jackson,Marriott-JXNFI
JXNTS,TownePlace Suites Jackson,jxnts-towneplace-suites-jackson,Marriott-JXNTS
AZODE,Delta Hotels Kalamazoo Conference Center,azode-delta-hotels-kalamazoo-conference-center,Marriott-AZODE
AZOFF,Fairfield Inn & Suites Kalamazoo,azoff-fairfield-inn-&-suites-kalamazoo,Marriott-AZOFF
AZOFW,Fairfield Inn Kalamazoo West,azofw-fairfield-inn-kalamazoo-west,Marriott-AZOFW
AZOZO,Residence Inn Kalamazoo East,azozo-residence-inn-kalamazoo-east,Marriott-AZOZO
AZOFP,Four Points by Sheraton Kalamazoo,azofp-four-points-by-sheraton-kalamazoo,Marriott-AZOFP
AZOTS,TownePlace Suites Kalamazoo,azots-towneplace-suites-kalamazoo,Marriott-AZOTS
LANAC,AC Hotel Lansing University Area,lanac-ac-hotel-lansing-university-area,Marriott-LANAC
LANCY,Courtyard Lansing,lancy-courtyard-lansing,Marriott-LANCY
LANCL,Courtyard Lansing Downtown,lancl-courtyard-lansing-downtown,Marriott-LANCL
LANDT,Fairfield Inn & Suites Lansing at Eastwood,landt-fairfield-inn-&-suites-lansing-at-eastwood,Marriott-LANDT
LANFW,Fairfield Inn & Suites Lansing West,lanfw-fairfield-inn-&-suites-lansing-west,Marriott-LANFW
LANWE,Residence Inn Lansing West,lanwe-residence-inn-lansing-west,Marriott-LANWE
LANSH,SpringHill Suites Lansing,lansh-springhill-suites-lansing,Marriott-LANSH
DETLV,Courtyard Detroit Livonia,detlv-courtyard-detroit-livonia,Marriott-DETLV
DTWFL,Fairfield Inn & Suites Detroit Livonia,dtwfl-fairfield-inn-&-suites-detroit-livonia,Marriott-DTWFL
DTWLI,Detroit Marriott Livonia,dtwli-detroit-marriott-livonia,Marriott-DTWLI
DTWLV,Residence Inn Detroit Livonia,dtwlv-residence-inn-detroit-livonia,Marriott-DTWLV
DTWTL,TownePlace Suites Detroit Livonia,dtwtl-towneplace-suites-detroit-livonia,Marriott-DTWTL
DTTTO,Residence Inn Detroit Troy/Madison Heights,dttto-residence-inn-detroit-troy/madison-heights,Marriott-DTTTO
MQTFI,Fairfield Inn & Suites Marquette,mqtfi-fairfield-inn-&-suites-marquette,Marriott-MQTFI
MBSFM,Fairfield Inn & Suites Midland,mbsfm-fairfield-inn-&-suites-midland,Marriott-MBSFM
MBSMD,Residence Inn Midland,mbsmd-residence-inn-midland,Marriott-MBSMD
MBSSM,SpringHill Suites Midland,mbssm-springhill-suites-midland,Marriott-MBSSM
DTWTM,TownePlace Suites Monroe,dtwtm-towneplace-suites-monroe,Marriott-DTWTM
MBSCY,Courtyard Mt. Pleasant at Central Michigan University,mbscy-courtyard-mt.-pleasant-at-central-michigan-university,Marriott-MBSCY
MBSMP,Fairfield Inn & Suites Mt. Pleasant,mbsmp-fairfield-inn-&-suites-mt.-pleasant,Marriott-MBSMP
MKGDE,Delta Hotels Muskegon Convention Center,mkgde-delta-hotels-muskegon-convention-center,Marriott-MKGDE
MKGNS,Fairfield Inn & Suites Muskegon Norton Shores,mkgns-fairfield-inn-&-suites-muskegon-norton-shores,Marriott-MKGNS
SBNNB,Fairfield Inn & Suites New Buffalo,sbnnb-fairfield-inn-&-suites-new-buffalo,Marriott-SBNNB
DTWDN,The Baronette Renaissance Detroit-Novi Hotel,dtwdn-the-baronette-renaissance-detroit-novi-hotel,Marriott-DTWDN
DTWNO,Residence Inn Detroit Novi,dtwno-residence-inn-detroit-novi,Marriott-DTWNO
DTWFN,Four Points by Sheraton Detroit Novi,dtwfn-four-points-by-sheraton-detroit-novi,Marriott-DTWFN
DTWOS,Sheraton Detroit Novi Hotel,dtwos-sheraton-detroit-novi-hotel,Marriott-DTWOS
LANCO,Courtyard East Lansing Okemos,lanco-courtyard-east-lansing-okemos,Marriott-LANCO
DTWRA,SpringHill Suites Detroit Auburn Hills,dtwra-springhill-suites-detroit-auburn-hills,Marriott-DTWRA
PLNCY,Courtyard Petoskey at Victories Square,plncy-courtyard-petoskey-at-victories-square,Marriott-PLNCY
DTWCP,Courtyard Detroit Pontiac/Auburn Hills,dtwcp-courtyard-detroit-pontiac/auburn-hills,Marriott-DTWCP
DTWPO,Auburn Hills Marriott Pontiac,dtwpo-auburn-hills-marriott-pontiac,Marriott-DTWPO
DTWPT,Residence Inn Detroit Pontiac/Auburn Hills,dtwpt-residence-inn-detroit-pontiac/auburn-hills,Marriott-DTWPT
PRHFI,Fairfield Inn Port Huron,prhfi-fairfield-inn-port-huron,Marriott-PRHFI
AZOCY,Courtyard Kalamazoo Portage,azocy-courtyard-kalamazoo-portage,Marriott-AZOCY
AZOSP,SpringHill Suites Kalamazoo Portage,azosp-springhill-suites-kalamazoo-portage,Marriott-AZOSP
DTWDR,Fairfield Inn & Suites Rochester Hills,dtwdr-fairfield-inn-&-suites-rochester-hills,Marriott-DTWDR
DTWCA,Courtyard Detroit Metro Airport Romulus,dtwca-courtyard-detroit-metro-airport-romulus,Marriott-DTWCA
DTWDE,Delta Hotels Detroit Metro Airport,dtwde-delta-hotels-detroit-metro-airport,Marriott-DTWDE
DTWFR,Fairfield Inn & Suites Detroit Metro Airport Romulus,dtwfr-fairfield-inn-&-suites-detroit-metro-airport-romulus,Marriott-DTWFR
DTWRM,Detroit Metro Airport Marriott,dtwrm-detroit-metro-airport-marriott,Marriott-DTWRM
DTWAS,SpringHill Suites Detroit Metro Airport Romulus,dtwas-springhill-suites-detroit-metro-airport-romulus,Marriott-DTWAS
DTWFP,Four Points by Sheraton Detroit Metro Airport,dtwfp-four-points-by-sheraton-detroit-metro-airport,Marriott-DTWFP
DTWMS,Sheraton Detroit Metro Airport,dtwms-sheraton-detroit-metro-airport,Marriott-DTWMS
MBSFI,Fairfield Inn & Suites Saginaw,mbsfi-fairfield-inn-&-suites-saginaw,Marriott-MBSFI
MBSRI,Residence Inn Saginaw,mbsri-residence-inn-saginaw,Marriott-MBSRI
MBSSG,SpringHill Suites Saginaw,mbssg-springhill-suites-saginaw,Marriott-MBSSG
MBSFP,Four Points by Sheraton Saginaw,mbsfp-four-points-by-sheraton-saginaw,Marriott-MBSFP
MBSTP,TownePlace Suites Saginaw,mbstp-towneplace-suites-saginaw,Marriott-MBSTP
DTWSF,Courtyard Detroit Southfield,dtwsf-courtyard-detroit-southfield,Marriott-DTWSF
DTWSL,Detroit Marriott Southfield,dtwsl-detroit-marriott-southfield,Marriott-DTWSL
DTWSD,SpringHill Suites Detroit Southfield,dtwsd-springhill-suites-detroit-southfield,Marriott-DTWSD
DTWWI,The Westin Southfield Detroit,dtwwi-the-westin-southfield-detroit,Marriott-DTWWI
DTWSS,SpringHill Suites Detroit Sterling Heights,dtwss-springhill-suites-detroit-sterling-heights,Marriott-DTWSS
DTWTU,TownePlace Suites Detroit Sterling Heights,dtwtu-towneplace-suites-detroit-sterling-heights,Marriott-DTWTU
BEHFI,Fairfield Inn & Suites St. Joseph Stevensville,behfi-fairfield-inn-&-suites-st.-joseph-stevensville,Marriott-BEHFI
TVCCY,Courtyard Traverse City,tvccy-courtyard-traverse-city,Marriott-TVCCY
TVCFI,Fairfield Inn & Suites Traverse City,tvcfi-fairfield-inn-&-suites-traverse-city,Marriott-TVCFI
DTTTR,Courtyard Detroit Troy,dtttr-courtyard-detroit-troy,Marriott-DTTTR
DTWFT,Fairfield Inn & Suites Detroit Troy,dtwft-fairfield-inn-&-suites-detroit-troy,Marriott-DTWFT
DTTTT,Detroit Marriott Troy,dtttt-detroit-marriott-troy,Marriott-DTTTT
DTTTS,TownePlace Suites Detroit Troy,dttts-towneplace-suites-detroit-troy,Marriott-DTTTS
DTWUT,Courtyard Detroit Utica,dtwut-courtyard-detroit-utica,Marriott-DTWUT
GRRFN,Fairfield Inn & Suites Grand Rapids North,grrfn-fairfield-inn-&-suites-grand-rapids-north,Marriott-GRRFN
DTTWR,Courtyard Detroit Warren,dttwr-courtyard-detroit-warren,Marriott-DTTWR
DTWDW,TownePlace Suites Detroit Warren,dtwdw-towneplace-suites-detroit-warren,Marriott-DTWDW
SBNWL,Fairfield Inn & Suites Watervliet St. Joseph,sbnwl-fairfield-inn-&-suites-watervliet-st.-joseph,Marriott-SBNWL
DTWSW,SpringHill Suites by Marriott Wixom Novi,dtwsw-springhill-suites-by-marriott-wixom-novi,Marriott-DTWSW
GRRFW,Fairfield Inn & Suites Grand Rapids Wyoming,grrfw-fairfield-inn-&-suites-grand-rapids-wyoming,Marriott-GRRFW
GRRTW,TownePlace Suites Grand Rapids Wyoming,grrtw-towneplace-suites-grand-rapids-wyoming,Marriott-GRRTW
ARBFY,Fairfield Inn & Suites Ann Arbor Ypsilanti,arbfy-fairfield-inn-&-suites-ann-arbor-ypsilanti,Marriott-ARBFY
DTWYS,Ann Arbor Marriott Ypsilanti at Eagle Crest,dtwys-ann-arbor-marriott-ypsilanti-at-eagle-crest,Marriott-DTWYS
PHXRV,Residence Inn Phoenix West/Avondale,phxrv-residence-inn-phoenix-west/avondale,Marriott-PHXRV
PHXYF,Fairfield Inn & Suites Buckeye Verrado,phxyf-fairfield-inn-&-suites-buckeye-verrado,Marriott-PHXYF
PHXYT,TownePlace Suites Buckeye Verrado,phxyt-towneplace-suites-buckeye-verrado,Marriott-PHXYT
PHXCF,Courtyard Phoenix Chandler/Fashion Center,phxcf-courtyard-phoenix-chandler/fashion-center,Marriott-PHXCF
PHXFF,Fairfield Inn & Suites Phoenix Chandler/Fashion Center,phxff-fairfield-inn-&-suites-phoenix-chandler/fashion-center,Marriott-PHXFF
PHXML,Marriott Phoenix Chandler,phxml-marriott-phoenix-chandler,Marriott-PHXML
PHXCD,Residence Inn Phoenix Chandler/Fashion Center,phxcd-residence-inn-phoenix-chandler/fashion-center,Marriott-PHXCD
PHXRL,Residence Inn Phoenix Chandler/South,phxrl-residence-inn-phoenix-chandler/south,Marriott-PHXRL
PHXCS,SpringHill Suites Phoenix Chandler/Fashion Center,phxcs-springhill-suites-phoenix-chandler/fashion-center,Marriott-PHXCS
PHXEL,Element Chandler Fashion Center,phxel-element-chandler-fashion-center,Marriott-PHXEL
PHXXC,TownePlace Suites Phoenix Chandler/Fashion Center,phxxc-towneplace-suites-phoenix-chandler/fashion-center,Marriott-PHXXC
PRCCW,SpringHill Suites Cottonwood,prccw-springhill-suites-cottonwood,Marriott-PRCCW
FLGCY,Courtyard Flagstaff,flgcy-courtyard-flagstaff,Marriott-FLGCY
FLGFF,Fairfield Inn & Suites Flagstaff East,flgff-fairfield-inn-&-suites-flagstaff-east,Marriott-FLGFF
FLGRF,Residence Inn Flagstaff,flgrf-residence-inn-flagstaff,Marriott-FLGRF
FLGSH,SpringHill Suites Flagstaff,flgsh-springhill-suites-flagstaff,Marriott-FLGSH
PHXGB,Residence Inn Phoenix Gilbert,phxgb-residence-inn-phoenix-gilbert,Marriott-PHXGB
PHXGR,Renaissance Phoenix Glendale Hotel & Conference Center,phxgr-renaissance-phoenix-glendale-hotel-&-conference-center,Marriott-PHXGR
PHXGI,Residence Inn Phoenix Glendale Sports & Entertainment District,phxgi-residence-inn-phoenix-glendale-sports-&-entertainment-district,Marriott-PHXGI
PHXGL,SpringHill Suites Phoenix Glendale Sports & Entertainment District,phxgl-springhill-suites-phoenix-glendale-sports-&-entertainment-district,Marriott-PHXGL
PHXSP,SpringHill Suites Phoenix Glendale/Peoria,phxsp-springhill-suites-phoenix-glendale/peoria,Marriott-PHXSP
PHXAW,Aloft Glendale at Westgate,phxaw-aloft-glendale-at-westgate,Marriott-PHXAW
PHXTG,TownePlace Suites Phoenix Glendale Sports & Entertainment District,phxtg-towneplace-suites-phoenix-glendale-sports-&-entertainment-district,Marriott-PHXTG
PHXGY,Residence Inn Phoenix Goodyear,phxgy-residence-inn-phoenix-goodyear,Marriott-PHXGY
PHXSG,SpringHill Suites Phoenix Goodyear,phxsg-springhill-suites-phoenix-goodyear,Marriott-PHXSG
PHXYR,TownePlace Suites Phoenix Goodyear,phxyr-towneplace-suites-phoenix-goodyear,Marriott-PHXYR
IGMSH,SpringHill Suites Kingman Route 66,igmsh-springhill-suites-kingman-route-66,Marriott-IGMSH
TUSRZ,"The Ritz-Carlton, Dove Mountain","tusrz-the-ritz-carlton,-dove-mountain",Marriott-TUSRZ
PHXCE,Courtyard Mesa at Wrigleyville West,phxce-courtyard-mesa-at-wrigleyville-west,Marriott-PHXCE
PHXME,Courtyard Phoenix Mesa,phxme-courtyard-phoenix-mesa,Marriott-PHXME
PHXMZ,Courtyard Phoenix Mesa Gateway Airport,phxmz-courtyard-phoenix-mesa-gateway-airport,Marriott-PHXMZ
PHXDE,Delta Hotels Phoenix Mesa,phxde-delta-hotels-phoenix-mesa,Marriott-PHXDE
PHXRM,Residence Inn Phoenix Mesa,phxrm-residence-inn-phoenix-mesa,Marriott-PHXRM
PHXMX,Residence Inn Phoenix Mesa East,phxmx-residence-inn-phoenix-mesa-east,Marriott-PHXMX
PHXMA,Four Points by Sheraton at Phoenix Mesa Gateway Airport,phxma-four-points-by-sheraton-at-phoenix-mesa-gateway-airport,Marriott-PHXMA
PHXWW,Sheraton Mesa Hotel at Wrigleyville West,phxww-sheraton-mesa-hotel-at-wrigleyville-west,Marriott-PHXWW
TUSOR,Fairfield Inn & Suites Tucson North/Oro Valley,tusor-fairfield-inn-&-suites-tucson-north/oro-valley,Marriott-TUSOR
PGACY,Courtyard Page at Lake Powell,pgacy-courtyard-page-at-lake-powell,Marriott-PGACY
PHXRP,Residence Inn Phoenix Glendale/Peoria,phxrp-residence-inn-phoenix-glendale/peoria,Marriott-PHXRP
PHXAB,AC Hotel Phoenix Biltmore,phxab-ac-hotel-phoenix-biltmore,Marriott-PHXAB
PHXAD,AC Hotel Phoenix Downtown,phxad-ac-hotel-phoenix-downtown,Marriott-PHXAD
PHXAK,"The Camby, Autograph Collection","phxak-the-camby,-autograph-collection",Marriott-PHXAK
PHXCA,Courtyard Phoenix Airport,phxca-courtyard-phoenix-airport,Marriott-PHXCA
PHXXT,Courtyard Phoenix Downtown,phxxt-courtyard-phoenix-downtown,Marriott-PHXXT
PHXMC,Courtyard Phoenix North,phxmc-courtyard-phoenix-north,Marriott-PHXMC
PHXBC,Courtyard Phoenix North/Happy Valley,phxbc-courtyard-phoenix-north/happy-valley,Marriott-PHXBC
PHXSW,Courtyard Phoenix West/Avondale,phxsw-courtyard-phoenix-west/avondale,Marriott-PHXSW
PHXAS,Fairfield Inn & Suites Phoenix Midtown,phxas-fairfield-inn-&-suites-phoenix-midtown,Marriott-PHXAS
PHXDR,JW Marriott Phoenix Desert Ridge Resort & Spa,phxdr-jw-marriott-phoenix-desert-ridge-resort-&-spa,Marriott-PHXDR
PHXAP,Marriott Phoenix Airport,phxap-marriott-phoenix-airport,Marriott-PHXAP
PHXCV,Marriott's Canyon Villas,phxcv-marriott's-canyon-villas,Marriott-PHXCV
PHXOD,Moxy Phoenix Downtown,phxod-moxy-phoenix-downtown,Marriott-PHXOD
PHXBD,Renaissance Phoenix Downtown Hotel,phxbd-renaissance-phoenix-downtown-hotel,Marriott-PHXBD
PHXRA,Residence Inn Phoenix Airport,phxra-residence-inn-phoenix-airport,Marriott-PHXRA
PHXMH,Residence Inn Phoenix Desert View at Mayo Clinic,phxmh-residence-inn-phoenix-desert-view-at-mayo-clinic,Marriott-PHXMH
PHXTW,Residence Inn Phoenix Downtown,phxtw-residence-inn-phoenix-downtown,Marriott-PHXTW
PHXRB,Residence Inn Phoenix North/Happy Valley,phxrb-residence-inn-phoenix-north/happy-valley,Marriott-PHXRB
PHXDT,SpringHill Suites Phoenix Downtown,phxdt-springhill-suites-phoenix-downtown,Marriott-PHXDT
PHXSS,SpringHill Suites Phoenix North,phxss-springhill-suites-phoenix-north,Marriott-PHXSS
PHXXL,Aloft Phoenix-Airport,phxxl-aloft-phoenix-airport,Marriott-PHXXL
PHXWP,Sheraton Grand at Wild Horse Pass,phxwp-sheraton-grand-at-wild-horse-pass,Marriott-PHXWP
PHXSI,Sheraton Phoenix Crescent,phxsi-sheraton-phoenix-crescent,Marriott-PHXSI
PHXGP,Sheraton Phoenix Downtown,phxgp-sheraton-phoenix-downtown,Marriott-PHXGP
PHXTS,TownePlace Suites Phoenix North,phxts-towneplace-suites-phoenix-north,Marriott-PHXTS
PHXIW,The Westin Phoenix Downtown,phxiw-the-westin-phoenix-downtown,Marriott-PHXIW
PRCRI,Residence Inn Prescott,prcri-residence-inn-prescott,Marriott-PRCRI
PRCSH,SpringHill Suites Prescott,prcsh-springhill-suites-prescott,Marriott-PRCSH
PHXAX,AC Hotel Scottsdale North,phxax-ac-hotel-scottsdale-north,Marriott-PHXAX
PHXAF,"ADERO Scottsdale Resort, Autograph Collection","phxaf-adero-scottsdale-resort,-autograph-collection",Marriott-PHXAF
PHXCN,Courtyard Scottsdale North,phxcn-courtyard-scottsdale-north,Marriott-PHXCN
PHXSC,Courtyard Scottsdale Old Town,phxsc-courtyard-scottsdale-old-town,Marriott-PHXSC
PHXPI,Courtyard Scottsdale Salt River,phxpi-courtyard-scottsdale-salt-river,Marriott-PHXPI
PHXCB,JW Marriott Scottsdale Camelback Inn Resort & Spa,phxcb-jw-marriott-scottsdale-camelback-inn-resort-&-spa,Marriott-PHXCB
PHXNO,Scottsdale Marriott at McDowell Mountains,phxno-scottsdale-marriott-at-mcdowell-mountains,Marriott-PHXNO
PHXST,Scottsdale Marriott Old Town,phxst-scottsdale-marriott-old-town,Marriott-PHXST
PHXSO,"Sheraton Desert Oasis Villas, Scottsdale","phxso-sheraton-desert-oasis-villas,-scottsdale",Marriott-PHXSO
PHXWK,"The Westin Kierland Villas, Scottsdale","phxwk-the-westin-kierland-villas,-scottsdale",Marriott-PHXWK
PHXRN,Residence Inn Scottsdale North,phxrn-residence-inn-scottsdale-north,Marriott-PHXRN
PHXRR,Residence Inn Scottsdale Salt River,phxrr-residence-inn-scottsdale-salt-river,Marriott-PHXRR
PHXLS,SpringHill Suites Phoenix Scottsdale,phxls-springhill-suites-phoenix-scottsdale,Marriott-PHXLS
PHXSH,SpringHill Suites Scottsdale North,phxsh-springhill-suites-scottsdale-north,Marriott-PHXSH
PHXSD,Aloft Scottsdale,phxsd-aloft-scottsdale,Marriott-PHXSD
PHXES,Element Scottsdale at SkySong,phxes-element-scottsdale-at-skysong,Marriott-PHXES
PHXPR,"Phoenician Residences, a Luxury Collection Residence Club, Scottsdale","phxpr-phoenician-residences,-a-luxury-collection-residence-club,-scottsdale",Marriott-PHXPR
PHXPC,"The Canyon Suites at The Phoenician, a Luxury Collection Resort, Scottsdale","phxpc-the-canyon-suites-at-the-phoenician,-a-luxury-collection-resort,-scottsdale",Marriott-PHXPC
PHXLC,"The Phoenician, a Luxury Collection Resort, Scottsdale","phxlc-the-phoenician,-a-luxury-collection-resort,-scottsdale",Marriott-PHXLC
PHXTX,"Hotel Adeline, Scottsdale, a Tribute Portfolio Hotel","phxtx-hotel-adeline,-scottsdale,-a-tribute-portfolio-hotel",Marriott-PHXTX
PHXWH,W Scottsdale,phxwh-w-scottsdale,Marriott-PHXWH
PHXWS,The Westin Kierland Resort & Spa,phxws-the-westin-kierland-resort-&-spa,Marriott-PHXWS
FLGCS,Courtyard Sedona,flgcs-courtyard-sedona,Marriott-FLGCS
FLGRS,Residence Inn Sedona,flgrs-residence-inn-sedona,Marriott-FLGRS
FLGEL,Element Sedona,flgel-element-sedona,Marriott-FLGEL
FLGSX,"Sky Rock Sedona, a Tribute Portfolio Hotel","flgsx-sky-rock-sedona,-a-tribute-portfolio-hotel",Marriott-FLGSX
FLGSF,Fairfield Inn & Suites Show Low,flgsf-fairfield-inn-&-suites-show-low,Marriott-FLGSF
FLGST,TownePlace Suites Show Low,flgst-towneplace-suites-show-low,Marriott-FLGST
FHUFI,Fairfield Inn & Suites Sierra Vista,fhufi-fairfield-inn-&-suites-sierra-vista,Marriott-FHUFI
FHUTS,TownePlace Suites Sierra Vista,fhuts-towneplace-suites-sierra-vista,Marriott-FHUTS
PHXSZ,Residence Inn Phoenix NW/Surprise,phxsz-residence-inn-phoenix-nw/surprise,Marriott-PHXSZ
PHXAC,AC Hotel Phoenix Tempe/Downtown,phxac-ac-hotel-phoenix-tempe/downtown,Marriott-PHXAC
PHXMP,Fairfield Inn & Suites Phoenix Tempe/Airport,phxmp-fairfield-inn-&-suites-phoenix-tempe/airport,Marriott-PHXMP
PHXTM,Marriott Phoenix Resort Tempe at The Buttes,phxtm-marriott-phoenix-resort-tempe-at-the-buttes,Marriott-PHXTM
PHXOX,Moxy Phoenix Tempe/ASU Area,phxox-moxy-phoenix-tempe/asu-area,Marriott-PHXOX
PHXTD,Residence Inn Tempe Downtown/University,phxtd-residence-inn-tempe-downtown/university,Marriott-PHXTD
PHXSL,SpringHill Suites Phoenix Tempe/Airport,phxsl-springhill-suites-phoenix-tempe/airport,Marriott-PHXSL
PHXPS,SpringHill Suites Tempe at Arizona Mills Mall,phxps-springhill-suites-tempe-at-arizona-mills-mall,Marriott-PHXPS
PHXAL,Aloft Tempe,phxal-aloft-tempe,Marriott-PHXAL
PHXTT,TownePlace Suites Tempe at Arizona Mills Mall,phxtt-towneplace-suites-tempe-at-arizona-mills-mall,Marriott-PHXTT
PHXWT,The Westin Tempe,phxwt-the-westin-tempe,Marriott-PHXWT
TUSTH,SpringHill Suites Thatcher,tusth-springhill-suites-thatcher,Marriott-TUSTH
PHXFT,Fairfield Inn & Suites Phoenix West/Tolleson,phxft-fairfield-inn-&-suites-phoenix-west/tolleson,Marriott-PHXFT
TUSAD,AC Hotel Tucson Downtown,tusad-ac-hotel-tucson-downtown,Marriott-TUSAD
TUSCA,Courtyard Tucson Airport,tusca-courtyard-tucson-airport,Marriott-TUSCA
TUSCE,Courtyard Tucson Williams Centre,tusce-courtyard-tucson-williams-centre,Marriott-TUSCE
TUSSP,JW Marriott Tucson Starr Pass Resort & Spa,tussp-jw-marriott-tucson-starr-pass-resort-&-spa,Marriott-TUSSP
TUSMP,Tucson Marriott University Park,tusmp-tucson-marriott-university-park,Marriott-TUSMP
TUSAP,Residence Inn Tucson Airport,tusap-residence-inn-tucson-airport,Marriott-TUSAP
TUSRI,Residence Inn Tucson Williams Centre,tusri-residence-inn-tucson-williams-centre,Marriott-TUSRI
TUSSE,SpringHill Suites Tucson at The Bridges,tusse-springhill-suites-tucson-at-the-bridges,Marriott-TUSSE
TUSAL,Aloft Tucson University,tusal-aloft-tucson-university,Marriott-TUSAL
TUSDS,"The Tuxon Hotel, Tucson, a Member of Design Hotels","tusds-the-tuxon-hotel,-tucson,-a-member-of-design-hotels",Marriott-TUSDS
TUSFP,Four Points by Sheraton Tucson Airport,tusfp-four-points-by-sheraton-tucson-airport,Marriott-TUSFP
TUSSI,Sheraton Tucson Hotel & Suites,tussi-sheraton-tucson-hotel-&-suites,Marriott-TUSSI
TUSTN,TownePlace Suites Tucson,tustn-towneplace-suites-tucson,Marriott-TUSTN
TUSTA,TownePlace Suites Tucson Airport,tusta-towneplace-suites-tucson-airport,Marriott-TUSTA
TUSWC,TownePlace Suites Tucson Williams Centre,tuswc-towneplace-suites-tucson-williams-centre,Marriott-TUSWC
TUSTX,"The Leo Kent Hotel, Tucson, a Tribute Portfolio Hotel","tustx-the-leo-kent-hotel,-tucson,-a-tribute-portfolio-hotel",Marriott-TUSTX
TUSWI,The Westin La Paloma Resort & Spa,tuswi-the-westin-la-paloma-resort-&-spa,Marriott-TUSWI
YUMFI,Fairfield Inn & Suites Yuma,yumfi-fairfield-inn-&-suites-yuma,Marriott-YUMFI
YUMSH,SpringHill Suites Yuma,yumsh-springhill-suites-yuma,Marriott-YUMSH
YUMFP,Four Points by Sheraton Yuma,yumfp-four-points-by-sheraton-yuma,Marriott-YUMFP
YUMTS,TownePlace Suites Yuma,yumts-towneplace-suites-yuma,Marriott-YUMTS
AGSFS,Fairfield Inn & Suites Aiken,agsfs-fairfield-inn-&-suites-aiken,Marriott-AGSFS
AGSTS,TownePlace Suites Aiken Whiskey Road,agsts-towneplace-suites-aiken-whiskey-road,Marriott-AGSTS
ANDFI,Fairfield Inn & Suites Anderson Clemson,andfi-fairfield-inn-&-suites-anderson-clemson,Marriott-ANDFI
ANDRI,Residence Inn Anderson Clemson,andri-residence-inn-anderson-clemson,Marriott-ANDRI
HHHBS,SpringHill Suites Beaufort,hhhbs-springhill-suites-beaufort,Marriott-HHHBS
CAECY,Courtyard Columbia Cayce,caecy-courtyard-columbia-cayce,Marriott-CAECY
CHSAK,"Grand Bohemian Charleston, Autograph Collection","chsak-grand-bohemian-charleston,-autograph-collection",Marriott-CHSAK
CHSHD,Courtyard Charleston Historic District,chshd-courtyard-charleston-historic-district,Marriott-CHSHD
CHSCY,Courtyard Charleston Waterfront,chscy-courtyard-charleston-waterfront,Marriott-CHSCY
CHSMC,Charleston Marriott,chsmc-charleston-marriott,Marriott-CHSMC
CHSOX,Moxy Charleston Downtown,chsox-moxy-charleston-downtown,Marriott-CHSOX
CHSBR,The Lindy Renaissance Charleston Hotel,chsbr-the-lindy-renaissance-charleston-hotel,Marriott-CHSBR
CHSHR,Hotel Bella Grace/Charleston Historic District,chshr-hotel-bella-grace/charleston-historic-district,Marriott-CHSHR
CHSRI,Residence Inn Charleston Riverview,chsri-residence-inn-charleston-riverview,Marriott-CHSRI
CHSSH,SpringHill Suites Charleston Riverview,chssh-springhill-suites-charleston-riverview,Marriott-CHSSH
CHSTS,TownePlace Suites Charleston-West Ashley,chsts-towneplace-suites-charleston-west-ashley,Marriott-CHSTS
CHSTR,"Live Oak, Charleston Historic District, a Tribute Portfolio Hotel","chstr-live-oak,-charleston-historic-district,-a-tribute-portfolio-hotel",Marriott-CHSTR
FLOCS,SpringHill Suites Cheraw,flocs-springhill-suites-cheraw,Marriott-FLOCS
GSPCL,Courtyard Clemson,gspcl-courtyard-clemson,Marriott-GSPCL
CAECD,Courtyard Columbia Downtown at USC,caecd-courtyard-columbia-downtown-at-usc,Marriott-CAECD
CAENE,Courtyard Columbia Northeast/Fort Jackson Area,caene-courtyard-columbia-northeast/fort-jackson-area,Marriott-CAENE
CAEDE,Delta Hotels Columbia Northeast,caede-delta-hotels-columbia-northeast,Marriott-CAEDE
CAEFD,Fairfield Inn & Suites Columbia Downtown,caefd-fairfield-inn-&-suites-columbia-downtown,Marriott-CAEFD
CAEFS,Fairfield Inn & Suites Columbia Northeast,caefs-fairfield-inn-&-suites-columbia-northeast,Marriott-CAEFS
CAEFN,Fairfield by Marriott Inn & Suites Columbia Harbison,caefn-fairfield-by-marriott-inn-&-suites-columbia-harbison,Marriott-CAEFN
CAEMH,Marriott Columbia,caemh-marriott-columbia,Marriott-CAEMH
CAERI,Residence Inn Columbia Northeast/Fort Jackson Area,caeri-residence-inn-columbia-northeast/fort-jackson-area,Marriott-CAERI
CAESH,SpringHill Suites Columbia Downtown/The Vista,caesh-springhill-suites-columbia-downtown/the-vista,Marriott-CAESH
CAECS,SpringHill Suites Columbia near Fort Jackson,caecs-springhill-suites-columbia-near-fort-jackson,Marriott-CAECS
CAEAL,Aloft Columbia Downtown,caeal-aloft-columbia-downtown,Marriott-CAEAL
CAEAH,Aloft Columbia Harbison,caeah-aloft-columbia-harbison,Marriott-CAEAH
CAESI,Sheraton Columbia Downtown Hotel,caesi-sheraton-columbia-downtown-hotel,Marriott-CAESI
CAETN,TownePlace Suites Columbia Northwest/Harbison,caetn-towneplace-suites-columbia-northwest/harbison,Marriott-CAETN
CAESE,TownePlace Suites Columbia Southeast/Fort Jackson,caese-towneplace-suites-columbia-southeast/fort-jackson,Marriott-CAESE
MYRCF,Fairfield Inn & Suites Coastal Carolina Conway,myrcf-fairfield-inn-&-suites-coastal-carolina-conway,Marriott-MYRCF
GSPFD,Fairfield Inn & Suites Greenville Spartanburg/Duncan,gspfd-fairfield-inn-&-suites-greenville-spartanburg/duncan,Marriott-GSPFD
FLOCY,Courtyard Florence,flocy-courtyard-florence,Marriott-FLOCY
FLOFS,Fairfield Inn & Suites Florence I-20,flofs-fairfield-inn-&-suites-florence-i-20,Marriott-FLOFS
FLORI,Residence Inn Florence,flori-residence-inn-florence,Marriott-FLORI
FLOSH,SpringHill Suites Florence,flosh-springhill-suites-florence,Marriott-FLOSH
FLOAL,Aloft Florence,floal-aloft-florence,Marriott-FLOAL
FLOTS,TownePlace Suites Florence,flots-towneplace-suites-florence,Marriott-FLOTS
CLTFT,"Courtyard Charlotte Fort Mill, SC","cltft-courtyard-charlotte-fort-mill,-sc",Marriott-CLTFT
CLTMI,TownePlace Suites Charlotte Fort Mill,cltmi-towneplace-suites-charlotte-fort-mill,Marriott-CLTMI
CLTTN,TownePlace Suites Fort Mill at Carowinds Blvd.,clttn-towneplace-suites-fort-mill-at-carowinds-blvd.,Marriott-CLTTN
GSPAC,AC Hotel Greenville,gspac-ac-hotel-greenville,Marriott-GSPAC
GSPAK,"Grand Bohemian Lodge Greenville, Autograph Collection","gspak-grand-bohemian-lodge-greenville,-autograph-collection",Marriott-GSPAK
GSPGD,Courtyard Greenville Downtown,gspgd-courtyard-greenville-downtown,Marriott-GSPGD
GSPCH,Courtyard Greenville Haywood Mall,gspch-courtyard-greenville-haywood-mall,Marriott-GSPCH
GSPCM,Courtyard Greenville Mauldin,gspcm-courtyard-greenville-mauldin,Marriott-GSPCM
GSPPH,Courtyard Greenville-Spartanburg Airport,gspph-courtyard-greenville-spartanburg-airport,Marriott-GSPPH
GSPPR,Fairfield Inn Greenville-Spartanburg Airport,gsppr-fairfield-inn-greenville-spartanburg-airport,Marriott-GSPPR
GSPAP,Greenville Marriott,gspap-greenville-marriott,Marriott-GSPAP
GSPGV,Residence Inn Greenville,gspgv-residence-inn-greenville,Marriott-GSPGV
GSPGR,Residence Inn Greenville Downtown,gspgr-residence-inn-greenville-downtown,Marriott-GSPGR
GSPRI,Residence Inn Greenville-Spartanburg Airport,gspri-residence-inn-greenville-spartanburg-airport,Marriott-GSPRI
GSPGS,SpringHill Suites Greenville Downtown,gspgs-springhill-suites-greenville-downtown,Marriott-GSPGS
GSPAL,Aloft Greenville Downtown,gspal-aloft-greenville-downtown,Marriott-GSPAL
GSPWI,"The Westin Poinsett, Greenville","gspwi-the-westin-poinsett,-greenville",Marriott-GSPWI
GRDFI,Fairfield Inn & Suites Greenwood,grdfi-fairfield-inn-&-suites-greenwood,Marriott-GRDFI
SAVFH,Fairfield Inn & Suites Hardeeville I-95 North,savfh-fairfield-inn-&-suites-hardeeville-i-95-north,Marriott-SAVFH
FLOHT,Fairfield Inn Hartsville,floht-fairfield-inn-hartsville,Marriott-FLOHT
HHHBB,Marriott's Barony Beach Club,hhhbb-marriott's-barony-beach-club,Marriott-HHHBB
HHHPT,Marriott's Harbour Point and Sunset Pointe at Shelter Cove,hhhpt-marriott's-harbour-point-and-sunset-pointe-at-shelter-cove,Marriott-HHHPT
HHHSF,Marriott's SurfWatch,hhhsf-marriott's-surfwatch,Marriott-HHHSF
HHHCY,Courtyard Hilton Head Island,hhhcy-courtyard-hilton-head-island,Marriott-HHHCY
HHHGR,Marriott Hilton Head Resort & Spa,hhhgr-marriott-hilton-head-resort-&-spa,Marriott-HHHGR
HHHVI,Marriott's Grande Ocean,hhhvi-marriott's-grande-ocean,Marriott-HHHVI
HHHHT,Marriott's Harbour Club,hhhht-marriott's-harbour-club,Marriott-HHHHT
HHHHR,Marriott's Heritage Club,hhhhr-marriott's-heritage-club,Marriott-HHHHR
HHHMO,Marriott's Monarch at Sea Pines,hhhmo-marriott's-monarch-at-sea-pines,Marriott-HHHMO
HHHHS,SpringHill Suites Hilton Head Island,hhhhs-springhill-suites-hilton-head-island,Marriott-HHHHS
HHHWI,The Westin Hilton Head Island Resort & Spa,hhhwi-the-westin-hilton-head-island-resort-&-spa,Marriott-HHHWI
CAEHB,Residence Inn Columbia Northwest/Harbison,caehb-residence-inn-columbia-northwest/harbison,Marriott-CAEHB
CHSJI,Charleston Kiawah Island/Andell Inn,chsji-charleston-kiawah-island/andell-inn,Marriott-CHSJI
CHSCM,Courtyard Charleston Mt. Pleasant,chscm-courtyard-charleston-mt.-pleasant,Marriott-CHSCM
CHSMP,Residence Inn Charleston Mt. Pleasant,chsmp-residence-inn-charleston-mt.-pleasant,Marriott-CHSMP
CHSMT,SpringHill Suites Charleston Mount Pleasant,chsmt-springhill-suites-charleston-mount-pleasant,Marriott-CHSMT
CHSTM,TownePlace Suites Charleston Mt. Pleasant,chstm-towneplace-suites-charleston-mt.-pleasant,Marriott-CHSTM
MYRCN,Courtyard Myrtle Beach Barefoot Landing,myrcn-courtyard-myrtle-beach-barefoot-landing,Marriott-MYRCN
MYRCY,Courtyard Myrtle Beach Broadway,myrcy-courtyard-myrtle-beach-broadway,Marriott-MYRCY
MYRCO,Courtyard Myrtle Beach Oceanfront,myrco-courtyard-myrtle-beach-oceanfront,Marriott-MYRCO
MYRFB,Fairfield Inn Myrtle Beach Broadway at the Beach,myrfb-fairfield-inn-myrtle-beach-broadway-at-the-beach,Marriott-MYRFB
MYRFN,Fairfield Inn Myrtle Beach North,myrfn-fairfield-inn-myrtle-beach-north,Marriott-MYRFN
MYRGD,Marriott Myrtle Beach Resort & Spa at Grande Dunes,myrgd-marriott-myrtle-beach-resort-&-spa-at-grande-dunes,Marriott-MYRGD
MYROW,Marriott's OceanWatch Villas at Grande Dunes,myrow-marriott's-oceanwatch-villas-at-grande-dunes,Marriott-MYROW
MYRSB,Sheraton Broadway Resort Villas,myrsb-sheraton-broadway-resort-villas,Marriott-MYRSB
MYRRM,Residence Inn Myrtle Beach Oceanfront,myrrm-residence-inn-myrtle-beach-oceanfront,Marriott-MYRRM
MYRSO,SpringHill Suites Myrtle Beach Oceanfront,myrso-springhill-suites-myrtle-beach-oceanfront,Marriott-MYRSO
MYRFP,Four Points by Sheraton Myrtle Beach,myrfp-four-points-by-sheraton-myrtle-beach,Marriott-MYRFP
MYRSI,Sheraton Myrtle Beach,myrsi-sheraton-myrtle-beach,Marriott-MYRSI
CHSCO,Courtyard Charleston-North Charleston,chsco-courtyard-charleston-north-charleston,Marriott-CHSCO
CHSCN,Courtyard North Charleston Airport/Coliseum,chscn-courtyard-north-charleston-airport/coliseum,Marriott-CHSCN
CHSCS,Fairfield Inn & Suites Charleston Airport/Convention Center,chscs-fairfield-inn-&-suites-charleston-airport/convention-center,Marriott-CHSCS
CHSFN,Fairfield Inn & Suites Charleston North/Ashley Phosphate,chsfn-fairfield-inn-&-suites-charleston-north/ashley-phosphate,Marriott-CHSFN
CHSNE,Fairfield Inn & Suites Charleston North/University Area,chsne-fairfield-inn-&-suites-charleston-north/university-area,Marriott-CHSNE
CHSMN,North Charleston Marriott,chsmn-north-charleston-marriott,Marriott-CHSMN
CHSNO,Residence Inn Charleston Airport,chsno-residence-inn-charleston-airport,Marriott-CHSNO
CHSCH,Residence Inn Charleston North/Ashley Phosphate,chsch-residence-inn-charleston-north/ashley-phosphate,Marriott-CHSCH
CHSSN,SpringHill Suites Charleston Airport & Convention Center,chssn-springhill-suites-charleston-airport-&-convention-center,Marriott-CHSSN
CHSNC,SpringHill Suites Charleston North/Ashley Phosphate,chsnc-springhill-suites-charleston-north/ashley-phosphate,Marriott-CHSNC
CHSAL,Aloft Charleston Airport & Convention Center,chsal-aloft-charleston-airport-&-convention-center,Marriott-CHSAL
CHSTO,TownePlace Suites Charleston Airport/Convention Center,chsto-towneplace-suites-charleston-airport/convention-center,Marriott-CHSTO
CHSTN,TownePlace Suites Charleston-North Charleston,chstn-towneplace-suites-charleston-north-charleston,Marriott-CHSTN
CAEOB,Fairfield Inn Orangeburg,caeob-fairfield-inn-orangeburg,Marriott-CAEOB
CAESO,SpringHill Suites Orangeburg,caeso-springhill-suites-orangeburg,Marriott-CAESO
RKHCY,Courtyard Rock Hill,rkhcy-courtyard-rock-hill,Marriott-RKHCY
RKHFI,Fairfield Inn & Suites Rock Hill,rkhfi-fairfield-inn-&-suites-rock-hill,Marriott-RKHFI
RKHTS,TownePlace Suites Rock Hill,rkhts-towneplace-suites-rock-hill,Marriott-RKHTS
CAEFE,Fairfield Inn & Suites Santee,caefe-fairfield-inn-&-suites-santee,Marriott-CAEFE
GSPFF,Fairfield Inn & Suites Seneca Clemson Univ Area,gspff-fairfield-inn-&-suites-seneca-clemson-univ-area,Marriott-GSPFF
GSPSM,Fairfield Inn & Suites Greenville Simpsonville,gspsm-fairfield-inn-&-suites-greenville-simpsonville,Marriott-GSPSM
SPAAC,AC Hotel Spartanburg,spaac-ac-hotel-spartanburg,Marriott-SPAAC
SPAMC,Spartanburg Marriott,spamc-spartanburg-marriott,Marriott-SPAMC
SPARI,Residence Inn Spartanburg,spari-residence-inn-spartanburg,Marriott-SPARI
SPAWE,Residence Inn Spartanburg Westgate,spawe-residence-inn-spartanburg-westgate,Marriott-SPAWE
SPAFP,Four Points by Sheraton Spartanburg,spafp-four-points-by-sheraton-spartanburg,Marriott-SPAFP
CHSSM,Courtyard Charleston Summerville,chssm-courtyard-charleston-summerville,Marriott-CHSSM
CHSSU,Residence Inn Charleston Summerville,chssu-residence-inn-charleston-summerville,Marriott-CHSSU
CAEMT,SpringHill Suites Sumter,caemt-springhill-suites-sumter,Marriott-CAEMT
CAETU,TownePlace Suites Sumter,caetu-towneplace-suites-sumter,Marriott-CAETU
CAEWE,Residence Inn Columbia West/Lexington,caewe-residence-inn-columbia-west/lexington,Marriott-CAEWE
CAETW,TownePlace Suites Columbia West/Lexington,caetw-towneplace-suites-columbia-west/lexington,Marriott-CAETW
AIDFI,Fairfield Inn & Suites Anderson,aidfi-fairfield-inn-&-suites-anderson,Marriott-AIDFI
INDAV,Fairfield Inn & Suites Indianapolis Avon,indav-fairfield-inn-&-suites-indianapolis-avon,Marriott-INDAV
BMGCY,Courtyard Bloomington,bmgcy-courtyard-bloomington,Marriott-BMGCY
BMGFI,Fairfield Inn & Suites Bloomington,bmgfi-fairfield-inn-&-suites-bloomington,Marriott-BMGFI
BMGSH,SpringHill Suites Bloomington,bmgsh-springhill-suites-bloomington,Marriott-BMGSH
BMGTS,TownePlace Suites Bloomington,bmgts-towneplace-suites-bloomington,Marriott-BMGTS
INDAK,"Hotel Carmichael, Autograph Collection","indak-hotel-carmichael,-autograph-collection",Marriott-INDAK
INDML,Fairfield Inn & Suites Indianapolis Carmel,indml-fairfield-inn-&-suites-indianapolis-carmel,Marriott-INDML
INDBR,Renaissance Indianapolis North Hotel,indbr-renaissance-indianapolis-north-hotel,Marriott-INDBR
INDCR,Residence Inn Indianapolis Carmel,indcr-residence-inn-indianapolis-carmel,Marriott-INDCR
INDSH,SpringHill Suites Indianapolis Carmel,indsh-springhill-suites-indianapolis-carmel,Marriott-INDSH
BMGTL,Courtyard Columbus Tipton Lakes,bmgtl-courtyard-columbus-tipton-lakes,Marriott-BMGTL
BMGCF,"Fairfield Inn & Suites Columbus, IN","bmgcf-fairfield-inn-&-suites-columbus,-in",Marriott-BMGCF
BMGRI,Residence Inn Columbus,bmgri-residence-inn-columbus,Marriott-BMGRI
SBNCE,Courtyard Elkhart,sbnce-courtyard-elkhart,Marriott-SBNCE
SBNEH,Fairfield Inn & Suites Elkhart,sbneh-fairfield-inn-&-suites-elkhart,Marriott-SBNEH
SBNFP,Four Points by Sheraton Elkhart,sbnfp-four-points-by-sheraton-elkhart,Marriott-SBNFP
EVVCY,Courtyard Evansville East,evvcy-courtyard-evansville-east,Marriott-EVVCY
EVVIN,Fairfield Inn Evansville East,evvin-fairfield-inn-evansville-east,Marriott-EVVIN
EVVFW,Fairfield Inn Evansville West,evvfw-fairfield-inn-evansville-west,Marriott-EVVFW
EVVRI,Residence Inn Evansville East,evvri-residence-inn-evansville-east,Marriott-EVVRI
RNZFI,Fairfield Inn & Suites Fair Oaks Farms,rnzfi-fairfield-inn-&-suites-fair-oaks-farms,Marriott-RNZFI
INDCF,Courtyard Indianapolis Fishers,indcf-courtyard-indianapolis-fishers,Marriott-INDCF
FWADT,Courtyard Fort Wayne Downtown at Grand Wayne Convention Center,fwadt-courtyard-fort-wayne-downtown-at-grand-wayne-convention-center,Marriott-FWADT
FWAFF,Fairfield Inn & Suites Fort Wayne,fwaff-fairfield-inn-&-suites-fort-wayne,Marriott-FWAFF
FWASW,Fairfield Inn & Suites Fort Wayne Southwest,fwasw-fairfield-inn-&-suites-fort-wayne-southwest,Marriott-FWASW
FWARI,Residence Inn Fort Wayne,fwari-residence-inn-fort-wayne,Marriott-FWARI
FWAFN,SpringHill Suites Fort Wayne North,fwafn-springhill-suites-fort-wayne-north,Marriott-FWAFN
FWASO,SpringHill Suites Fort Wayne Southwest,fwaso-springhill-suites-fort-wayne-southwest,Marriott-FWASO
FWATS,TownePlace Suites Fort Wayne North,fwats-towneplace-suites-fort-wayne-north,Marriott-FWATS
INDFF,Fairfield Inn & Suites Franklin,indff-fairfield-inn-&-suites-franklin,Marriott-INDFF
SBNFG,Fairfield Inn & Suites Goshen,sbnfg-fairfield-inn-&-suites-goshen,Marriott-SBNFG
INDFG,Fairfield Inn & Suites Indianapolis Greenfield,indfg-fairfield-inn-&-suites-indianapolis-greenfield,Marriott-INDFG
CHICH,"Courtyard Chicago Southeast/Hammond, IN","chich-courtyard-chicago-southeast/hammond,-in",Marriott-CHICH
CHIFH,"Fairfield Inn & Suites Chicago Southeast/Hammond, IN","chifh-fairfield-inn-&-suites-chicago-southeast/hammond,-in",Marriott-CHIFH
CHIIN,"Residence Inn Chicago Southeast/Hammond, IN","chiin-residence-inn-chicago-southeast/hammond,-in",Marriott-CHIIN
INDCA,Courtyard Indianapolis Airport,indca-courtyard-indianapolis-airport,Marriott-INDCA
INDCD,Courtyard Indianapolis at the Capitol,indcd-courtyard-indianapolis-at-the-capitol,Marriott-INDCD
INDCS,Courtyard Indianapolis Castleton,indcs-courtyard-indianapolis-castleton,Marriott-INDCS
INDCT,Courtyard Indianapolis Downtown,indct-courtyard-indianapolis-downtown,Marriott-INDCT
INDNW,Courtyard Indianapolis Northwest,indnw-courtyard-indianapolis-northwest,Marriott-INDNW
INDSP,Courtyard Indianapolis South,indsp-courtyard-indianapolis-south,Marriott-INDSP
INDDE,Delta Hotels Indianapolis Airport,indde-delta-hotels-indianapolis-airport,Marriott-INDDE
INDED,Delta Hotels Indianapolis East,inded-delta-hotels-indianapolis-east,Marriott-INDED
INDFA,Fairfield Inn & Suites Indianapolis Airport,indfa-fairfield-inn-&-suites-indianapolis-airport,Marriott-INDFA
INDFD,Fairfield Inn & Suites Indianapolis Downtown,indfd-fairfield-inn-&-suites-indianapolis-downtown,Marriott-INDFD
INDES,Fairfield Inn & Suites Indianapolis East,indes-fairfield-inn-&-suites-indianapolis-east,Marriott-INDES
INDIF,Fairfield Inn & Suites Indianapolis Fishers,indif-fairfield-inn-&-suites-indianapolis-fishers,Marriott-INDIF
INDFN,Fairfield Inn & Suites Indianapolis Northwest,indfn-fairfield-inn-&-suites-indianapolis-northwest,Marriott-INDFN
INDFI,Fairfield Inn Indianapolis South,indfi-fairfield-inn-indianapolis-south,Marriott-INDFI
INDJW,JW Marriott Indianapolis,indjw-jw-marriott-indianapolis,Marriott-INDJW
INDCC,Indianapolis Marriott Downtown,indcc-indianapolis-marriott-downtown,Marriott-INDCC
INDDT,Indianapolis Marriott East,inddt-indianapolis-marriott-east,Marriott-INDDT
INDNO,Marriott Indianapolis North,indno-marriott-indianapolis-north,Marriott-INDNO
INDAP,Residence Inn Indianapolis Airport,indap-residence-inn-indianapolis-airport,Marriott-INDAP
INDRI,Residence Inn Indianapolis Downtown on the Canal,indri-residence-inn-indianapolis-downtown-on-the-canal,Marriott-INDRI
INDFS,Residence Inn Indianapolis Fishers,indfs-residence-inn-indianapolis-fishers,Marriott-INDFS
INDRN,Residence Inn Indianapolis Keystone,indrn-residence-inn-indianapolis-keystone,Marriott-INDRN
INDWS,Residence Inn Indianapolis Northwest,indws-residence-inn-indianapolis-northwest,Marriott-INDWS
INDRW,Residence Inn Indianapolis South/Greenwood,indrw-residence-inn-indianapolis-south/greenwood,Marriott-INDRW
INDSD,SpringHill Suites Indianapolis Downtown,indsd-springhill-suites-indianapolis-downtown,Marriott-INDSD
INDSF,SpringHill Suites Indianapolis Fishers,indsf-springhill-suites-indianapolis-fishers,Marriott-INDSF
INDSN,SpringHill Suites Indianapolis Keystone,indsn-springhill-suites-indianapolis-keystone,Marriott-INDSN
INDAL,Aloft Indianapolis Downtown,indal-aloft-indianapolis-downtown,Marriott-INDAL
INDMD,Le Méridien Indianapolis,indmd-le-méridien-indianapolis,Marriott-INDMD
INDSC,Sheraton Indianapolis City Centre Hotel,indsc-sheraton-indianapolis-city-centre-hotel,Marriott-INDSC
INDSI,Sheraton Indianapolis Hotel at Keystone Crossing,indsi-sheraton-indianapolis-hotel-at-keystone-crossing,Marriott-INDSI
INDTA,TownePlace Suites Indianapolis Airport,indta-towneplace-suites-indianapolis-airport,Marriott-INDTA
INDTD,TownePlace Suites Indianapolis Downtown,indtd-towneplace-suites-indianapolis-downtown,Marriott-INDTD
INDTK,TownePlace Suites Indianapolis Keystone,indtk-towneplace-suites-indianapolis-keystone,Marriott-INDTK
INDTS,TownePlace Suites Indianapolis Park 100,indts-towneplace-suites-indianapolis-park-100,Marriott-INDTS
INDTX,"Hotel Indy, Indianapolis, a Tribute Portfolio Hotel","indtx-hotel-indy,-indianapolis,-a-tribute-portfolio-hotel",Marriott-INDTX
INDWI,The Westin Indianapolis,indwi-the-westin-indianapolis,Marriott-INDWI
EVVFJ,Fairfield Inn & Suites Jasper,evvfj-fairfield-inn-&-suites-jasper,Marriott-EVVFJ
SDFFL,Fairfield Inn & Suites Louisville Jeffersonville,sdffl-fairfield-inn-&-suites-louisville-jeffersonville,Marriott-SDFFL
SDFJF,Fairfield Inn & Suites Louisville North,sdfjf-fairfield-inn-&-suites-louisville-north,Marriott-SDFJF
SDFSI,Sheraton Louisville Riverside Hotel,sdfsi-sheraton-louisville-riverside-hotel,Marriott-SDFSI
SDFVN,TownePlace Suites Louisville North,sdfvn-towneplace-suites-louisville-north,Marriott-SDFVN
OKKCY,Courtyard Kokomo,okkcy-courtyard-kokomo,Marriott-OKKCY
LAFCY,Courtyard Lafayette,lafcy-courtyard-lafayette,Marriott-LAFCY
LAFFI,Fairfield Inn & Suites Lafayette,laffi-fairfield-inn-&-suites-lafayette,Marriott-LAFFI
LAFRI,Residence Inn Lafayette,lafri-residence-inn-lafayette,Marriott-LAFRI
LAFTS,TownePlace Suites Lafayette,lafts-towneplace-suites-lafayette,Marriott-LAFTS
SDFFM,Fairfield Inn & Suites Madison Historic Eagle Cotton Mill,sdffm-fairfield-inn-&-suites-madison-historic-eagle-cotton-mill,Marriott-SDFFM
MRVFI,Fairfield Inn & Suites Merrillville,mrvfi-fairfield-inn-&-suites-merrillville,Marriott-MRVFI
MRVRI,Residence Inn Merrillville,mrvri-residence-inn-merrillville,Marriott-MRVRI
SBNCY,Courtyard Mishawaka-University Area,sbncy-courtyard-mishawaka-university-area,Marriott-SBNCY
SBNFI,Fairfield Inn & Suites South Bend Mishawaka,sbnfi-fairfield-inn-&-suites-south-bend-mishawaka,Marriott-SBNFI
SBNMR,Residence Inn South Bend Mishawaka,sbnmr-residence-inn-south-bend-mishawaka,Marriott-SBNMR
SBNMS,SpringHill Suites Mishawaka-University Area,sbnms-springhill-suites-mishawaka-university-area,Marriott-SBNMS
INDMU,Courtyard Muncie at Horizon Convention Center,indmu-courtyard-muncie-at-horizon-convention-center,Marriott-INDMU
INDMN,Fairfield Inn Muncie,indmn-fairfield-inn-muncie,Marriott-INDMN
MDWMU,"SpringHill Suites Chicago Southeast/Munster, IN","mdwmu-springhill-suites-chicago-southeast/munster,-in",Marriott-MDWMU
SDFFY,Fairfield Inn & Suites Louisville New Albany IN,sdffy-fairfield-inn-&-suites-louisville-new-albany-in,Marriott-SDFFY
EVVTN,TownePlace Suites Evansville Newburgh,evvtn-towneplace-suites-evansville-newburgh,Marriott-EVVTN
INDIN,Courtyard Indianapolis Noblesville,indin-courtyard-indianapolis-noblesville,Marriott-INDIN
INDNB,Fairfield Inn & Suites Indianapolis Noblesville,indnb-fairfield-inn-&-suites-indianapolis-noblesville,Marriott-INDNB
INDCU,Courtyard Indianapolis Plainfield,indcu-courtyard-indianapolis-plainfield,Marriott-INDCU
INDPS,SpringHill Suites Indianapolis Airport/Plainfield,indps-springhill-suites-indianapolis-airport/plainfield,Marriott-INDPS
INDSE,Fairfield Inn & Suites Seymour,indse-fairfield-inn-&-suites-seymour,Marriott-INDSE
SBNCD,Courtyard South Bend Downtown,sbncd-courtyard-south-bend-downtown,Marriott-SBNCD
SBNND,Fairfield Inn & Suites South Bend at Notre Dame,sbnnd-fairfield-inn-&-suites-south-bend-at-notre-dame,Marriott-SBNND
SBNSN,SpringHill Suites South Bend Notre Dame Area,sbnsn-springhill-suites-south-bend-notre-dame-area,Marriott-SBNSN
SBNAL,Aloft South Bend,sbnal-aloft-south-bend,Marriott-SBNAL
INDCV,Courtyard Indianapolis West-Speedway,indcv-courtyard-indianapolis-west-speedway,Marriott-INDCV
INDTH,Fairfield Inn & Suites Terre Haute,indth-fairfield-inn-&-suites-terre-haute,Marriott-INDTH
INDST,SpringHill Suites Terre Haute,indst-springhill-suites-terre-haute,Marriott-INDST
VRPFI,Fairfield Inn & Suites Valparaiso,vrpfi-fairfield-inn-&-suites-valparaiso,Marriott-VRPFI
EVVTS,TownePlace Suites Vincennes,evvts-towneplace-suites-vincennes,Marriott-EVVTS
FWAFW,Fairfield Inn & Suites Warsaw,fwafw-fairfield-inn-&-suites-warsaw,Marriott-FWAFW
INDWK,"The Union Club Hotel at Purdue University, Autograph Collection","indwk-the-union-club-hotel-at-purdue-university,-autograph-collection",Marriott-INDWK
LAFFP,Four Points by Sheraton West Lafayette,laffp-four-points-by-sheraton-west-lafayette,Marriott-LAFFP
INDSW,SpringHill Suites Indianapolis Westfield,indsw-springhill-suites-indianapolis-westfield,Marriott-INDSW
AIYCY,Courtyard Atlantic City Beach Block,aiycy-courtyard-atlantic-city-beach-block,Marriott-AIYCY
AIYSI,Sheraton Atlantic City Convention Center Hotel,aiysi-sheraton-atlantic-city-convention-center-hotel,Marriott-AIYSI
EWRWB,Fairfield Inn & Suites Woodbridge,ewrwb-fairfield-inn-&-suites-woodbridge,Marriott-EWRWB
SOSSM,Courtyard Basking Ridge,sossm-courtyard-basking-ridge,Marriott-SOSSM
EWRDE,Delta Hotels Basking Ridge,ewrde-delta-hotels-basking-ridge,Marriott-EWRDE
EWRFB,Fairfield Inn & Suites Bridgewater Branchburg/Somerville,ewrfb-fairfield-inn-&-suites-bridgewater-branchburg/somerville,Marriott-EWRFB
EWRBW,Residence Inn Bridgewater Branchburg,ewrbw-residence-inn-bridgewater-branchburg,Marriott-EWRBW
EWRTV,TownePlace Suites Bridgewater Branchburg,ewrtv-towneplace-suites-bridgewater-branchburg,Marriott-EWRTV
EWRAB,AC Hotel Bridgewater,ewrab-ac-hotel-bridgewater,Marriott-EWRAB
SOSBW,Bridgewater Marriott,sosbw-bridgewater-marriott,Marriott-SOSBW
EWRSW,SpringHill Suites East Rutherford Meadowlands/Carlstadt,ewrsw-springhill-suites-east-rutherford-meadowlands/carlstadt,Marriott-EWRSW
PHLCH,Residence Inn Cherry Hill Philadelphia,phlch-residence-inn-cherry-hill-philadelphia,Marriott-PHLCH
CDWTS,TownePlace Suites Clinton,cdwts-towneplace-suites-clinton,Marriott-CDWTS
EWRBK,Courtyard Cranbury South Brunswick,ewrbk-courtyard-cranbury-south-brunswick,Marriott-EWRBK
TTNRI,Residence Inn Cranbury South Brunswick,ttnri-residence-inn-cranbury-south-brunswick,Marriott-TTNRI
TTNTC,TownePlace Suites Cranbury South Brunswick,ttntc-towneplace-suites-cranbury-south-brunswick,Marriott-TTNTC
PHLDF,Fairfield Inn Deptford,phldf-fairfield-inn-deptford,Marriott-PHLDF
PHLRD,Residence Inn Deptford,phlrd-residence-inn-deptford,Marriott-PHLRD
PHLPT,Courtyard Deptford,phlpt-courtyard-deptford,Marriott-PHLPT
EWRDO,TownePlace Suites Dover Rockaway,ewrdo-towneplace-suites-dover-rockaway,Marriott-EWRDO
EWRWW,Residence Inn New Brunswick Tower Center Blvd.,ewrww-residence-inn-new-brunswick-tower-center-blvd.,Marriott-EWRWW
EWRSC,Fairfield Inn East Rutherford Meadowlands,ewrsc-fairfield-inn-east-rutherford-meadowlands,Marriott-EWRSC
EWRMD,Residence Inn East Rutherford Meadowlands,ewrmd-residence-inn-east-rutherford-meadowlands,Marriott-EWRMD
EWRES,Sheraton Eatontown Hotel,ewres-sheraton-eatontown-hotel,Marriott-EWRES
LGAEW,Courtyard Edgewater NYC Area,lgaew-courtyard-edgewater-nyc-area,Marriott-LGAEW
EWRED,Courtyard Edison Woodbridge,ewred-courtyard-edison-woodbridge,Marriott-EWRED
EWRFI,Fairfield Inn & Suites Edison-South Plainfield,ewrfi-fairfield-inn-&-suites-edison-south-plainfield,Marriott-EWRFI
EWRRS,Sheraton Edison,ewrrs-sheraton-edison,Marriott-EWRRS
AIYEH,Residence Inn Atlantic City Airport Egg Harbor Township,aiyeh-residence-inn-atlantic-city-airport-egg-harbor-township,Marriott-AIYEH
EWREZ,Courtyard Newark Elizabeth,ewrez-courtyard-newark-elizabeth,Marriott-EWREZ
EWRNR,Renaissance Newark Airport Hotel,ewrnr-renaissance-newark-airport-hotel,Marriott-EWRNR
EWREB,Residence Inn Newark Elizabeth/Liberty International Airport,ewreb-residence-inn-newark-elizabeth/liberty-international-airport,Marriott-EWREB
TTNET,Courtyard Ewing Princeton,ttnet-courtyard-ewing-princeton,Marriott-TTNET
TTNSH,SpringHill Suites Ewing Princeton South,ttnsh-springhill-suites-ewing-princeton-south,Marriott-TTNSH
TTNEL,Element by Westin Ewing/Princeton,ttnel-element-by-westin-ewing/princeton,Marriott-TTNEL
ACYFA,Fairfield Inn & Suites Atlantic City Absecon,acyfa-fairfield-inn-&-suites-atlantic-city-absecon,Marriott-ACYFA
AIYFW,Marriott's Fairway Villas,aiyfw-marriott's-fairway-villas,Marriott-AIYFW
PHLGB,Courtyard Glassboro Rowan University,phlgb-courtyard-glassboro-rowan-university,Marriott-PHLGB
TTNCH,Courtyard Hamilton,ttnch-courtyard-hamilton,Marriott-TTNCH
TTNRT,Residence Inn Hamilton,ttnrt-residence-inn-hamilton,Marriott-TTNRT
EWREL,Element Harrison - Newark,ewrel-element-harrison---newark,Marriott-EWREL
EWRHB,W Hoboken,ewrhb-w-hoboken,Marriott-EWRHB
EWRDB,Delta Hotels Woodbridge,ewrdb-delta-hotels-woodbridge,Marriott-EWRDB
EWRNW,Courtyard Jersey City Newport,ewrnw-courtyard-jersey-city-newport,Marriott-EWRNW
EWRJR,Residence Inn Jersey City,ewrjr-residence-inn-jersey-city,Marriott-EWRJR
EWRWJ,The Westin Jersey City Newport,ewrwj-the-westin-jersey-city-newport,Marriott-EWRWJ
SOSLB,Courtyard Lebanon,soslb-courtyard-lebanon,Marriott-SOSLB
EWRML,Courtyard Lyndhurst Meadowlands,ewrml-courtyard-lyndhurst-meadowlands,Marriott-EWRML
EWRFM,Fairfield Inn & Suites Mahwah,ewrfm-fairfield-inn-&-suites-mahwah,Marriott-EWRFM
EWRWS,Sheraton Mahwah Hotel,ewrws-sheraton-mahwah-hotel,Marriott-EWRWS
AIYML,Fairfield Inn & Suites Millville Vineland,aiyml-fairfield-inn-&-suites-millville-vineland,Marriott-AIYML
EWRAK,"The MC Hotel, Autograph Collection","ewrak-the-mc-hotel,-autograph-collection",Marriott-EWRAK
EWRMV,Courtyard Montvale,ewrmv-courtyard-montvale,Marriott-EWRMV
EWRWM,"The Westin Governor Morris, Morristown","ewrwm-the-westin-governor-morris,-morristown",Marriott-EWRWM
PHLML,Courtyard Mt. Laurel Cherry Hill,phlml-courtyard-mt.-laurel-cherry-hill,Marriott-PHLML
PHLRL,Residence Inn Mt. Laurel at Bishop's Gate,phlrl-residence-inn-mt.-laurel-at-bishop's-gate,Marriott-PHLRL
PHLSM,SpringHill Suites Mt. Laurel Cherry Hill,phlsm-springhill-suites-mt.-laurel-cherry-hill,Marriott-PHLSM
PHLAL,Aloft Mount Laurel,phlal-aloft-mount-laurel,Marriott-PHLAL
PHLMW,The Westin Mount Laurel,phlmw-the-westin-mount-laurel,Marriott-PHLMW
EWRMA,Courtyard Rockaway-Mt. Arlington,ewrma-courtyard-rockaway-mt.-arlington,Marriott-EWRMA
CDWRI,Residence Inn Mt. Olive at International Trade Center,cdwri-residence-inn-mt.-olive-at-international-trade-center,Marriott-CDWRI
EWRNP,Residence Inn Neptune at Gateway Centre,ewrnp-residence-inn-neptune-at-gateway-centre,Marriott-EWRNP
EWRDT,Courtyard Newark Downtown,ewrdt-courtyard-newark-downtown,Marriott-EWRDT
EWRCA,Courtyard Newark Liberty International Airport,ewrca-courtyard-newark-liberty-international-airport,Marriott-EWRCA
EWRFS,Fairfield Inn & Suites Newark Liberty International Airport,ewrfs-fairfield-inn-&-suites-newark-liberty-international-airport,Marriott-EWRFS
EWRAP,Newark Liberty International Airport Marriott,ewrap-newark-liberty-international-airport-marriott,Marriott-EWRAP
EWRSA,SpringHill Suites Newark Liberty International Airport,ewrsa-springhill-suites-newark-liberty-international-airport,Marriott-EWRSA
EWRNB,Fairfield Inn & Suites North Bergen,ewrnb-fairfield-inn-&-suites-north-bergen,Marriott-EWRNB
EWRWK,Courtyard North Brunswick,ewrwk-courtyard-north-brunswick,Marriott-EWRWK
EWRCP,Courtyard Paramus,ewrcp-courtyard-paramus,Marriott-EWRCP
EWRPX,Fairfield Inn & Suites Paramus,ewrpx-fairfield-inn-&-suites-paramus,Marriott-EWRPX
EWRPR,Marriott Park Ridge,ewrpr-marriott-park-ridge,Marriott-EWRPR
EWRPS,Courtyard Parsippany,ewrps-courtyard-parsippany,Marriott-EWRPS
EWRPP,Fairfield Inn & Suites Parsippany,ewrpp-fairfield-inn-&-suites-parsippany,Marriott-EWRPP
EWRSP,Sheraton Parsippany Hotel,ewrsp-sheraton-parsippany-hotel,Marriott-EWRSP
TTNCY,Courtyard Princeton,ttncy-courtyard-princeton,Marriott-TTNCY
TTNDF,Princeton Marriott at Forrestal,ttndf-princeton-marriott-at-forrestal,Marriott-TTNDF
TTNWW,Residence Inn Princeton at Carnegie Center,ttnww-residence-inn-princeton-at-carnegie-center,Marriott-TTNWW
TTNWI,The Westin Princeton at Forrestal Village,ttnwi-the-westin-princeton-at-forrestal-village,Marriott-TTNWI
EWRRB,Courtyard Lincroft Red Bank,ewrrb-courtyard-lincroft-red-bank,Marriott-EWRRB
EWRFW,Fairfield Inn & Suites Rockaway,ewrfw-fairfield-inn-&-suites-rockaway,Marriott-EWRFW
EWRBR,Renaissance Meadowlands Hotel,ewrbr-renaissance-meadowlands-hotel,Marriott-EWRBR
EWRSB,Marriott Saddle Brook,ewrsb-marriott-saddle-brook,Marriott-EWRSB
EWRSR,Residence Inn Saddle River,ewrsr-residence-inn-saddle-river,Marriott-EWRSR
EWRSE,Courtyard Secaucus Meadowlands,ewrse-courtyard-secaucus-meadowlands,Marriott-EWRSE
EWRCU,Residence Inn Secaucus Meadowlands,ewrcu-residence-inn-secaucus-meadowlands,Marriott-EWRCU
EWRAS,Aloft Secaucus Meadowlands,ewras-aloft-secaucus-meadowlands,Marriott-EWRAS
SOSCY,Courtyard Somerset,soscy-courtyard-somerset,Marriott-SOSCY
EWRDS,Delta Hotels Somerset,ewrds-delta-hotels-somerset,Marriott-EWRDS
SOSFI,Fairfield Inn & Suites Somerset,sosfi-fairfield-inn-&-suites-somerset,Marriott-SOSFI
SOSFT,Residence Inn Somerset,sosft-residence-inn-somerset,Marriott-SOSFT
SOSFK,SpringHill Suites Somerset Franklin Township,sosfk-springhill-suites-somerset-franklin-township,Marriott-SOSFK
PHLSW,TownePlace Suites Swedesboro Logan Township,phlsw-towneplace-suites-swedesboro-logan-township,Marriott-PHLSW
EWRGP,Teaneck Marriott at Glenpointe,ewrgp-teaneck-marriott-at-glenpointe,Marriott-EWRGP
PHLVO,SpringHill Suites Voorhees Mt. Laurel/Cherry Hill,phlvo-springhill-suites-voorhees-mt.-laurel/cherry-hill,Marriott-PHLVO
EWRWT,Courtyard Wall at Monmouth Shores Corporate Park,ewrwt-courtyard-wall-at-monmouth-shores-corporate-park,Marriott-EWRWT
EWRWN,Courtyard Wayne Fairfield,ewrwn-courtyard-wayne-fairfield,Marriott-EWRWN
EWRWY,Residence Inn Wayne,ewrwy-residence-inn-wayne,Marriott-EWRWY
LGAAW,"Envue, Autograph Collection","lgaaw-envue,-autograph-collection",Marriott-LGAAW
LGARK,Residence Inn Weehawken Port Imperial,lgark-residence-inn-weehawken-port-imperial,Marriott-LGARK
EWRSL,Sheraton Lincoln Harbor Hotel,ewrsl-sheraton-lincoln-harbor-hotel,Marriott-EWRSL
EWRWO,Courtyard West Orange,ewrwo-courtyard-west-orange,Marriott-EWRWO
EWROG,Residence Inn West Orange,ewrog-residence-inn-west-orange,Marriott-EWROG
PHLMH,Courtyard Burlington Mt. Holly/Westampton,phlmh-courtyard-burlington-mt.-holly/westampton,Marriott-PHLMH
EWRHO,Hanover Marriott,ewrho-hanover-marriott,Marriott-EWRHO
EWREW,Element New York Wood-Ridge,ewrew-element-new-york-wood-ridge,Marriott-EWREW
EWRBG,Residence Inn Woodbridge Edison/Raritan Center,ewrbg-residence-inn-woodbridge-edison/raritan-center,Marriott-EWRBG
EWRSD,SpringHill Suites Woodbridge,ewrsd-springhill-suites-woodbridge,Marriott-EWRSD
BWIBD,Courtyard Aberdeen at Ripken Stadium,bwibd-courtyard-aberdeen-at-ripken-stadium,Marriott-BWIBD
BWIFD,Fairfield Inn & Suites Aberdeen,bwifd-fairfield-inn-&-suites-aberdeen,Marriott-BWIFD
BWIDE,Residence Inn Aberdeen at Ripken Stadium,bwide-residence-inn-aberdeen-at-ripken-stadium,Marriott-BWIDE
BWIAK,"Annapolis Waterfront Hotel, Autograph Collection","bwiak-annapolis-waterfront-hotel,-autograph-collection",Marriott-BWIAK
BWIAN,Courtyard Annapolis,bwian-courtyard-annapolis,Marriott-BWIAN
BWISU,SpringHill Suites Annapolis,bwisu-springhill-suites-annapolis,Marriott-BWISU
BWIWA,The Westin Annapolis,bwiwa-the-westin-annapolis,Marriott-BWIWA
BWIFM,Courtyard Fort Meade BWI Business District,bwifm-courtyard-fort-meade-bwi-business-district,Marriott-BWIFM
BWITF,TownePlace Suites Fort Meade National Business Park,bwitf-towneplace-suites-fort-meade-national-business-park,Marriott-BWITF
BWIDT,Courtyard Baltimore Downtown/Inner Harbor,bwidt-courtyard-baltimore-downtown/inner-harbor,Marriott-BWIDT
BWICS,Courtyard Baltimore Downtown/McHenry Row,bwics-courtyard-baltimore-downtown/mchenry-row,Marriott-BWICS
BWIDI,Delta Hotels Baltimore Inner Harbor,bwidi-delta-hotels-baltimore-inner-harbor,Marriott-BWIDI
BWIDC,Delta Hotels Baltimore North,bwidc-delta-hotels-baltimore-north,Marriott-BWIDC
BWIFH,Fairfield Inn & Suites Baltimore Downtown/Inner Harbor,bwifh-fairfield-inn-&-suites-baltimore-downtown/inner-harbor,Marriott-BWIFH
BWIMS,Fairfield Inn & Suites White Marsh,bwims-fairfield-inn-&-suites-white-marsh,Marriott-BWIMS
BWIIH,Baltimore Marriott Inner Harbor at Camden Yards,bwiih-baltimore-marriott-inner-harbor-at-camden-yards,Marriott-BWIIH
BWIWF,Baltimore Marriott Waterfront,bwiwf-baltimore-marriott-waterfront,Marriott-BWIWF
BWISH,Renaissance Baltimore Harborplace Hotel,bwish-renaissance-baltimore-harborplace-hotel,Marriott-BWISH
BWIEA,Residence Inn Baltimore at The Johns Hopkins Medical Campus,bwiea-residence-inn-baltimore-at-the-johns-hopkins-medical-campus,Marriott-BWIEA
BWIHB,Residence Inn Baltimore Downtown/ Inner Harbor,bwihb-residence-inn-baltimore-downtown/-inner-harbor,Marriott-BWIHB
BWIWM,Residence Inn Baltimore White Marsh,bwiwm-residence-inn-baltimore-white-marsh,Marriott-BWIWM
BWISL,SpringHill Suites Baltimore Downtown Convention Center Area,bwisl-springhill-suites-baltimore-downtown-convention-center-area,Marriott-BWISL
BWISI,SpringHill Suites Baltimore Downtown/Inner Harbor,bwisi-springhill-suites-baltimore-downtown/inner-harbor,Marriott-BWISI
BWIIS,Sheraton Inner Harbor Hotel,bwiis-sheraton-inner-harbor-hotel,Marriott-BWIIS
BWIAB,SpringHill Suites Edgewood Aberdeen,bwiab-springhill-suites-edgewood-aberdeen,Marriott-BWIAB
BWIAT,TownePlace Suites Edgewood Aberdeen,bwiat-towneplace-suites-edgewood-aberdeen,Marriott-BWIAT
WASBA,AC Hotel Bethesda Downtown,wasba-ac-hotel-bethesda-downtown,Marriott-WASBA
WASBT,Bethesda Marriott,wasbt-bethesda-marriott,Marriott-WASBT
WASBD,Marriott Bethesda Downtown at Marriott HQ,wasbd-marriott-bethesda-downtown-at-marriott-hq,Marriott-WASBD
WASBR,Residence Inn Bethesda Downtown,wasbr-residence-inn-bethesda-downtown,Marriott-WASBR
BWIBO,Courtyard Bowie,bwibo-courtyard-bowie,Marriott-BWIBO
BWIBM,TownePlace Suites Bowie Town Center,bwibm-towneplace-suites-bowie-town-center,Marriott-BWIBM
WASRH,Residence Inn Upper Marlboro Joint Base Andrews,wasrh-residence-inn-upper-marlboro-joint-base-andrews,Marriott-WASRH
WASVY,Courtyard Bethesda Chevy Chase,wasvy-courtyard-bethesda-chevy-chase,Marriott-WASVY
WASAF,TownePlace Suites Clinton at Joint Base Andrews,wasaf-towneplace-suites-clinton-at-joint-base-andrews,Marriott-WASAF
WASCL,TownePlace Suites College Park,wascl-towneplace-suites-college-park,Marriott-WASCL
BWIAO,"Merriweather Lakehouse, Autograph Collection","bwiao-merriweather-lakehouse,-autograph-collection",Marriott-BWIAO
BWICO,SpringHill Suites By Marriott Columbia Fort Meade Area,bwico-springhill-suites-by-marriott-columbia-fort-meade-area,Marriott-BWICO
CBEFI,Fairfield Inn & Suites Cumberland,cbefi-fairfield-inn-&-suites-cumberland,Marriott-CBEFI
ESNFI,Fairfield Inn & Suites Easton,esnfi-fairfield-inn-&-suites-easton,Marriott-ESNFI
BWICB,Residence Inn Columbia,bwicb-residence-inn-columbia,Marriott-BWICB
WASFD,Courtyard Frederick,wasfd-courtyard-frederick,Marriott-WASFD
WASFR,Fairfield Inn & Suites Frederick,wasfr-fairfield-inn-&-suites-frederick,Marriott-WASFR
WASRF,Residence Inn Frederick,wasrf-residence-inn-frederick,Marriott-WASRF
WASFK,SpringHill Suites Frederick,wasfk-springhill-suites-frederick,Marriott-WASFK
WASFT,TownePlace Suites Frederick,wasft-towneplace-suites-frederick,Marriott-WASFT
BWIRF,Residence Inn Fulton at Maple Lawn,bwirf-residence-inn-fulton-at-maple-lawn,Marriott-BWIRF
WASCG,Courtyard Gaithersburg Washingtonian Center,wascg-courtyard-gaithersburg-washingtonian-center,Marriott-WASCG
WASWG,Gaithersburg Marriott Washingtonian Center,waswg-gaithersburg-marriott-washingtonian-center,Marriott-WASWG
WASWN,Residence Inn Gaithersburg Washingtonian Center,waswn-residence-inn-gaithersburg-washingtonian-center,Marriott-WASWN
WASGT,SpringHill Suites Gaithersburg,wasgt-springhill-suites-gaithersburg,Marriott-WASGT
WASTG,TownePlace Suites Gaithersburg,wastg-towneplace-suites-gaithersburg,Marriott-WASTG
WASGE,Fairfield Inn & Suites Germantown Gaithersburg,wasge-fairfield-inn-&-suites-germantown-gaithersburg,Marriott-WASGE
WASGL,Residence Inn Greenbelt,wasgl-residence-inn-greenbelt,Marriott-WASGL
HGRHT,Courtyard Hagerstown,hgrht-courtyard-hagerstown,Marriott-HGRHT
HGRFI,Fairfield Inn & Suites Hagerstown,hgrfi-fairfield-inn-&-suites-hagerstown,Marriott-HGRFI
HGRSH,SpringHill Suites Hagerstown,hgrsh-springhill-suites-hagerstown,Marriott-HGRSH
BWIAS,Fairfield Inn & Suites Arundel Mills BWI Airport,bwias-fairfield-inn-&-suites-arundel-mills-bwi-airport,Marriott-BWIAS
BWIAM,Residence Inn Arundel Mills BWI Airport,bwiam-residence-inn-arundel-mills-bwi-airport,Marriott-BWIAM
BWIBA,SpringHill Suites Arundel Mills BWI Airport,bwiba-springhill-suites-arundel-mills-bwi-airport,Marriott-BWIBA
BWIMA,Aloft Arundel Mills BWI Airport,bwima-aloft-arundel-mills-bwi-airport,Marriott-BWIMA
BWIEM,Element Arundel Mills BWI Airport,bwiem-element-arundel-mills-bwi-airport,Marriott-BWIEM
BWITA,TownePlace Suites Arundel Mills BWI Airport,bwita-towneplace-suites-arundel-mills-bwi-airport,Marriott-BWITA
BWIHU,Courtyard Baltimore Hunt Valley,bwihu-courtyard-baltimore-hunt-valley,Marriott-BWIHU
BWIDH,Delta Hotels Baltimore Hunt Valley,bwidh-delta-hotels-baltimore-hunt-valley,Marriott-BWIDH
BWIRH,Residence Inn Baltimore Hunt Valley,bwirh-residence-inn-baltimore-hunt-valley,Marriott-BWIRH
WASUM,College Park Marriott Hotel & Conference Center,wasum-college-park-marriott-hotel-&-conference-center,Marriott-WASUM
WASLD,Courtyard New Carrollton Landover,wasld-courtyard-new-carrollton-landover,Marriott-WASLD
WASPG,Courtyard Largo Medical Center Drive,waspg-courtyard-largo-medical-center-drive,Marriott-WASPG
WASPR,Residence Inn Largo Medical Center Drive,waspr-residence-inn-largo-medical-center-drive,Marriott-WASPR
WASLR,Fairfield Inn Laurel,waslr-fairfield-inn-laurel,Marriott-WASLR
WASLP,Fairfield Inn Lexington Park Patuxent River Naval Air Station,waslp-fairfield-inn-lexington-park-patuxent-river-naval-air-station,Marriott-WASLP
WASTL,TownePlace Suites Lexington Park Patuxent River Naval Air Station,wastl-towneplace-suites-lexington-park-patuxent-river-naval-air-station,Marriott-WASTL
BWICA,Courtyard Baltimore BWI Airport,bwica-courtyard-baltimore-bwi-airport,Marriott-BWICA
BWISS,SpringHill Suites Baltimore BWI Airport,bwiss-springhill-suites-baltimore-bwi-airport,Marriott-BWISS
BWIAL,Aloft BWI Baltimore Washington International Airport,bwial-aloft-bwi-baltimore-washington-international-airport,Marriott-BWIAL
BWITS,TownePlace Suites Baltimore BWI Airport,bwits-towneplace-suites-baltimore-bwi-airport,Marriott-BWITS
BWIAF,Fairfield Inn & Suites Baltimore BWI Airport,bwiaf-fairfield-inn-&-suites-baltimore-bwi-airport,Marriott-BWIAF
BWIAP,BWI Airport Marriott,bwiap-bwi-airport-marriott,Marriott-BWIAP
BWILS,Sheraton Baltimore Washington Airport Hotel - BWI,bwils-sheraton-baltimore-washington-airport-hotel---bwi,Marriott-BWILS
BWIBW,The Westin Baltimore Washington Airport - BWI,bwibw-the-westin-baltimore-washington-airport---bwi,Marriott-BWIBW
BWIMR,SpringHill Suites Baltimore White Marsh/Middle River,bwimr-springhill-suites-baltimore-white-marsh/middle-river,Marriott-BWIMR
WASWA,"AC Hotel National Harbor Washington, DC Area","waswa-ac-hotel-national-harbor-washington,-dc-area",Marriott-WASWA
WASGN,Gaylord National Resort & Convention Center,wasgn-gaylord-national-resort-&-convention-center,Marriott-WASGN
WASNH,"Residence Inn National Harbor Washington, DC Area","wasnh-residence-inn-national-harbor-washington,-dc-area",Marriott-WASNH
WASHW,The Westin Washington National Harbor,washw-the-westin-washington-national-harbor,Marriott-WASHW
SBYOC,Courtyard Ocean City Oceanfront,sbyoc-courtyard-ocean-city-oceanfront,Marriott-SBYOC
SBYFI,Fairfield Inn & Suites Ocean City,sbyfi-fairfield-inn-&-suites-ocean-city,Marriott-SBYFI
SBYRO,Residence Inn Ocean City,sbyro-residence-inn-ocean-city,Marriott-SBYRO
SBYAL,Aloft Ocean City,sbyal-aloft-ocean-city,Marriott-SBYAL
BWIMO,Marriott Owings Mills Metro Centre,bwimo-marriott-owings-mills-metro-centre,Marriott-BWIMO
BWIOM,Residence Inn Baltimore Owings Mills,bwiom-residence-inn-baltimore-owings-mills,Marriott-BWIOM
BWIPF,SpringHill Suites Prince Frederick,bwipf-springhill-suites-prince-frederick,Marriott-BWIPF
WASRV,Courtyard Rockville,wasrv-courtyard-rockville,Marriott-WASRV
WASBN,Bethesda North Marriott Hotel & Conference Center,wasbn-bethesda-north-marriott-hotel-&-conference-center,Marriott-WASBN
WASVS,Sheraton Rockville Hotel,wasvs-sheraton-rockville-hotel,Marriott-WASVS
SBYCY,Courtyard Salisbury,sbycy-courtyard-salisbury,Marriott-SBYCY
SBYRI,Residence Inn Salisbury,sbyri-residence-inn-salisbury,Marriott-SBYRI
WASSV,Courtyard Silver Spring Downtown,wassv-courtyard-silver-spring-downtown,Marriott-WASSV
WASSS,Courtyard Silver Spring North/White Oak,wasss-courtyard-silver-spring-north/white-oak,Marriott-WASSS
WASLV,Residence Inn Silver Spring,waslv-residence-inn-silver-spring,Marriott-WASLV
BWINS,Sheraton Baltimore North Hotel,bwins-sheraton-baltimore-north-hotel,Marriott-BWINS
WASWD,Courtyard Waldorf,waswd-courtyard-waldorf,Marriott-WASWD
WASWR,Residence Inn Waldorf,waswr-residence-inn-waldorf,Marriott-WASWR
MCIFE,Fairfield Inn & Suites Kansas City Belton,mcife-fairfield-inn-&-suites-kansas-city-belton,Marriott-MCIFE
MCIBS,Courtyard Kansas City East/Blue Springs,mcibs-courtyard-kansas-city-east/blue-springs,Marriott-MCIBS
SGFBN,Fairfield Inn & Suites Branson,sgfbn-fairfield-inn-&-suites-branson,Marriott-SGFBN
SGFHB,Marriott's Willow Ridge Lodge,sgfhb-marriott's-willow-ridge-lodge,Marriott-SGFHB
SGFBR,Residence Inn Branson,sgfbr-residence-inn-branson,Marriott-SGFBR
STLBW,SpringHill Suites St. Louis Brentwood,stlbw-springhill-suites-st.-louis-brentwood,Marriott-STLBW
STLTB,TownePlace Suites Brentwood,stltb-towneplace-suites-brentwood,Marriott-STLTB
CGICY,Courtyard Cape Girardeau Downtown,cgicy-courtyard-cape-girardeau-downtown,Marriott-CGICY
STLCA,AC Hotel St. Louis Chesterfield,stlca-ac-hotel-st.-louis-chesterfield,Marriott-STLCA
STLXC,Courtyard St Louis Chesterfield,stlxc-courtyard-st-louis-chesterfield,Marriott-STLXC
STLFF,Fairfield Inn & Suites St. Louis Chesterfield,stlff-fairfield-inn-&-suites-st.-louis-chesterfield,Marriott-STLFF
STLRC,Residence Inn St. Louis Chesterfield,stlrc-residence-inn-st.-louis-chesterfield,Marriott-STLRC
STLTI,TownePlace Suites St. Louis Chesterfield,stlti-towneplace-suites-st.-louis-chesterfield,Marriott-STLTI
TRXFI,Fairfield Inn & Suites Chillicothe,trxfi-fairfield-inn-&-suites-chillicothe,Marriott-TRXFI
STLRL,Residence Inn St. Louis Clayton,stlrl-residence-inn-st.-louis-clayton,Marriott-STLRL
COUCY,Courtyard Columbia,coucy-courtyard-columbia,Marriott-COUCY
COUFS,Fairfield Inn & Suites Columbia,coufs-fairfield-inn-&-suites-columbia,Marriott-COUFS
COURI,Residence Inn Columbia,couri-residence-inn-columbia,Marriott-COURI
COUSH,SpringHill Suites Columbia,coush-springhill-suites-columbia,Marriott-COUSH
COUTS,TownePlace Suites Columbia,couts-towneplace-suites-columbia,Marriott-COUTS
STLCC,Courtyard St. Louis Creve Coeur,stlcc-courtyard-st.-louis-creve-coeur,Marriott-STLCC
STLRI,Residence Inn St. Louis Airport/Earth City,stlri-residence-inn-st.-louis-airport/earth-city,Marriott-STLRI
STLFN,Fairfield Inn St. Louis Fenton,stlfn-fairfield-inn-st.-louis-fenton,Marriott-STLFN
MCIFG,Fairfield Inn & Suites Kansas City North/Gladstone,mcifg-fairfield-inn-&-suites-kansas-city-north/gladstone,Marriott-MCIFG
MCIRI,Residence Inn Kansas City Independence,mciri-residence-inn-kansas-city-independence,Marriott-MCIRI
COUCJ,Courtyard Jefferson City,coucj-courtyard-jefferson-city,Marriott-COUCJ
COUJC,Fairfield Inn & Suites Jefferson City,coujc-fairfield-inn-&-suites-jefferson-city,Marriott-COUJC
JLNFI,Fairfield Inn Joplin,jlnfi-fairfield-inn-joplin,Marriott-JLNFI
JLNRI,Residence Inn Joplin,jlnri-residence-inn-joplin,Marriott-JLNRI
JLNTS,TownePlace Suites Joplin,jlnts-towneplace-suites-joplin,Marriott-JLNTS
MCIAC,AC Hotel Kansas City Plaza,mciac-ac-hotel-kansas-city-plaza,Marriott-MCIAC
MCIAA,"Ambassador Hotel Kansas City, Autograph Collection","mciaa-ambassador-hotel-kansas-city,-autograph-collection",Marriott-MCIAA
MCIAK,"The Raphael Hotel, Autograph Collection","mciak-the-raphael-hotel,-autograph-collection",Marriott-MCIAK
MCINO,Courtyard Kansas City at Briarcliff,mcino-courtyard-kansas-city-at-briarcliff,Marriott-MCINO
MCICP,Courtyard Kansas City Country Club Plaza,mcicp-courtyard-kansas-city-country-club-plaza,Marriott-MCICP
MCIKS,Courtyard Kansas City Downtown/Convention Center,mciks-courtyard-kansas-city-downtown/convention-center,Marriott-MCIKS
MCIFA,Fairfield Inn & Suites Kansas City Airport,mcifa-fairfield-inn-&-suites-kansas-city-airport,Marriott-MCIFA
MCILB,Fairfield Inn & Suites Kansas City Liberty,mcilb-fairfield-inn-&-suites-kansas-city-liberty,Marriott-MCILB
MCIUN,Fairfield Inn Kansas City Downtown/Union Hill,mciun-fairfield-inn-kansas-city-downtown/union-hill,Marriott-MCIUN
MCIAP,Kansas City Airport Marriott,mciap-kansas-city-airport-marriott,Marriott-MCIAP
MCIPL,Kansas City Marriott Country Club Plaza,mcipl-kansas-city-marriott-country-club-plaza,Marriott-MCIPL
MCIDT,Kansas City Marriott Downtown,mcidt-kansas-city-marriott-downtown,Marriott-MCIDT
MCIAR,Residence Inn Kansas City Airport,mciar-residence-inn-kansas-city-airport,Marriott-MCIAR
MCIKC,Residence Inn Kansas City Country Club Plaza,mcikc-residence-inn-kansas-city-country-club-plaza,Marriott-MCIKC
MCISR,Residence Inn Kansas City Downtown/Convention Center,mcisr-residence-inn-kansas-city-downtown/convention-center,Marriott-MCISR
MCINR,SpringHill Suites Kansas City Airport,mcinr-springhill-suites-kansas-city-airport,Marriott-MCINR
MCISN,SpringHill Suites Kansas City Northeast,mcisn-springhill-suites-kansas-city-northeast,Marriott-MCISN
MCIMT,SpringHill Suites Kansas City Plaza,mcimt-springhill-suites-kansas-city-plaza,Marriott-MCIMT
MCIAS,Aloft Kansas City Country Club Plaza,mcias-aloft-kansas-city-country-club-plaza,Marriott-MCIAS
MCIFP,Four Points by Sheraton Kansas City Airport,mcifp-four-points-by-sheraton-kansas-city-airport,Marriott-MCIFP
MCICR,Sheraton Kansas City Hotel at Crown Center,mcicr-sheraton-kansas-city-hotel-at-crown-center,Marriott-MCICR
MCITA,TownePlace Suites Kansas City Airport,mcita-towneplace-suites-kansas-city-airport,Marriott-MCITA
MCIBC,TownePlace Suites Kansas City at Briarcliff,mcibc-towneplace-suites-kansas-city-at-briarcliff,Marriott-MCIBC
MCITX,"Cascade Hotel, Kansas City, a Tribute Portfolio Hotel","mcitx-cascade-hotel,-kansas-city,-a-tribute-portfolio-hotel",Marriott-MCITX
MCIWI,The Westin Kansas City at Crown Center,mciwi-the-westin-kansas-city-at-crown-center,Marriott-MCIWI
MCILS,Fairfield Inn & Suites Kansas City Lee's Summit,mcils-fairfield-inn-&-suites-kansas-city-lee's-summit,Marriott-MCILS
MCILT,TownePlace Suites Kansas City Liberty,mcilt-towneplace-suites-kansas-city-liberty,Marriott-MCILT
MCIAN,Aloft North Kansas City,mcian-aloft-north-kansas-city,Marriott-MCIAN
MCIEN,Element North Kansas City,mcien-element-north-kansas-city,Marriott-MCIEN
STLOF,Residence Inn St. Louis O'Fallon,stlof-residence-inn-st.-louis-o'fallon,Marriott-STLOF
CGIFI,Fairfield Inn & Suites Poplar Bluff,cgifi-fairfield-inn-&-suites-poplar-bluff,Marriott-CGIFI
STLCB,Courtyard St. Louis Brentwood,stlcb-courtyard-st.-louis-brentwood,Marriott-STLCB
TBNFR,Fairfield Inn & Suites Rolla,tbnfr-fairfield-inn-&-suites-rolla,Marriott-TBNFR
SGFAP,Courtyard Springfield Airport,sgfap-courtyard-springfield-airport,Marriott-SGFAP
SGFSN,Fairfield Inn & Suites Springfield North,sgfsn-fairfield-inn-&-suites-springfield-north,Marriott-SGFSN
SGFRI,Residence Inn Springfield,sgfri-residence-inn-springfield,Marriott-SGFRI
SGFNO,SpringHill Suites Springfield North,sgfno-springhill-suites-springfield-north,Marriott-SGFNO
SGFEL,Element Springfield South,sgfel-element-springfield-south,Marriott-SGFEL
SGFTS,TownePlace Suites Springfield,sgfts-towneplace-suites-springfield,Marriott-SGFTS
STJFI,Fairfield Inn & Suites St. Joseph,stjfi-fairfield-inn-&-suites-st.-joseph,Marriott-STJFI
STLAW,AC Hotel St. Louis Central West End,stlaw-ac-hotel-st.-louis-central-west-end,Marriott-STLAW
STLAK,"Hotel Saint Louis, Autograph Collection","stlak-hotel-saint-louis,-autograph-collection",Marriott-STLAK
STLCW,Courtyard St. Louis West County,stlcw-courtyard-st.-louis-west-county,Marriott-STLCW
STLFD,Fairfield Inn & Suites St. Louis Downtown,stlfd-fairfield-inn-&-suites-st.-louis-downtown,Marriott-STLFD
STLFW,Fairfield Inn & Suites St. Louis Westport,stlfw-fairfield-inn-&-suites-st.-louis-westport,Marriott-STLFW
STLWS,Residence Inn St. Louis West County,stlws-residence-inn-st.-louis-west-county,Marriott-STLWS
STLWR,Residence Inn St. Louis Westport,stlwr-residence-inn-st.-louis-westport,Marriott-STLWR
STLAL,Aloft St. Louis Cortex,stlal-aloft-st.-louis-cortex,Marriott-STLAL
STLEL,Element St. Louis Midtown,stlel-element-st.-louis-midtown,Marriott-STLEL
STLMO,Le Méridien St. Louis Downtown,stlmo-le-méridien-st.-louis-downtown,Marriott-STLMO
STLSI,Sheraton Westport Chalet Hotel St. Louis,stlsi-sheraton-westport-chalet-hotel-st.-louis,Marriott-STLSI
STLPS,Sheraton Westport Plaza Hotel St. Louis,stlps-sheraton-westport-plaza-hotel-st.-louis,Marriott-STLPS
STLTW,"Seven Gables Inn, St. Louis West, a Tribute Portfolio Hotel","stltw-seven-gables-inn,-st.-louis-west,-a-tribute-portfolio-hotel",Marriott-STLTW
STLSC,Fairfield Inn & Suites St. Louis St. Charles,stlsc-fairfield-inn-&-suites-st.-louis-st.-charles,Marriott-STLSC
STLCH,Courtyard St Louis Downtown West,stlch-courtyard-st-louis-downtown-west,Marriott-STLCH
STLBR,Courtyard St. Louis Airport/Earth City,stlbr-courtyard-st.-louis-airport/earth-city,Marriott-STLBR
STLDW,Courtyard St. Louis Downtown/Convention Center,stldw-courtyard-st.-louis-downtown/convention-center,Marriott-STLDW
STLWP,Courtyard St. Louis Westport Plaza,stlwp-courtyard-st.-louis-westport-plaza,Marriott-STLWP
STLFE,Fairfield Inn & Suites St. Louis South,stlfe-fairfield-inn-&-suites-st.-louis-south,Marriott-STLFE
STLAP,Marriott St. Louis Airport,stlap-marriott-st.-louis-airport,Marriott-STLAP
STLMG,Marriott St. Louis Grand,stlmg-marriott-st.-louis-grand,Marriott-STLMG
STLWE,Marriott St. Louis West,stlwe-marriott-st.-louis-west,Marriott-STLWE
STLSA,Renaissance St. Louis Airport Hotel,stlsa-renaissance-st.-louis-airport-hotel,Marriott-STLSA
STLRD,Residence Inn St. Louis Downtown,stlrd-residence-inn-st.-louis-downtown,Marriott-STLRD
STLRH,Residence Inn St. Louis Galleria,stlrh-residence-inn-st.-louis-galleria,Marriott-STLRH
STLEC,SpringHill Suites St. Louis Airport/Earth City,stlec-springhill-suites-st.-louis-airport/earth-city,Marriott-STLEC
STLRZ,"The Ritz-Carlton, St. Louis","stlrz-the-ritz-carlton,-st.-louis",Marriott-STLRZ
STLMY,Le Méridien St. Louis Clayton,stlmy-le-méridien-st.-louis-clayton,Marriott-STLMY
STLTR,"Magnolia Hotel St. Louis, a Tribute Portfolio Hotel","stltr-magnolia-hotel-st.-louis,-a-tribute-portfolio-hotel",Marriott-STLTR
STLWI,The Westin St. Louis,stlwi-the-westin-st.-louis,Marriott-STLWI
STLSP,Courtyard St. Louis St. Peters,stlsp-courtyard-st.-louis-st.-peters,Marriott-STLSP
TBNFI,Fairfield Inn Fort Leonard Wood St. Robert,tbnfi-fairfield-inn-fort-leonard-wood-st.-robert,Marriott-TBNFI
DMOFI,Fairfield Inn & Suites Warrensburg,dmofi-fairfield-inn-&-suites-warrensburg,Marriott-DMOFI
STLWV,Fairfield Inn & Suites St. Louis West/Wentzville,stlwv-fairfield-inn-&-suites-st.-louis-west/wentzville,Marriott-STLWV
STCAL,Fairfield Inn & Suites Alexandria,stcal-fairfield-inn-&-suites-alexandria,Marriott-STCAL
MSPST,SpringHill Suites St. Paul Arden Hills,mspst-springhill-suites-st.-paul-arden-hills,Marriott-MSPST
MSPFB,Fairfield Inn & Suites Minneapolis North/Blaine,mspfb-fairfield-inn-&-suites-minneapolis-north/blaine,Marriott-MSPFB
MSPAC,AC Hotel Bloomington Mall of America,mspac-ac-hotel-bloomington-mall-of-america,Marriott-MSPAC
MSPCY,Courtyard Bloomington by Mall of America,mspcy-courtyard-bloomington-by-mall-of-america,Marriott-MSPCY
MSPCE,Courtyard Edina Bloomington,mspce-courtyard-edina-bloomington,Marriott-MSPCE
MSPBL,Fairfield Inn & Suites Minneapolis Bloomington/Mall of America,mspbl-fairfield-inn-&-suites-minneapolis-bloomington/mall-of-america,Marriott-MSPBL
MSPJW,JW Marriott Minneapolis Mall of America,mspjw-jw-marriott-minneapolis-mall-of-america,Marriott-MSPJW
MSPMN,Marriott Minneapolis Airport,mspmn-marriott-minneapolis-airport,Marriott-MSPMN
MSPBB,Renaissance Minneapolis Bloomington Hotel,mspbb-renaissance-minneapolis-bloomington-hotel,Marriott-MSPBB
MSPLL,Residence Inn Bloomington by Mall of America,mspll-residence-inn-bloomington-by-mall-of-america,Marriott-MSPLL
MSPMS,SpringHill Suites Minneapolis-St. Paul Airport/Mall of America,mspms-springhill-suites-minneapolis-st.-paul-airport/mall-of-america,Marriott-MSPMS
MSPEL,Element Bloomington Mall of America,mspel-element-bloomington-mall-of-america,Marriott-MSPEL
MSPOS,Sheraton Bloomington Hotel,mspos-sheraton-bloomington-hotel,Marriott-MSPOS
MSPTB,TownePlace Suites Minneapolis Mall of America,msptb-towneplace-suites-minneapolis-mall-of-america,Marriott-MSPTB
MSPFO,Fairfield Inn & Suites Minneapolis North,mspfo-fairfield-inn-&-suites-minneapolis-north,Marriott-MSPFO
MSPNW,Minneapolis Marriott Northwest,mspnw-minneapolis-marriott-northwest,Marriott-MSPNW
MSPBR,Fairfield Inn & Suites Minneapolis Burnsville,mspbr-fairfield-inn-&-suites-minneapolis-burnsville,Marriott-MSPBR
DTLFI,Fairfield Inn & Suites Detroit Lakes,dtlfi-fairfield-inn-&-suites-detroit-lakes,Marriott-DTLFI
DLHFD,Fairfield Inn & Suites Duluth,dlhfd-fairfield-inn-&-suites-duluth,Marriott-DLHFD
DLHFW,Fairfield Inn & Suites Duluth Waterfront,dlhfw-fairfield-inn-&-suites-duluth-waterfront,Marriott-DLHFW
DLHRI,Residence Inn Duluth,dlhri-residence-inn-duluth,Marriott-DLHRI
DLHSI,Sheraton Duluth Hotel,dlhsi-sheraton-duluth-hotel,Marriott-DLHSI
MSPFG,Fairfield Inn & Suites St. Paul Eagan,mspfg-fairfield-inn-&-suites-st.-paul-eagan,Marriott-MSPFG
MSPRE,Residence Inn Minneapolis St. Paul/Eagan,mspre-residence-inn-minneapolis-st.-paul/eagan,Marriott-MSPRE
MSPSH,SpringHill Suites Minneapolis-St. Paul Airport/Eagan,mspsh-springhill-suites-minneapolis-st.-paul-airport/eagan,Marriott-MSPSH
MSPTG,TownePlace Suites Minneapolis-St. Paul Airport/Eagan,msptg-towneplace-suites-minneapolis-st.-paul-airport/eagan,Marriott-MSPTG
GFKEG,Fairfield Inn & Suites East Grand Forks,gfkeg-fairfield-inn-&-suites-east-grand-forks,Marriott-GFKEG
MSPFE,Fairfield Inn & Suites Minneapolis Eden Prairie,mspfe-fairfield-inn-&-suites-minneapolis-eden-prairie,Marriott-MSPFE
MSPEP,Residence Inn Minneapolis Eden Prairie,mspep-residence-inn-minneapolis-eden-prairie,Marriott-MSPEP
MSPEN,SpringHill Suites Minneapolis Eden Prairie,mspen-springhill-suites-minneapolis-eden-prairie,Marriott-MSPEN
MSPTE,TownePlace Suites Minneapolis Eden Prairie,mspte-towneplace-suites-minneapolis-eden-prairie,Marriott-MSPTE
MSPDA,Residence Inn Minneapolis Edina,mspda-residence-inn-minneapolis-edina,Marriott-MSPDA
MSPWI,The Westin Edina Galleria,mspwi-the-westin-edina-galleria,Marriott-MSPWI
MKTCY,Courtyard Mankato,mktcy-courtyard-mankato,Marriott-MKTCY
MKTFI,Fairfield Inn & Suites Mankato,mktfi-fairfield-inn-&-suites-mankato,Marriott-MKTFI
MSPMG,Courtyard Minneapolis Maple Grove/Arbor Lakes,mspmg-courtyard-minneapolis-maple-grove/arbor-lakes,Marriott-MSPMG
MSPRG,Residence Inn Minneapolis Maple Grove/Arbor Lakes,msprg-residence-inn-minneapolis-maple-grove/arbor-lakes,Marriott-MSPRG
MSPSG,SpringHill Suites Minneapolis Maple Grove/Arbor Lakes,mspsg-springhill-suites-minneapolis-maple-grove/arbor-lakes,Marriott-MSPSG
MSPMH,Courtyard Minneapolis-St. Paul Airport,mspmh-courtyard-minneapolis-st.-paul-airport,Marriott-MSPMH
MSPAP,Fairfield Inn & Suites Minneapolis-St. Paul Airport,mspap-fairfield-inn-&-suites-minneapolis-st.-paul-airport,Marriott-MSPAP
MSPAR,AC Hotel Minneapolis Downtown,mspar-ac-hotel-minneapolis-downtown,Marriott-MSPAR
MSPAD,"Elliot Park Hotel, Autograph Collection","mspad-elliot-park-hotel,-autograph-collection",Marriott-MSPAD
MSPAK,"Emery, Autograph Collection","mspak-emery,-autograph-collection",Marriott-MSPAK
MSPDC,Courtyard Minneapolis Downtown,mspdc-courtyard-minneapolis-downtown,Marriott-MSPDC
MSPDE,Delta Hotels Minneapolis Northeast,mspde-delta-hotels-minneapolis-northeast,Marriott-MSPDE
MSPFD,Fairfield Inn & Suites Minneapolis Downtown,mspfd-fairfield-inn-&-suites-minneapolis-downtown,Marriott-MSPFD
MSPCC,Minneapolis Marriott City Center,mspcc-minneapolis-marriott-city-center,Marriott-MSPCC
MSPSP,Minneapolis Marriott West,mspsp-minneapolis-marriott-west,Marriott-MSPSP
MSPOD,Moxy Minneapolis Downtown,mspod-moxy-minneapolis-downtown,Marriott-MSPOD
MSPOX,Moxy Minneapolis Uptown,mspox-moxy-minneapolis-uptown,Marriott-MSPOX
MSPDD,"Renaissance Minneapolis Hotel, The Depot","mspdd-renaissance-minneapolis-hotel,-the-depot",Marriott-MSPDD
MSPMW,Residence Inn Minneapolis Downtown at The Depot,mspmw-residence-inn-minneapolis-downtown-at-the-depot,Marriott-MSPMW
MSPRI,Residence Inn Minneapolis Downtown/City Center,mspri-residence-inn-minneapolis-downtown/city-center,Marriott-MSPRI
MSPAL,Aloft Minneapolis,mspal-aloft-minneapolis,Marriott-MSPAL
MSPEO,Element Minneapolis Downtown,mspeo-element-minneapolis-downtown,Marriott-MSPEO
MSPLC,"Hotel Ivy, a Luxury Collection Hotel, Minneapolis","msplc-hotel-ivy,-a-luxury-collection-hotel,-minneapolis",Marriott-MSPLC
MSPTS,TownePlace Suites Minneapolis Downtown/North Loop,mspts-towneplace-suites-minneapolis-downtown/north-loop,Marriott-MSPTS
MSPTR,"Rand Tower Hotel, Minneapolis, a Tribute Portfolio Hotel","msptr-rand-tower-hotel,-minneapolis,-a-tribute-portfolio-hotel",Marriott-MSPTR
MSPWH,W Minneapolis - The Foshay,mspwh-w-minneapolis---the-foshay,Marriott-MSPWH
MSPMI,The Westin Minneapolis,mspmi-the-westin-minneapolis,Marriott-MSPMI
MSPWE,Minneapolis Marriott Southwest,mspwe-minneapolis-marriott-southwest,Marriott-MSPWE
MSPWS,Sheraton Minneapolis West Hotel,mspws-sheraton-minneapolis-west-hotel,Marriott-MSPWS
FARCY,"Courtyard Fargo Moorhead, MN","farcy-courtyard-fargo-moorhead,-mn",Marriott-FARCY
MSPNF,Fairfield Inn & Suites Northfield,mspnf-fairfield-inn-&-suites-northfield,Marriott-MSPNF
RSTOC,Courtyard Owatonna Downtown,rstoc-courtyard-owatonna-downtown,Marriott-RSTOC
MSPPL,Residence Inn Minneapolis Plymouth,msppl-residence-inn-minneapolis-plymouth,Marriott-MSPPL
MSPMF,Four Points by Sheraton Mall of America Minneapolis Airport,mspmf-four-points-by-sheraton-mall-of-america-minneapolis-airport,Marriott-MSPMF
RSTCY,Courtyard Rochester Mayo Clinic Area/Saint Marys,rstcy-courtyard-rochester-mayo-clinic-area/saint-marys,Marriott-RSTCY
RSTFI,Fairfield Inn & Suites Rochester Mayo Clinic Area/Saint Marys,rstfi-fairfield-inn-&-suites-rochester-mayo-clinic-area/saint-marys,Marriott-RSTFI
RSTMC,Rochester Marriott Mayo Clinic Area,rstmc-rochester-marriott-mayo-clinic-area,Marriott-RSTMC
RSTRI,Residence Inn Rochester Mayo Clinic Area,rstri-residence-inn-rochester-mayo-clinic-area,Marriott-RSTRI
RSTRN,Residence Inn Rochester Mayo Clinic Area South,rstrn-residence-inn-rochester-mayo-clinic-area-south,Marriott-RSTRN
RSTSH,SpringHill Suites Rochester Mayo Clinic Area/Saint Marys,rstsh-springhill-suites-rochester-mayo-clinic-area/saint-marys,Marriott-RSTSH
RSTTS,TownePlace Suites Rochester,rstts-towneplace-suites-rochester,Marriott-RSTTS
RSTTM,TownePlace Suites Rochester Mayo Clinic Area,rsttm-towneplace-suites-rochester-mayo-clinic-area,Marriott-RSTTM
MSPRL,Courtyard Minneapolis St. Paul/Roseville,msprl-courtyard-minneapolis-st.-paul/roseville,Marriott-MSPRL
MSPRV,Fairfield Inn & Suites Minneapolis St. Paul/Roseville,msprv-fairfield-inn-&-suites-minneapolis-st.-paul/roseville,Marriott-MSPRV
MSPRO,Residence Inn Minneapolis St. Paul/Roseville,mspro-residence-inn-minneapolis-st.-paul/roseville,Marriott-MSPRO
MSPFK,Fairfield Inn & Suites Minneapolis Shakopee,mspfk-fairfield-inn-&-suites-minneapolis-shakopee,Marriott-MSPFK
MSPAW,AC Hotel Minneapolis West End,mspaw-ac-hotel-minneapolis-west-end,Marriott-MSPAW
MSPCD,Courtyard St. Paul Downtown,mspcd-courtyard-st.-paul-downtown,Marriott-MSPCD
MSPRD,Residence Inn St. Paul Downtown,msprd-residence-inn-st.-paul-downtown,Marriott-MSPRD
MSPSU,SpringHill Suites St. Paul Downtown,mspsu-springhill-suites-st.-paul-downtown,Marriott-MSPSU
STCCY,Courtyard St. Cloud,stccy-courtyard-st.-cloud,Marriott-STCCY
STCFI,Fairfield Inn & Suites St. Cloud,stcfi-fairfield-inn-&-suites-st.-cloud,Marriott-STCFI
MSPCW,Courtyard Minneapolis West,mspcw-courtyard-minneapolis-west,Marriott-MSPCW
MSPSL,SpringHill Suites Minneapolis West/St. Louis Park,mspsl-springhill-suites-minneapolis-west/st.-louis-park,Marriott-MSPSL
MSPLS,TownePlace Suites Minneapolis West/St. Louis Park,mspls-towneplace-suites-minneapolis-west/st.-louis-park,Marriott-MSPLS
MSPFN,Fairfield Inn & Suites St. Paul Northeast,mspfn-fairfield-inn-&-suites-st.-paul-northeast,Marriott-MSPFN
STCWP,Residence Inn St. Cloud,stcwp-residence-inn-st.-cloud,Marriott-STCWP
LSEFW,Fairfield Inn & Suites Winona,lsefw-fairfield-inn-&-suites-winona,Marriott-LSEFW
MSPWC,Courtyard St Paul Woodbury,mspwc-courtyard-st-paul-woodbury,Marriott-MSPWC
MSPWB,Residence Inn St. Paul Woodbury,mspwb-residence-inn-st.-paul-woodbury,Marriott-MSPWB
MSPSW,Sheraton St. Paul Woodbury Hotel,mspsw-sheraton-st.-paul-woodbury-hotel,Marriott-MSPSW
HSVAV,Fairfield Inn & Suites Albertville,hsvav-fairfield-inn-&-suites-albertville,Marriott-HSVAV
HSVAT,Fairfield Inn & Suites Athens I-65,hsvat-fairfield-inn-&-suites-athens-i-65,Marriott-HSVAT
MVCFI,Fairfield Inn & Suites Atmore,mvcfi-fairfield-inn-&-suites-atmore,Marriott-MVCFI
CSGCA,Courtyard Auburn,csgca-courtyard-auburn,Marriott-CSGCA
CSGAU,TownePlace Suites Auburn University Area,csgau-towneplace-suites-auburn-university-area,Marriott-CSGAU
BHMBB,Fairfield Inn & Suites Birmingham Bessemer,bhmbb-fairfield-inn-&-suites-birmingham-bessemer,Marriott-BHMBB
BHMAK,"Elyton Hotel, Autograph Collection","bhmak-elyton-hotel,-autograph-collection",Marriott-BHMAK
BHMAG,"Grand Bohemian Mountain Brook, Autograph Collection","bhmag-grand-bohemian-mountain-brook,-autograph-collection",Marriott-BHMAG
BHMDW,Courtyard Birmingham Downtown at UAB,bhmdw-courtyard-birmingham-downtown-at-uab,Marriott-BHMDW
BHMTV,Courtyard Birmingham Trussville,bhmtv-courtyard-birmingham-trussville,Marriott-BHMTV
BHMFC,Fairfield Inn & Suites Birmingham Colonnade/Grandview,bhmfc-fairfield-inn-&-suites-birmingham-colonnade/grandview,Marriott-BHMFC
BHMFD,Fairfield Inn & Suites Birmingham Downtown,bhmfd-fairfield-inn-&-suites-birmingham-downtown,Marriott-BHMFD
BHMMC,Marriott Birmingham,bhmmc-marriott-birmingham,Marriott-BHMMC
BHMHV,Renaissance Birmingham Ross Bridge Golf Resort & Spa,bhmhv-renaissance-birmingham-ross-bridge-golf-resort-&-spa,Marriott-BHMHV
BHMRI,Residence Inn Birmingham Downtown at UAB,bhmri-residence-inn-birmingham-downtown-at-uab,Marriott-BHMRI
BHMCO,SpringHill Suites Birmingham Colonnade/Grandview,bhmco-springhill-suites-birmingham-colonnade/grandview,Marriott-BHMCO
BHMSD,SpringHill Suites Birmingham Downtown at UAB,bhmsd-springhill-suites-birmingham-downtown-at-uab,Marriott-BHMSD
BHMSI,Sheraton Birmingham Hotel,bhmsi-sheraton-birmingham-hotel,Marriott-BHMSI
BHMPS,TownePlace Suites Birmingham South,bhmps-towneplace-suites-birmingham-south,Marriott-BHMPS
BHMWI,The Westin Birmingham,bhmwi-the-westin-birmingham,Marriott-BHMWI
HSVDC,Courtyard Decatur,hsvdc-courtyard-decatur,Marriott-HSVDC
HSVRD,Residence Inn Decatur,hsvrd-residence-inn-decatur,Marriott-HSVRD
DHNCY,Courtyard Dothan,dhncy-courtyard-dothan,Marriott-DHNCY
DHNAL,Fairfield Inn Dothan,dhnal-fairfield-inn-dothan,Marriott-DHNAL
DHNRI,Residence Inn Dothan,dhnri-residence-inn-dothan,Marriott-DHNRI
DHNTS,TownePlace Suites Dothan,dhnts-towneplace-suites-dothan,Marriott-DHNTS
DHNET,Fairfield Inn & Suites Enterprise,dhnet-fairfield-inn-&-suites-enterprise,Marriott-DHNET
MSLRI,Residence Inn Florence,mslri-residence-inn-florence,Marriott-MSLRI
PNSTF,TownePlace Suites Foley at OWA,pnstf-towneplace-suites-foley-at-owa,Marriott-PNSTF
BHMBF,Fairfield Inn & Suites Birmingham Fultondale/I-65,bhmbf-fairfield-inn-&-suites-birmingham-fultondale/i-65,Marriott-BHMBF
BHMGD,Fairfield Inn & Suites Gadsden,bhmgd-fairfield-inn-&-suites-gadsden,Marriott-BHMGD
BHMSG,SpringHill Suites Birmingham Gardendale,bhmsg-springhill-suites-birmingham-gardendale,Marriott-BHMSG
PNSGS,Courtyard Gulf Shores Craft Farms,pnsgs-courtyard-gulf-shores-craft-farms,Marriott-PNSGS
BHMHW,Courtyard Birmingham Homewood,bhmhw-courtyard-birmingham-homewood,Marriott-BHMHW
BHMAL,Aloft Birmingham Soho Square,bhmal-aloft-birmingham-soho-square,Marriott-BHMAL
BHMPW,Four Points by Sheraton Birmingham Homewood,bhmpw-four-points-by-sheraton-birmingham-homewood,Marriott-BHMPW
BHMHO,Courtyard Birmingham Hoover,bhmho-courtyard-birmingham-hoover,Marriott-BHMHO
BHMRH,Residence Inn Birmingham Hoover,bhmrh-residence-inn-birmingham-hoover,Marriott-BHMRH
HSVAR,AC Hotel Huntsville Downtown,hsvar-ac-hotel-huntsville-downtown,Marriott-HSVAR
HSVCH,Courtyard Huntsville University Drive,hsvch-courtyard-huntsville-university-drive,Marriott-HSVCH
HSVFI,Fairfield Inn Huntsville,hsvfi-fairfield-inn-huntsville,Marriott-HSVFI
HSVAL,Huntsville Marriott at the Space & Rocket Center,hsval-huntsville-marriott-at-the-space-&-rocket-center,Marriott-HSVAL
HSVRI,Residence Inn Huntsville,hsvri-residence-inn-huntsville,Marriott-HSVRI
HSVSH,SpringHill Suites Huntsville Downtown,hsvsh-springhill-suites-huntsville-downtown,Marriott-HSVSH
HSVWE,SpringHill Suites Huntsville West/Research Park,hsvwe-springhill-suites-huntsville-west/research-park,Marriott-HSVWE
HSVEL,Element Huntsville,hsvel-element-huntsville,Marriott-HSVEL
HSVFP,Four Points by Sheraton Huntsville Airport,hsvfp-four-points-by-sheraton-huntsville-airport,Marriott-HSVFP
HSVTS,TownePlace Suites Huntsville,hsvts-towneplace-suites-huntsville,Marriott-HSVTS
HSVHW,TownePlace Suites Huntsville West/Redstone Gateway,hsvhw-towneplace-suites-huntsville-west/redstone-gateway,Marriott-HSVHW
HSVWI,The Westin Huntsville,hsvwi-the-westin-huntsville,Marriott-HSVWI
MGMSP,SpringHill Suites Montgomery Prattville/Millbrook,mgmsp-springhill-suites-montgomery-prattville/millbrook,Marriott-MGMSP
MOBCY,Courtyard Mobile,mobcy-courtyard-mobile,Marriott-MOBCY
MOBFI,Fairfield Inn & Suites Mobile,mobfi-fairfield-inn-&-suites-mobile,Marriott-MOBFI
MOBMC,Mobile Marriott,mobmc-mobile-marriott,Marriott-MOBMC
MOBRV,Renaissance Mobile Riverview Plaza Hotel,mobrv-renaissance-mobile-riverview-plaza-hotel,Marriott-MOBRV
MOBBR,The Battle House Renaissance Mobile Hotel & Spa,mobbr-the-battle-house-renaissance-mobile-hotel-&-spa,Marriott-MOBBR
MOBRI,Residence Inn Mobile,mobri-residence-inn-mobile,Marriott-MOBRI
MOBSH,SpringHill Suites Mobile,mobsh-springhill-suites-mobile,Marriott-MOBSH
MOBTS,TownePlace Suites Mobile,mobts-towneplace-suites-mobile,Marriott-MOBTS
MGMAK,"Trilogy Hotel Montgomery, Autograph Collection","mgmak-trilogy-hotel-montgomery,-autograph-collection",Marriott-MGMAK
MGMCH,Courtyard Montgomery,mgmch-courtyard-montgomery,Marriott-MGMCH
MGMAP,Fairfield Inn & Suites Montgomery Airport South,mgmap-fairfield-inn-&-suites-montgomery-airport-south,Marriott-MGMAP
MGMMA,Fairfield Inn & Suites Montgomery-EastChase Parkway,mgmma-fairfield-inn-&-suites-montgomery-eastchase-parkway,Marriott-MGMMA
MGMBR,Renaissance Montgomery Hotel & Spa at the Convention Center,mgmbr-renaissance-montgomery-hotel-&-spa-at-the-convention-center,Marriott-MGMBR
MGMSM,SpringHill Suites Montgomery Downtown,mgmsm-springhill-suites-montgomery-downtown,Marriott-MGMSM
MGMTM,TownePlace Suites Montgomery EastChase,mgmtm-towneplace-suites-montgomery-eastchase,Marriott-MGMTM
BHMNP,Courtyard Northport,bhmnp-courtyard-northport,Marriott-BHMNP
CSGAO,Fairfield Inn & Suites Auburn Opelika,csgao-fairfield-inn-&-suites-auburn-opelika,Marriott-CSGAO
CSGAB,Auburn Marriott Opelika Resort & Spa at Grand National,csgab-auburn-marriott-opelika-resort-&-spa-at-grand-national,Marriott-CSGAB
PNSOB,Fairfield Inn & Suites Orange Beach,pnsob-fairfield-inn-&-suites-orange-beach,Marriott-PNSOB
PNSOR,SpringHill Suites Orange Beach at The Wharf,pnsor-springhill-suites-orange-beach-at-the-wharf,Marriott-PNSOR
BHMAA,Courtyard Anniston Oxford,bhmaa-courtyard-anniston-oxford,Marriott-BHMAA
BHMFO,Fairfield Inn & Suites Anniston Oxford,bhmfo-fairfield-inn-&-suites-anniston-oxford,Marriott-BHMFO
BHMFP,Fairfield Inn & Suites Birmingham Pelham,bhmfp-fairfield-inn-&-suites-birmingham-pelham,Marriott-BHMFP
CSGCP,Courtyard Columbus Phenix City/Riverfront,csgcp-courtyard-columbus-phenix-city/riverfront,Marriott-CSGCP
PTLAK,"Grand Hotel Golf Resort & Spa, Autograph Collection","ptlak-grand-hotel-golf-resort-&-spa,-autograph-collection",Marriott-PTLAK
MGMPC,Courtyard Montgomery Prattville,mgmpc-courtyard-montgomery-prattville,Marriott-MGMPC
MGMMM,Montgomery Marriott Prattville Hotel & Conference Center at Capitol Hill,mgmmm-montgomery-marriott-prattville-hotel-&-conference-center-at-capitol-hill,Marriott-MGMMM
MOBSA,Fairfield Inn & Suites Mobile Saraland,mobsa-fairfield-inn-&-suites-mobile-saraland,Marriott-MOBSA
MOBSL,TownePlace Suites Mobile Saraland,mobsl-towneplace-suites-mobile-saraland,Marriott-MOBSL
MOBSF,Courtyard Mobile Daphne/Eastern Shore,mobsf-courtyard-mobile-daphne/eastern-shore,Marriott-MOBSF
MOBSP,Fairfield Inn & Suites Mobile Daphne/Eastern Shore,mobsp-fairfield-inn-&-suites-mobile-daphne/eastern-shore,Marriott-MOBSP
MGMTR,Courtyard Troy,mgmtr-courtyard-troy,Marriott-MGMTR
TCLAC,AC Hotel Tuscaloosa Downtown,tclac-ac-hotel-tuscaloosa-downtown,Marriott-TCLAC
TCLCY,Courtyard Tuscaloosa,tclcy-courtyard-tuscaloosa,Marriott-TCLCY
TCLFI,Fairfield Inn Tuscaloosa,tclfi-fairfield-inn-tuscaloosa,Marriott-TCLFI
TCLRT,Residence Inn Tuscaloosa,tclrt-residence-inn-tuscaloosa,Marriott-TCLRT
TCLSH,SpringHill Suites Tuscaloosa,tclsh-springhill-suites-tuscaloosa,Marriott-TCLSH
TCLTS,TownePlace Suites Tuscaloosa University Area,tclts-towneplace-suites-tuscaloosa-university-area,Marriott-TCLTS
BHMTX,"The Alamite, Tuscaloosa, a Tribute Portfolio Hotel","bhmtx-the-alamite,-tuscaloosa,-a-tribute-portfolio-hotel",Marriott-BHMTX
AEXCY,Courtyard Alexandria,aexcy-courtyard-alexandria,Marriott-AEXCY
AEXFI,Fairfield Inn & Suites Alexandria,aexfi-fairfield-inn-&-suites-alexandria,Marriott-AEXFI
AEXFP,Four Points by Sheraton Alexandria,aexfp-four-points-by-sheraton-alexandria,Marriott-AEXFP
AEXTS,TownePlace Suites Alexandria,aexts-towneplace-suites-alexandria,Marriott-AEXTS
BTRAK,"WATERMARK Baton Rouge, Autograph Collection","btrak-watermark-baton-rouge,-autograph-collection",Marriott-BTRAK
BTRCH,Courtyard Baton Rouge Acadian Centre/LSU Area,btrch-courtyard-baton-rouge-acadian-centre/lsu-area,Marriott-BTRCH
BTRCD,Courtyard Baton Rouge Downtown,btrcd-courtyard-baton-rouge-downtown,Marriott-BTRCD
BTRCY,Courtyard by Marriott Baton Rouge South,btrcy-courtyard-by-marriott-baton-rouge-south,Marriott-BTRCY
BTRMC,Baton Rouge Marriott,btrmc-baton-rouge-marriott,Marriott-BTRMC
BTRBB,Renaissance Baton Rouge Hotel,btrbb-renaissance-baton-rouge-hotel,Marriott-BTRBB
BTRRB,Residence Inn Baton Rouge near LSU,btrrb-residence-inn-baton-rouge-near-lsu,Marriott-BTRRB
BTRRI,Residence Inn by Marriott Baton Rouge South,btrri-residence-inn-by-marriott-baton-rouge-south,Marriott-BTRRI
BTRNA,SpringHill Suites Baton Rouge North/Airport,btrna-springhill-suites-baton-rouge-north/airport,Marriott-BTRNA
BTRSH,SpringHill Suites Baton Rouge South,btrsh-springhill-suites-baton-rouge-south,Marriott-BTRSH
BTREL,Element Baton Rouge South,btrel-element-baton-rouge-south,Marriott-BTREL
BTRTS,TownePlace Suites Baton Rouge South,btrts-towneplace-suites-baton-rouge-south,Marriott-BTRTS
SHVSB,Courtyard Shreveport-Bossier City/Louisiana Boardwalk,shvsb-courtyard-shreveport-bossier-city/louisiana-boardwalk,Marriott-SHVSB
SHVRB,Residence Inn Shreveport-Bossier City/Downtown,shvrb-residence-inn-shreveport-bossier-city/downtown,Marriott-SHVRB
SHVSH,SpringHill Suites Shreveport-Bossier City/Louisiana Downs,shvsh-springhill-suites-shreveport-bossier-city/louisiana-downs,Marriott-SHVSH
SHVTS,TownePlace Suites Shreveport-Bossier City,shvts-towneplace-suites-shreveport-bossier-city,Marriott-SHVTS
MSYCV,Courtyard New Orleans Covington/Mandeville,msycv-courtyard-new-orleans-covington/mandeville,Marriott-MSYCV
MSYNS,Residence Inn New Orleans Covington/North Shore,msyns-residence-inn-new-orleans-covington/north-shore,Marriott-MSYNS
MSYLL,Fairfield Inn & Suites Cut Off-Galliano,msyll-fairfield-inn-&-suites-cut-off-galliano,Marriott-MSYLL
BTRRO,SpringHill Suites Baton Rouge Gonzales,btrro-springhill-suites-baton-rouge-gonzales,Marriott-BTRRO
BTRGZ,TownePlace Suites Baton Rouge Gonzales,btrgz-towneplace-suites-baton-rouge-gonzales,Marriott-BTRGZ
MSYGR,Courtyard New Orleans Westbank/Gretna,msygr-courtyard-new-orleans-westbank/gretna,Marriott-MSYGR
HDCCY,Courtyard Hammond,hdccy-courtyard-hammond,Marriott-HDCCY
MSYTM,TownePlace Suites New Orleans Metairie,msytm-towneplace-suites-new-orleans-metairie,Marriott-MSYTM
MSYHV,TownePlace Suites New Orleans Harvey/West Bank,msyhv-towneplace-suites-new-orleans-harvey/west-bank,Marriott-MSYHV
MSYHO,Courtyard Houma,msyho-courtyard-houma,Marriott-MSYHO
MSYHF,Fairfield Inn & Suites Houma Southeast,msyhf-fairfield-inn-&-suites-houma-southeast,Marriott-MSYHF
LFTCY,Courtyard Lafayette Airport,lftcy-courtyard-lafayette-airport,Marriott-LFTCY
LFTCS,Courtyard Lafayette South,lftcs-courtyard-lafayette-south,Marriott-LFTCS
LFTFI,Fairfield Inn & Suites Lafayette I-10,lftfi-fairfield-inn-&-suites-lafayette-i-10,Marriott-LFTFI
LFTFS,Fairfield Inn & Suites Lafayette South,lftfs-fairfield-inn-&-suites-lafayette-south,Marriott-LFTFS
LFTRI,Residence Inn Lafayette Airport,lftri-residence-inn-lafayette-airport,Marriott-LFTRI
LFTSH,SpringHill Suites Lafayette South at River Ranch,lftsh-springhill-suites-lafayette-south-at-river-ranch,Marriott-LFTSH
LFTSO,TownePlace Suites Lafayette South,lftso-towneplace-suites-lafayette-south,Marriott-LFTSO
LCHCY,Courtyard Lake Charles,lchcy-courtyard-lake-charles,Marriott-LCHCY
LCHRI,Residence Inn Lake Charles,lchri-residence-inn-lake-charles,Marriott-LCHRI
LCHSH,SpringHill Suites Lake Charles,lchsh-springhill-suites-lake-charles,Marriott-LCHSH
LCHTS,TownePlace Suites Lake Charles,lchts-towneplace-suites-lake-charles,Marriott-LCHTS
MSYLP,TownePlace Suites Laplace,msylp-towneplace-suites-laplace,Marriott-MSYLP
MSYLF,Fairfield Inn & Suites LaPlace,msylf-fairfield-inn-&-suites-laplace,Marriott-MSYLF
MSYCM,Courtyard New Orleans Metairie,msycm-courtyard-new-orleans-metairie,Marriott-MSYCM
MSYFM,Fairfield Inn & Suites New Orleans Metairie,msyfm-fairfield-inn-&-suites-new-orleans-metairie,Marriott-MSYFM
MSYMM,New Orleans Marriott Metairie at Lakeway,msymm-new-orleans-marriott-metairie-at-lakeway,Marriott-MSYMM
MSYRM,Residence Inn New Orleans Metairie,msyrm-residence-inn-new-orleans-metairie,Marriott-MSYRM
MSYMS,Sheraton Metairie - New Orleans Hotel,msyms-sheraton-metairie---new-orleans-hotel,Marriott-MSYMS
MLUCY,Courtyard Monroe Airport,mlucy-courtyard-monroe-airport,Marriott-MLUCY
MLURI,Residence Inn Monroe,mluri-residence-inn-monroe,Marriott-MLURI
MLUTS,TownePlace Suites Monroe,mluts-towneplace-suites-monroe,Marriott-MLUTS
IERFI,Fairfield Inn & Suites Natchitoches,ierfi-fairfield-inn-&-suites-natchitoches,Marriott-IERFI
MSYAC,AC Hotel New Orleans French Quarter,msyac-ac-hotel-new-orleans-french-quarter,Marriott-MSYAC
MSYQC,"Q&C Hotel and Bar New Orleans, Autograph Collection","msyqc-q&c-hotel-and-bar-new-orleans,-autograph-collection",Marriott-MSYQC
MSYAK,"The Saint Hotel, New Orleans, French Quarter, Autograph Collection","msyak-the-saint-hotel,-new-orleans,-french-quarter,-autograph-collection",Marriott-MSYAK
MSYCY,Courtyard New Orleans Downtown Near the French Quarter,msycy-courtyard-new-orleans-downtown-near-the-french-quarter,Marriott-MSYCY
MSYCI,Courtyard New Orleans French Quarter/Iberville,msyci-courtyard-new-orleans-french-quarter/iberville,Marriott-MSYCI
MSYCN,Courtyard New Orleans Warehouse Arts District,msycn-courtyard-new-orleans-warehouse-arts-district,Marriott-MSYCN
MSYFD,Fairfield Inn & Suites New Orleans Downtown/French Quarter Area,msyfd-fairfield-inn-&-suites-new-orleans-downtown/french-quarter-area,Marriott-MSYFD
MSYJW,JW Marriott New Orleans,msyjw-jw-marriott-new-orleans,Marriott-MSYJW
MSYLA,New Orleans Marriott,msyla-new-orleans-marriott,Marriott-MSYLA
MSYMC,New Orleans Marriott Warehouse Arts District,msymc-new-orleans-marriott-warehouse-arts-district,Marriott-MSYMC
MSYOF,Moxy New Orleans Downtown/French Quarter Area,msyof-moxy-new-orleans-downtown/french-quarter-area,Marriott-MSYOF
MSYDT,Renaissance New Orleans Arts Warehouse District Hotel,msydt-renaissance-new-orleans-arts-warehouse-district-hotel,Marriott-MSYDT
MSYBR,Renaissance New Orleans Pere Marquette French Quarter Area Hotel,msybr-renaissance-new-orleans-pere-marquette-french-quarter-area-hotel,Marriott-MSYBR
MSYEW,Residence Inn New Orleans Elmwood,msyew-residence-inn-new-orleans-elmwood,Marriott-MSYEW
MSYNF,Residence Inn New Orleans French Quarter Area/Central Business District,msynf-residence-inn-new-orleans-french-quarter-area/central-business-district,Marriott-MSYNF
MSYSI,SpringHill Suites New Orleans Downtown/Canal Street,msysi-springhill-suites-new-orleans-downtown/canal-street,Marriott-MSYSI
MSYSH,SpringHill Suites New Orleans Warehouse Arts District,msysh-springhill-suites-new-orleans-warehouse-arts-district,Marriott-MSYSH
MSYRZ,"The Ritz-Carlton, New Orleans","msyrz-the-ritz-carlton,-new-orleans",Marriott-MSYRZ
MSYAL,Aloft New Orleans Downtown,msyal-aloft-new-orleans-downtown,Marriott-MSYAL
MSYQF,Four Points by Sheraton French Quarter,msyqf-four-points-by-sheraton-french-quarter,Marriott-MSYQF
MSYMD,Le Méridien New Orleans,msymd-le-méridien-new-orleans,Marriott-MSYMD
MSYIS,Sheraton New Orleans Hotel,msyis-sheraton-new-orleans-hotel,Marriott-MSYIS
MSYTD,TownePlace Suites New Orleans Downtown/Canal Street,msytd-towneplace-suites-new-orleans-downtown/canal-street,Marriott-MSYTD
MSYGD,"Hotel Tonnelle New Orleans, A Tribute Portfolio Hotel","msygd-hotel-tonnelle-new-orleans,-a-tribute-portfolio-hotel",Marriott-MSYGD
MSYWH,W New Orleans - French Quarter,msywh-w-new-orleans---french-quarter,Marriott-MSYWH
MSYWI,The Westin New Orleans,msywi-the-westin-new-orleans,Marriott-MSYWI
BTRPA,TownePlace Suites Baton Rouge Port Allen,btrpa-towneplace-suites-baton-rouge-port-allen,Marriott-BTRPA
MLURU,Courtyard Ruston,mluru-courtyard-ruston,Marriott-MLURU
MLUFS,Fairfield Inn & Suites Ruston,mlufs-fairfield-inn-&-suites-ruston,Marriott-MLUFS
SHVCY,Courtyard Shreveport Airport,shvcy-courtyard-shreveport-airport,Marriott-SHVCY
SHVRI,Residence Inn Shreveport Airport,shvri-residence-inn-shreveport-airport,Marriott-SHVRI
SHVSS,SpringHill Suites Shreveport South,shvss-springhill-suites-shreveport-south,Marriott-SHVSS
SHVST,TownePlace Suites Shreveport South,shvst-towneplace-suites-shreveport-south,Marriott-SHVST
MSYSD,SpringHill Suites Slidell,msysd-springhill-suites-slidell,Marriott-MSYSD
MSYDE,TownePlace Suites Slidell,msyde-towneplace-suites-slidell,Marriott-MSYDE
LCHSL,Fairfield Inn & Suites Lake Charles Sulphur,lchsl-fairfield-inn-&-suites-lake-charles-sulphur,Marriott-LCHSL
HEZTS,TownePlace Suites Vidalia Riverfront,hezts-towneplace-suites-vidalia-riverfront,Marriott-HEZTS
MLUWM,Fairfield Inn & Suites West Monroe,mluwm-fairfield-inn-&-suites-west-monroe,Marriott-MLUWM
SEAAR,AC Hotel Seattle Bellevue/Downtown,seaar-ac-hotel-seattle-bellevue/downtown,Marriott-SEAAR
BVUDT,Courtyard Seattle Bellevue/Downtown,bvudt-courtyard-seattle-bellevue/downtown,Marriott-BVUDT
BVUFI,Fairfield Inn & Suites Seattle Bellevue/Redmond,bvufi-fairfield-inn-&-suites-seattle-bellevue/redmond,Marriott-BVUFI
SEAMB,Seattle Marriott Bellevue,seamb-seattle-marriott-bellevue,Marriott-SEAMB
BVUWA,Residence Inn Seattle Bellevue,bvuwa-residence-inn-seattle-bellevue,Marriott-BVUWA
BVURI,Residence Inn Seattle Bellevue/Downtown,bvuri-residence-inn-seattle-bellevue/downtown,Marriott-BVURI
BVUWH,W Bellevue,bvuwh-w-bellevue,Marriott-BVUWH
BVUBW,The Westin Bellevue,bvubw-the-westin-bellevue,Marriott-BVUBW
BLISH,SpringHill Suites Bellingham,blish-springhill-suites-bellingham,Marriott-BLISH
BLIFP,Four Points by Sheraton Bellingham Hotel & Conference Center,blifp-four-points-by-sheraton-bellingham-hotel-&-conference-center,Marriott-BLIFP
BLITS,TownePlace Suites Bellingham,blits-towneplace-suites-bellingham,Marriott-BLITS
SEABO,Residence Inn Seattle Northeast/Bothell,seabo-residence-inn-seattle-northeast/bothell,Marriott-SEABO
SEASB,Fairfield Inn & Suites Seattle Bremerton,seasb-fairfield-inn-&-suites-seattle-bremerton,Marriott-SEASB
OTSFS,Fairfield Inn & Suites Burlington,otsfs-fairfield-inn-&-suites-burlington,Marriott-OTSFS
SEASF,Four Points by Sheraton Seattle Airport South,seasf-four-points-by-sheraton-seattle-airport-south,Marriott-SEASF
SEADP,Fairfield Inn & Suites Tacoma DuPont,seadp-fairfield-inn-&-suites-tacoma-dupont,Marriott-SEADP
EATFI,Fairfield Inn & Suites Wenatchee,eatfi-fairfield-inn-&-suites-wenatchee,Marriott-EATFI
YKMTS,TownePlace Suites Ellensburg,ykmts-towneplace-suites-ellensburg,Marriott-YKMTS
SEAEV,Courtyard Seattle Everett Downtown,seaev-courtyard-seattle-everett-downtown,Marriott-SEAEV
SEAVT,Delta Hotels Seattle Everett,seavt-delta-hotels-seattle-everett,Marriott-SEAVT
SEAFW,Courtyard Seattle Federal Way,seafw-courtyard-seattle-federal-way,Marriott-SEAFW
SEAFQ,Fairfield Inn Issaquah,seafq-fairfield-inn-issaquah,Marriott-SEAFQ
SEAXS,SpringHill Suites Seattle Issaquah,seaxs-springhill-suites-seattle-issaquah,Marriott-SEAXS
KWCFI,Fairfield Inn Kennewick,kwcfi-fairfield-inn-kennewick,Marriott-KWCFI
KWCSH,SpringHill Suites Kennewick Tri-Cities,kwcsh-springhill-suites-kennewick-tri-cities,Marriott-KWCSH
SEAKT,TownePlace Suites Seattle Southcenter,seakt-towneplace-suites-seattle-southcenter,Marriott-SEAKT
SEATC,Courtyard Seattle Kirkland,seatc-courtyard-seattle-kirkland,Marriott-SEATC
SEATL,TownePlace Suites Tacoma Lakewood,seatl-towneplace-suites-tacoma-lakewood,Marriott-SEATL
SEALN,Courtyard Seattle North/Lynnwood Everett,sealn-courtyard-seattle-north/lynnwood-everett,Marriott-SEALN
SEALW,Residence Inn Seattle North/Lynnwood Everett,sealw-residence-inn-seattle-north/lynnwood-everett,Marriott-SEALW
EATML,Fairfield Inn & Suites Moses Lake,eatml-fairfield-inn-&-suites-moses-lake,Marriott-EATML
SEATS,TownePlace Suites Seattle Everett/Mukilteo,seats-towneplace-suites-seattle-everett/mukilteo,Marriott-SEATS
SEAOC,Courtyard Olympia,seaoc-courtyard-olympia,Marriott-SEAOC
OLMTS,TownePlace Suites Olympia,olmts-towneplace-suites-olympia,Marriott-OLMTS
PSCCP,Courtyard Pasco Tri-Cities Airport,psccp-courtyard-pasco-tri-cities-airport,Marriott-PSCCP
SEAFO,Fairfield Inn & Suites Seattle Poulsbo,seafo-fairfield-inn-&-suites-seattle-poulsbo,Marriott-SEAFO
PUWCY,Courtyard Pullman,puwcy-courtyard-pullman,Marriott-PUWCY
PUWRI,Residence Inn Pullman,puwri-residence-inn-pullman,Marriott-PUWRI
SEAPP,Fairfield Inn & Suites Tacoma Puyallup,seapp-fairfield-inn-&-suites-tacoma-puyallup,Marriott-SEAPP
SEAMC,Seattle Marriott Redmond,seamc-seattle-marriott-redmond,Marriott-SEAMC
SEARD,Residence Inn Seattle East/Redmond,seard-residence-inn-seattle-east/redmond,Marriott-SEARD
SEAAD,Aloft Seattle Redmond,seaad-aloft-seattle-redmond,Marriott-SEAAD
SEARE,Element Seattle Redmond,seare-element-seattle-redmond,Marriott-SEARE
SEARR,Residence Inn Seattle South/Renton,searr-residence-inn-seattle-south/renton,Marriott-SEARR
PSCCY,Courtyard Richland Columbia Point,psccy-courtyard-richland-columbia-point,Marriott-PSCCY
PSCRL,TownePlace Suites Richland Columbia Point,pscrl-towneplace-suites-richland-columbia-point,Marriott-PSCRL
OLMRO,Fairfield Inn & Suites Grand Mound Centralia,olmro-fairfield-inn-&-suites-grand-mound-centralia,Marriott-OLMRO
SEATA,Fairfield Inn & Suites Seattle Sea-Tac Airport,seata-fairfield-inn-&-suites-seattle-sea-tac-airport,Marriott-SEATA
SEARA,Residence Inn Seattle Sea-Tac Airport,seara-residence-inn-seattle-sea-tac-airport,Marriott-SEARA
SEAAL,Aloft Seattle Sea-Tac Airport,seaal-aloft-seattle-sea-tac-airport,Marriott-SEAAL
SEACD,Courtyard Seattle Downtown/Lake Union,seacd-courtyard-seattle-downtown/lake-union,Marriott-SEACD
SEAPS,Courtyard Seattle Downtown/Pioneer Square,seaps-courtyard-seattle-downtown/pioneer-square,Marriott-SEAPS
SEANG,Courtyard Seattle Northgate,seang-courtyard-seattle-northgate,Marriott-SEANG
SEACA,Courtyard Seattle SeaTac Airport,seaca-courtyard-seattle-seatac-airport,Marriott-SEACA
SEAFC,Fairfield Inn & Suites Seattle Downtown/Seattle Center,seafc-fairfield-inn-&-suites-seattle-downtown/seattle-center,Marriott-SEAFC
SEAWA,Seattle Airport Marriott,seawa-seattle-airport-marriott,Marriott-SEAWA
SEAWF,Seattle Marriott Waterfront,seawf-seattle-marriott-waterfront,Marriott-SEAWF
SEAOX,Moxy Seattle Downtown,seaox-moxy-seattle-downtown,Marriott-SEAOX
SEASM,Renaissance Seattle Hotel,seasm-renaissance-seattle-hotel,Marriott-SEASM
SEAAV,Residence Inn Seattle Downtown/Convention Center,seaav-residence-inn-seattle-downtown/convention-center,Marriott-SEAAV
SEALU,Residence Inn Seattle Downtown/Lake Union,sealu-residence-inn-seattle-downtown/lake-union,Marriott-SEALU
SEAUD,Residence Inn Seattle University District,seaud-residence-inn-seattle-university-district,Marriott-SEAUD
SEADT,SpringHill Suites Seattle Downtown/South Lake Union,seadt-springhill-suites-seattle-downtown/south-lake-union,Marriott-SEADT
SEAEA,Element Seattle Sea-Tac Airport,seaea-element-seattle-sea-tac-airport,Marriott-SEAEA
SEAFP,Four Points by Sheraton Downtown Seattle Center,seafp-four-points-by-sheraton-downtown-seattle-center,Marriott-SEAFP
SEASI,Sheraton Grand Seattle,seasi-sheraton-grand-seattle,Marriott-SEASI
SEATN,"Astra Hotel, Seattle, a Tribute Portfolio Hotel","seatn-astra-hotel,-seattle,-a-tribute-portfolio-hotel",Marriott-SEATN
SEAWH,W Seattle,seawh-w-seattle,Marriott-SEAWH
SEAWI,The Westin Seattle,seawi-the-westin-seattle,Marriott-SEAWI
GEGAD,"The Davenport Grand, Autograph Collection","gegad-the-davenport-grand,-autograph-collection",Marriott-GEGAD
GEGAL,"The Louie, A Davenport Hotel, Autograph Collection","gegal-the-louie,-a-davenport-hotel,-autograph-collection",Marriott-GEGAL
GEGAT,"The Davenport Tower, Autograph Collection","gegat-the-davenport-tower,-autograph-collection",Marriott-GEGAT
GEGAK,"Davenport Hotel, Autograph Collection","gegak-davenport-hotel,-autograph-collection",Marriott-GEGAK
GEGCH,Courtyard Spokane Downtown at the Convention Center,gegch-courtyard-spokane-downtown-at-the-convention-center,Marriott-GEGCH
GEGFI,Fairfield Inn & Suites Spokane Downtown,gegfi-fairfield-inn-&-suites-spokane-downtown,Marriott-GEGFI
GEGRI,Residence Inn Spokane East Valley,gegri-residence-inn-spokane-east-valley,Marriott-GEGRI
GEGSH,SpringHill Suites Spokane Airport,gegsh-springhill-suites-spokane-airport,Marriott-GEGSH
GEGFV,Fairfield Inn & Suites Spokane Valley,gegfv-fairfield-inn-&-suites-spokane-valley,Marriott-GEGFV
SEATD,Courtyard Tacoma Downtown,seatd-courtyard-tacoma-downtown,Marriott-SEATD
SEAOM,Marriott Tacoma Downtown,seaom-marriott-tacoma-downtown,Marriott-SEAOM
SEAWV,Courtyard Seattle Sea-Tac Area,seawv-courtyard-seattle-sea-tac-area,Marriott-SEAWV
SEASC,Courtyard Seattle Southcenter,seasc-courtyard-seattle-southcenter,Marriott-SEASC
SEASO,Residence Inn Seattle South/Tukwila,seaso-residence-inn-seattle-south/tukwila,Marriott-SEASO
PDXAC,AC Hotel Vancouver Waterfront,pdxac-ac-hotel-vancouver-waterfront,Marriott-PDXAC
PDXVR,Residence Inn Portland Vancouver,pdxvr-residence-inn-portland-vancouver,Marriott-PDXVR
PDXVS,SpringHill Suites Portland Vancouver,pdxvs-springhill-suites-portland-vancouver,Marriott-PDXVS
PDXVE,TownePlace Suites Portland Vancouver,pdxve-towneplace-suites-portland-vancouver,Marriott-PDXVE
ALWCY,Courtyard Walla Walla,alwcy-courtyard-walla-walla,Marriott-ALWCY
EATRI,Residence Inn Wenatchee,eatri-residence-inn-wenatchee,Marriott-EATRI
EATWC,SpringHill Suites Wenatchee,eatwc-springhill-suites-wenatchee,Marriott-EATWC
YKMFI,Fairfield Inn & Suites Yakima,ykmfi-fairfield-inn-&-suites-yakima,Marriott-YKMFI
HTSDA,Delta Hotels Ashland Downtown,htsda-delta-hotels-ashland-downtown,Marriott-HTSDA
HTSFI,Fairfield Inn & Suites Ashland,htsfi-fairfield-inn-&-suites-ashland,Marriott-HTSFI
SDFFB,Fairfield Inn & Suites Bardstown,sdffb-fairfield-inn-&-suites-bardstown,Marriott-SDFFB
BWGCY,Courtyard Bowling Green Convention Center,bwgcy-courtyard-bowling-green-convention-center,Marriott-BWGCY
BWGFB,Fairfield Inn & Suites Bowling Green,bwgfb-fairfield-inn-&-suites-bowling-green,Marriott-BWGFB
BWGTS,TownePlace Suites Bowling Green,bwgts-towneplace-suites-bowling-green,Marriott-BWGTS
CVGCY,Courtyard Cincinnati Covington,cvgcy-courtyard-cincinnati-covington,Marriott-CVGCY
CVGDR,Cincinnati Marriott at RiverCenter,cvgdr-cincinnati-marriott-at-rivercenter,Marriott-CVGDR
SDFEL,Fairfield Inn & Suites Elizabethtown,sdfel-fairfield-inn-&-suites-elizabethtown,Marriott-SDFEL
SDFSE,SpringHill Suites Elizabethtown,sdfse-springhill-suites-elizabethtown,Marriott-SDFSE
CVGCA,Courtyard Cincinnati Airport,cvgca-courtyard-cincinnati-airport,Marriott-CVGCA
CVGAP,Residence Inn Cincinnati Airport,cvgap-residence-inn-cincinnati-airport,Marriott-CVGAP
CVGFL,Courtyard Cincinnati Airport South/Florence,cvgfl-courtyard-cincinnati-airport-south/florence,Marriott-CVGFL
CVGFC,Fairfield Inn & Suites Cincinnati Airport South/Florence,cvgfc-fairfield-inn-&-suites-cincinnati-airport-south/florence,Marriott-CVGFC
CVGSF,SpringHill Suites Cincinnati Airport South,cvgsf-springhill-suites-cincinnati-airport-south,Marriott-CVGSF
CVGTF,TownePlace Suites Cincinnati Airport South,cvgtf-towneplace-suites-cincinnati-airport-south,Marriott-CVGTF
LEXFF,Fairfield Inn & Suites Frankfort,lexff-fairfield-inn-&-suites-frankfort,Marriott-LEXFF
BNAFS,SpringHill Suites Franklin Mint,bnafs-springhill-suites-franklin-mint,Marriott-BNAFS
LEXGT,Fairfield Inn & Suites Lexington Georgetown/College Inn,lexgt-fairfield-inn-&-suites-lexington-georgetown/college-inn,Marriott-LEXGT
LEXTG,TownePlace Suites Georgetown,lextg-towneplace-suites-georgetown,Marriott-LEXTG
CVGAM,Marriott Cincinnati Airport,cvgam-marriott-cincinnati-airport,Marriott-CVGAM
BNAKV,TownePlace Suites Hopkinsville,bnakv-towneplace-suites-hopkinsville,Marriott-BNAKV
LEXKN,Courtyard Lexington Keeneland/Airport,lexkn-courtyard-lexington-keeneland/airport,Marriott-LEXKN
LEXNO,Courtyard Lexington North,lexno-courtyard-lexington-north,Marriott-LEXNO
LEXCE,Courtyard Lexington South/Hamburg Place,lexce-courtyard-lexington-south/hamburg-place,Marriott-LEXCE
LEXLE,Fairfield Inn & Suites Lexington East/I-75,lexle-fairfield-inn-&-suites-lexington-east/i-75,Marriott-LEXLE
LEXSW,Fairfield Inn & Suites Lexington Keeneland Airport,lexsw-fairfield-inn-&-suites-lexington-keeneland-airport,Marriott-LEXSW
LEXNW,Fairfield Inn & Suites Lexington North,lexnw-fairfield-inn-&-suites-lexington-north,Marriott-LEXNW
LEXKY,Marriott Lexington Griffin Gate Golf Resort & Spa,lexky-marriott-lexington-griffin-gate-golf-resort-&-spa,Marriott-LEXKY
LEXDT,Lexington Marriott City Center,lexdt-lexington-marriott-city-center,Marriott-LEXDT
LEXRD,Residence Inn Lexington City Center,lexrd-residence-inn-lexington-city-center,Marriott-LEXRD
LEXKE,Residence Inn Lexington Keeneland/Airport,lexke-residence-inn-lexington-keeneland/airport,Marriott-LEXKE
LEXNN,Residence Inn Lexington North,lexnn-residence-inn-lexington-north,Marriott-LEXNN
LEXRI,Residence Inn Lexington South/Hamburg Place,lexri-residence-inn-lexington-south/hamburg-place,Marriott-LEXRI
LEXSH,SpringHill Suites Lexington Near the University of Kentucky,lexsh-springhill-suites-lexington-near-the-university-of-kentucky,Marriott-LEXSH
LEXHS,SpringHill Suites Lexington Fritz Farm,lexhs-springhill-suites-lexington-fritz-farm,Marriott-LEXHS
LEXTW,TownePlace Suites Lexington Keeneland/Airport,lextw-towneplace-suites-lexington-keeneland/airport,Marriott-LEXTW
LEXTS,TownePlace Suites Lexington South/Hamburg Place,lexts-towneplace-suites-lexington-south/hamburg-place,Marriott-LEXTS
SMEFI,Fairfield Inn & Suites London,smefi-fairfield-inn-&-suites-london,Marriott-SMEFI
SDFAC,AC Hotel Louisville Downtown,sdfac-ac-hotel-louisville-downtown,Marriott-SDFAC
SDFAK,"Hotel Distil, Autograph Collection","sdfak-hotel-distil,-autograph-collection",Marriott-SDFAK
SDFAP,Courtyard Louisville Airport,sdfap-courtyard-louisville-airport,Marriott-SDFAP
SDFDT,Courtyard Louisville Downtown,sdfdt-courtyard-louisville-downtown,Marriott-SDFDT
SDFCH,Courtyard Louisville East,sdfch-courtyard-louisville-east,Marriott-SDFCH
SDFNE,Courtyard Louisville Northeast,sdfne-courtyard-louisville-northeast,Marriott-SDFNE
SDFFA,Fairfield Inn & Suites Louisville Airport,sdffa-fairfield-inn-&-suites-louisville-airport,Marriott-SDFFA
SDFFD,Fairfield Inn & Suites Louisville Downtown,sdffd-fairfield-inn-&-suites-louisville-downtown,Marriott-SDFFD
SDFLE,Fairfield Inn & Suites Louisville East,sdfle-fairfield-inn-&-suites-louisville-east,Marriott-SDFLE
SDFFN,Fairfield Inn & Suites Louisville Northeast,sdffn-fairfield-inn-&-suites-louisville-northeast,Marriott-SDFFN
SDFLM,Louisville Marriott Downtown,sdflm-louisville-marriott-downtown,Marriott-SDFLM
SDFLS,Louisville Marriott East,sdfls-louisville-marriott-east,Marriott-SDFLS
SDFOX,Moxy Louisville Downtown,sdfox-moxy-louisville-downtown,Marriott-SDFOX
SDFRA,Residence Inn Louisville Airport,sdfra-residence-inn-louisville-airport,Marriott-SDFRA
SDFGJ,Residence Inn Louisville Downtown,sdfgj-residence-inn-louisville-downtown,Marriott-SDFGJ
SDFHF,Residence Inn Louisville East,sdfhf-residence-inn-louisville-east,Marriott-SDFHF
SDFRE,Residence Inn Louisville East/Oxmoor,sdfre-residence-inn-louisville-east/oxmoor,Marriott-SDFRE
SDFRI,Residence Inn Louisville Northeast,sdfri-residence-inn-louisville-northeast,Marriott-SDFRI
SDFRT,Residence Inn Louisville Old Henry,sdfrt-residence-inn-louisville-old-henry,Marriott-SDFRT
SDFLA,SpringHill Suites Louisville Airport,sdfla-springhill-suites-louisville-airport,Marriott-SDFLA
SDFSD,SpringHill Suites Louisville Downtown,sdfsd-springhill-suites-louisville-downtown,Marriott-SDFSD
SDFSH,SpringHill Suites Louisville Hurstbourne/North,sdfsh-springhill-suites-louisville-hurstbourne/north,Marriott-SDFSH
SDFLD,Aloft Louisville Downtown,sdfld-aloft-louisville-downtown,Marriott-SDFLD
SDFAL,Aloft Louisville East,sdfal-aloft-louisville-east,Marriott-SDFAL
SDFFP,Four Points by Sheraton Louisville Airport,sdffp-four-points-by-sheraton-louisville-airport,Marriott-SDFFP
SDFTS,TownePlace Suites Louisville Airport,sdfts-towneplace-suites-louisville-airport,Marriott-SDFTS
SDFTD,TownePlace Suites Louisville Downtown,sdftd-towneplace-suites-louisville-downtown,Marriott-SDFTD
SDFTN,TownePlace Suites Louisville Northeast,sdftn-towneplace-suites-louisville-northeast,Marriott-SDFTN
CEYSH,SpringHill Suites Murray,ceysh-springhill-suites-murray,Marriott-CEYSH
CVGNP,Fairfield Inn & Suites Newport Cincinnati,cvgnp-fairfield-inn-&-suites-newport-cincinnati,Marriott-CVGNP
CVGPL,Aloft Newport on the Levee,cvgpl-aloft-newport-on-the-levee,Marriott-CVGPL
OWBCY,Courtyard Owensboro,owbcy-courtyard-owensboro,Marriott-OWBCY
OWBFI,Fairfield Inn Owensboro,owbfi-fairfield-inn-owensboro,Marriott-OWBFI
OWBTS,TownePlace Suites Owensboro,owbts-towneplace-suites-owensboro,Marriott-OWBTS
PAHCY,Courtyard Paducah,pahcy-courtyard-paducah,Marriott-PAHCY
PAHFI,Fairfield Inn & Suites Paducah,pahfi-fairfield-inn-&-suites-paducah,Marriott-PAHFI
PAHRI,Residence Inn Paducah,pahri-residence-inn-paducah,Marriott-PAHRI
LEXTR,TownePlace Suites Richmond,lextr-towneplace-suites-richmond,Marriott-LEXTR
SDFFV,Fairfield Inn & Suites Louisville Shepherdsville,sdffv-fairfield-inn-&-suites-louisville-shepherdsville,Marriott-SDFFV
SMECY,Courtyard Somerset,smecy-courtyard-somerset,Marriott-SMECY
ATWCY,Courtyard Appleton Riverfront,atwcy-courtyard-appleton-riverfront,Marriott-ATWCY
ATWFA,Fairfield Inn & Suites Appleton,atwfa-fairfield-inn-&-suites-appleton,Marriott-ATWFA
ATWRI,Residence Inn Appleton,atwri-residence-inn-appleton,Marriott-ATWRI
ATWFP,Four Points by Sheraton Appleton,atwfp-four-points-by-sheraton-appleton,Marriott-ATWFP
MSNBF,Fairfield Inn & Suites Baraboo,msnbf-fairfield-inn-&-suites-baraboo,Marriott-MSNBF
RFDBL,Fairfield Inn & Suites Beloit,rfdbl-fairfield-inn-&-suites-beloit,Marriott-RFDBL
MKEFB,Fairfield Inn & Suites Milwaukee Brookfield,mkefb-fairfield-inn-&-suites-milwaukee-brookfield,Marriott-MKEFB
MKERB,Residence Inn Milwaukee Brookfield,mkerb-residence-inn-milwaukee-brookfield,Marriott-MKERB
MKESI,Sheraton Milwaukee Brookfield Hotel,mkesi-sheraton-milwaukee-brookfield-hotel,Marriott-MKESI
MKETS,TownePlace Suites Milwaukee Brookfield,mkets-towneplace-suites-milwaukee-brookfield,Marriott-MKETS
MKEBD,Courtyard Milwaukee North/Brown Deer,mkebd-courtyard-milwaukee-north/brown-deer,Marriott-MKEBD
EAUFI,Fairfield Inn & Suites Eau Claire Chippewa Falls,eaufi-fairfield-inn-&-suites-eau-claire-chippewa-falls,Marriott-EAUFI
EAURI,Residence Inn Eau Claire,eauri-residence-inn-eau-claire,Marriott-EAURI
ATWFF,Fairfield Inn & Suites Fond du Lac,atwff-fairfield-inn-&-suites-fond-du-lac,Marriott-ATWFF
MKEFI,Fairfield Inn & Suites Milwaukee North,mkefi-fairfield-inn-&-suites-milwaukee-north,Marriott-MKEFI
MKENG,Residence Inn Milwaukee North/Glendale,mkeng-residence-inn-milwaukee-north/glendale,Marriott-MKENG
MKEGF,TownePlace Suites Milwaukee Grafton,mkegf-towneplace-suites-milwaukee-grafton,Marriott-MKEGF
GRBAK,"Hotel Northland, Autograph Collection","grbak-hotel-northland,-autograph-collection",Marriott-GRBAK
GRBDE,Delta Hotels Green Bay,grbde-delta-hotels-green-bay,Marriott-GRBDE
GRBFI,Fairfield Inn & Suites Green Bay Southwest,grbfi-fairfield-inn-&-suites-green-bay-southwest,Marriott-GRBFI
GRBDT,Residence Inn Green Bay Downtown,grbdt-residence-inn-green-bay-downtown,Marriott-GRBDT
GRBSH,SpringHill Suites Green Bay,grbsh-springhill-suites-green-bay,Marriott-GRBSH
GRBAL,Aloft Green Bay,grbal-aloft-green-bay,Marriott-GRBAL
MSNTJ,TownePlace Suites Janesville,msntj-towneplace-suites-janesville,Marriott-MSNTJ
MKESK,SpringHill Suites Kenosha,mkesk-springhill-suites-kenosha,Marriott-MKESK
LSECY,Courtyard La Crosse Downtown/Mississippi Riverfront,lsecy-courtyard-la-crosse-downtown/mississippi-riverfront,Marriott-LSECY
LSEFI,Fairfield Inn & Suites La Crosse Downtown,lsefi-fairfield-inn-&-suites-la-crosse-downtown,Marriott-LSEFI
MKEFG,Fairfield Inn & Suites Lake Geneva,mkefg-fairfield-inn-&-suites-lake-geneva,Marriott-MKEFG
MSNAC,AC Hotel Madison Downtown,msnac-ac-hotel-madison-downtown,Marriott-MSNAC
MSNCY,Courtyard Madison East,msncy-courtyard-madison-east,Marriott-MSNCY
MSNME,Fairfield Inn & Suites Madison East,msnme-fairfield-inn-&-suites-madison-east,Marriott-MSNME
MSNRI,Residence Inn Madison East,msnri-residence-inn-madison-east,Marriott-MSNRI
MSNHW,SpringHill Suites Madison,msnhw-springhill-suites-madison,Marriott-MSNHW
MSNSI,Sheraton Madison Hotel,msnsi-sheraton-madison-hotel,Marriott-MSNSI
MKEDM,Delta Hotels Milwaukee Northwest,mkedm-delta-hotels-milwaukee-northwest,Marriott-MKEDM
MKEMS,SpringHill Suites Menomonee Falls,mkems-springhill-suites-menomonee-falls,Marriott-MKEMS
MSNCW,Courtyard Madison West/Middleton,msncw-courtyard-madison-west/middleton,Marriott-MSNCW
MSNMW,Fairfield Inn & Suites Madison West/Middleton,msnmw-fairfield-inn-&-suites-madison-west/middleton,Marriott-MSNMW
MSNWE,Madison Marriott West,msnwe-madison-marriott-west,Marriott-MSNWE
MSNWM,Residence Inn Madison West/Middleton,msnwm-residence-inn-madison-west/middleton,Marriott-MSNWM
MSNTW,TownePlace Suites Madison West/Middleton,msntw-towneplace-suites-madison-west/middleton,Marriott-MSNTW
MKEAK,"Hotel Metro, Autograph Collection","mkeak-hotel-metro,-autograph-collection",Marriott-MKEAK
MKEDD,"The Trade, Autograph Collection","mkedd-the-trade,-autograph-collection",Marriott-MKEDD
MKECY,Courtyard Milwaukee Airport,mkecy-courtyard-milwaukee-airport,Marriott-MKECY
MKEDT,Courtyard Milwaukee Downtown,mkedt-courtyard-milwaukee-downtown,Marriott-MKEDT
MKEFD,Fairfield Inn & Suites Milwaukee Downtown,mkefd-fairfield-inn-&-suites-milwaukee-downtown,Marriott-MKEFD
MKEDN,Milwaukee Marriott Downtown,mkedn-milwaukee-marriott-downtown,Marriott-MKEDN
MKERI,Residence Inn Milwaukee Downtown,mkeri-residence-inn-milwaukee-downtown,Marriott-MKERI
MKESH,SpringHill Suites Milwaukee Downtown,mkesh-springhill-suites-milwaukee-downtown,Marriott-MKESH
MKEAL,Aloft Milwaukee Downtown,mkeal-aloft-milwaukee-downtown,Marriott-MKEAL
MKEFA,Four Points by Sheraton Milwaukee Airport,mkefa-four-points-by-sheraton-milwaukee-airport,Marriott-MKEFA
MKEFP,Four Points by Sheraton Milwaukee North Shore,mkefp-four-points-by-sheraton-milwaukee-north-shore,Marriott-MKEFP
MKEIW,The Westin Milwaukee,mkeiw-the-westin-milwaukee,Marriott-MKEIW
MKEAP,Fairfield Inn & Suites Milwaukee Airport,mkeap-fairfield-inn-&-suites-milwaukee-airport,Marriott-MKEAP
MKEOK,TownePlace Suites Milwaukee Oak Creek,mkeok-towneplace-suites-milwaukee-oak-creek,Marriott-MKEOK
MKETO,TownePlace Suites Oconomowoc,mketo-towneplace-suites-oconomowoc,Marriott-MKETO
OSHFI,Fairfield Inn & Suites Oshkosh,oshfi-fairfield-inn-&-suites-oshkosh,Marriott-OSHFI
ATWTO,TownePlace Suites Oshkosh,atwto-towneplace-suites-oshkosh,Marriott-ATWTO
MKEKN,Fairfield Inn & Suites Kenosha Pleasant Prairie,mkekn-fairfield-inn-&-suites-kenosha-pleasant-prairie,Marriott-MKEKN
MKEDE,Delta Hotels Mount Pleasant,mkede-delta-hotels-mount-pleasant,Marriott-MKEDE
MKERA,Fairfield Inn Racine,mkera-fairfield-inn-racine,Marriott-MKERA
SBMFI,Fairfield Inn & Suites Sheboygan,sbmfi-fairfield-inn-&-suites-sheboygan,Marriott-SBMFI
STEFI,Fairfield Inn & Suites Stevens Point,stefi-fairfield-inn-&-suites-stevens-point,Marriott-STEFI
MSNMV,Fairfield Inn & Suites Madison Verona,msnmv-fairfield-inn-&-suites-madison-verona,Marriott-MSNMV
MKEMW,Milwaukee Marriott West,mkemw-milwaukee-marriott-west,Marriott-MKEMW
CWACY,Courtyard Wausau,cwacy-courtyard-wausau,Marriott-CWACY
MKEMR,Renaissance Milwaukee West Hotel,mkemr-renaissance-milwaukee-west-hotel,Marriott-MKEMR
MKEWE,Residence Inn Milwaukee West,mkewe-residence-inn-milwaukee-west,Marriott-MKEWE
MKESM,SpringHill Suites Milwaukee West/Wauwatosa,mkesm-springhill-suites-milwaukee-west/wauwatosa,Marriott-MKESM
MKETW,TownePlace Suites Milwaukee West Bend,mketw-towneplace-suites-milwaukee-west-bend,Marriott-MKETW
MKEFW,Fairfield Inn & Suites Milwaukee West,mkefw-fairfield-inn-&-suites-milwaukee-west,Marriott-MKEFW
CWAFI,Fairfield Inn & Suites Wausau,cwafi-fairfield-inn-&-suites-wausau,Marriott-CWAFI
MKEFE,Fairfield Inn & Suites Whitewater,mkefe-fairfield-inn-&-suites-whitewater,Marriott-MKEFE
MSNWD,Fairfield Inn & Suites Wisconsin Dells,msnwd-fairfield-inn-&-suites-wisconsin-dells,Marriott-MSNWD
MSNSH,SpringHill Suites Wisconsin Dells,msnsh-springhill-suites-wisconsin-dells,Marriott-MSNSH
ADMCY,Courtyard Ardmore,admcy-courtyard-ardmore,Marriott-ADMCY
ADMSH,SpringHill Suites Ardmore,admsh-springhill-suites-ardmore,Marriott-ADMSH
TULBV,Fairfield Inn & Suites Bartlesville,tulbv-fairfield-inn-&-suites-bartlesville,Marriott-TULBV
TULTS,TownePlace Suites Tulsa Broken Arrow,tults-towneplace-suites-tulsa-broken-arrow,Marriott-TULTS
TULCT,Fairfield Inn & Suites Tulsa Catoosa,tulct-fairfield-inn-&-suites-tulsa-catoosa,Marriott-TULCT
OKCSW,Fairfield Inn & Suites Chickasha,okcsw-fairfield-inn-&-suites-chickasha,Marriott-OKCSW
OKCDC,SpringHill Suites Oklahoma City Midwest City/Del City,okcdc-springhill-suites-oklahoma-city-midwest-city/del-city,Marriott-OKCDC
LAWDU,Fairfield Inn & Suites Duncan,lawdu-fairfield-inn-&-suites-duncan,Marriott-LAWDU
OKCED,Fairfield Inn & Suites Edmond,okced-fairfield-inn-&-suites-edmond,Marriott-OKCED
OKCEL,Fairfield Inn & Suites Oklahoma City El Reno,okcel-fairfield-inn-&-suites-oklahoma-city-el-reno,Marriott-OKCEL
WDGSH,SpringHill Suites Enid,wdgsh-springhill-suites-enid,Marriott-WDGSH
LAWFI,Fairfield Inn & Suites Lawton,lawfi-fairfield-inn-&-suites-lawton,Marriott-LAWFI
OKCDM,Delta Hotels Midwest City at the Reed Conference Center,okcdm-delta-hotels-midwest-city-at-the-reed-conference-center,Marriott-OKCDM
OKCMO,SpringHill Suites Oklahoma City Moore,okcmo-springhill-suites-oklahoma-city-moore,Marriott-OKCMO
TULMK,Fairfield Inn & Suites Muskogee,tulmk-fairfield-inn-&-suites-muskogee,Marriott-TULMK
OKCNO,Courtyard Norman,okcno-courtyard-norman,Marriott-OKCNO
OKCFI,Fairfield Inn & Suites Norman,okcfi-fairfield-inn-&-suites-norman,Marriott-OKCFI
OKCRN,Residence Inn Oklahoma City Norman,okcrn-residence-inn-oklahoma-city-norman,Marriott-OKCRN
OKCRD,Renaissance Oklahoma City Downtown Bricktown Hotel,okcrd-renaissance-oklahoma-city-downtown-bricktown-hotel,Marriott-OKCRD
OKCAC,AC Hotel Oklahoma City Bricktown,okcac-ac-hotel-oklahoma-city-bricktown,Marriott-OKCAC
OKCAK,"Ambassador Hotel Oklahoma City, Autograph Collection","okcak-ambassador-hotel-oklahoma-city,-autograph-collection",Marriott-OKCAK
OKCAD,"The National, Autograph Collection","okcad-the-national,-autograph-collection",Marriott-OKCAD
OKCCA,Courtyard Oklahoma City Airport,okcca-courtyard-oklahoma-city-airport,Marriott-OKCCA
OKCDT,Courtyard Oklahoma City Downtown,okcdt-courtyard-oklahoma-city-downtown,Marriott-OKCDT
OKCNQ,Courtyard Oklahoma City North/Quail Springs,okcnq-courtyard-oklahoma-city-north/quail-springs,Marriott-OKCNQ
OKCNW,Courtyard Oklahoma City Northwest,okcnw-courtyard-oklahoma-city-northwest,Marriott-OKCNW
OKCAP,Fairfield Inn & Suites Oklahoma City Airport,okcap-fairfield-inn-&-suites-oklahoma-city-airport,Marriott-OKCAP
OKCDF,Fairfield Inn & Suites Oklahoma City Downtown,okcdf-fairfield-inn-&-suites-oklahoma-city-downtown,Marriott-OKCDF
OKCEX,Fairfield Inn & Suites Oklahoma City NW Expressway/Warr Acres,okcex-fairfield-inn-&-suites-oklahoma-city-nw-expressway/warr-acres,Marriott-OKCEX
OKCQS,Fairfield Inn & Suites Oklahoma City Quail Springs/South Edmond,okcqs-fairfield-inn-&-suites-oklahoma-city-quail-springs/south-edmond,Marriott-OKCQS
OKCBW,Renaissance Waterford Oklahoma City Hotel,okcbw-renaissance-waterford-oklahoma-city-hotel,Marriott-OKCBW
OKCRA,Residence Inn Oklahoma City Airport,okcra-residence-inn-oklahoma-city-airport,Marriott-OKCRA
OKCBT,Residence Inn Oklahoma City Downtown/Bricktown,okcbt-residence-inn-oklahoma-city-downtown/bricktown,Marriott-OKCBT
OKCXW,Residence Inn Oklahoma City North/Quail Springs,okcxw-residence-inn-oklahoma-city-north/quail-springs,Marriott-OKCXW
OKCRW,Residence Inn Oklahoma City Northwest,okcrw-residence-inn-oklahoma-city-northwest,Marriott-OKCRW
OKCRI,Residence Inn Oklahoma City South,okcri-residence-inn-oklahoma-city-south,Marriott-OKCRI
OKCAW,SpringHill Suites Oklahoma City Airport,okcaw-springhill-suites-oklahoma-city-airport,Marriott-OKCAW
OKCSD,SpringHill Suites Oklahoma City Downtown/Bricktown,okcsd-springhill-suites-oklahoma-city-downtown/bricktown,Marriott-OKCSD
OKCSH,SpringHill Suites Oklahoma City Quail Springs,okcsh-springhill-suites-oklahoma-city-quail-springs,Marriott-OKCSH
OKCAL,Aloft Oklahoma City Downtown - Bricktown,okcal-aloft-oklahoma-city-downtown---bricktown,Marriott-OKCAL
OKCAQ,Aloft Oklahoma City Quail Springs,okcaq-aloft-oklahoma-city-quail-springs,Marriott-OKCAQ
OKCOF,Four Points by Sheraton Oklahoma City Airport,okcof-four-points-by-sheraton-oklahoma-city-airport,Marriott-OKCOF
OKCFP,Four Points by Sheraton Oklahoma City Quail Springs,okcfp-four-points-by-sheraton-oklahoma-city-quail-springs,Marriott-OKCFP
OKCSI,Sheraton Oklahoma City Downtown Hotel,okcsi-sheraton-oklahoma-city-downtown-hotel,Marriott-OKCSI
OKCTS,TownePlace Suites Oklahoma City Airport,okcts-towneplace-suites-oklahoma-city-airport,Marriott-OKCTS
OKCTX,"The Ellison, Oklahoma City, a Tribute Portfolio Hotel","okctx-the-ellison,-oklahoma-city,-a-tribute-portfolio-hotel",Marriott-OKCTX
TULNO,TownePlace Suites Tulsa North/Owasso,tulno-towneplace-suites-tulsa-north/owasso,Marriott-TULNO
PNCFI,Fairfield Inn & Suites Ponca City,pncfi-fairfield-inn-&-suites-ponca-city,Marriott-PNCFI
OKCFW,Fairfield Inn & Suites Shawnee,okcfw-fairfield-inn-&-suites-shawnee,Marriott-OKCFW
PNCST,Fairfield Inn & Suites Stillwater,pncst-fairfield-inn-&-suites-stillwater,Marriott-PNCST
PNCRI,Residence Inn Stillwater,pncri-residence-inn-stillwater,Marriott-PNCRI
PNCSH,SpringHill Suites Stillwater,pncsh-springhill-suites-stillwater,Marriott-PNCSH
TULAK,"Ambassador Hotel Tulsa, Autograph Collection","tulak-ambassador-hotel-tulsa,-autograph-collection",Marriott-TULAK
TULCY,Courtyard Tulsa Central,tulcy-courtyard-tulsa-central,Marriott-TULCY
TULTD,Courtyard Tulsa Downtown,tultd-courtyard-tulsa-downtown,Marriott-TULTD
TULWH,Courtyard Tulsa Woodland Hills,tulwh-courtyard-tulsa-woodland-hills,Marriott-TULWH
TULFC,Fairfield Inn & Suites Tulsa Central,tulfc-fairfield-inn-&-suites-tulsa-central,Marriott-TULFC
TULDT,Fairfield Inn & Suites Tulsa Downtown Arts District,tuldt-fairfield-inn-&-suites-tulsa-downtown-arts-district,Marriott-TULDT
TULCR,Fairfield Inn & Suites Tulsa South Medical District,tulcr-fairfield-inn-&-suites-tulsa-south-medical-district,Marriott-TULCR
TULSE,Marriott Tulsa Hotel Southern Hills,tulse-marriott-tulsa-hotel-southern-hills,Marriott-TULSE
TULBR,Renaissance Tulsa Hotel & Convention Center,tulbr-renaissance-tulsa-hotel-&-convention-center,Marriott-TULBR
TULRD,Residence Inn Tulsa Downtown,tulrd-residence-inn-tulsa-downtown,Marriott-TULRD
TULTC,Residence Inn Tulsa Midtown,tultc-residence-inn-tulsa-midtown,Marriott-TULTC
TULRI,Residence Inn Tulsa South,tulri-residence-inn-tulsa-south,Marriott-TULRI
TULSH,SpringHill Suites Tulsa,tulsh-springhill-suites-tulsa,Marriott-TULSH
TULWE,SpringHill Suites Tulsa at Tulsa Hills,tulwe-springhill-suites-tulsa-at-tulsa-hills,Marriott-TULWE
TULTL,Aloft Tulsa,tultl-aloft-tulsa,Marriott-TULTL
TULAL,Aloft Tulsa Downtown,tulal-aloft-tulsa-downtown,Marriott-TULAL
OJAFI,Fairfield Inn & Suites Weatherford,ojafi-fairfield-inn-&-suites-weatherford,Marriott-OJAFI
OKCYK,Fairfield Inn & Suites Oklahoma City Yukon,okcyk-fairfield-inn-&-suites-oklahoma-city-yukon,Marriott-OKCYK
CDCCY,Courtyard Cedar City,cdccy-courtyard-cedar-city,Marriott-CDCCY
CDCSH,SpringHill Suites Cedar City,cdcsh-springhill-suites-cedar-city,Marriott-CDCSH
SLCCW,Courtyard Salt Lake City Cottonwood,slccw-courtyard-salt-lake-city-cottonwood,Marriott-SLCCW
SLCDR,Fairfield Inn Salt Lake City Draper,slcdr-fairfield-inn-salt-lake-city-draper,Marriott-SLCDR
SLCDP,SpringHill Suites Salt Lake City Draper,slcdp-springhill-suites-salt-lake-city-draper,Marriott-SLCDP
SLCTP,TownePlace Suites Salt Lake City Draper,slctp-towneplace-suites-salt-lake-city-draper,Marriott-SLCTP
SLCFW,Fairfield Inn & Suites Salt Lake City Cottonwood,slcfw-fairfield-inn-&-suites-salt-lake-city-cottonwood,Marriott-SLCFW
SLCCL,Courtyard Salt Lake City Layton,slccl-courtyard-salt-lake-city-layton,Marriott-SLCCL
SLCLY,Fairfield Inn Salt Lake City Layton,slcly-fairfield-inn-salt-lake-city-layton,Marriott-SLCLY
SLCTL,TownePlace Suites Salt Lake City Layton,slctl-towneplace-suites-salt-lake-city-layton,Marriott-SLCTL
SLCLI,Courtyard Lehi at Thanksgiving Point,slcli-courtyard-lehi-at-thanksgiving-point,Marriott-SLCLI
SLCLE,SpringHill Suites Lehi at Thanksgiving Point,slcle-springhill-suites-lehi-at-thanksgiving-point,Marriott-SLCLE
SLCLG,SpringHill Suites Logan,slclg-springhill-suites-logan,Marriott-SLCLG
SLCTG,TownePlace Suites Logan,slctg-towneplace-suites-logan,Marriott-SLCTG
SLCFM,Fairfield Inn & Suites Salt Lake City Midvale,slcfm-fairfield-inn-&-suites-salt-lake-city-midvale,Marriott-SLCFM
CNYFI,Fairfield Inn & Suites Moab,cnyfi-fairfield-inn-&-suites-moab,Marriott-CNYFI
CNYMS,SpringHill Suites Moab,cnyms-springhill-suites-moab,Marriott-CNYMS
CNYEL,Element Moab,cnyel-element-moab,Marriott-CNYEL
SLCSR,Residence Inn Salt Lake City Murray,slcsr-residence-inn-salt-lake-city-murray,Marriott-SLCSR
SLCTM,TownePlace Suites Salt Lake City Murray,slctm-towneplace-suites-salt-lake-city-murray,Marriott-SLCTM
OGDCY,Courtyard Ogden,ogdcy-courtyard-ogden,Marriott-OGDCY
SLCYO,Fairfield Inn & Suites Provo Orem,slcyo-fairfield-inn-&-suites-provo-orem,Marriott-SLCYO
SLCTO,TownePlace Suites Provo Orem,slcto-towneplace-suites-provo-orem,Marriott-SLCTO
SLCAC,AC Hotel Park City,slcac-ac-hotel-park-city,Marriott-SLCAC
SLCAK,"Hotel Park City, Autograph Collection","slcak-hotel-park-city,-autograph-collection",Marriott-SLCAK
SLCMS,Marriott's MountainSide,slcms-marriott's-mountainside,Marriott-SLCMS
SLCVI,Marriott's Summit Watch,slcvi-marriott's-summit-watch,Marriott-SLCVI
SLCSC,Sheraton Park City,slcsc-sheraton-park-city,Marriott-SLCSC
SLCXR,The St. Regis Deer Valley,slcxr-the-st.-regis-deer-valley,Marriott-SLCXR
SLCPV,Fairfield Inn Provo,slcpv-fairfield-inn-provo,Marriott-SLCPV
SLCVO,Provo Marriott Hotel & Conference Center,slcvo-provo-marriott-hotel-&-conference-center,Marriott-SLCVO
SLCPO,Residence Inn Provo North,slcpo-residence-inn-provo-north,Marriott-SLCPO
SLCRP,Residence Inn Provo South University,slcrp-residence-inn-provo-south-university,Marriott-SLCRP
SLCPS,SpringHill Suites Provo,slcps-springhill-suites-provo,Marriott-SLCPS
SLCFR,Fairfield Inn & Suites Richfield,slcfr-fairfield-inn-&-suites-richfield,Marriott-SLCFR
SLCAD,AC Hotel Salt Lake City Downtown,slcad-ac-hotel-salt-lake-city-downtown,Marriott-SLCAD
SLCAP,Courtyard Salt Lake City Airport,slcap-courtyard-salt-lake-city-airport,Marriott-SLCAP
SLCCD,Courtyard Salt Lake City Downtown,slccd-courtyard-salt-lake-city-downtown,Marriott-SLCCD
SLCFA,Fairfield Inn & Suites Salt Lake City Airport,slcfa-fairfield-inn-&-suites-salt-lake-city-airport,Marriott-SLCFA
SLCFD,Fairfield Inn & Suites Salt Lake City Downtown,slcfd-fairfield-inn-&-suites-salt-lake-city-downtown,Marriott-SLCFD
SLCFI,Fairfield Inn & Suites Salt Lake City South,slcfi-fairfield-inn-&-suites-salt-lake-city-south,Marriott-SLCFI
SLCCC,Salt Lake City Marriott City Center,slccc-salt-lake-city-marriott-city-center,Marriott-SLCCC
SLCUP,Salt Lake City Marriott University Park,slcup-salt-lake-city-marriott-university-park,Marriott-SLCUP
SLCUT,Salt Lake Marriott Downtown at City Creek,slcut-salt-lake-marriott-downtown-at-city-creek,Marriott-SLCUT
SLCRA,Residence Inn Salt Lake City Airport,slcra-residence-inn-salt-lake-city-airport,Marriott-SLCRA
SLCTT,Residence Inn Salt Lake City Cottonwood,slctt-residence-inn-salt-lake-city-cottonwood,Marriott-SLCTT
SLCRI,Residence Inn Salt Lake City Downtown,slcri-residence-inn-salt-lake-city-downtown,Marriott-SLCRI
SLCSA,SpringHill Suites Salt Lake City Airport,slcsa-springhill-suites-salt-lake-city-airport,Marriott-SLCSA
SLCSH,SpringHill Suites Salt Lake City Downtown,slcsh-springhill-suites-salt-lake-city-downtown,Marriott-SLCSH
SLCSO,SpringHill Suites Salt Lake City Sugar House,slcso-springhill-suites-salt-lake-city-sugar-house,Marriott-SLCSO
SLCEL,Element Salt Lake City Downtown,slcel-element-salt-lake-city-downtown,Marriott-SLCEL
SLCFP,Four Points by Sheraton Salt Lake City Airport,slcfp-four-points-by-sheraton-salt-lake-city-airport,Marriott-SLCFP
SLCLD,Le Méridien Salt Lake City Downtown,slcld-le-méridien-salt-lake-city-downtown,Marriott-SLCLD
SLCSI,Sheraton Salt Lake City Hotel,slcsi-sheraton-salt-lake-city-hotel,Marriott-SLCSI
SLCTD,TownePlace Suites Salt Lake City Downtown,slctd-towneplace-suites-salt-lake-city-downtown,Marriott-SLCTD
SLCSD,Courtyard Salt Lake City Sandy,slcsd-courtyard-salt-lake-city-sandy,Marriott-SLCSD
SLCSY,Residence Inn Salt Lake City Sandy,slcsy-residence-inn-salt-lake-city-sandy,Marriott-SLCSY
SLCJO,SpringHill Suites Salt Lake City-South Jordan,slcjo-springhill-suites-salt-lake-city-south-jordan,Marriott-SLCJO
SGUZI,SpringHill Suites Springdale Zion National Park,sguzi-springhill-suites-springdale-zion-national-park,Marriott-SGUZI
SGUAK,"The Advenire, Autograph Collection","sguak-the-advenire,-autograph-collection",Marriott-SGUAK
SGUCY,Courtyard St. George,sgucy-courtyard-st.-george,Marriott-SGUCY
SGUFI,Fairfield Inn St. George,sgufi-fairfield-inn-st.-george,Marriott-SGUFI
SGUTS,TownePlace Suites St. George,sguts-towneplace-suites-st.-george,Marriott-SGUTS
VELSH,SpringHill Suites Vernal,velsh-springhill-suites-vernal,Marriott-VELSH
VELTS,TownePlace Suites Vernal,velts-towneplace-suites-vernal,Marriott-VELTS
SGUFV,Fairfield Inn & Suites Virgin Zion National Park,sgufv-fairfield-inn-&-suites-virgin-zion-national-park,Marriott-SGUFV
SGUSW,SpringHill Suites St. George Washington,sgusw-springhill-suites-st.-george-washington,Marriott-SGUSW
SLCRJ,Residence Inn Salt Lake City-West Jordan,slcrj-residence-inn-salt-lake-city-west-jordan,Marriott-SLCRJ
SLCSV,SpringHill Suites Salt Lake City West Valley,slcsv-springhill-suites-salt-lake-city-west-valley,Marriott-SLCSV
SLCSW,TownePlace Suites Salt Lake City-West Valley,slcsw-towneplace-suites-salt-lake-city-west-valley,Marriott-SLCSW
PDXAB,AC Hotel Portland Beaverton,pdxab-ac-hotel-portland-beaverton,Marriott-PDXAB
PDXCY,Courtyard Portland Beaverton,pdxcy-courtyard-portland-beaverton,Marriott-PDXCY
PDXFH,Fairfield Inn & Suites Portland West/Beaverton,pdxfh-fairfield-inn-&-suites-portland-west/beaverton,Marriott-PDXFH
PDXEL,Element Portland Beaverton,pdxel-element-portland-beaverton,Marriott-PDXEL
PDXTB,TownePlace Suites Portland Beaverton,pdxtb-towneplace-suites-portland-beaverton,Marriott-PDXTB
RDMFI,Fairfield Inn & Suites Bend Downtown,rdmfi-fairfield-inn-&-suites-bend-downtown,Marriott-RDMFI
RDMRI,Residence Inn Bend,rdmri-residence-inn-bend,Marriott-RDMRI
RDMSH,SpringHill Suites Bend,rdmsh-springhill-suites-bend,Marriott-RDMSH
RDMEL,Element Bend,rdmel-element-bend,Marriott-RDMEL
RDMTS,TownePlace Suites Bend Near Mt. Bachelor,rdmts-towneplace-suites-bend-near-mt.-bachelor,Marriott-RDMTS
PDXCK,Courtyard Portland Southeast/Clackamas,pdxck-courtyard-portland-southeast/clackamas,Marriott-PDXCK
PDXRH,Residence Inn Portland Clackamas,pdxrh-residence-inn-portland-clackamas,Marriott-PDXRH
EUGCO,Courtyard Corvallis,eugco-courtyard-corvallis,Marriott-EUGCO
EUGFI,Fairfield Inn & Suites Eugene East/Springfield,eugfi-fairfield-inn-&-suites-eugene-east/springfield,Marriott-EUGFI
EUGRI,Residence Inn Eugene Springfield,eugri-residence-inn-eugene-springfield,Marriott-EUGRI
PDXHS,Courtyard Portland Hillsboro,pdxhs-courtyard-portland-hillsboro,Marriott-PDXHS
PDXHB,Residence Inn Portland Hillsboro,pdxhb-residence-inn-portland-hillsboro,Marriott-PDXHB
PDXBW,Residence Inn Portland Hillsboro/Brookwood,pdxbw-residence-inn-portland-hillsboro/brookwood,Marriott-PDXBW
PDXHL,SpringHill Suites Portland Hillsboro,pdxhl-springhill-suites-portland-hillsboro,Marriott-PDXHL
PDXAH,Aloft Hillsboro-Beaverton,pdxah-aloft-hillsboro-beaverton,Marriott-PDXAH
PDXTS,TownePlace Suites Portland Hillsboro,pdxts-towneplace-suites-portland-hillsboro,Marriott-PDXTS
MFRFK,Fairfield Inn & Suites Klamath Falls,mfrfk-fairfield-inn-&-suites-klamath-falls,Marriott-MFRFK
PDXOW,Fairfield Inn & Suites Portland South/Lake Oswego,pdxow-fairfield-inn-&-suites-portland-south/lake-oswego,Marriott-PDXOW
PDXLO,Residence Inn Portland South/Lake Oswego,pdxlo-residence-inn-portland-south/lake-oswego,Marriott-PDXLO
MFRCY,Courtyard Medford Airport,mfrcy-courtyard-medford-airport,Marriott-MFRCY
MFRFM,Fairfield Inn & Suites Medford,mfrfm-fairfield-inn-&-suites-medford,Marriott-MFRFM
MFRSH,SpringHill Suites Medford,mfrsh-springhill-suites-medford,Marriott-MFRSH
MFRAP,SpringHill Suites Medford Airport,mfrap-springhill-suites-medford-airport,Marriott-MFRAP
MFRTS,TownePlace Suites Medford,mfrts-towneplace-suites-medford,Marriott-MFRTS
PDXAR,"AC Hotel Portland Downtown, OR","pdxar-ac-hotel-portland-downtown,-or",Marriott-PDXAR
PDXAK,"Hi-Lo Hotel, Autograph Collection","pdxak-hi-lo-hotel,-autograph-collection",Marriott-PDXAK
PDXCA,Courtyard Portland Airport,pdxca-courtyard-portland-airport,Marriott-PDXCA
PDXPC,Courtyard Portland City Center,pdxpc-courtyard-portland-city-center,Marriott-PDXPC
PDXCL,Courtyard Portland Downtown/Convention Center,pdxcl-courtyard-portland-downtown/convention-center,Marriott-PDXCL
PDXCE,Courtyard Portland East,pdxce-courtyard-portland-east,Marriott-PDXCE
PDXNH,Courtyard Portland North,pdxnh-courtyard-portland-north,Marriott-PDXNH
PDXFI,Fairfield Inn & Suites Portland Airport,pdxfi-fairfield-inn-&-suites-portland-airport,Marriott-PDXFI
PDXPF,Fairfield Inn & Suites Portland North,pdxpf-fairfield-inn-&-suites-portland-north,Marriott-PDXPF
PDXOR,Portland Marriott Downtown Waterfront,pdxor-portland-marriott-downtown-waterfront,Marriott-PDXOR
PDXCT,The Bidwell Marriott Portland,pdxct-the-bidwell-marriott-portland,Marriott-PDXCT
PDXOX,Moxy Portland Downtown,pdxox-moxy-portland-downtown,Marriott-PDXOX
PDXAP,Residence Inn Portland Airport at Cascade Station,pdxap-residence-inn-portland-airport-at-cascade-station,Marriott-PDXAP
PDXPD,Residence Inn Portland Downtown/Pearl District,pdxpd-residence-inn-portland-downtown/pearl-district,Marriott-PDXPD
PDXRI,Residence Inn Portland Downtown/RiverPlace,pdxri-residence-inn-portland-downtown/riverplace,Marriott-PDXRI
PDXPH,Residence Inn Portland North,pdxph-residence-inn-portland-north,Marriott-PDXPH
PDXSH,SpringHill Suites Portland Airport,pdxsh-springhill-suites-portland-airport,Marriott-PDXSH
PDXRZ,"The Ritz-Carlton, Portland","pdxrz-the-ritz-carlton,-portland",Marriott-PDXRZ
PDXAL,Aloft Portland Airport at Cascade Station,pdxal-aloft-portland-airport-at-cascade-station,Marriott-PDXAL
PDXFP,Four Points by Sheraton Portland East,pdxfp-four-points-by-sheraton-portland-east,Marriott-PDXFP
PDXLN,"The Nines, a Luxury Collection Hotel, Portland","pdxln-the-nines,-a-luxury-collection-hotel,-portland",Marriott-PDXLN
PDXSI,Sheraton Portland Airport Hotel,pdxsi-sheraton-portland-airport-hotel,Marriott-PDXSI
PDXTX,"Hotel Vance, Portland, a Tribute Portfolio Hotel","pdxtx-hotel-vance,-portland,-a-tribute-portfolio-hotel",Marriott-PDXTX
SLERI,Residence Inn Salem,sleri-residence-inn-salem,Marriott-SLERI
EUGCY,Courtyard Eugene Springfield,eugcy-courtyard-eugene-springfield,Marriott-EUGCY
DLSFI,Fairfield Inn & Suites The Dalles,dlsfi-fairfield-inn-&-suites-the-dalles,Marriott-DLSFI
PDXCS,Courtyard Portland Tigard,pdxcs-courtyard-portland-tigard,Marriott-PDXCS
DSMTO,Fairfield Inn & Suites Des Moines Altoona,dsmto-fairfield-inn-&-suites-des-moines-altoona,Marriott-DSMTO
DSMCM,Courtyard Ames,dsmcm-courtyard-ames,Marriott-DSMCM
DSMAI,Fairfield Inn & Suites Ames,dsmai-fairfield-inn-&-suites-ames,Marriott-DSMAI
DSMSA,SpringHill Suites Ames,dsmsa-springhill-suites-ames,Marriott-DSMSA
DSMTA,TownePlace Suites Ames,dsmta-towneplace-suites-ames,Marriott-DSMTA
DSMAN,Courtyard Des Moines Ankeny,dsman-courtyard-des-moines-ankeny,Marriott-DSMAN
DSMRK,Residence Inn Des Moines Ankeny,dsmrk-residence-inn-des-moines-ankeny,Marriott-DSMRK
BRLFI,Fairfield Inn & Suites Burlington,brlfi-fairfield-inn-&-suites-burlington,Marriott-BRLFI
CIDCR,Fairfield Inn & Suites Cedar Rapids,cidcr-fairfield-inn-&-suites-cedar-rapids,Marriott-CIDCR
CIDMC,Cedar Rapids Marriott,cidmc-cedar-rapids-marriott,Marriott-CIDMC
CIDRI,Residence Inn Cedar Rapids,cidri-residence-inn-cedar-rapids,Marriott-CIDRI
CIDCS,Residence Inn Cedar Rapids South,cidcs-residence-inn-cedar-rapids-south,Marriott-CIDCS
ALOCL,Fairfield Inn & Suites Clear Lake,alocl-fairfield-inn-&-suites-clear-lake,Marriott-ALOCL
DSMCH,Courtyard Des Moines West/Clive,dsmch-courtyard-des-moines-west/clive,Marriott-DSMCH
CIDCO,Fairfield Inn & Suites Coralville,cidco-fairfield-inn-&-suites-coralville,Marriott-CIDCO
CIDVL,Residence Inn Coralville,cidvl-residence-inn-coralville,Marriott-CIDVL
CIDSH,SpringHill Suites Coralville,cidsh-springhill-suites-coralville,Marriott-CIDSH
OMAUF,"Courtyard Omaha East/Council Bluffs, IA","omauf-courtyard-omaha-east/council-bluffs,-ia",Marriott-OMAUF
OMACB,"Fairfield Inn & Suites Omaha East/Council Bluffs, IA","omacb-fairfield-inn-&-suites-omaha-east/council-bluffs,-ia",Marriott-OMACB
OMASH,"SpringHill Suites Omaha East/Council Bluffs, IA","omash-springhill-suites-omaha-east/council-bluffs,-ia",Marriott-OMASH
MLIAK,"Hotel Blackhawk, Autograph Collection","mliak-hotel-blackhawk,-autograph-collection",Marriott-MLIAK
MLIAQ,"The Current Iowa, Autograph Collection","mliaq-the-current-iowa,-autograph-collection",Marriott-MLIAQ
MLIFD,Fairfield Inn & Suites Davenport Quad Cities,mlifd-fairfield-inn-&-suites-davenport-quad-cities,Marriott-MLIFD
MLIRI,Residence Inn Davenport,mliri-residence-inn-davenport,Marriott-MLIRI
LSEFD,Fairfield Inn & Suites Decorah,lsefd-fairfield-inn-&-suites-decorah,Marriott-LSEFD
DSMAD,AC Hotel Des Moines East Village,dsmad-ac-hotel-des-moines-east-village,Marriott-DSMAD
DSMAP,Fairfield Inn & Suites Des Moines Airport,dsmap-fairfield-inn-&-suites-des-moines-airport,Marriott-DSMAP
DSMFD,Fairfield Inn & Suites Des Moines Downtown,dsmfd-fairfield-inn-&-suites-des-moines-downtown,Marriott-DSMFD
DSMIA,Des Moines Marriott Downtown,dsmia-des-moines-marriott-downtown,Marriott-DSMIA
DSMBR,Renaissance Des Moines Savery Hotel,dsmbr-renaissance-des-moines-savery-hotel,Marriott-DSMBR
DSMRD,Residence Inn Des Moines Downtown,dsmrd-residence-inn-des-moines-downtown,Marriott-DSMRD
DBQFI,Fairfield Inn Dubuque,dbqfi-fairfield-inn-dubuque,Marriott-DBQFI
DBQTS,TownePlace Suites Dubuque Downtown,dbqts-towneplace-suites-dubuque-downtown,Marriott-DBQTS
CIDCI,Courtyard Iowa City University Heights,cidci-courtyard-iowa-city-university-heights,Marriott-CIDCI
CIDEL,Element Iowa City,cidel-element-iowa-city,Marriott-CIDEL
DSMUR,TownePlace Suites Des Moines Urbandale,dsmur-towneplace-suites-des-moines-urbandale,Marriott-DSMUR
CIDTP,TownePlace Suites Cedar Rapids Marion,cidtp-towneplace-suites-cedar-rapids-marion,Marriott-CIDTP
MLITX,"The Merrill Hotel, Muscatine, a Tribute Portfolio Hotel","mlitx-the-merrill-hotel,-muscatine,-a-tribute-portfolio-hotel",Marriott-MLITX
DSMFO,Fairfield Inn & Suites Oskaloosa,dsmfo-fairfield-inn-&-suites-oskaloosa,Marriott-DSMFO
SUXAK,"The Warrior Hotel, Autograph Collection","suxak-the-warrior-hotel,-autograph-collection",Marriott-SUXAK
SUXCY,Courtyard Sioux City Downtown/Convention Center,suxcy-courtyard-sioux-city-downtown/convention-center,Marriott-SUXCY
DSMUD,Fairfield Inn & Suites Des Moines Urbandale,dsmud-fairfield-inn-&-suites-des-moines-urbandale,Marriott-DSMUD
ALOCY,Courtyard Waterloo Cedar Falls,alocy-courtyard-waterloo-cedar-falls,Marriott-ALOCY
ALOFW,Fairfield Inn & Suites Waterloo Cedar Falls,alofw-fairfield-inn-&-suites-waterloo-cedar-falls,Marriott-ALOFW
DSMCW,Courtyard Des Moines West/Jordan Creek,dsmcw-courtyard-des-moines-west/jordan-creek,Marriott-DSMCW
DSMWF,Fairfield Inn & Suites Des Moines West,dsmwf-fairfield-inn-&-suites-des-moines-west,Marriott-DSMWF
DSMWD,West Des Moines Marriott,dsmwd-west-des-moines-marriott,Marriott-DSMWD
DSMRI,Residence Inn Des Moines West at Jordan Creek Town Center,dsmri-residence-inn-des-moines-west-at-jordan-creek-town-center,Marriott-DSMRI
DSMSH,SpringHill Suites Des Moines West,dsmsh-springhill-suites-des-moines-west,Marriott-DSMSH
DSMEL,Element West Des Moines,dsmel-element-west-des-moines,Marriott-DSMEL
DSMSI,Sheraton West Des Moines Hotel,dsmsi-sheraton-west-des-moines-hotel,Marriott-DSMSI
DSMTS,TownePlace Suites Des Moines West/Jordan Creek,dsmts-towneplace-suites-des-moines-west/jordan-creek,Marriott-DSMTS
DDCTS,TownePlace Suites Dodge City,ddcts-towneplace-suites-dodge-city,Marriott-DDCTS
GCKTS,TownePlace Suites Garden City,gckts-towneplace-suites-garden-city,Marriott-GCKTS
HYSFI,Fairfield Inn Hays,hysfi-fairfield-inn-hays,Marriott-HYSFI
HYSTS,TownePlace Suites Hays,hysts-towneplace-suites-hays,Marriott-HYSTS
ICTHU,Fairfield Inn & Suites Hutchinson,icthu-fairfield-inn-&-suites-hutchinson,Marriott-ICTHU
MHKCY,Courtyard Junction City,mhkcy-courtyard-junction-city,Marriott-MHKCY
MCISP,Residence Inn Kansas City at The Legends,mcisp-residence-inn-kansas-city-at-the-legends,Marriott-MCISP
LWCKS,SpringHill Suites Lawrence Downtown,lwcks-springhill-suites-lawrence-downtown,Marriott-LWCKS
FOETS,TownePlace Suites Lawrence Downtown,foets-towneplace-suites-lawrence-downtown,Marriott-FOETS
MCILV,Fairfield Inn & Suites Leavenworth,mcilv-fairfield-inn-&-suites-leavenworth,Marriott-MCILV
MCITL,TownePlace Suites Leavenworth,mcitl-towneplace-suites-leavenworth,Marriott-MCITL
MCIAL,Aloft Leawood-Overland Park,mcial-aloft-leawood-overland-park,Marriott-MCIAL
MCIEL,Element Overland Park,mciel-element-overland-park,Marriott-MCIEL
MCIXA,SpringHill Suites Kansas City Lenexa/City Center,mcixa-springhill-suites-kansas-city-lenexa/city-center,Marriott-MCIXA
LBLFI,Fairfield Inn & Suites Liberal,lblfi-fairfield-inn-&-suites-liberal,Marriott-LBLFI
MHKCM,Courtyard Manhattan Aggieville,mhkcm-courtyard-manhattan-aggieville,Marriott-MHKCM
MHKFI,Fairfield Inn Manhattan,mhkfi-fairfield-inn-manhattan,Marriott-MHKFI
MHKFP,Four Points by Sheraton Manhattan,mhkfp-four-points-by-sheraton-manhattan,Marriott-MHKFP
MPRFI,Fairfield Inn & Suites McPherson,mprfi-fairfield-inn-&-suites-mcpherson,Marriott-MPRFI
MCICO,Courtyard Kansas City Olathe,mcico-courtyard-kansas-city-olathe,Marriott-MCICO
KCKRO,Residence Inn Kansas City Olathe,kckro-residence-inn-kansas-city-olathe,Marriott-KCKRO
MCIPO,Four Points by Sheraton Kansas City Olathe,mcipo-four-points-by-sheraton-kansas-city-olathe,Marriott-MCIPO
MCICV,Courtyard Kansas City Overland Park/Convention Center,mcicv-courtyard-kansas-city-overland-park/convention-center,Marriott-MCICV
MCIOV,"Courtyard Kansas City Overland Park/Metcalf, South of College Boulevard","mciov-courtyard-kansas-city-overland-park/metcalf,-south-of-college-boulevard",Marriott-MCIOV
MCIFO,Fairfield Inn & Suites Kansas City Overland Park,mcifo-fairfield-inn-&-suites-kansas-city-overland-park,Marriott-MCIFO
MCIOP,Marriott Kansas City Overland Park,mciop-marriott-kansas-city-overland-park,Marriott-MCIOP
KCKRP,Residence Inn Kansas City Overland Park,kckrp-residence-inn-kansas-city-overland-park,Marriott-KCKRP
MCISS,SpringHill Suites Kansas City Overland Park,mciss-springhill-suites-kansas-city-overland-park,Marriott-MCISS
MCISO,SpringHill Suites Overland Park Leawood,mciso-springhill-suites-overland-park-leawood,Marriott-MCISO
MCICC,Sheraton Overland Park Hotel at the Convention Center,mcicc-sheraton-overland-park-hotel-at-the-convention-center,Marriott-MCICC
MCITP,TownePlace Suites Kansas City Overland Park,mcitp-towneplace-suites-kansas-city-overland-park,Marriott-MCITP
SLNCY,Courtyard Salina,slncy-courtyard-salina,Marriott-SLNCY
SLNFS,Fairfield Inn & Suites Salina,slnfs-fairfield-inn-&-suites-salina,Marriott-SLNFS
MCISM,Courtyard Kansas City Shawnee,mcism-courtyard-kansas-city-shawnee,Marriott-MCISM
MCIKW,Fairfield Inn & Suites Kansas City Shawnee,mcikw-fairfield-inn-&-suites-kansas-city-shawnee,Marriott-MCIKW
FOECY,Courtyard Topeka,foecy-courtyard-topeka,Marriott-FOECY
FOETO,Fairfield Inn Topeka,foeto-fairfield-inn-topeka,Marriott-FOETO
FOERI,Residence Inn Topeka,foeri-residence-inn-topeka,Marriott-FOERI
FOESH,SpringHill Suites Topeka Southwest,foesh-springhill-suites-topeka-southwest,Marriott-FOESH
MCIPX,"Cyrus Hotel, Topeka, a Tribute Portfolio Hotel","mcipx-cyrus-hotel,-topeka,-a-tribute-portfolio-hotel",Marriott-MCIPX
ICTAK,"Ambassador Hotel Wichita, Autograph Collection","ictak-ambassador-hotel-wichita,-autograph-collection",Marriott-ICTAK
ICTDT,Courtyard Wichita at Old Town,ictdt-courtyard-wichita-at-old-town,Marriott-ICTDT
ICTCY,Courtyard Wichita East,ictcy-courtyard-wichita-east,Marriott-ICTCY
ICTFD,Fairfield Inn & Suites Wichita Downtown,ictfd-fairfield-inn-&-suites-wichita-downtown,Marriott-ICTFD
ICTFE,Fairfield Inn & Suites Wichita East,ictfe-fairfield-inn-&-suites-wichita-east,Marriott-ICTFE
ICTWE,Wichita Marriott,ictwe-wichita-marriott,Marriott-ICTWE
ICTWK,Residence Inn Wichita East at Plazzio,ictwk-residence-inn-wichita-east-at-plazzio,Marriott-ICTWK
ICTWW,SpringHill Suites Wichita Airport,ictww-springhill-suites-wichita-airport,Marriott-ICTWW
ICTSH,SpringHill Suites Wichita East at Plazzio,ictsh-springhill-suites-wichita-east-at-plazzio,Marriott-ICTSH
ICTAL,Aloft Wichita,ictal-aloft-wichita,Marriott-ICTAL
ICTTE,TownePlace Suites Wichita East,ictte-towneplace-suites-wichita-east,Marriott-ICTTE
HOTFA,Fairfield Inn & Suites Arkadelphia,hotfa-fairfield-inn-&-suites-arkadelphia,Marriott-HOTFA
LITBN,Fairfield Inn & Suites Little Rock Benton,litbn-fairfield-inn-&-suites-little-rock-benton,Marriott-LITBN
FYVBN,Courtyard Bentonville,fyvbn-courtyard-bentonville,Marriott-FYVBN
FYVSH,SpringHill Suites Bentonville,fyvsh-springhill-suites-bentonville,Marriott-FYVSH
FYVEL,Element Bentonville,fyvel-element-bentonville,Marriott-FYVEL
ROGFP,Four Points by Sheraton Bentonville,rogfp-four-points-by-sheraton-bentonville,Marriott-ROGFP
ROGTS,TownePlace Suites Bentonville Rogers,rogts-towneplace-suites-bentonville-rogers,Marriott-ROGTS
LITCO,Courtyard Conway,litco-courtyard-conway,Marriott-LITCO
LITCW,Fairfield Inn & Suites Conway,litcw-fairfield-inn-&-suites-conway,Marriott-LITCW
MLUFE,Fairfield Inn & Suites El Dorado,mlufe-fairfield-inn-&-suites-el-dorado,Marriott-MLUFE
FYVFC,Courtyard Fayetteville,fyvfc-courtyard-fayetteville,Marriott-FYVFC
FYVFA,Fairfield Inn & Suites Fayetteville,fyvfa-fairfield-inn-&-suites-fayetteville,Marriott-FYVFA
FSMCY,Courtyard Fort Smith Downtown,fsmcy-courtyard-fort-smith-downtown,Marriott-FSMCY
FSMFI,Fairfield Inn & Suites Fort Smith,fsmfi-fairfield-inn-&-suites-fort-smith,Marriott-FSMFI
FSMRI,Residence Inn Fort Smith,fsmri-residence-inn-fort-smith,Marriott-FSMRI
HOTCY,Courtyard Hot Springs,hotcy-courtyard-hot-springs,Marriott-HOTCY
HOTTS,TownePlace Suites Hot Springs,hotts-towneplace-suites-hot-springs,Marriott-HOTTS
JBRCY,Courtyard Jonesboro,jbrcy-courtyard-jonesboro,Marriott-JBRCY
JBRFI,Fairfield Inn & Suites Jonesboro,jbrfi-fairfield-inn-&-suites-jonesboro,Marriott-JBRFI
JBRRI,Residence Inn Jonesboro,jbrri-residence-inn-jonesboro,Marriott-JBRRI
LITAR,AC Hotel Little Rock Downtown,litar-ac-hotel-little-rock-downtown,Marriott-LITAR
LITDT,Courtyard Little Rock Downtown,litdt-courtyard-little-rock-downtown,Marriott-LITDT
LITCH,Courtyard Little Rock West,litch-courtyard-little-rock-west,Marriott-LITCH
LITDE,Delta Hotels Little Rock West,litde-delta-hotels-little-rock-west,Marriott-LITDE
LITFS,Fairfield Inn & Suites Little Rock Airport,litfs-fairfield-inn-&-suites-little-rock-airport,Marriott-LITFS
LITPB,Little Rock Marriott,litpb-little-rock-marriott,Marriott-LITPB
LITRI,Residence Inn Little Rock,litri-residence-inn-little-rock,Marriott-LITRI
LITRD,Residence Inn Little Rock Downtown,litrd-residence-inn-little-rock-downtown,Marriott-LITRD
LITSH,SpringHill Suites Little Rock West,litsh-springhill-suites-little-rock-west,Marriott-LITSH
LITAL,Aloft Little Rock West,lital-aloft-little-rock-west,Marriott-LITAL
LITFP,Four Points by Sheraton Little Rock Midtown,litfp-four-points-by-sheraton-little-rock-midtown,Marriott-LITFP
LITTS,TownePlace Suites Little Rock West,litts-towneplace-suites-little-rock-west,Marriott-LITTS
MEMFM,"Fairfield Inn & Suites Memphis Marion, AR","memfm-fairfield-inn-&-suites-memphis-marion,-ar",Marriott-MEMFM
LITCN,Courtyard Little Rock North,litcn-courtyard-little-rock-north,Marriott-LITCN
LITFI,Fairfield Inn North Little Rock,litfi-fairfield-inn-north-little-rock,Marriott-LITFI
LITRN,Residence Inn North Little Rock,litrn-residence-inn-north-little-rock,Marriott-LITRN
ROGCY,Courtyard Bentonville Rogers Promenade,rogcy-courtyard-bentonville-rogers-promenade,Marriott-ROGCY
ROGFI,Fairfield Inn & Suites Bentonville Rogers,rogfi-fairfield-inn-&-suites-bentonville-rogers,Marriott-ROGFI
ROGRI,Residence Inn Bentonville Rogers,rogri-residence-inn-bentonville-rogers,Marriott-ROGRI
ROGAL,Aloft Rogers-Bentonville,rogal-aloft-rogers-bentonville,Marriott-ROGAL
LITCR,Courtyard Russellville,litcr-courtyard-russellville,Marriott-LITCR
LITRV,Fairfield Inn & Suites Russellville,litrv-fairfield-inn-&-suites-russellville,Marriott-LITRV
SPZFI,Fairfield Inn & Suites Springdale,spzfi-fairfield-inn-&-suites-springdale,Marriott-SPZFI
SPZRI,Residence Inn Springdale,spzri-residence-inn-springdale,Marriott-SPZRI
FYVJH,TownePlace Suites Fayetteville North/Springdale,fyvjh-towneplace-suites-fayetteville-north/springdale,Marriott-FYVJH
LITWH,TownePlace Suites White Hall,litwh-towneplace-suites-white-hall,Marriott-LITWH
BDLHA,Residence Inn Hartford Avon,bdlha-residence-inn-hartford-avon,Marriott-BDLHA
BDLHC,Courtyard Hartford Cromwell,bdlhc-courtyard-hartford-cromwell,Marriott-BDLHC
BDLSC,SpringHill Suites Hartford Cromwell,bdlsc-springhill-suites-hartford-cromwell,Marriott-BDLSC
DXRCY,Courtyard Danbury,dxrcy-courtyard-danbury,Marriott-DXRCY
DXRRI,Residence Inn Danbury,dxrri-residence-inn-danbury,Marriott-DXRRI
DXRSH,SpringHill Suites Danbury,dxrsh-springhill-suites-danbury,Marriott-DXRSH
BDLFE,Fairfield Inn & Suites Springfield Enfield,bdlfe-fairfield-inn-&-suites-springfield-enfield,Marriott-BDLFE
BDLHF,Courtyard Hartford Farmington,bdlhf-courtyard-hartford-farmington,Marriott-BDLHF
GONMM,Mystic Marriott Hotel & Spa,gonmm-mystic-marriott-hotel-&-spa,Marriott-GONMM
HVNRH,Residence Inn New Haven Hamden,hvnrh-residence-inn-new-haven-hamden,Marriott-HVNRH
BDLDT,Hartford Marriott Downtown,bdldt-hartford-marriott-downtown,Marriott-BDLDT
BDLRI,Residence Inn Hartford Downtown,bdlri-residence-inn-hartford-downtown,Marriott-BDLRI
BDLHM,Courtyard Hartford Manchester,bdlhm-courtyard-hartford-manchester,Marriott-BDLHM
BDLTH,Fairfield Inn & Suites Hartford Manchester,bdlth-fairfield-inn-&-suites-hartford-manchester,Marriott-BDLTH
BDLMN,Residence Inn Hartford Manchester,bdlmn-residence-inn-hartford-manchester,Marriott-BDLMN
BDRRI,Residence Inn Milford,bdrri-residence-inn-milford,Marriott-BDRRI
BDRSH,SpringHill Suites Milford,bdrsh-springhill-suites-milford,Marriott-BDRSH
GONMY,Residence Inn Mystic Groton,gonmy-residence-inn-mystic-groton,Marriott-GONMY
HVNDT,Courtyard New Haven at Yale,hvndt-courtyard-new-haven-at-yale,Marriott-HVNDT
HPNNW,Courtyard Norwalk,hpnnw-courtyard-norwalk,Marriott-HPNNW
HPNRN,Residence Inn Norwalk,hpnrn-residence-inn-norwalk,Marriott-HPNRN
GONCY,Courtyard Norwich,goncy-courtyard-norwich,Marriott-GONCY
HVNCO,Courtyard New Haven Orange/Milford,hvnco-courtyard-new-haven-orange/milford,Marriott-HVNCO
BDLPV,Fairfield Inn & Suites Plainville,bdlpv-fairfield-inn-&-suites-plainville,Marriott-BDLPV
BDLRR,Residence Inn Hartford Rocky Hill,bdlrr-residence-inn-hartford-rocky-hill,Marriott-BDLRR
BDLHR,Sheraton Hartford South Hotel,bdlhr-sheraton-hartford-south-hotel,Marriott-BDLHR
BDRCY,Courtyard Shelton,bdrcy-courtyard-shelton,Marriott-BDRCY
HVNSH,Residence Inn Shelton Fairfield County,hvnsh-residence-inn-shelton-fairfield-county,Marriott-HVNSH
BDLCS,Courtyard Southington,bdlcs-courtyard-southington,Marriott-BDLCS
BDLST,Residence Inn Southington,bdlst-residence-inn-southington,Marriott-BDLST
STFCY,Courtyard Stamford Downtown,stfcy-courtyard-stamford-downtown,Marriott-STFCY
STFCT,Stamford Marriott Hotel & Spa,stfct-stamford-marriott-hotel-&-spa,Marriott-STFCT
STFRD,Residence Inn Stamford Downtown,stfrd-residence-inn-stamford-downtown,Marriott-STFRD
BDRCT,Trumbull Marriott Shelton,bdrct-trumbull-marriott-shelton,Marriott-BDRCT
HVNUN,Fairfield by Marriott Inn & Suites Uncasville Mohegan Sun Area,hvnun-fairfield-by-marriott-inn-&-suites-uncasville-mohegan-sun-area,Marriott-HVNUN
HVNWA,Courtyard New Haven Wallingford,hvnwa-courtyard-new-haven-wallingford,Marriott-HVNWA
HVNFW,Fairfield Inn & Suites Wallingford New Haven,hvnfw-fairfield-inn-&-suites-wallingford-new-haven,Marriott-HVNFW
HVNCY,Courtyard Waterbury Downtown,hvncy-courtyard-waterbury-downtown,Marriott-HVNCY
GONSH,SpringHill Suites Mystic Waterford,gonsh-springhill-suites-mystic-waterford,Marriott-GONSH
BDLWD,Courtyard Hartford/Windsor Airport,bdlwd-courtyard-hartford/windsor-airport,Marriott-BDLWD
BDLAP,Marriott Hartford/Windsor Airport,bdlap-marriott-hartford/windsor-airport,Marriott-BDLAP
BDLDF,Residence Inn Hartford Windsor,bdldf-residence-inn-hartford-windsor,Marriott-BDLDF
BDLFI,Fairfield Inn & Suites Hartford Airport,bdlfi-fairfield-inn-&-suites-hartford-airport,Marriott-BDLFI
BDLWL,SpringHill Suites Hartford Airport/Windsor Locks,bdlwl-springhill-suites-hartford-airport/windsor-locks,Marriott-BDLWL
BDLSI,Sheraton Hartford Hotel at Bradley Airport,bdlsi-sheraton-hartford-hotel-at-bradley-airport,Marriott-BDLSI
RNOCC,Courtyard Carson City,rnocc-courtyard-carson-city,Marriott-RNOCC
EKOTS,TownePlace Suites Elko,ekots-towneplace-suites-elko,Marriott-EKOTS
LASGV,Courtyard Las Vegas Henderson/Green Valley,lasgv-courtyard-las-vegas-henderson/green-valley,Marriott-LASGV
LASGR,Residence Inn Las Vegas Henderson/Green Valley,lasgr-residence-inn-las-vegas-henderson/green-valley,Marriott-LASGR
LASRH,Residence Inn Las Vegas South/Henderson,lasrh-residence-inn-las-vegas-south/henderson,Marriott-LASRH
LASHD,SpringHill Suites Las Vegas Henderson,lashd-springhill-suites-las-vegas-henderson,Marriott-LASHD
LASHA,Aloft Henderson,lasha-aloft-henderson,Marriott-LASHA
LASHN,TownePlace Suites Las Vegas Henderson,lashn-towneplace-suites-las-vegas-henderson,Marriott-LASHN
LASWI,The Westin Lake Las Vegas Resort & Spa,laswi-the-westin-lake-las-vegas-resort-&-spa,Marriott-LASWI
LASCO,"The Cosmopolitan of Las Vegas, Autograph Collection","lasco-the-cosmopolitan-of-las-vegas,-autograph-collection",Marriott-LASCO
LASCH,Courtyard Las Vegas Convention Center,lasch-courtyard-las-vegas-convention-center,Marriott-LASCH
LASCY,Courtyard By Marriott Las Vegas Stadium Area,lascy-courtyard-by-marriott-las-vegas-stadium-area,Marriott-LASCY
LASFA,Fairfield Inn & Suites Las Vegas Airport South,lasfa-fairfield-inn-&-suites-las-vegas-airport-south,Marriott-LASFA
LASNO,Fairfield Inn & Suites Las Vegas Northwest,lasno-fairfield-inn-&-suites-las-vegas-northwest,Marriott-LASNO
LASFS,Fairfield Inn & Suites Las Vegas Stadium Area,lasfs-fairfield-inn-&-suites-las-vegas-stadium-area,Marriott-LASFS
LASFI,Fairfield Inn Las Vegas Convention Center,lasfi-fairfield-inn-las-vegas-convention-center,Marriott-LASFI
LASJW,JW Marriott Las Vegas The Resort at Summerlin,lasjw-jw-marriott-las-vegas-the-resort-at-summerlin,Marriott-LASJW
LASST,Las Vegas Marriott,lasst-las-vegas-marriott,Marriott-LASST
LASVG,Marriott's Grand Chateau,lasvg-marriott's-grand-chateau,Marriott-LASVG
LASBR,Renaissance Las Vegas Hotel,lasbr-renaissance-las-vegas-hotel,Marriott-LASBR
LASVR,Residence Inn Las Vegas Airport,lasvr-residence-inn-las-vegas-airport,Marriott-LASVR
LASNV,Residence Inn Las Vegas Convention Center,lasnv-residence-inn-las-vegas-convention-center,Marriott-LASNV
LASHH,Residence Inn Las Vegas Hughes Center,lashh-residence-inn-las-vegas-hughes-center,Marriott-LASHH
LASRI,Residence Inn By Marriott Las Vegas Stadium Area,lasri-residence-inn-by-marriott-las-vegas-stadium-area,Marriott-LASRI
LASSA,SpringHill Suites Las Vegas Airport,lassa-springhill-suites-las-vegas-airport,Marriott-LASSA
LASPR,SpringHill Suites Las Vegas Convention Center,laspr-springhill-suites-las-vegas-convention-center,Marriott-LASPR
LASEL,Element Las Vegas Summerlin,lasel-element-las-vegas-summerlin,Marriott-LASEL
LASTA,TownePlace Suites Las Vegas Airport South,lasta-towneplace-suites-las-vegas-airport-south,Marriott-LASTA
LASTW,TownePlace Suites Las Vegas Stadium District,lastw-towneplace-suites-las-vegas-stadium-district,Marriott-LASTW
LASNE,TownePlace Suites Las Vegas North I-15,lasne-towneplace-suites-las-vegas-north-i-15,Marriott-LASNE
LASTD,"The ENGLiSH Hotel, Las Vegas, a Tribute Portfolio Hotel","lastd-the-english-hotel,-las-vegas,-a-tribute-portfolio-hotel",Marriott-LASTD
LASVW,The Westin Las Vegas Hotel & Spa,lasvw-the-westin-las-vegas-hotel-&-spa,Marriott-LASVW
LASVN,SpringHill Suites Las Vegas North Speedway,lasvn-springhill-suites-las-vegas-north-speedway,Marriott-LASVN
RNOCY,Courtyard Reno,rnocy-courtyard-reno,Marriott-RNOCY
RNODT,Courtyard Reno Downtown/Riverfront,rnodt-courtyard-reno-downtown/riverfront,Marriott-RNODT
RNOBR,Renaissance Reno Downtown Hotel & Spa,rnobr-renaissance-reno-downtown-hotel-&-spa,Marriott-RNOBR
RNOSO,SpringHill Suites Reno,rnoso-springhill-suites-reno,Marriott-RNOSO
RNOAL,Aloft Reno-Tahoe International Airport,rnoal-aloft-reno-tahoe-international-airport,Marriott-RNOAL
RNOEL,Element Reno Experience District,rnoel-element-reno-experience-district,Marriott-RNOEL
RNOFI,Fairfield Inn & Suites Reno Sparks,rnofi-fairfield-inn-&-suites-reno-sparks,Marriott-RNOFI
RNOSP,Residence Inn Reno Sparks,rnosp-residence-inn-reno-sparks,Marriott-RNOSP
WMCFI,Fairfield Inn & Suites Winnemucca,wmcfi-fairfield-inn-&-suites-winnemucca,Marriott-WMCFI
UOXBV,Fairfield Inn & Suites Batesville,uoxbv-fairfield-inn-&-suites-batesville,Marriott-UOXBV
MEMTX,"Cotton House, Cleveland, a Tribute Portfolio Hotel","memtx-cotton-house,-cleveland,-a-tribute-portfolio-hotel",Marriott-MEMTX
JANCL,Fairfield Inn & Suites Jackson Clinton,jancl-fairfield-inn-&-suites-jackson-clinton,Marriott-JANCL
GTRCY,Courtyard Columbus,gtrcy-courtyard-columbus,Marriott-GTRCY
GTRFI,Fairfield Inn & Suites Columbus,gtrfi-fairfield-inn-&-suites-columbus,Marriott-GTRFI
GPTBN,Courtyard Biloxi North/D'Iberville,gptbn-courtyard-biloxi-north/d'iberville,Marriott-GPTBN
JANSI,Sheraton Flowood The Refuge Hotel & Conference Center,jansi-sheraton-flowood-the-refuge-hotel-&-conference-center,Marriott-JANSI
JANTO,TownePlace Suites Jackson Airport/Flowood,janto-towneplace-suites-jackson-airport/flowood,Marriott-JANTO
GPTCY,Courtyard Gulfport Beachfront,gptcy-courtyard-gulfport-beachfront,Marriott-GPTCY
GPTFI,Fairfield Inn & Suites Gulfport,gptfi-fairfield-inn-&-suites-gulfport,Marriott-GPTFI
GPTRI,Residence Inn Gulfport-Biloxi Airport,gptri-residence-inn-gulfport-biloxi-airport,Marriott-GPTRI
GPTSH,SpringHill Suites Gulfport I-10,gptsh-springhill-suites-gulfport-i-10,Marriott-GPTSH
HBGCY,Courtyard Hattiesburg,hbgcy-courtyard-hattiesburg,Marriott-HBGCY
HBGFI,Fairfield Inn & Suites Hattiesburg,hbgfi-fairfield-inn-&-suites-hattiesburg,Marriott-HBGFI
HBGRI,Residence Inn Hattiesburg,hbgri-residence-inn-hattiesburg,Marriott-HBGRI
HBGTS,TownePlace Suites Hattiesburg,hbgts-towneplace-suites-hattiesburg,Marriott-HBGTS
JANCY,Courtyard Jackson Ridgeland,jancy-courtyard-jackson-ridgeland,Marriott-JANCY
JANMD,Residence Inn Jackson The District at Eastover,janmd-residence-inn-jackson-the-district-at-eastover,Marriott-JANMD
JANWI,The Westin Jackson,janwi-the-westin-jackson,Marriott-JANWI
JANCJ,Courtyard Jackson Madison,jancj-courtyard-jackson-madison,Marriott-JANCJ
MEIFI,Fairfield Inn & Suites Meridian,meifi-fairfield-inn-&-suites-meridian,Marriott-MEIFI
MEITX,"The Threefoot Hotel, Meridian, a Tribute Portfolio Hotel","meitx-the-threefoot-hotel,-meridian,-a-tribute-portfolio-hotel",Marriott-MEITX
MEMOB,Fairfield Inn & Suites Memphis Olive Branch,memob-fairfield-inn-&-suites-memphis-olive-branch,Marriott-MEMOB
MEMTO,TownePlace Suites Memphis Olive Branch,memto-towneplace-suites-memphis-olive-branch,Marriott-MEMTO
UOXCY,Courtyard Oxford,uoxcy-courtyard-oxford,Marriott-UOXCY
UOXTS,TownePlace Suites Oxford,uoxts-towneplace-suites-oxford,Marriott-UOXTS
JANAP,Courtyard Jackson Airport/Pearl,janap-courtyard-jackson-airport/pearl,Marriott-JANAP
JANFA,Fairfield Inn & Suites Jackson Airport,janfa-fairfield-inn-&-suites-jackson-airport,Marriott-JANFA
JANPR,Residence Inn Jackson Airport/Pearl,janpr-residence-inn-jackson-airport/pearl,Marriott-JANPR
JANAC,AC Hotel Jackson Ridgeland,janac-ac-hotel-jackson-ridgeland,Marriott-JANAC
JANJN,Residence Inn Jackson Ridgeland,janjn-residence-inn-jackson-ridgeland,Marriott-JANJN
JANSH,SpringHill Suites Jackson Ridgeland/The Township at Colony Park,jansh-springhill-suites-jackson-ridgeland/the-township-at-colony-park,Marriott-JANSH
JANTS,TownePlace Suites Jackson Ridgeland/The Township at Colony Park,jants-towneplace-suites-jackson-ridgeland/the-township-at-colony-park,Marriott-JANTS
MEMHV,Courtyard Memphis Southaven,memhv-courtyard-memphis-southaven,Marriott-MEMHV
MEMSH,Fairfield Inn & Suites Memphis Southaven,memsh-fairfield-inn-&-suites-memphis-southaven,Marriott-MEMSH
MEMTH,Residence Inn Memphis Southaven,memth-residence-inn-memphis-southaven,Marriott-MEMTH
MEMHT,TownePlace Suites Memphis Southaven,memht-towneplace-suites-memphis-southaven,Marriott-MEMHT
GTRSV,Courtyard Starkville MSU at The Mill Conference Center,gtrsv-courtyard-starkville-msu-at-the-mill-conference-center,Marriott-GTRSV
TUPCY,Courtyard Tupelo,tupcy-courtyard-tupelo,Marriott-TUPCY
TUPFI,Fairfield Inn & Suites Tupelo,tupfi-fairfield-inn-&-suites-tupelo,Marriott-TUPFI
VKSCY,Courtyard Vicksburg,vkscy-courtyard-vicksburg,Marriott-VKSCY
ALMFI,Fairfield Inn & Suites Alamogordo,almfi-fairfield-inn-&-suites-alamogordo,Marriott-ALMFI
ABQCY,Courtyard Albuquerque,abqcy-courtyard-albuquerque,Marriott-ABQCY
ABQCA,Courtyard Albuquerque Airport,abqca-courtyard-albuquerque-airport,Marriott-ABQCA
ABQFA,Fairfield Inn & Suites Albuquerque Airport,abqfa-fairfield-inn-&-suites-albuquerque-airport,Marriott-ABQFA
ABQFN,Fairfield Inn & Suites Albuquerque North,abqfn-fairfield-inn-&-suites-albuquerque-north,Marriott-ABQFN
ABQMC,Albuquerque Marriott Pyramid North,abqmc-albuquerque-marriott-pyramid-north,Marriott-ABQMC
ABQNM,Marriott Albuquerque,abqnm-marriott-albuquerque,Marriott-ABQNM
ABQAP,Residence Inn Albuquerque Airport,abqap-residence-inn-albuquerque-airport,Marriott-ABQAP
ABQRN,Residence Inn Albuquerque North,abqrn-residence-inn-albuquerque-north,Marriott-ABQRN
ABQNJ,SpringHill Suites Albuquerque North/Journal Center,abqnj-springhill-suites-albuquerque-north/journal-center,Marriott-ABQNJ
ABQSA,SpringHill Suites Albuquerque University Area,abqsa-springhill-suites-albuquerque-university-area,Marriott-ABQSA
ABQAH,Sheraton Albuquerque Airport Hotel,abqah-sheraton-albuquerque-airport-hotel,Marriott-ABQAH
ABQSI,Sheraton Albuquerque Uptown,abqsi-sheraton-albuquerque-uptown,Marriott-ABQSI
ABQTS,TownePlace Suites Albuquerque Airport,abqts-towneplace-suites-albuquerque-airport,Marriott-ABQTS
ABQAN,TownePlace Suites Albuquerque North,abqan-towneplace-suites-albuquerque-north,Marriott-ABQAN
ABQTW,TownePlace Suites Albuquerque Old Town,abqtw-towneplace-suites-albuquerque-old-town,Marriott-ABQTW
CNMFI,Fairfield Inn & Suites Carlsbad,cnmfi-fairfield-inn-&-suites-carlsbad,Marriott-CNMFI
CNMTS,TownePlace Suites Carlsbad,cnmts-towneplace-suites-carlsbad,Marriott-CNMTS
CVNCO,Fairfield Inn & Suites Clovis,cvnco-fairfield-inn-&-suites-clovis,Marriott-CVNCO
CVNTS,TownePlace Suites Clovis,cvnts-towneplace-suites-clovis,Marriott-CVNTS
FMNCY,Courtyard Farmington,fmncy-courtyard-farmington,Marriott-FMNCY
FMNFI,Fairfield Inn & Suites Farmington,fmnfi-fairfield-inn-&-suites-farmington,Marriott-FMNFI
FMNTS,TownePlace Suites Farmington,fmnts-towneplace-suites-farmington,Marriott-FMNTS
GUPFI,Fairfield Inn & Suites Gallup,gupfi-fairfield-inn-&-suites-gallup,Marriott-GUPFI
GUPSH,SpringHill Suites Gallup,gupsh-springhill-suites-gallup,Marriott-GUPSH
GUPTS,TownePlace Suites Gallup,gupts-towneplace-suites-gallup,Marriott-GUPTS
HOBFI,Fairfield Inn & Suites Hobbs,hobfi-fairfield-inn-&-suites-hobbs,Marriott-HOBFI
HOBTS,TownePlace Suites Hobbs,hobts-towneplace-suites-hobbs,Marriott-HOBTS
LRUCY,Courtyard by Marriott Las Cruces at NMSU,lrucy-courtyard-by-marriott-las-cruces-at-nmsu,Marriott-LRUCY
LRUFI,Fairfield Inn Las Cruces,lrufi-fairfield-inn-las-cruces,Marriott-LRUFI
LRUSS,SpringHill Suites Las Cruces,lruss-springhill-suites-las-cruces,Marriott-LRUSS
LRUTS,TownePlace Suites Las Cruces,lruts-towneplace-suites-las-cruces,Marriott-LRUTS
ROWFI,Fairfield Inn & Suites Roswell,rowfi-fairfield-inn-&-suites-roswell,Marriott-ROWFI
ROWTS,TownePlace Suites Roswell,rowts-towneplace-suites-roswell,Marriott-ROWTS
SAFCY,Courtyard Santa Fe,safcy-courtyard-santa-fe,Marriott-SAFCY
SAFFE,Fairfield Inn & Suites Santa Fe,saffe-fairfield-inn-&-suites-santa-fe,Marriott-SAFFE
SAFNM,Residence Inn Santa Fe,safnm-residence-inn-santa-fe,Marriott-SAFNM
SAFLC,"La Posada de Santa Fe, a Tribute Portfolio Resort & Spa","saflc-la-posada-de-santa-fe,-a-tribute-portfolio-resort-&-spa",Marriott-SAFLC
TCCFI,Fairfield Inn & Suites Tucumcari,tccfi-fairfield-inn-&-suites-tucumcari,Marriott-TCCFI
OMASB,Courtyard Omaha Bellevue at Beardmore Event Center,omasb-courtyard-omaha-bellevue-at-beardmore-event-center,Marriott-OMASB
LNKLC,Fairfield Inn & Suites Lincoln Crete,lnklc-fairfield-inn-&-suites-lincoln-crete,Marriott-LNKLC
OMAFR,Fairfield Inn & Suites Fremont,omafr-fairfield-inn-&-suites-fremont,Marriott-OMAFR
GRIGI,Fairfield Inn & Suites Grand Island,grigi-fairfield-inn-&-suites-grand-island,Marriott-GRIGI
EARKF,Fairfield Inn & Suites Kearney,earkf-fairfield-inn-&-suites-kearney,Marriott-EARKF
OMALV,Courtyard Omaha La Vista,omalv-courtyard-omaha-la-vista,Marriott-OMALV
LNKCY,Courtyard Lincoln Downtown/Haymarket,lnkcy-courtyard-lincoln-downtown/haymarket,Marriott-LNKCY
LNKFI,Fairfield Inn & Suites Lincoln,lnkfi-fairfield-inn-&-suites-lincoln,Marriott-LNKFI
LNKNO,Fairfield Inn & Suites Lincoln Airport,lnkno-fairfield-inn-&-suites-lincoln-airport,Marriott-LNKNO
LNKSE,Fairfield Inn & Suites Lincoln Southeast,lnkse-fairfield-inn-&-suites-lincoln-southeast,Marriott-LNKSE
LNKFS,The Lincoln Marriott Cornhusker Hotel,lnkfs-the-lincoln-marriott-cornhusker-hotel,Marriott-LNKFS
LNKRI,Residence Inn Lincoln South,lnkri-residence-inn-lincoln-south,Marriott-LNKRI
LNKTS,TownePlace Suites Lincoln North,lnkts-towneplace-suites-lincoln-north,Marriott-LNKTS
LNKTX,"The Scarlet, Lincoln, a Tribute Portfolio Hotel","lnktx-the-scarlet,-lincoln,-a-tribute-portfolio-hotel",Marriott-LNKTX
SUXNF,Fairfield Inn & Suites Norfolk,suxnf-fairfield-inn-&-suites-norfolk,Marriott-SUXNF
SUXNT,TownePlace Suites Norfolk,suxnt-towneplace-suites-norfolk,Marriott-SUXNT
LBFFI,Fairfield Inn & Suites North Platte,lbffi-fairfield-inn-&-suites-north-platte,Marriott-LBFFI
OMAAK,"The Farnam, Autograph Collection","omaak-the-farnam,-autograph-collection",Marriott-OMAAK
OMAWT,Courtyard Omaha Aksarben Village,omawt-courtyard-omaha-aksarben-village,Marriott-OMAWT
OMACY,Courtyard Omaha Downtown/Old Market Area,omacy-courtyard-omaha-downtown/old-market-area,Marriott-OMACY
OMAFD,Fairfield Inn & Suites Omaha Downtown,omafd-fairfield-inn-&-suites-omaha-downtown,Marriott-OMAFD
OMANW,Fairfield Inn & Suites Omaha Northwest,omanw-fairfield-inn-&-suites-omaha-northwest,Marriott-OMANW
OMAWF,Fairfield Inn & Suites Omaha West,omawf-fairfield-inn-&-suites-omaha-west,Marriott-OMAWF
OMAWE,Omaha Marriott,omawe-omaha-marriott,Marriott-OMAWE
OMADM,Omaha Marriott Downtown at the Capitol District,omadm-omaha-marriott-downtown-at-the-capitol-district,Marriott-OMADM
OMAOX,Moxy Omaha Downtown,omaox-moxy-omaha-downtown,Marriott-OMAOX
OMAKV,Residence Inn Omaha Aksarben Village,omakv-residence-inn-omaha-aksarben-village,Marriott-OMAKV
OMART,Residence Inn Omaha Downtown/Old Market Area,omart-residence-inn-omaha-downtown/old-market-area,Marriott-OMART
OMARW,Residence Inn Omaha West,omarw-residence-inn-omaha-west,Marriott-OMARW
OMAAI,Aloft Omaha Aksarben Village,omaai-aloft-omaha-aksarben-village,Marriott-OMAAI
OMAAL,Aloft Omaha West,omaal-aloft-omaha-west,Marriott-OMAAL
OMAEL,Element Omaha Midtown Crossing,omael-element-omaha-midtown-crossing,Marriott-OMAEL
OMAFP,Four Points by Sheraton Omaha Midtown,omafp-four-points-by-sheraton-omaha-midtown,Marriott-OMAFP
OMATS,TownePlace Suites Omaha West,omats-towneplace-suites-omaha-west,Marriott-OMATS
OMAOP,Fairfield Inn & Suites Omaha Papillion,omaop-fairfield-inn-&-suites-omaha-papillion,Marriott-OMAOP
BFFFI,Fairfield Inn & Suites Scottsbluff,bfffi-fairfield-inn-&-suites-scottsbluff,Marriott-BFFFI
BFFSN,Fairfield Inn & Suites Sidney,bffsn-fairfield-inn-&-suites-sidney,Marriott-BFFSN
SUXMC,South Sioux City Marriott Riverfront,suxmc-south-sioux-city-marriott-riverfront,Marriott-SUXMC
HNLAK,"The Laylow Waikiki, Autograph Collection","hnlak-the-laylow-waikiki,-autograph-collection",Marriott-HNLAK
HNLOW,Courtyard Waikiki Beach,hnlow-courtyard-waikiki-beach,Marriott-HNLOW
HNLMC,Waikiki Beach Marriott Resort & Spa,hnlmc-waikiki-beach-marriott-resort-&-spa,Marriott-HNLMC
HNLLC,"The Royal Hawaiian, a Luxury Collection Resort, Waikiki","hnllc-the-royal-hawaiian,-a-luxury-collection-resort,-waikiki",Marriott-HNLLC
HNLKS,Sheraton Princess Kaiulani Waikiki Beach,hnlks-sheraton-princess-kaiulani-waikiki-beach,Marriott-HNLKS
HNLWS,Sheraton Waikiki Beach Resort,hnlws-sheraton-waikiki-beach-resort,Marriott-HNLWS
HNLWI,"Moana Surfrider, A Westin Resort & Spa, Waikiki Beach","hnlwi-moana-surfrider,-a-westin-resort-&-spa,-waikiki-beach",Marriott-HNLWI
HNMMK,Courtyard Maui Kahului Airport,hnmmk-courtyard-maui-kahului-airport,Marriott-HNMMK
KOACY,Courtyard King Kamehameha's Kona Beach Hotel,koacy-courtyard-king-kamehameha's-kona-beach-hotel,Marriott-KOACY
LIHSK,Sheraton Kauai Coconut Beach Resort,lihsk-sheraton-kauai-coconut-beach-resort,Marriott-LIHSK
JHMRZ,"The Ritz-Carlton Maui, Kapalua","jhmrz-the-ritz-carlton-maui,-kapalua",Marriott-JHMRZ
HNLRI,Residence Inn Oahu Kapolei,hnlri-residence-inn-oahu-kapolei,Marriott-HNLRI
HNLKO,Marriott's Ko Olina Beach Club,hnlko-marriott's-ko-olina-beach-club,Marriott-HNLKO
LIHSI,Sheraton Kauai Resort,lihsi-sheraton-kauai-resort,Marriott-LIHSI
KOAAK,"Mauna Kea Beach Hotel, Autograph Collection","koaak-mauna-kea-beach-hotel,-autograph-collection",Marriott-KOAAK
KOAWI,The Westin Hapuna Beach Resort,koawi-the-westin-hapuna-beach-resort,Marriott-KOAWI
LIHAK,"Koloa Landing Resort at Poipu, Autograph Collection","lihak-koloa-landing-resort-at-poipu,-autograph-collection",Marriott-LIHAK
LIHSU,Sheraton Kauai Resort Villas,lihsu-sheraton-kauai-resort-villas,Marriott-LIHSU
LIHWI,Marriott's Waiohai Beach Club,lihwi-marriott's-waiohai-beach-club,Marriott-LIHWI
OGGWS,The Westin Ka'anapali Ocean Resort Villas,oggws-the-westin-ka'anapali-ocean-resort-villas,Marriott-OGGWS
OGGWN,The Westin Ka'anapali Ocean Resort Villas North,oggwn-the-westin-ka'anapali-ocean-resort-villas-north,Marriott-OGGWN
OGGWO,"The Westin Nanea Ocean Villas, Ka'anapali","oggwo-the-westin-nanea-ocean-villas,-ka'anapali",Marriott-OGGWO
HNMMU,Marriott's Maui Ocean Club  - Lahaina & Napili Towers,hnmmu-marriott's-maui-ocean-club----lahaina-&-napili-towers,Marriott-HNMMU
HNMMH,"Marriott's Maui Ocean Club  - Molokai, Maui & Lanai Towers","hnmmh-marriott's-maui-ocean-club----molokai,-maui-&-lanai-towers",Marriott-HNMMH
HNLOA,Courtyard Oahu North Shore,hnloa-courtyard-oahu-north-shore,Marriott-HNLOA
LIHKA,Marriott's Kaua'i Beach Club,lihka-marriott's-kaua'i-beach-club,Marriott-LIHKA
LIHKN,Marriott's Kauai Lagoons - Kalanipu'u,lihkn-marriott's-kauai-lagoons---kalanipu'u,Marriott-LIHKN
HNMSI,Sheraton Maui Resort & Spa,hnmsi-sheraton-maui-resort-&-spa,Marriott-HNMSI
HNMWI,"The Westin Maui Resort & Spa, Ka'anapali","hnmwi-the-westin-maui-resort-&-spa,-ka'anapali",Marriott-HNMWI
LIHWP,The Westin Princeville Ocean Resort Villas,lihwp-the-westin-princeville-ocean-resort-villas,Marriott-LIHWP
HNLRR,"The Ritz-Carlton Residences, Waikiki Beach","hnlrr-the-ritz-carlton-residences,-waikiki-beach",Marriott-HNLRR
KOAMV,Marriott’s Waikoloa Ocean Club,koamv-marriott’s-waikoloa-ocean-club,Marriott-KOAMV
KOAMC,Waikoloa Beach Marriott Resort & Spa,koamc-waikoloa-beach-marriott-resort-&-spa,Marriott-KOAMC
HNMAC,AC Hotel by Marriott Maui Wailea,hnmac-ac-hotel-by-marriott-maui-wailea,Marriott-HNMAC
HNMMC,"Wailea Beach Resort - Marriott, Maui","hnmmc-wailea-beach-resort---marriott,-maui",Marriott-HNMMC
HNMRI,Residence Inn Maui Wailea,hnmri-residence-inn-maui-wailea,Marriott-HNMRI
WASAO,AC Hotel Washington DC Capitol Hill Navy Yard,wasao-ac-hotel-washington-dc-capitol-hill-navy-yard,Marriott-WASAO
WASAE,AC Hotel Washington DC Convention Center,wasae-ac-hotel-washington-dc-convention-center,Marriott-WASAE
WASAD,AC Hotel Washington DC Downtown,wasad-ac-hotel-washington-dc-downtown,Marriott-WASAD
WASAK,"The Mayflower Hotel, Autograph Collection","wasak-the-mayflower-hotel,-autograph-collection",Marriott-WASAK
WASNY,Courtyard Washington Capitol Hill/Navy Yard,wasny-courtyard-washington-capitol-hill/navy-yard,Marriott-WASNY
WASYV,Courtyard Washington Downtown/Convention Center,wasyv-courtyard-washington-downtown/convention-center,Marriott-WASYV
WASNC,"Courtyard Washington, DC Dupont Circle","wasnc-courtyard-washington,-dc-dupont-circle",Marriott-WASNC
WASFB,"Courtyard Washington, DC/Foggy Bottom","wasfb-courtyard-washington,-dc/foggy-bottom",Marriott-WASFB
WASUS,"Courtyard Washington, DC/U.S. Capitol","wasus-courtyard-washington,-dc/u.s.-capitol",Marriott-WASUS
WASFC,"Fairfield Inn & Suites Washington, DC/Downtown","wasfc-fairfield-inn-&-suites-washington,-dc/downtown",Marriott-WASFC
WASNA,"Fairfield Inn & Suites Washington, DC/New York Avenue","wasna-fairfield-inn-&-suites-washington,-dc/new-york-avenue",Marriott-WASNA
WASJW,"JW Marriott Washington, DC","wasjw-jw-marriott-washington,-dc",Marriott-WASJW
WASCO,"Marriott Marquis Washington, DC","wasco-marriott-marquis-washington,-dc",Marriott-WASCO
WASMV,"Marriott Vacation Club at The Mayflower, Washington, D.C.","wasmv-marriott-vacation-club-at-the-mayflower,-washington,-d.c.",Marriott-WASMV
WASMC,Washington Marriott at Metro Center,wasmc-washington-marriott-at-metro-center,Marriott-WASMC
WASNN,Washington Marriott Capitol Hill,wasnn-washington-marriott-capitol-hill,Marriott-WASNN
WASWE,Washington Marriott Georgetown,waswe-washington-marriott-georgetown,Marriott-WASWE
WASOX,"Moxy Washington, DC Downtown","wasox-moxy-washington,-dc-downtown",Marriott-WASOX
WASRB,"Renaissance Washington, DC Downtown Hotel","wasrb-renaissance-washington,-dc-downtown-hotel",Marriott-WASRB
WASXR,Residence Inn Washington Capitol Hill/Navy Yard,wasxr-residence-inn-washington-capitol-hill/navy-yard,Marriott-WASXR
WASRD,Residence Inn Washington Downtown/Convention Center,wasrd-residence-inn-washington-downtown/convention-center,Marriott-WASRD
WASDC,"Residence Inn Washington, DC Downtown","wasdc-residence-inn-washington,-dc-downtown",Marriott-WASDC
WASCP,"Residence Inn Washington, DC National Mall","wascp-residence-inn-washington,-dc-national-mall",Marriott-WASCP
WASRI,"Residence Inn Washington, DC/Dupont Circle","wasri-residence-inn-washington,-dc/dupont-circle",Marriott-WASRI
WASFG,"Residence Inn Washington, DC/Foggy Bottom","wasfg-residence-inn-washington,-dc/foggy-bottom",Marriott-WASFG
WASGO,"The Ritz-Carlton Georgetown, Washington, D.C.","wasgo-the-ritz-carlton-georgetown,-washington,-d.c.",Marriott-WASGO
WASRT,"The Ritz-Carlton, Washington, D.C.","wasrt-the-ritz-carlton,-washington,-d.c.",Marriott-WASRT
WASMM,"Le Méridien Washington, D.C., The Madison","wasmm-le-méridien-washington,-d.c.,-the-madison",Marriott-WASMM
WASSX,"The St. Regis Washington, D.C.","wassx-the-st.-regis-washington,-d.c.",Marriott-WASSX
WASTX,"The Ven at Embassy Row, Washington, D.C., a Tribute Portfolio Hotel","wastx-the-ven-at-embassy-row,-washington,-d.c.,-a-tribute-portfolio-hotel",Marriott-WASTX
WASTW,"The Westin Georgetown, Washington D.C.","wastw-the-westin-georgetown,-washington-d.c.",Marriott-WASTW
WASCW,"The Westin Washington, D.C. City Center","wascw-the-westin-washington,-d.c.-city-center",Marriott-WASCW
MHTCN,Courtyard Concord,mhtcn-courtyard-concord,Marriott-MHTCN
MHTFC,Fairfield Inn Concord,mhtfc-fairfield-inn-concord,Marriott-MHTFC
MHTCR,Residence Inn Concord,mhtcr-residence-inn-concord,Marriott-MHTCR
PSMEX,Fairfield Inn & Suites Portsmouth Exeter,psmex-fairfield-inn-&-suites-portsmouth-exeter,Marriott-PSMEX
MHTGF,TownePlace Suites Laconia Gilford,mhtgf-towneplace-suites-laconia-gilford,Marriott-MHTGF
PSMSH,SpringHill Suites Hampton Portsmouth,psmsh-springhill-suites-hampton-portsmouth,Marriott-PSMSH
MHTHO,Fairfield Inn & Suites Hooksett,mhtho-fairfield-inn-&-suites-hooksett,Marriott-MHTHO
MHTDT,Courtyard Keene Downtown,mhtdt-courtyard-keene-downtown,Marriott-MHTDT
MHTKN,Fairfield Inn & Suites Keene Downtown,mhtkn-fairfield-inn-&-suites-keene-downtown,Marriott-MHTKN
LEBCY,Courtyard Hanover Lebanon,lebcy-courtyard-hanover-lebanon,Marriott-LEBCY
LEBRI,Residence Inn Hanover Lebanon,lebri-residence-inn-hanover-lebanon,Marriott-LEBRI
MHTCY,Courtyard Manchester-Boston Regional Airport,mhtcy-courtyard-manchester-boston-regional-airport,Marriott-MHTCY
MHTFM,Fairfield Inn Manchester-Boston Regional Airport,mhtfm-fairfield-inn-manchester-boston-regional-airport,Marriott-MHTFM
MHTRD,Residence Inn Manchester Downtown,mhtrd-residence-inn-manchester-downtown,Marriott-MHTRD
MHTSH,SpringHill Suites Manchester-Boston Regional Airport,mhtsh-springhill-suites-manchester-boston-regional-airport,Marriott-MHTSH
MHTTS,TownePlace Suites Manchester-Boston Regional Airport,mhtts-towneplace-suites-manchester-boston-regional-airport,Marriott-MHTTS
MHTNC,Courtyard Nashua,mhtnc-courtyard-nashua,Marriott-MHTNC
MHTNR,Residence Inn Nashua,mhtnr-residence-inn-nashua,Marriott-MHTNR
MHTSI,Sheraton Nashua,mhtsi-sheraton-nashua,Marriott-MHTSI
PWMNC,Fairfield Inn & Suites North Conway,pwmnc-fairfield-inn-&-suites-north-conway,Marriott-PWMNC
PWMCW,Residence Inn North Conway,pwmcw-residence-inn-north-conway,Marriott-PWMCW
LCIPL,Fairfield Inn & Suites Plymouth White Mountains,lcipl-fairfield-inn-&-suites-plymouth-white-mountains,Marriott-LCIPL
PSMAC,AC Hotel Portsmouth Downtown/Waterfront,psmac-ac-hotel-portsmouth-downtown/waterfront,Marriott-PSMAC
PSMCY,Courtyard Portsmouth,psmcy-courtyard-portsmouth,Marriott-PSMCY
PSMFI,Fairfield Inn Portsmouth Seacoast,psmfi-fairfield-inn-portsmouth-seacoast,Marriott-PSMFI
PSMRI,Residence Inn Portsmouth,psmri-residence-inn-portsmouth,Marriott-PSMRI
PSMDT,Residence Inn Portsmouth Downtown/Waterfront,psmdt-residence-inn-portsmouth-downtown/waterfront,Marriott-PSMDT
PSMSI,Sheraton Portsmouth Harborside Hotel,psmsi-sheraton-portsmouth-harborside-hotel,Marriott-PSMSI
BOICY,Courtyard Boise Downtown,boicy-courtyard-boise-downtown,Marriott-BOICY
BOIFW,Fairfield Inn & Suites Boise West,boifw-fairfield-inn-&-suites-boise-west,Marriott-BOIFW
BOIFI,Fairfield Inn Boise,boifi-fairfield-inn-boise,Marriott-BOIFI
BOIRD,Residence Inn Boise Downtown/City Center,boird-residence-inn-boise-downtown/city-center,Marriott-BOIRD
BOIID,Residence Inn Boise Downtown/University,boiid-residence-inn-boise-downtown/university,Marriott-BOIID
BOIRI,Residence Inn Boise West,boiri-residence-inn-boise-west,Marriott-BOIRI
BOIDT,SpringHill Suites Boise ParkCenter,boidt-springhill-suites-boise-parkcenter,Marriott-BOIDT
BOISH,SpringHill Suites Boise West/Eagle,boish-springhill-suites-boise-west/eagle,Marriott-BOISH
BOITS,TownePlace Suites Boise Downtown/University,boits-towneplace-suites-boise-downtown/university,Marriott-BOITS
TWFFI,Fairfield Inn & Suites Burley,twffi-fairfield-inn-&-suites-burley,Marriott-TWFFI
COESH,SpringHill Suites Coeur d'Alene,coesh-springhill-suites-coeur-d'alene,Marriott-COESH
GEGCT,TownePlace Suites Coeur d'Alene,gegct-towneplace-suites-coeur-d'alene,Marriott-GEGCT
SUNFI,Fairfield Inn & Suites Hailey Sun Valley,sunfi-fairfield-inn-&-suites-hailey-sun-valley,Marriott-SUNFI
IDAFI,Fairfield Inn & Suites Idaho Falls,idafi-fairfield-inn-&-suites-idaho-falls,Marriott-IDAFI
IDARI,Residence Inn Idaho Falls,idari-residence-inn-idaho-falls,Marriott-IDARI
IDASH,SpringHill Suites Idaho Falls,idash-springhill-suites-idaho-falls,Marriott-IDASH
IDASL,SpringHill Suites Island Park Yellowstone,idasl-springhill-suites-island-park-yellowstone,Marriott-IDASL
BOIWM,Courtyard Boise West/Meridian,boiwm-courtyard-boise-west/meridian,Marriott-BOIWM
BOIBW,TownePlace Suites Boise West/Meridian,boibw-towneplace-suites-boise-west/meridian,Marriott-BOIBW
PUWFI,Fairfield Inn & Suites Moscow,puwfi-fairfield-inn-&-suites-moscow,Marriott-PUWFI
BOINP,Fairfield Inn & Suites Boise Nampa,boinp-fairfield-inn-&-suites-boise-nampa,Marriott-BOINP
IDAPC,Courtyard Pocatello,idapc-courtyard-pocatello,Marriott-IDAPC
IDAFP,Fairfield Inn & Suites Pocatello,idafp-fairfield-inn-&-suites-pocatello,Marriott-IDAFP
IDATS,TownePlace Suites Pocatello,idats-towneplace-suites-pocatello,Marriott-IDATS
IDARX,SpringHill Suites Rexburg,idarx-springhill-suites-rexburg,Marriott-IDARX
TWFTW,Fairfield Inn & Suites Twin Falls,twftw-fairfield-inn-&-suites-twin-falls,Marriott-TWFTW
TWFTS,TownePlace Suites Twin Falls,twfts-towneplace-suites-twin-falls,Marriott-TWFTS
HTSDE,Delta Hotels Huntington Mall,htsde-delta-hotels-huntington-mall,Marriott-HTSDE
BKWCY,Courtyard Beckley,bkwcy-courtyard-beckley,Marriott-BKWCY
CKBCY,Courtyard Bridgeport Clarksburg,ckbcy-courtyard-bridgeport-clarksburg,Marriott-CKBCY
CKBSH,SpringHill Suites Bridgeport Clarksburg,ckbsh-springhill-suites-bridgeport-clarksburg,Marriott-CKBSH
CKBTS,TownePlace Suites Bridgeport Clarksburg,ckbts-towneplace-suites-bridgeport-clarksburg,Marriott-CKBTS
CRWCY,Courtyard Charleston Downtown/Civic Center,crwcy-courtyard-charleston-downtown/civic-center,Marriott-CRWCY
CRWFC,Fairfield Inn & Suites Charleston,crwfc-fairfield-inn-&-suites-charleston,Marriott-CRWFC
CRWWV,Charleston Marriott Town Center,crwwv-charleston-marriott-town-center,Marriott-CRWWV
CRWFP,Four Points by Sheraton Charleston,crwfp-four-points-by-sheraton-charleston,Marriott-CRWFP
CKBFI,Fairfield Inn & Suites Fairmont,ckbfi-fairfield-inn-&-suites-fairmont,Marriott-CKBFI
HTSDH,Delta Hotels Huntington Downtown,htsdh-delta-hotels-huntington-downtown,Marriott-HTSDH
HTSHN,Fairfield Inn & Suites Huntington,htshn-fairfield-inn-&-suites-huntington,Marriott-HTSHN
HTSTS,TownePlace Suites Huntington,htsts-towneplace-suites-huntington,Marriott-HTSTS
LWBFI,Fairfield Inn & Suites Lewisburg,lwbfi-fairfield-inn-&-suites-lewisburg,Marriott-LWBFI
HGRMB,Fairfield Inn & Suites Martinsburg,hgrmb-fairfield-inn-&-suites-martinsburg,Marriott-HGRMB
MGWCY,Courtyard Morgantown,mgwcy-courtyard-morgantown,Marriott-MGWCY
MGWMG,Fairfield Inn & Suites Morgantown,mgwmg-fairfield-inn-&-suites-morgantown,Marriott-MGWMG
MGWMC,Morgantown Marriott at Waterfront Place,mgwmc-morgantown-marriott-at-waterfront-place,Marriott-MGWMC
MGWRI,Residence Inn Morgantown Medical Center Area,mgwri-residence-inn-morgantown-medical-center-area,Marriott-MGWRI
MGWSH,SpringHill Suites Morgantown,mgwsh-springhill-suites-morgantown,Marriott-MGWSH
PKBTS,TownePlace Suites Parkersburg,pkbts-towneplace-suites-parkersburg,Marriott-PKBTS
BLFFP,Fairfield Inn & Suites Princeton,blffp-fairfield-inn-&-suites-princeton,Marriott-BLFFP
PITXW,Fairfield Inn & Suites Wheeling at The Highlands,pitxw-fairfield-inn-&-suites-wheeling-at-the-highlands,Marriott-PITXW
PITFW,Fairfield Inn & Suites Weirton,pitfw-fairfield-inn-&-suites-weirton,Marriott-PITFW
PITWH,SpringHill Suites Wheeling Triadelphia Area,pitwh-springhill-suites-wheeling-triadelphia-area,Marriott-PITWH
BZNRK,Residence Inn Big Sky/The Wilson Hotel,bznrk-residence-inn-big-sky/the-wilson-hotel,Marriott-BZNRK
BILMT,Fairfield Inn & Suites Billings,bilmt-fairfield-inn-&-suites-billings,Marriott-BILMT
BILRI,Residence Inn Billings,bilri-residence-inn-billings,Marriott-BILRI
BILSH,SpringHill Suites Billings,bilsh-springhill-suites-billings,Marriott-BILSH
BILTS,TownePlace Suites Billings,bilts-towneplace-suites-billings,Marriott-BILTS
BZNAR,AC Hotel Bozeman Downtown,bznar-ac-hotel-bozeman-downtown,Marriott-BZNAR
BZNRI,Residence Inn Bozeman,bznri-residence-inn-bozeman,Marriott-BZNRI
BZNRE,Residence Inn Bozeman Downtown,bznre-residence-inn-bozeman-downtown,Marriott-BZNRE
BZNSH,SpringHill Suites Bozeman,bznsh-springhill-suites-bozeman,Marriott-BZNSH
BZNEL,Element Bozeman,bznel-element-bozeman,Marriott-BZNEL
BTMFI,Fairfield Inn & Suites Butte,btmfi-fairfield-inn-&-suites-butte,Marriott-BTMFI
GTFSH,SpringHill Suites Great Falls,gtfsh-springhill-suites-great-falls,Marriott-GTFSH
HLNDE,Delta Hotels Helena Colonial,hlnde-delta-hotels-helena-colonial,Marriott-HLNDE
HLNFI,Fairfield Inn & Suites Helena,hlnfi-fairfield-inn-&-suites-helena,Marriott-HLNFI
HLNRI,Residence Inn Helena,hlnri-residence-inn-helena,Marriott-HLNRI
FCASH,SpringHill Suites Kalispell,fcash-springhill-suites-kalispell,Marriott-FCASH
BILFL,Fairfield Inn & Suites Laurel,bilfl-fairfield-inn-&-suites-laurel,Marriott-BILFL
BZNFY,Fairfield Inn & Suites Livingston Yellowstone,bznfy-fairfield-inn-&-suites-livingston-yellowstone,Marriott-BZNFY
MSOAC,AC Hotel Missoula Downtown,msoac-ac-hotel-missoula-downtown,Marriott-MSOAC
MSOCY,Courtyard Missoula,msocy-courtyard-missoula,Marriott-MSOCY
MSOFI,Fairfield Inn & Suites Missoula Airport,msofi-fairfield-inn-&-suites-missoula-airport,Marriott-MSOFI
MSORI,Residence Inn Missoula Downtown,msori-residence-inn-missoula-downtown,Marriott-MSORI
MSOTS,TownePlace Suites Missoula,msots-towneplace-suites-missoula,Marriott-MSOTS
FCATS,TownePlace Suites Whitefish Kalispell,fcats-towneplace-suites-whitefish-kalispell,Marriott-FCATS
PWMAB,Residence Inn Auburn,pwmab-residence-inn-auburn,Marriott-PWMAB
AUGFI,Fairfield Inn & Suites Augusta,augfi-fairfield-inn-&-suites-augusta,Marriott-AUGFI
BGRCY,Courtyard Bangor,bgrcy-courtyard-bangor,Marriott-BGRCY
BGRFI,Fairfield Inn Bangor,bgrfi-fairfield-inn-bangor,Marriott-BGRFI
BGRRI,Residence Inn Bangor,bgrri-residence-inn-bangor,Marriott-BGRRI
BGRTS,TownePlace Suites Bangor,bgrts-towneplace-suites-bangor,Marriott-BGRTS
PWMBA,Residence Inn Bath Brunswick Area,pwmba-residence-inn-bath-brunswick-area,Marriott-PWMBA
PWMBW,Fairfield Inn & Suites Brunswick Freeport,pwmbw-fairfield-inn-&-suites-brunswick-freeport,Marriott-PWMBW
PWMAC,"AC Hotel Portland Downtown/Waterfront, ME","pwmac-ac-hotel-portland-downtown/waterfront,-me",Marriott-PWMAC
PWMAK,"The Press Hotel, Autograph Collection","pwmak-the-press-hotel,-autograph-collection",Marriott-PWMAK
PWMCD,Courtyard Portland Downtown/Waterfront,pwmcd-courtyard-portland-downtown/waterfront,Marriott-PWMCD
PWMDT,Residence Inn Portland Downtown/Waterfront,pwmdt-residence-inn-portland-downtown/waterfront,Marriott-PWMDT
PWMAL,Aloft Portland Downtown Waterfront ME,pwmal-aloft-portland-downtown-waterfront-me,Marriott-PWMAL
PWMWI,The Westin Portland Harborview,pwmwi-the-westin-portland-harborview,Marriott-PWMWI
PWMPT,Fairfield Inn & Suites Portland Maine Airport,pwmpt-fairfield-inn-&-suites-portland-maine-airport,Marriott-PWMPT
PWMRI,Residence Inn Portland Scarborough,pwmri-residence-inn-portland-scarborough,Marriott-PWMRI
PWMLO,Courtyard Portland Airport,pwmlo-courtyard-portland-airport,Marriott-PWMLO
PWMSI,Portland Sheraton at Sable Oaks,pwmsi-portland-sheraton-at-sable-oaks,Marriott-PWMSI
PWMSO,TownePlace Suites Portland Airport ME,pwmso-towneplace-suites-portland-airport-me,Marriott-PWMSO
REHRI,Bethany Beach Ocean Suites Residence Inn,rehri-bethany-beach-ocean-suites-residence-inn,Marriott-REHRI
DOVFI,Fairfield Inn & Suites Dover,dovfi-fairfield-inn-&-suites-dover,Marriott-DOVFI
DOVRI,Residence Inn Dover,dovri-residence-inn-dover,Marriott-DOVRI
SBYFS,SpringHill Suites Frederica,sbyfs-springhill-suites-frederica,Marriott-SBYFS
PHLMF,Fairfield Inn & Suites Middletown,phlmf-fairfield-inn-&-suites-middletown,Marriott-PHLMF
PHLNC,Courtyard New Castle,phlnc-courtyard-new-castle,Marriott-PHLNC
ILGNC,Fairfield Inn & Suites Wilmington New Castle,ilgnc-fairfield-inn-&-suites-wilmington-new-castle,Marriott-ILGNC
ILGUD,Courtyard Newark-University of Delaware,ilgud-courtyard-newark-university-of-delaware,Marriott-ILGUD
ILGSS,SpringHill Suites Newark Downtown,ilgss-springhill-suites-newark-downtown,Marriott-ILGSS
ILGFP,Four Points by Sheraton Newark Christiana Wilmington,ilgfp-four-points-by-sheraton-newark-christiana-wilmington,Marriott-ILGFP
ILGTS,TownePlace Suites Wilmington Newark/Christiana,ilgts-towneplace-suites-wilmington-newark/christiana,Marriott-ILGTS
REHFS,Fairfield Inn & Suites Rehoboth Beach,rehfs-fairfield-inn-&-suites-rehoboth-beach,Marriott-REHFS
REHRB,Residence Inn Rehoboth Beach,rehrb-residence-inn-rehoboth-beach,Marriott-REHRB
ILGBW,Courtyard Wilmington Brandywine,ilgbw-courtyard-wilmington-brandywine,Marriott-ILGBW
ILGCY,Courtyard Wilmington Downtown,ilgcy-courtyard-wilmington-downtown,Marriott-ILGCY
ILGWD,Residence Inn Wilmington Downtown,ilgwd-residence-inn-wilmington-downtown,Marriott-ILGWD
ILGSI,Sheraton Suites Wilmington Downtown,ilgsi-sheraton-suites-wilmington-downtown,Marriott-ILGSI
ILGWI,The Westin Wilmington,ilgwi-the-westin-wilmington,Marriott-ILGWI
ABRFI,"Fairfield Inn & Suites Aberdeen, SD","abrfi-fairfield-inn-&-suites-aberdeen,-sd",Marriott-ABRFI
ABRTS,TownePlace Suites Aberdeen,abrts-towneplace-suites-aberdeen,Marriott-ABRTS
RAPCY,Courtyard Rapid City,rapcy-courtyard-rapid-city,Marriott-RAPCY
RAPRI,Residence Inn Rapid City,rapri-residence-inn-rapid-city,Marriott-RAPRI
RAPDW,SpringHill Suites Deadwood,rapdw-springhill-suites-deadwood,Marriott-RAPDW
RAPFP,Four Points by Sheraton Deadwood,rapfp-four-points-by-sheraton-deadwood,Marriott-RAPFP
RAPFI,Fairfield Inn & Suites Rapid City,rapfi-fairfield-inn-&-suites-rapid-city,Marriott-RAPFI
FSDCY,Courtyard Sioux Falls,fsdcy-courtyard-sioux-falls,Marriott-FSDCY
FSDSF,Fairfield Inn & Suites Sioux Falls,fsdsf-fairfield-inn-&-suites-sioux-falls,Marriott-FSDSF
FSDNW,Fairfield Inn & Suites Sioux Falls Airport,fsdnw-fairfield-inn-&-suites-sioux-falls-airport,Marriott-FSDNW
FSDRI,Residence Inn Sioux Falls,fsdri-residence-inn-sioux-falls,Marriott-FSDRI
FSDSH,SpringHill Suites Sioux Falls,fsdsh-springhill-suites-sioux-falls,Marriott-FSDSH
FSDSI,Sheraton Sioux Falls Hotel & Convention Center,fsdsi-sheraton-sioux-falls-hotel-&-convention-center,Marriott-FSDSI
FSDTS,TownePlace Suites Sioux Falls,fsdts-towneplace-suites-sioux-falls,Marriott-FSDTS
FSDSS,TownePlace Suites Sioux Falls South,fsdss-towneplace-suites-sioux-falls-south,Marriott-FSDSS
RAPSP,Fairfield Inn & Suites Spearfish,rapsp-fairfield-inn-&-suites-spearfish,Marriott-RAPSP
SUXYF,Fairfield Inn & Suites Yankton,suxyf-fairfield-inn-&-suites-yankton,Marriott-SUXYF
PVDLN,Courtyard Providence Lincoln,pvdln-courtyard-providence-lincoln,Marriott-PVDLN
PVDRL,Residence Inn Providence Lincoln,pvdrl-residence-inn-providence-lincoln,Marriott-PVDRL
PVDNM,Residence Inn Newport Middletown,pvdnm-residence-inn-newport-middletown,Marriott-PVDNM
PVDLW,Newport Marriott Hotel & Spa,pvdlw-newport-marriott-hotel-&-spa,Marriott-PVDLW
PVDTS,TownePlace Suites Providence North Kingstown,pvdts-towneplace-suites-providence-north-kingstown,Marriott-PVDTS
PVDDT,Courtyard Providence Downtown,pvddt-courtyard-providence-downtown,Marriott-PVDDT
PVDRI,Providence Marriott Downtown,pvdri-providence-marriott-downtown,Marriott-PVDRI
PVDBR,Renaissance Providence Downtown Hotel,pvdbr-renaissance-providence-downtown-hotel,Marriott-PVDBR
PVDWR,Residence Inn Providence Downtown,pvdwr-residence-inn-providence-downtown,Marriott-PVDWR
PVDAL,Aloft Providence Downtown,pvdal-aloft-providence-downtown,Marriott-PVDAL
PVDFK,Fairfield Inn & Suites South Kingstown Newport Area,pvdfk-fairfield-inn-&-suites-south-kingstown-newport-area,Marriott-PVDFK
PVDAP,Courtyard Providence Warwick,pvdap-courtyard-providence-warwick,Marriott-PVDAP
PVDWF,Fairfield Inn & Suites Providence Airport Warwick,pvdwf-fairfield-inn-&-suites-providence-airport-warwick,Marriott-PVDWF
PVDPC,Residence Inn Providence Coventry,pvdpc-residence-inn-providence-coventry,Marriott-PVDPC
PVDSH,SpringHill Suites Providence West Warwick,pvdsh-springhill-suites-providence-west-warwick,Marriott-PVDSH
AFOFI,Fairfield Inn & Suites Afton Star Valley,afofi-fairfield-inn-&-suites-afton-star-valley,Marriott-AFOFI
CPRCY,Courtyard Casper,cprcy-courtyard-casper,Marriott-CPRCY
CPRRI,Residence Inn Casper,cprri-residence-inn-casper,Marriott-CPRRI
CYSFI,Fairfield Inn & Suites Cheyenne,cysfi-fairfield-inn-&-suites-cheyenne,Marriott-CYSFI
CYSSW,Fairfield Inn & Suites Cheyenne Southwest/Downtown Area,cyssw-fairfield-inn-&-suites-cheyenne-southwest/downtown-area,Marriott-CYSSW
CYSSH,SpringHill Suites Cheyenne,cyssh-springhill-suites-cheyenne,Marriott-CYSSH
CYSTS,TownePlace Suites Cheyenne Southwest/Downtown Area,cysts-towneplace-suites-cheyenne-southwest/downtown-area,Marriott-CYSTS
GCCFI,Fairfield Inn & Suites Gillette,gccfi-fairfield-inn-&-suites-gillette,Marriott-GCCFI
GCCTS,TownePlace Suites Gillette,gccts-towneplace-suites-gillette,Marriott-GCCTS
JACAK,"The Cloudveil, Autograph Collection","jacak-the-cloudveil,-autograph-collection",Marriott-JACAK
JACSH,SpringHill Suites Jackson Hole,jacsh-springhill-suites-jackson-hole,Marriott-JACSH
LARFI,Fairfield Inn & Suites Laramie,larfi-fairfield-inn-&-suites-laramie,Marriott-LARFI
RWLFI,Fairfield Inn & Suites Rawlins,rwlfi-fairfield-inn-&-suites-rawlins,Marriott-RWLFI
SHRFI,Fairfield Inn & Suites Sheridan,shrfi-fairfield-inn-&-suites-sheridan,Marriott-SHRFI
ANCCY,Courtyard Anchorage Airport,anccy-courtyard-anchorage-airport,Marriott-ANCCY
ANCFI,Fairfield Inn & Suites Anchorage Midtown,ancfi-fairfield-inn-&-suites-anchorage-midtown,Marriott-ANCFI
ANCDT,Marriott Anchorage Downtown,ancdt-marriott-anchorage-downtown,Marriott-ANCDT
ANCRI,Residence Inn Anchorage Midtown,ancri-residence-inn-anchorage-midtown,Marriott-ANCRI
ANCSH,SpringHill Suites Anchorage Midtown,ancsh-springhill-suites-anchorage-midtown,Marriott-ANCSH
ANCUM,SpringHill Suites Anchorage University Lake,ancum-springhill-suites-anchorage-university-lake,Marriott-ANCUM
ANCAL,Aloft Anchorage,ancal-aloft-anchorage,Marriott-ANCAL
ANCFP,Four Points by Sheraton Anchorage Downtown,ancfp-four-points-by-sheraton-anchorage-downtown,Marriott-ANCFP
ANCSI,Sheraton Anchorage Hotel,ancsi-sheraton-anchorage-hotel,Marriott-ANCSI
ANCAT,TownePlace Suites Anchorage Midtown,ancat-towneplace-suites-anchorage-midtown,Marriott-ANCAT
FAISH,SpringHill Suites Fairbanks,faish-springhill-suites-fairbanks,Marriott-FAISH
JNUFP,Four Points by Sheraton Juneau,jnufp-four-points-by-sheraton-juneau,Marriott-JNUFP
BISCN,Courtyard Bismarck North,biscn-courtyard-bismarck-north,Marriott-BISCN
BISFI,Fairfield Inn & Suites Bismarck North,bisfi-fairfield-inn-&-suites-bismarck-north,Marriott-BISFI
BISSO,Fairfield Inn & Suites Bismarck South,bisso-fairfield-inn-&-suites-bismarck-south,Marriott-BISSO
BISRI,Residence Inn Bismarck North,bisri-residence-inn-bismarck-north,Marriott-BISRI
DIKTS,TownePlace Suites Dickinson,dikts-towneplace-suites-dickinson,Marriott-DIKTS
FARCF,Courtyard Fargo,farcf-courtyard-fargo,Marriott-FARCF
FARDE,Delta Hotels Fargo,farde-delta-hotels-fargo,Marriott-FARDE
FARFI,Fairfield Inn & Suites Fargo,farfi-fairfield-inn-&-suites-fargo,Marriott-FARFI
FARRI,Residence Inn Fargo,farri-residence-inn-fargo,Marriott-FARRI
FARFP,Four Points by Sheraton Fargo Medical Center,farfp-four-points-by-sheraton-fargo-medical-center,Marriott-FARFP
GFKSH,SpringHill Suites Grand Forks,gfksh-springhill-suites-grand-forks,Marriott-GFKSH
JMSFI,Fairfield Inn & Suites Jamestown,jmsfi-fairfield-inn-&-suites-jamestown,Marriott-JMSFI
FAREL,Element Fargo,farel-element-fargo,Marriott-FAREL
ISNFP,Four Points by Sheraton Williston,isnfp-four-points-by-sheraton-williston,Marriott-ISNFP
BTVDT,Courtyard Burlington Harbor,btvdt-courtyard-burlington-harbor,Marriott-BTVDT
BTVCO,Residence Inn Burlington Colchester,btvco-residence-inn-burlington-colchester,Marriott-BTVCO
BTVCY,Courtyard Middlebury,btvcy-courtyard-middlebury,Marriott-BTVCY
BTVDE,Delta Hotels Burlington,btvde-delta-hotels-burlington,Marriott-BTVDE
BTVWB,Fairfield Inn & Suites Waterbury Stowe,btvwb-fairfield-inn-&-suites-waterbury-stowe,Marriott-BTVWB
BTVWL,Courtyard Burlington Williston,btvwl-courtyard-burlington-williston,Marriott-BTVWL
BTVFB,Fairfield Inn Burlington Williston,btvfb-fairfield-inn-burlington-williston,Marriott-BTVFB
ALGMC,Algiers Marriott Hotel Bab Ezzouar,algmc-algiers-marriott-hotel-bab-ezzouar,Marriott-ALGMC
ALGRI,Residence Inn Algiers Bab Ezzouar,algri-residence-inn-algiers-bab-ezzouar,Marriott-ALGRI
ALGSI,Sheraton Club des Pins Resort,algsi-sheraton-club-des-pins-resort,Marriott-ALGSI
AAESI,Sheraton Annaba Hotel,aaesi-sheraton-annaba-hotel,Marriott-AAESI
CZLMC,Constantine Marriott Hotel,czlmc-constantine-marriott-hotel,Marriott-CZLMC
CZLPR,Protea Hotel Constantine,czlpr-protea-hotel-constantine,Marriott-CZLPR
ORNFP,Four Points by Sheraton Oran,ornfp-four-points-by-sheraton-oran,Marriott-ORNFP
ORNMD,Le Méridien Oran Hotel & Convention Centre,ornmd-le-méridien-oran-hotel-&-convention-centre,Marriott-ORNMD
ALGBR,Renaissance Tlemcen Hotel,algbr-renaissance-tlemcen-hotel,Marriott-ALGBR
ALYSI,Sheraton Montazah Hotel,alysi-sheraton-montazah-hotel,Marriott-ALYSI
CAIJW,JW Marriott Hotel Cairo,caijw-jw-marriott-hotel-cairo,Marriott-CAIJW
CAIEG,Cairo Marriott Hotel & Omar Khayyam Casino,caieg-cairo-marriott-hotel-&-omar-khayyam-casino,Marriott-CAIEG
CAIMN,"Marriott Mena House, Cairo","caimn-marriott-mena-house,-cairo",Marriott-CAIMN
CAIBR,Renaissance Cairo Mirage City Hotel,caibr-renaissance-cairo-mirage-city-hotel,Marriott-CAIBR
CAIRZ,"The Nile Ritz-Carlton, Cairo","cairz-the-nile-ritz-carlton,-cairo",Marriott-CAIRZ
CAIAM,Le Méridien Cairo Airport,caiam-le-méridien-cairo-airport,Marriott-CAIAM
CAIMD,Le Méridien Pyramids Hotel & Spa,caimd-le-méridien-pyramids-hotel-&-spa,Marriott-CAIMD
CAISI,Sheraton Cairo Hotel & Casino,caisi-sheraton-cairo-hotel-&-casino,Marriott-CAISI
CAIXA,"The St. Regis Almasa Hotel, Cairo","caixa-the-st.-regis-almasa-hotel,-cairo",Marriott-CAIXA
CAIXR,The St. Regis Cairo,caixr-the-st.-regis-cairo,Marriott-CAIXR
CAIWI,"The Westin Cairo Golf Resort & Spa, Katameya Dunes","caiwi-the-westin-cairo-golf-resort-&-spa,-katameya-dunes",Marriott-CAIWI
SSHMD,Le Méridien Dahab Resort,sshmd-le-méridien-dahab-resort,Marriott-SSHMD
HRGSI,Sheraton Miramar Resort El Gouna,hrgsi-sheraton-miramar-resort-el-gouna,Marriott-HRGSI
HRGEG,Hurghada Marriott Beach Resort,hrgeg-hurghada-marriott-beach-resort,Marriott-HRGEG
HRGSS,Sheraton Soma Bay Resort,hrgss-sheraton-soma-bay-resort,Marriott-HRGSS
SSHBR,Renaissance Sharm El Sheikh Golden View Beach Resort,sshbr-renaissance-sharm-el-sheikh-golden-view-beach-resort,Marriott-SSHBR
SSHSI,"Sheraton Sharm Hotel, Resort, Villas & Spa","sshsi-sheraton-sharm-hotel,-resort,-villas-&-spa",Marriott-SSHSI
ADDER,Marriott Executive Apartments Addis Ababa,adder-marriott-executive-apartments-addis-ababa,Marriott-ADDER
ADDLC,"Sheraton Addis, a Luxury Collection Hotel, Addis Ababa","addlc-sheraton-addis,-a-luxury-collection-hotel,-addis-ababa",Marriott-ADDLC
ACCMC,Accra Marriott Hotel,accmc-accra-marriott-hotel,Marriott-ACCMC
ACCPR,Protea Hotel Accra Kotoka Airport,accpr-protea-hotel-accra-kotoka-airport,Marriott-ACCPR
NBOMJ,JW Marriott Masai Mara Lodge,nbomj-jw-marriott-masai-mara-lodge,Marriott-NBOMJ
NBOAK,"Sankara Nairobi, Autograph Collection","nboak-sankara-nairobi,-autograph-collection",Marriott-NBOAK
NBOTD,"Trademark Hotel, a Member of Design Hotels™","nbotd-trademark-hotel,-a-member-of-design-hotels™",Marriott-NBOTD
NBODS,"Tribe Hotel, Nairobi, a Member of Design Hotels™","nbods-tribe-hotel,-nairobi,-a-member-of-design-hotels™",Marriott-NBODS
NBOFA,Four Points by Sheraton Nairobi Airport,nbofa-four-points-by-sheraton-nairobi-airport,Marriott-NBOFA
NBOFP,Four Points by Sheraton Nairobi Hurlingham,nbofp-four-points-by-sheraton-nairobi-hurlingham,Marriott-NBOFP
KGLMC,Kigali Marriott Hotel,kglmc-kigali-marriott-hotel,Marriott-KGLMC
KGLFP,Four Points by Sheraton Kigali,kglfp-four-points-by-sheraton-kigali,Marriott-KGLFP
SEZTX,"Laïla, Seychelles, a Tribute Portfolio Resort","seztx-laïla,-seychelles,-a-tribute-portfolio-resort",Marriott-SEZTX
SEZLC,"North Island, a Luxury Collection Resort, Seychelles","sezlc-north-island,-a-luxury-collection-resort,-seychelles",Marriott-SEZLC
BFNBF,Protea Hotel Bloemfontein,bfnbf-protea-hotel-bloemfontein,Marriott-BFNBF
BFNWI,Protea Hotel Bloemfontein Willow Lake,bfnwi-protea-hotel-bloemfontein-willow-lake,Marriott-BFNWI
CPTAR,AC Hotel Cape Town Waterfront,cptar-ac-hotel-cape-town-waterfront,Marriott-CPTAR
CPTCM,Cape Town Marriott Hotel Crystal Towers,cptcm-cape-town-marriott-hotel-crystal-towers,Marriott-CPTCM
CPTMW,Protea Hotel Cape Town Mowbray,cptmw-protea-hotel-cape-town-mowbray,Marriott-CPTMW
CPTNW,Protea Hotel Cape Town North Wharf,cptnw-protea-hotel-cape-town-north-wharf,Marriott-CPTNW
CPTSP,Protea Hotel Cape Town Sea Point,cptsp-protea-hotel-cape-town-sea-point,Marriott-CPTSP
CPTLA,Protea Hotel Cape Town Tyger Valley,cptla-protea-hotel-cape-town-tyger-valley,Marriott-CPTLA
CPTBR,Protea Hotel Cape Town Waterfront Breakwater Lodge,cptbr-protea-hotel-cape-town-waterfront-breakwater-lodge,Marriott-CPTBR
CPTDO,Protea Hotel Dorpshuis & Spa Stellenbosch,cptdo-protea-hotel-dorpshuis-&-spa-stellenbosch,Marriott-CPTDO
CPTCF,Protea Hotel Fire & Ice! Cape Town,cptcf-protea-hotel-fire-&-ice!-cape-town,Marriott-CPTCF
CPTFR,Protea Hotel Franschhoek,cptfr-protea-hotel-franschhoek,Marriott-CPTFR
CPTWI,The Westin Cape Town,cptwi-the-westin-cape-town,Marriott-CPTWI
FCBCL,Protea Hotel Clarens,fcbcl-protea-hotel-clarens,Marriott-FCBCL
DURUM,Protea Hotel Durban Umhlanga,durum-protea-hotel-durban-umhlanga,Marriott-DURUM
DURUR,Protea Hotel Fire & Ice! Durban Umhlanga Ridge,durur-protea-hotel-fire-&-ice!-durban-umhlanga-ridge,Marriott-DURUR
DURKA,Protea Hotel Karridene Beach,durka-protea-hotel-karridene-beach,Marriott-DURKA
GRJKI,Protea Hotel George King George,grjki-protea-hotel-george-king-george,Marriott-GRJKI
DURMO,Protea Hotel Harrismith Montrose,durmo-protea-hotel-harrismith-montrose,Marriott-DURMO
JNBWA,Protea Hotel Johannesburg Wanderers,jnbwa-protea-hotel-johannesburg-wanderers,Marriott-JNBWA
JNBMA,"African Pride Melrose Arch, Autograph Collection®","jnbma-african-pride-melrose-arch,-autograph-collection®",Marriott-JNBMA
JNBER,"Marriott Executive Apartments Johannesburg, Melrose Arch","jnber-marriott-executive-apartments-johannesburg,-melrose-arch",Marriott-JNBER
JNBMC,Johannesburg Marriott Hotel Melrose Arch,jnbmc-johannesburg-marriott-hotel-melrose-arch,Marriott-JNBMC
JNBMR,Protea Hotel Fire & Ice! Johannesburg Melrose Arch,jnbmr-protea-hotel-fire-&-ice!-johannesburg-melrose-arch,Marriott-JNBMR
JNBOR,Protea Hotel O.R. Tambo Airport,jnbor-protea-hotel-o.r.-tambo-airport,Marriott-JNBOR
JNBTR,Protea Hotel Transit O.R. Tambo Airport,jnbtr-protea-hotel-transit-o.r.-tambo-airport,Marriott-JNBTR
JNBDS,"Ten Bompas Hotel, Johannesburg, a Member of Design Hotels™","jnbds-ten-bompas-hotel,-johannesburg,-a-member-of-design-hotels™",Marriott-JNBDS
KIMKI,Protea Hotel Kimberley,kimki-protea-hotel-kimberley,Marriott-KIMKI
JNBKL,Protea Hotel Klerksdorp,jnbkl-protea-hotel-klerksdorp,Marriott-JNBKL
GRJQU,Protea Hotel Knysna Quays,grjqu-protea-hotel-knysna-quays,Marriott-GRJQU
MBDPR,Protea Hotel Mahikeng,mbdpr-protea-hotel-mahikeng,Marriott-MBDPR
PRYME,Protea Hotel Fire & Ice! Pretoria Menlyn,pryme-protea-hotel-fire-&-ice!-pretoria-menlyn,Marriott-PRYME
JNBMI,Protea Hotel Midrand,jnbmi-protea-hotel-midrand,Marriott-JNBMI
GRJMO,Protea Hotel Mossel Bay,grjmo-protea-hotel-mossel-bay,Marriott-GRJMO
MQPNL,Protea Hotel Nelspruit,mqpnl-protea-hotel-nelspruit,Marriott-MQPNL
GRJRI,Protea Hotel Oudtshoorn Riempie Estate,grjri-protea-hotel-oudtshoorn-riempie-estate,Marriott-GRJRI
PTGLA,Protea Hotel Polokwane Landmark,ptgla-protea-hotel-polokwane-landmark,Marriott-PTGLA
PTGRA,Protea Hotel Polokwane Ranch Resort,ptgra-protea-hotel-polokwane-ranch-resort,Marriott-PTGRA
JNBRL,"African Pride Irene Country Lodge, Autograph Collection®","jnbrl-african-pride-irene-country-lodge,-autograph-collection®",Marriott-JNBRL
PRYLP,Protea Hotel Pretoria Loftus Park,prylp-protea-hotel-pretoria-loftus-park,Marriott-PRYLP
PRYSI,Sheraton Pretoria Hotel,prysi-sheraton-pretoria-hotel,Marriott-PRYSI
RCBUM,Protea Hotel Umfolozi River,rcbum-protea-hotel-umfolozi-river,Marriott-RCBUM
JNBBA,Protea Hotel Johannesburg Balalaika Sandton,jnbba-protea-hotel-johannesburg-balalaika-sandton,Marriott-JNBBA
CPTST,Protea Hotel Stellenbosch,cptst-protea-hotel-stellenbosch,Marriott-CPTST
CPTDV,Protea Hotel Cape Town Durbanville,cptdv-protea-hotel-cape-town-durbanville,Marriott-CPTDV
UTNUP,Protea Hotel Upington,utnup-protea-hotel-upington,Marriott-UTNUP
CPTCU,Protea Hotel Worcester Cumberland,cptcu-protea-hotel-worcester-cumberland,Marriott-CPTCU
MIRMS,Sousse Pearl Marriott Resort & Spa,mirms-sousse-pearl-marriott-resort-&-spa,Marriott-MIRMS
TUNMC,Tunis Marriott Hotel,tunmc-tunis-marriott-hotel,Marriott-TUNMC
TUNSI,Sheraton Tunis Hotel,tunsi-sheraton-tunis-hotel,Marriott-TUNSI
EBBEN,Protea Hotel Entebbe,ebben-protea-hotel-entebbe,Marriott-EBBEN
EBBKA,Protea Hotel Kampala,ebbka-protea-hotel-kampala,Marriott-EBBKA
EBBNS,Protea Hotel Kampala Skyz,ebbns-protea-hotel-kampala-skyz,Marriott-EBBNS
EBBSI,Sheraton Kampala Hotel,ebbsi-sheraton-kampala-hotel,Marriott-EBBSI
JROFP,"Four Points by Sheraton Arusha, The Arusha Hotel","jrofp-four-points-by-sheraton-arusha,-the-arusha-hotel",Marriott-JROFP
DARDE,Delta Hotels Dar es Salaam,darde-delta-hotels-dar-es-salaam,Marriott-DARDE
DARPR,Protea Hotel Dar es Salaam Amani Beach,darpr-protea-hotel-dar-es-salaam-amani-beach,Marriott-DARPR
DARCO,Protea Hotel Dar es Salaam Courtyard,darco-protea-hotel-dar-es-salaam-courtyard,Marriott-DARCO
DAREL,Element Dar es Salaam,darel-element-dar-es-salaam,Marriott-DAREL
DARFP,Four Points by Sheraton Dar es Salaam New Africa,darfp-four-points-by-sheraton-dar-es-salaam-new-africa,Marriott-DARFP
DARDA,Protea Hotel Dar es Salaam Oyster Bay,darda-protea-hotel-dar-es-salaam-oyster-bay,Marriott-DARDA
ZNZAK,"Le Mersenne Zanzibar, Autograph Collection","znzak-le-mersenne-zanzibar,-autograph-collection",Marriott-ZNZAK
ZNZNT,Nungwi Beach Resort by Turaco,znznt-nungwi-beach-resort-by-turaco,Marriott-ZNZNT
ZNZST,Spice Tree by Turaco,znzst-spice-tree-by-turaco,Marriott-ZNZST
KIWPR,Protea Hotel Chingola,kiwpr-protea-hotel-chingola,Marriott-KIWPR
CIPBR,Protea Hotel Chipata,cipbr-protea-hotel-chipata,Marriott-CIPBR
LUNLU,Protea Hotel Lusaka Safari Lodge,lunlu-protea-hotel-lusaka-safari-lodge,Marriott-LUNLU
LVILI,Protea Hotel Livingstone,lvili-protea-hotel-livingstone,Marriott-LVILI
LUNLS,Protea Hotel Lusaka,lunls-protea-hotel-lusaka,Marriott-LUNLS
LUNCA,Protea Hotel Lusaka Cairo Road,lunca-protea-hotel-lusaka-cairo-road,Marriott-LUNCA
LUNTW,Protea Hotel Lusaka Tower,luntw-protea-hotel-lusaka-tower,Marriott-LUNTW
LUNCR,"Ciêla, Lusaka, a Tribute Portfolio Resort and Spa","luncr-ciêla,-lusaka,-a-tribute-portfolio-resort-and-spa",Marriott-LUNCR
NLAPR,Protea Hotel Ndola,nlapr-protea-hotel-ndola,Marriott-NLAPR
LADPR,Protea Hotel Luanda,ladpr-protea-hotel-luanda,Marriott-LADPR
GBEPG,Protea Hotel Gaborone Masa Square,gbepg-protea-hotel-gaborone-masa-square,Marriott-GBEPG
JIBSI,Sheraton Djibouti,jibsi-sheraton-djibouti,Marriott-JIBSI
GYDCY,Courtyard Baku,gydcy-courtyard-baku,Marriott-GYDCY
GYDJW,JW Marriott Absheron Baku,gydjw-jw-marriott-absheron-baku,Marriott-GYDJW
GYDMB,Baku Marriott Hotel Boulevard,gydmb-baku-marriott-hotel-boulevard,Marriott-GYDMB
GYDRZ,"The Ritz-Carlton, Baku","gydrz-the-ritz-carlton,-baku",Marriott-GYDRZ
GYDSI,Sheraton Baku Intourist,gydsi-sheraton-baku-intourist,Marriott-GYDSI
GYDCS,"Park Chalet, Shahdag, Autograph Collection","gydcs-park-chalet,-shahdag,-autograph-collection",Marriott-GYDCS
GYDPS,"Pik Palace, Shahdag, Autograph Collection","gydps-pik-palace,-shahdag,-autograph-collection",Marriott-GYDPS
AGRCY,Courtyard Agra,agrcy-courtyard-agra,Marriott-AGRCY
AGRFI,Fairfield by Marriott Agra,agrfi-fairfield-by-marriott-agra,Marriott-AGRFI
AGRLC,"ITC Mughal, a Luxury Collection Resort & Spa, Agra","agrlc-itc-mughal,-a-luxury-collection-resort-&-spa,-agra",Marriott-AGRLC
AMDCY,Courtyard Ahmedabad,amdcy-courtyard-ahmedabad,Marriott-AMDCY
AMDSB,Courtyard Ahmedabad Sindhu Bhavan Road,amdsb-courtyard-ahmedabad-sindhu-bhavan-road,Marriott-AMDSB
AMDFI,Fairfield by Marriott Ahmedabad,amdfi-fairfield-by-marriott-ahmedabad,Marriott-AMDFI
AMDBR,Renaissance Ahmedabad Hotel,amdbr-renaissance-ahmedabad-hotel,Marriott-AMDBR
AMDFP,Four Points by Sheraton Ahmedabad,amdfp-four-points-by-sheraton-ahmedabad,Marriott-AMDFP
AMDLC,"ITC Narmada, a Luxury Collection Hotel, Ahmedabad","amdlc-itc-narmada,-a-luxury-collection-hotel,-ahmedabad",Marriott-AMDLC
ATQRA,Courtyard Amritsar,atqra-courtyard-amritsar,Marriott-ATQRA
ATQFI,Fairfield by Marriott Amritsar,atqfi-fairfield-by-marriott-amritsar,Marriott-ATQFI
ATQMD,Le Méridien Amritsar,atqmd-le-méridien-amritsar,Marriott-ATQMD
BLRSW,Sheraton Grand Bengaluru Whitefield Hotel & Convention Center,blrsw-sheraton-grand-bengaluru-whitefield-hotel-&-convention-center,Marriott-BLRSW
IXGFI,Fairfield by Marriott Belagavi,ixgfi-fairfield-by-marriott-belagavi,Marriott-IXGFI
BLRHB,Courtyard Bengaluru Hebbal,blrhb-courtyard-bengaluru-hebbal,Marriott-BLRHB
BLRGT,Courtyard Bengaluru Outer Ring Road,blrgt-courtyard-bengaluru-outer-ring-road,Marriott-BLRGT
BLRFI,Fairfield by Marriott Bengaluru Outer Ring Road,blrfi-fairfield-by-marriott-bengaluru-outer-ring-road,Marriott-BLRFI
BLRFB,Fairfield by Marriott Bengaluru Rajajinagar,blrfb-fairfield-by-marriott-bengaluru-rajajinagar,Marriott-BLRFB
BLRFK,Fairfield by Marriott Bengaluru Whitefield,blrfk-fairfield-by-marriott-bengaluru-whitefield,Marriott-BLRFK
BLRNH,JW Marriott Bengaluru Prestige Golfshire Resort & Spa,blrnh-jw-marriott-bengaluru-prestige-golfshire-resort-&-spa,Marriott-BLRNH
BLRJW,JW Marriott Hotel Bengaluru,blrjw-jw-marriott-hotel-bengaluru,Marriott-BLRJW
BLRWF,Bengaluru Marriott Hotel Whitefield,blrwf-bengaluru-marriott-hotel-whitefield,Marriott-BLRWF
BLRBH,Renaissance Bengaluru Race Course Hotel,blrbh-renaissance-bengaluru-race-course-hotel,Marriott-BLRBH
BLRRZ,"The Ritz-Carlton, Bangalore","blrrz-the-ritz-carlton,-bangalore",Marriott-BLRRZ
BLRAL,Aloft Bengaluru Outer Ring Road,blral-aloft-bengaluru-outer-ring-road,Marriott-BLRAL
BLRWL,Aloft Bengaluru Whitefield,blrwl-aloft-bengaluru-whitefield,Marriott-BLRWL
BLRFP,"Four Points by Sheraton Bengaluru, Whitefield","blrfp-four-points-by-sheraton-bengaluru,-whitefield",Marriott-BLRFP
BLRGL,"ITC Gardenia, a Luxury Collection Hotel, Bengaluru","blrgl-itc-gardenia,-a-luxury-collection-hotel,-bengaluru",Marriott-BLRGL
BLRLC,"ITC Windsor, a Luxury Collection Hotel, Bengaluru","blrlc-itc-windsor,-a-luxury-collection-hotel,-bengaluru",Marriott-BLRLC
BLRGS,Sheraton Grand Bangalore Hotel at Brigade Gateway,blrgs-sheraton-grand-bangalore-hotel-at-brigade-gateway,Marriott-BLRGS
BLRTX,"Mulberry Shades Bengaluru Nandi Hills, a Tribute Portfolio Resort","blrtx-mulberry-shades-bengaluru-nandi-hills,-a-tribute-portfolio-resort",Marriott-BLRTX
BHOCY,Courtyard Bhopal,bhocy-courtyard-bhopal,Marriott-BHOCY
PABCY,Courtyard Bilaspur,pabcy-courtyard-bilaspur,Marriott-PABCY
GOIFI,Fairfield by Marriott Goa Calangute,goifi-fairfield-by-marriott-goa-calangute,Marriott-GOIFI
IXCJW,JW Marriott Hotel Chandigarh,ixcjw-jw-marriott-hotel-chandigarh,Marriott-IXCJW
MAACY,Courtyard Chennai,maacy-courtyard-chennai,Marriott-MAACY
MAAFH,Fairfield by Marriott Chennai Mahindra World City,maafh-fairfield-by-marriott-chennai-mahindra-world-city,Marriott-MAAFH
MAAFC,Fairfield by Marriott Chennai OMR,maafc-fairfield-by-marriott-chennai-omr,Marriott-MAAFC
MAAFO,Four Points by Sheraton Chennai OMR,maafo-four-points-by-sheraton-chennai-omr,Marriott-MAAFO
MAAFP,Four Points by Sheraton Mahabalipuram Resort & Convention Center,maafp-four-points-by-sheraton-mahabalipuram-resort-&-convention-center,Marriott-MAAFP
MAAMD,Le Royal Méridien Chennai,maamd-le-royal-méridien-chennai,Marriott-MAAMD
MAALC,"ITC Grand Chola, a Luxury Collection Hotel, Chennai","maalc-itc-grand-chola,-a-luxury-collection-hotel,-chennai",Marriott-MAALC
MAASC,Sheraton Grand Chennai Resort & Spa,maasc-sheraton-grand-chennai-resort-&-spa,Marriott-MAASC
MAAVW,The Westin Chennai Velachery,maavw-the-westin-chennai-velachery,Marriott-MAAVW
CJBFI,Fairfield by Marriott Coimbatore,cjbfi-fairfield-by-marriott-coimbatore,Marriott-CJBFI
CJBMD,Le Méridien Coimbatore,cjbmd-le-méridien-coimbatore,Marriott-CJBMD
DEDFI,Fairfield by Marriott Dehradun,dedfi-fairfield-by-marriott-dehradun,Marriott-DEDFI
DELCA,Courtyard Aravali Resort,delca-courtyard-aravali-resort,Marriott-DELCA
GOIFG,Fairfield by Marriott Goa Anjuna,goifg-fairfield-by-marriott-goa-anjuna,Marriott-GOIFG
GOIFB,Fairfield by Marriott Goa Benaulim,goifb-fairfield-by-marriott-goa-benaulim,Marriott-GOIFB
GOIVM,JW Marriott Goa,goivm-jw-marriott-goa,Marriott-GOIVM
GOIMC,Goa Marriott Resort & Spa,goimc-goa-marriott-resort-&-spa,Marriott-GOIMC
GOIMD,"Le Méridien Goa, Calangute","goimd-le-méridien-goa,-calangute",Marriott-GOIMD
GOILC,"ITC Grand Goa, a Luxury Collection Resort & Spa, Goa","goilc-itc-grand-goa,-a-luxury-collection-resort-&-spa,-goa",Marriott-GOILC
GOIXR,The St. Regis Goa Resort,goixr-the-st.-regis-goa-resort,Marriott-GOIXR
GOIWH,W Goa,goiwh-w-goa,Marriott-GOIWH
GOIWI,The Westin Goa,goiwi-the-westin-goa,Marriott-GOIWI
DELDM,"Le Méridien Gurgaon, Delhi NCR","deldm-le-méridien-gurgaon,-delhi-ncr",Marriott-DELDM
DELBL,"ITC Grand Bharat, a Luxury Collection Retreat, Gurgaon, New Delhi Capital Region","delbl-itc-grand-bharat,-a-luxury-collection-retreat,-gurgaon,-new-delhi-capital-region",Marriott-DELBL
DELWI,"The Westin Gurgaon, New Delhi","delwi-the-westin-gurgaon,-new-delhi",Marriott-DELWI
DELGU,Courtyard Gurugram Downtown,delgu-courtyard-gurugram-downtown,Marriott-DELGU
HYDCY,Courtyard Hyderabad,hydcy-courtyard-hyderabad,Marriott-HYDCY
HYDFI,Fairfield by Marriott Hyderabad Gachibowli,hydfi-fairfield-by-marriott-hyderabad-gachibowli,Marriott-HYDFI
HYDHY,Marriott Executive Apartments Hyderabad,hydhy-marriott-executive-apartments-hyderabad,Marriott-HYDHY
HYDMC,Hyderabad Marriott Hotel & Convention Centre,hydmc-hyderabad-marriott-hotel-&-convention-centre,Marriott-HYDMC
HYDMD,Le Meridien Hyderabad,hydmd-le-meridien-hyderabad,Marriott-HYDMD
HYDLC,"ITC Kakatiya, a Luxury Collection Hotel, Hyderabad","hydlc-itc-kakatiya,-a-luxury-collection-hotel,-hyderabad",Marriott-HYDLC
HYDLK,"ITC Kohenur, a Luxury Collection Hotel, Hyderabad","hydlk-itc-kohenur,-a-luxury-collection-hotel,-hyderabad",Marriott-HYDLK
HYDSI,Sheraton Hyderabad Hotel,hydsi-sheraton-hyderabad-hotel,Marriott-HYDSI
HYDWI,The Westin Hyderabad Mindspace,hydwi-the-westin-hyderabad-mindspace,Marriott-HYDWI
IDRFI,Fairfield by Marriott Indore,idrfi-fairfield-by-marriott-indore,Marriott-IDRFI
IDRMH,Indore Marriott Hotel,idrmh-indore-marriott-hotel,Marriott-IDRMH
IDRSI,Sheraton Grand Palace Indore,idrsi-sheraton-grand-palace-indore,Marriott-IDRSI
JAIBP,Fairfield by Marriott Jaipur,jaibp-fairfield-by-marriott-jaipur,Marriott-JAIBP
JAIMC,Jaipur Marriott Hotel,jaimc-jaipur-marriott-hotel,Marriott-JAIMC
JAIFP,"Four Points by Sheraton Jaipur, City Square","jaifp-four-points-by-sheraton-jaipur,-city-square",Marriott-JAIFP
JAIMD,Le Méridien Jaipur Resort & Spa,jaimd-le-méridien-jaipur-resort-&-spa,Marriott-JAIMD
JAILC,"ITC Rajputana, a Luxury Collection Hotel, Jaipur","jailc-itc-rajputana,-a-luxury-collection-hotel,-jaipur",Marriott-JAILC
JSAMC,Jaisalmer Marriott Resort & Spa,jsamc-jaisalmer-marriott-resort-&-spa,Marriott-JSAMC
JDHFI,Fairfield by Marriott Jodhpur,jdhfi-fairfield-by-marriott-jodhpur,Marriott-JDHFI
COKAP,Courtyard Kochi Airport,cokap-courtyard-kochi-airport,Marriott-COKAP
COKMC,Kochi Marriott Hotel,cokmc-kochi-marriott-hotel,Marriott-COKMC
COKFP,Four Points by Sheraton Kochi Infopark,cokfp-four-points-by-sheraton-kochi-infopark,Marriott-COKFP
COKMD,Le Méridien Kochi,cokmd-le-méridien-kochi,Marriott-COKMD
COKTX,"Port Muziris, a Tribute Portfolio Hotel, Kochi","coktx-port-muziris,-a-tribute-portfolio-hotel,-kochi",Marriott-COKTX
CCUFI,Fairfield by Marriott Kolkata,ccufi-fairfield-by-marriott-kolkata,Marriott-CCUFI
CCUJW,JW Marriott Hotel Kolkata,ccujw-jw-marriott-hotel-kolkata,Marriott-CCUJW
CCULR,"ITC Royal Bengal, a Luxury Collection Hotel, Kolkata","cculr-itc-royal-bengal,-a-luxury-collection-hotel,-kolkata",Marriott-CCULR
CCULC,"ITC Sonar, a Luxury Collection Hotel, Kolkata","cculc-itc-sonar,-a-luxury-collection-hotel,-kolkata",Marriott-CCULC
CCUWI,The Westin Kolkata Rajarhat,ccuwi-the-westin-kolkata-rajarhat,Marriott-CCUWI
LKOFI,Fairfield by Marriott Lucknow,lkofi-fairfield-by-marriott-lucknow,Marriott-LKOFI
LKOBR,Renaissance Lucknow Hotel,lkobr-renaissance-lucknow-hotel,Marriott-LKOBR
IXMCY,Courtyard by Marriott Madurai,ixmcy-courtyard-by-marriott-madurai,Marriott-IXMCY
PNQCM,Courtyard Mahabaleshwar,pnqcm-courtyard-mahabaleshwar,Marriott-PNQCM
PNQDM,Le Méridien Mahabaleshwar Resort & Spa,pnqdm-le-méridien-mahabaleshwar-resort-&-spa,Marriott-PNQDM
BOMCY,Courtyard Mumbai International Airport,bomcy-courtyard-mumbai-international-airport,Marriott-BOMCY
BOMFI,Fairfield by Marriott Mumbai International Airport,bomfi-fairfield-by-marriott-mumbai-international-airport,Marriott-BOMFI
BOMJW,JW Marriott Mumbai Juhu,bomjw-jw-marriott-mumbai-juhu,Marriott-BOMJW
BOMSA,JW Marriott Mumbai Sahar,bomsa-jw-marriott-mumbai-sahar,Marriott-BOMSA
BOMER,"Lakeside Chalet, Mumbai - Marriott Executive Apartments","bomer-lakeside-chalet,-mumbai---marriott-executive-apartments",Marriott-BOMER
BOMEM,Marriott Executive Apartments Navi Mumbai,bomem-marriott-executive-apartments-navi-mumbai,Marriott-BOMEM
BOMFP,"Four Points by Sheraton Navi Mumbai, Vashi","bomfp-four-points-by-sheraton-navi-mumbai,-vashi",Marriott-BOMFP
BOMRL,"ITC Grand Central, a Luxury Collection Hotel, Mumbai","bomrl-itc-grand-central,-a-luxury-collection-hotel,-mumbai",Marriott-BOMRL
BOMLC,"ITC Maratha, a Luxury Collection Hotel, Mumbai","bomlc-itc-maratha,-a-luxury-collection-hotel,-mumbai",Marriott-BOMLC
BOMXR,The St. Regis Mumbai,bomxr-the-st.-regis-mumbai,Marriott-BOMXR
BOMWI,The Westin Mumbai Garden City,bomwi-the-westin-mumbai-garden-city,Marriott-BOMWI
BOMWW,The Westin Mumbai Powai Lake,bomww-the-westin-mumbai-powai-lake,Marriott-BOMWW
DEDJW,JW Marriott Mussoorie Walnut Grove Resort & Spa,dedjw-jw-marriott-mussoorie-walnut-grove-resort-&-spa,Marriott-DEDJW
NAGMD,Le Méridien Nagpur,nagmd-le-méridien-nagpur,Marriott-NAGMD
ISKCN,Courtyard Nashik,iskcn-courtyard-nashik,Marriott-ISKCN
BOMNV,Courtyard Navi Mumbai,bomnv-courtyard-navi-mumbai,Marriott-BOMNV
DELAP,JW Marriott Hotel New Delhi Aerocity,delap-jw-marriott-hotel-new-delhi-aerocity,Marriott-DELAP
DELAL,Aloft New Delhi Aerocity,delal-aloft-new-delhi-aerocity,Marriott-DELAL
DELFN,"Four Points by Sheraton New Delhi, Airport Highway","delfn-four-points-by-sheraton-new-delhi,-airport-highway",Marriott-DELFN
DELMD,Le Méridien New Delhi,delmd-le-méridien-new-delhi,Marriott-DELMD
DELLC,"ITC Maurya, a Luxury Collection Hotel, New Delhi","dellc-itc-maurya,-a-luxury-collection-hotel,-new-delhi",Marriott-DELLC
DELSN,Sheraton New Delhi Hotel,delsn-sheraton-new-delhi-hotel,Marriott-DELSN
PNQCK,Courtyard Pune Chakan,pnqck-courtyard-pune-chakan,Marriott-PNQCK
PNQPH,Courtyard Pune Hinjewadi,pnqph-courtyard-pune-hinjewadi,Marriott-PNQPH
PNQFI,Fairfield by Marriott Pune Kharadi,pnqfi-fairfield-by-marriott-pune-kharadi,Marriott-PNQFI
PNQMC,JW Marriott Hotel Pune,pnqmc-jw-marriott-hotel-pune,Marriott-PNQMC
PNQMS,Marriott Suites Pune,pnqms-marriott-suites-pune,Marriott-PNQMS
PNQRZ,"The Ritz-Carlton, Pune","pnqrz-the-ritz-carlton,-pune",Marriott-PNQRZ
PNQFP,"Four Points by Sheraton Hotel & Serviced Apartments, Pune","pnqfp-four-points-by-sheraton-hotel-&-serviced-apartments,-pune",Marriott-PNQFP
PNQMD,Sheraton Grand Pune Bund Garden Hotel,pnqmd-sheraton-grand-pune-bund-garden-hotel,Marriott-PNQMD
PNQWI,The Westin Pune Koregaon Park,pnqwi-the-westin-pune-koregaon-park,Marriott-PNQWI
JAIPU,The Westin Pushkar Resort & Spa,jaipu-the-westin-pushkar-resort-&-spa,Marriott-JAIPU
RPRCY,Courtyard Raipur,rprcy-courtyard-raipur,Marriott-RPRCY
SHLCY,Courtyard Shillong,shlcy-courtyard-shillong,Marriott-SHLCY
IXBCY,Courtyard Siliguri,ixbcy-courtyard-siliguri,Marriott-IXBCY
DELSW,The Westin Sohna Resort & Spa,delsw-the-westin-sohna-resort-&-spa,Marriott-DELSW
SXRFP,Four Points by Sheraton Srinagar,sxrfp-four-points-by-sheraton-srinagar,Marriott-SXRFP
MAAFI,Fairfield by Marriott Sriperumbudur,maafi-fairfield-by-marriott-sriperumbudur,Marriott-MAAFI
STVCY,Courtyard Surat,stvcy-courtyard-surat,Marriott-STVCY
STVMC,Surat Marriott Hotel,stvmc-surat-marriott-hotel,Marriott-STVMC
DEDWI,"The Westin Resort & Spa, Himalayas","dedwi-the-westin-resort-&-spa,-himalayas",Marriott-DEDWI
TRZCY,Courtyard Tiruchirappalli,trzcy-courtyard-tiruchirappalli,Marriott-TRZCY
TRVCY,Courtyard Trivandrum,trvcy-courtyard-trivandrum,Marriott-TRVCY
BDQCC,Courtyard Vadodara,bdqcc-courtyard-vadodara,Marriott-BDQCC
BDQFI,Fairfield by Marriott Vadodara,bdqfi-fairfield-by-marriott-vadodara,Marriott-BDQFI
BDQVF,Four Points by Sheraton Vadodara,bdqvf-four-points-by-sheraton-vadodara,Marriott-BDQVF
VTZFI,Fairfield by Marriott Visakhapatnam,vtzfi-fairfield-by-marriott-visakhapatnam,Marriott-VTZFI
VTZFP,Four Points by Sheraton Visakhapatnam,vtzfp-four-points-by-sheraton-visakhapatnam,Marriott-VTZFP
DPSFB,Fairfield by Marriott Bali Kuta Sunset Road,dpsfb-fairfield-by-marriott-bali-kuta-sunset-road,Marriott-DPSFB
DPSCY,Courtyard Bali Nusa Dua Resort,dpscy-courtyard-bali-nusa-dua-resort,Marriott-DPSCY
DPSND,Renaissance Bali Nusa Dua Resort,dpsnd-renaissance-bali-nusa-dua-resort,Marriott-DPSND
DPSUW,Renaissance Bali Uluwatu Resort & Spa,dpsuw-renaissance-bali-uluwatu-resort-&-spa,Marriott-DPSUW
DPSUB,"Mandapa, a Ritz-Carlton Reserve","dpsub-mandapa,-a-ritz-carlton-reserve",Marriott-DPSUB
DPSSW,"The Ritz-Carlton, Bali","dpssw-the-ritz-carlton,-bali",Marriott-DPSSW
BPNFP,Four Points by Sheraton Balikpapan,bpnfp-four-points-by-sheraton-balikpapan,Marriott-BPNFP
TKGSI,Sheraton Lampung Hotel,tkgsi-sheraton-lampung-hotel,Marriott-TKGSI
BDOCY,Courtyard Bandung Dago,bdocy-courtyard-bandung-dago,Marriott-BDOCY
BDOOX,Moxy Bandung,bdoox-moxy-bandung,Marriott-BDOOX
BDOFP,Four Points by Sheraton Bandung,bdofp-four-points-by-sheraton-bandung,Marriott-BDOFP
BDOSI,Sheraton Bandung Hotel & Towers,bdosi-sheraton-bandung-hotel-&-towers,Marriott-BDOSI
BTHMC,Batam Marriott Hotel Harbour Bay,bthmc-batam-marriott-hotel-harbour-bay,Marriott-BTHMC
BTHFP,Four Points by Sheraton Batam,bthfp-four-points-by-sheraton-batam,Marriott-BTHFP
TJQFI,Fairfield by Marriott Belitung,tjqfi-fairfield-by-marriott-belitung,Marriott-TJQFI
TNJFP,"Four Points by Sheraton Bintan, Lagoi Bay","tnjfp-four-points-by-sheraton-bintan,-lagoi-bay",Marriott-TNJFP
TNJTX,"Natra Bintan, a Tribute Portfolio Resort","tnjtx-natra-bintan,-a-tribute-portfolio-resort",Marriott-TNJTX
JKTAK,"Sari Pacific Jakarta, Autograph Collection","jktak-sari-pacific-jakarta,-autograph-collection",Marriott-JKTAK
JKTJW,JW Marriott Hotel Jakarta,jktjw-jw-marriott-hotel-jakarta,Marriott-JKTJW
JKTER,"The Mayflower, Jakarta - Marriott Executive Apartments","jkter-the-mayflower,-jakarta---marriott-executive-apartments",Marriott-JKTER
JKTPR,"The Residences at The Ritz-Carlton Jakarta, Pacific Place","jktpr-the-residences-at-the-ritz-carlton-jakarta,-pacific-place",Marriott-JKTPR
JKTRZ,"The Ritz-Carlton Jakarta, Mega Kuningan","jktrz-the-ritz-carlton-jakarta,-mega-kuningan",Marriott-JKTRZ
JKTRT,"The Ritz-Carlton Jakarta, Pacific Place","jktrt-the-ritz-carlton-jakarta,-pacific-place",Marriott-JKTRT
JKTTF,"Four Points by Sheraton Jakarta, Thamrin","jkttf-four-points-by-sheraton-jakarta,-thamrin",Marriott-JKTTF
JKTMD,Le Méridien Jakarta,jktmd-le-méridien-jakarta,Marriott-JKTMD
JKTLD,"The Dharmawangsa, a Luxury Collection Hotel, Jakarta","jktld-the-dharmawangsa,-a-luxury-collection-hotel,-jakarta",Marriott-JKTLD
JKTGS,Sheraton Grand Jakarta Gandaria City Hotel,jktgs-sheraton-grand-jakarta-gandaria-city-hotel,Marriott-JKTGS
JKTTX,"The Hermitage, a Tribute Portfolio Hotel, Jakarta","jkttx-the-hermitage,-a-tribute-portfolio-hotel,-jakarta",Marriott-JKTTX
JKTWI,The Westin Jakarta,jktwi-the-westin-jakarta,Marriott-JKTWI
JKTAL,Aloft Jakarta Wahid Hasyim,jktal-aloft-jakarta-wahid-hasyim,Marriott-JKTAL
JKTXR,The St. Regis Jakarta,jktxr-the-st.-regis-jakarta,Marriott-JKTXR
DPSMD,Le Méridien Bali Jimbaran,dpsmd-le-méridien-bali-jimbaran,Marriott-DPSMD
DPSKA,Aloft Bali Kuta at Beachwalk,dpska-aloft-bali-kuta-at-beachwalk,Marriott-DPSKA
JKTAS,Aloft South Jakarta,jktas-aloft-south-jakarta,Marriott-JKTAS
DPSFI,Fairfield by Marriott Bali Legian,dpsfi-fairfield-by-marriott-bali-legian,Marriott-DPSFI
DPSKF,"Four Points by Sheraton Bali, Kuta","dpskf-four-points-by-sheraton-bali,-kuta",Marriott-DPSKF
DPSKS,Sheraton Bali Kuta Resort,dpsks-sheraton-bali-kuta-resort,Marriott-DPSKS
DPSFG,"Four Points by Sheraton Bali, Ungasan","dpsfg-four-points-by-sheraton-bali,-ungasan",Marriott-DPSFG
DPSAK,"The Stones Hotel - Legian Bali, Autograph Collection","dpsak-the-stones-hotel---legian-bali,-autograph-collection",Marriott-DPSAK
LOPSI,Sheraton Senggigi Beach Resort,lopsi-sheraton-senggigi-beach-resort,Marriott-LOPSI
UPGFP,Four Points by Sheraton Makassar,upgfp-four-points-by-sheraton-makassar,Marriott-UPGFP
MDCFP,Four Points by Sheraton Manado,mdcfp-four-points-by-sheraton-manado,Marriott-MDCFP
MESMC,JW Marriott Hotel Medan,mesmc-jw-marriott-hotel-medan,Marriott-MESMC
MESFP,Four Points by Sheraton Medan,mesfp-four-points-by-sheraton-medan,Marriott-MESFP
DPSMV,Marriott’s Bali Nusa Dua Gardens,dpsmv-marriott’s-bali-nusa-dua-gardens,Marriott-DPSMV
DPSVC,Marriott’s Bali Nusa Dua Terrace,dpsvc-marriott’s-bali-nusa-dua-terrace,Marriott-DPSVC
DPSLC,"The Laguna, a Luxury Collection Resort & Spa, Nusa Dua, Bali","dpslc-the-laguna,-a-luxury-collection-resort-&-spa,-nusa-dua,-bali",Marriott-DPSLC
DPSXR,The St. Regis Bali Resort,dpsxr-the-st.-regis-bali-resort,Marriott-DPSXR
DPSWI,"The Westin Resort Nusa Dua, Bali","dpswi-the-westin-resort-nusa-dua,-bali",Marriott-DPSWI
DPSAV,"Amarterra Villas Resort Bali Nusa Dua, Autograph Collection","dpsav-amarterra-villas-resort-bali-nusa-dua,-autograph-collection",Marriott-DPSAV
DPSAS,Aloft Bali Seminyak,dpsas-aloft-bali-seminyak,Marriott-DPSAS
DPSFP,"Four Points by Sheraton Bali, Seminyak","dpsfp-four-points-by-sheraton-bali,-seminyak",Marriott-DPSFP
DPSWH,W Bali - Seminyak,dpswh-w-bali---seminyak,Marriott-DPSWH
DPSSM,Courtyard Bali Seminyak Resort,dpssm-courtyard-bali-seminyak-resort,Marriott-DPSSM
TJQSI,Sheraton Belitung Resort,tjqsi-sheraton-belitung-resort,Marriott-TJQSI
DPSSK,Fairfield by Marriott Bali South Kuta,dpssk-fairfield-by-marriott-bali-south-kuta,Marriott-DPSSK
SUBFI,Fairfield by Marriott Surabaya,subfi-fairfield-by-marriott-surabaya,Marriott-SUBFI
SUBJW,JW Marriott Hotel Surabaya,subjw-jw-marriott-hotel-surabaya,Marriott-SUBJW
SUBFK,"Four Points by Sheraton Surabaya, Pakuwon Indah","subfk-four-points-by-sheraton-surabaya,-pakuwon-indah",Marriott-SUBFK
SUBFP,"Four Points by Sheraton Surabaya, Tunjungan Plaza","subfp-four-points-by-sheraton-surabaya,-tunjungan-plaza",Marriott-SUBFP
SUBSI,Sheraton Surabaya Hotel & Towers,subsi-sheraton-surabaya-hotel-&-towers,Marriott-SUBSI
SUBWI,The Westin Surabaya,subwi-the-westin-surabaya,Marriott-SUBWI
DPSEL,Element Bali Ubud,dpsel-element-bali-ubud,Marriott-DPSEL
DPSTP,"Sthala, a Tribute Portfolio Hotel, Ubud Bali","dpstp-sthala,-a-tribute-portfolio-hotel,-ubud-bali",Marriott-DPSTP
DPSWR,"The Westin Resort & Spa Ubud, Bali","dpswr-the-westin-resort-&-spa-ubud,-bali",Marriott-DPSWR
DPSBG,Bvlgari Resort Bali,dpsbg-bvlgari-resort-bali,Marriott-DPSBG
JOGMC,Yogyakarta Marriott Hotel,jogmc-yogyakarta-marriott-hotel,Marriott-JOGMC
JOGSI,Sheraton Mustika Yogyakarta Resort & Spa,jogsi-sheraton-mustika-yogyakarta-resort-&-spa,Marriott-JOGSI
UKBFI,Fairfield by Marriott Hyogo Awaji Higashiura,ukbfi-fairfield-by-marriott-hyogo-awaji-higashiura,Marriott-UKBFI
CTSFE,Fairfield by Marriott Hokkaido Eniwa,ctsfe-fairfield-by-marriott-hokkaido-eniwa,Marriott-CTSFE
FUKRZ,"The Ritz-Carlton, Fukuoka","fukrz-the-ritz-carlton,-fukuoka",Marriott-FUKRZ
NGOFJ,Fairfield by Marriott Gifu Gujo,ngofj-fairfield-by-marriott-gifu-gujo,Marriott-NGOFJ
NGOFN,Fairfield by Marriott Gifu Mino,ngofn-fairfield-by-marriott-gifu-mino,Marriott-NGOFN
NGOFG,Fairfield by Marriott Gifu Seiryu Satoyama Park,ngofg-fairfield-by-marriott-gifu-seiryu-satoyama-park,Marriott-NGOFG
MMJFI,Fairfield by Marriott Gifu Takayama Shirakawa Go,mmjfi-fairfield-by-marriott-gifu-takayama-shirakawa-go,Marriott-MMJFI
HKDFP,Four Points by Sheraton Hakodate,hkdfp-four-points-by-sheraton-hakodate,Marriott-HKDFP
HIJSI,Sheraton Grand Hiroshima Hotel,hijsi-sheraton-grand-hiroshima-hotel,Marriott-HIJSI
KOJSI,Sheraton Kagoshima,kojsi-sheraton-kagoshima,Marriott-KOJSI
MMJKH,Karuizawa Marriott Hotel,mmjkh-karuizawa-marriott-hotel,Marriott-MMJKH
OSAKB,Kobe Bay Sheraton Hotel & Towers,osakb-kobe-bay-sheraton-hotel-&-towers,Marriott-OSAKB
OKASI,Sheraton Okinawa Sunmarina Resort,okasi-sheraton-okinawa-sunmarina-resort,Marriott-OKASI
UKYFM,Fairfield by Marriott Kyoto Amanohashidate,ukyfm-fairfield-by-marriott-kyoto-amanohashidate,Marriott-UKYFM
UKYFK,Fairfield by Marriott Kyoto Kyotamba,ukyfk-fairfield-by-marriott-kyoto-kyotamba,Marriott-UKYFK
UKYFI,Fairfield by Marriott Kyoto Minamiyamashiro,ukyfi-fairfield-by-marriott-kyoto-minamiyamashiro,Marriott-UKYFI
UKYOX,Moxy Kyoto,ukyox-moxy-kyoto,Marriott-UKYOX
UKYRZ,"The Ritz-Carlton, Kyoto","ukyrz-the-ritz-carlton,-kyoto",Marriott-UKYRZ
OSALC,"HOTEL THE MITSUI KYOTO, a Luxury Collection Hotel & Spa","osalc-hotel-the-mitsui-kyoto,-a-luxury-collection-hotel-&-spa",Marriott-OSALC
UKYLC,"Suiran, a Luxury Collection Hotel, Kyoto","ukylc-suiran,-a-luxury-collection-hotel,-kyoto",Marriott-UKYLC
UKYWI,The Westin Miyako Kyoto,ukywi-the-westin-miyako-kyoto,Marriott-UKYWI
UKYAK,"The Prince Kyoto Takaragaike, Autograph Collection","ukyak-the-prince-kyoto-takaragaike,-autograph-collection",Marriott-UKYAK
OSAKT,"The Chapter Kyoto, a Tribute Portfolio Hotel","osakt-the-chapter-kyoto,-a-tribute-portfolio-hotel",Marriott-OSAKT
OKJFI,Fairfield by Marriott Okayama Hiruzen Highland,okjfi-fairfield-by-marriott-okayama-hiruzen-highland,Marriott-OKJFI
NGOFM,Fairfield by Marriott Mie Kumano Kodo Mihama,ngofm-fairfield-by-marriott-mie-kumano-kodo-mihama,Marriott-NGOFM
NGOFI,Fairfield by Marriott Mie Okuise Odai,ngofi-fairfield-by-marriott-mie-okuise-odai,Marriott-NGOFI
OSAFI,Fairfield by Marriott Hyogo Awaji Fukura,osafi-fairfield-by-marriott-hyogo-awaji-fukura,Marriott-OSAFI
OKALC,"IRAPH SUI, a Luxury Collection Hotel, Miyako Okinawa","okalc-iraph-sui,-a-luxury-collection-hotel,-miyako-okinawa",Marriott-OKALC
KMISI,Sheraton Grande Ocean Resort,kmisi-sheraton-grande-ocean-resort,Marriott-KMISI
MMJCH,Courtyard Hakuba,mmjch-courtyard-hakuba,Marriott-MMJCH
OKARZ,"The Ritz-Carlton, Okinawa","okarz-the-ritz-carlton,-okinawa",Marriott-OKARZ
NGOAK,"TIAD, Autograph Collection","ngoak-tiad,-autograph-collection",Marriott-NGOAK
NGOCY,Courtyard Nagoya,ngocy-courtyard-nagoya,Marriott-NGOCY
NGODT,Nagoya Marriott Associa Hotel,ngodt-nagoya-marriott-associa-hotel,Marriott-NGODT
OSANL,"Shisui, a Luxury Collection Hotel, Nara","osanl-shisui,-a-luxury-collection-hotel,-nara",Marriott-OSANL
OSAJW,JW Marriott Hotel Nara,osajw-jw-marriott-hotel-nara,Marriott-OSAJW
TYONZ,"The Ritz-Carlton, Nikko","tyonz-the-ritz-carlton,-nikko",Marriott-TYONZ
CTSRZ,"Higashiyama Niseko Village, a Ritz-Carlton Reserve","ctsrz-higashiyama-niseko-village,-a-ritz-carlton-reserve",Marriott-CTSRZ
OKARN,Renaissance Okinawa Resort,okarn-renaissance-okinawa-resort,Marriott-OKARN
OSACY,Courtyard Shin-Osaka Station,osacy-courtyard-shin-osaka-station,Marriott-OSACY
OSAFN,Fairfield by Marriott Osaka Namba,osafn-fairfield-by-marriott-osaka-namba,Marriott-OSAFN
OSAMC,Osaka Marriott Miyako Hotel,osamc-osaka-marriott-miyako-hotel,Marriott-OSAMC
OSAOX,Moxy Osaka Honmachi,osaox-moxy-osaka-honmachi,Marriott-OSAOX
OSAOO,Moxy Osaka Shin Umeda,osaoo-moxy-osaka-shin-umeda,Marriott-OSAOO
OSARZ,"The Ritz-Carlton, Osaka","osarz-the-ritz-carlton,-osaka",Marriott-OSARZ
OSAAL,Aloft Osaka Dojima,osaal-aloft-osaka-dojima,Marriott-OSAAL
OSAYS,Sheraton Miyako Hotel Osaka,osays-sheraton-miyako-hotel-osaka,Marriott-OSAYS
OSAXR,The St. Regis Osaka,osaxr-the-st.-regis-osaka,Marriott-OSAXR
OSAOW,W Osaka,osaow-w-osaka,Marriott-OSAOW
OSAWI,The Westin Osaka,osawi-the-westin-osaka,Marriott-OSAWI
OSACO,Courtyard Osaka Honmachi,osaco-courtyard-osaka-honmachi,Marriott-OSACO
CTSWI,The Westin Rusutsu Resort,ctswi-the-westin-rusutsu-resort,Marriott-CTSWI
CTSFI,Fairfield by Marriott Sapporo,ctsfi-fairfield-by-marriott-sapporo,Marriott-CTSFI
SDJWI,The Westin Sendai,sdjwi-the-westin-sendai,Marriott-SDJWI
HIJFI,Fairfield by Marriott Hiroshima Sera,hijfi-fairfield-by-marriott-hiroshima-sera,Marriott-HIJFI
OSALB,Lake Biwa Marriott Hotel,osalb-lake-biwa-marriott-hotel,Marriott-OSALB
FSZIZ,Izu Marriott Hotel Shuzenji,fsziz-izu-marriott-hotel-shuzenji,Marriott-FSZIZ
CTSFM,Fairfield by Marriott Hokkaido Minamifurano,ctsfm-fairfield-by-marriott-hokkaido-minamifurano,Marriott-CTSFM
KOJFI,Fairfield by Marriott Kagoshima Sakurajima,kojfi-fairfield-by-marriott-kagoshima-sakurajima,Marriott-KOJFI
OSAFT,Fairfield by Marriott Nara Tenri Yamanobenomichi,osaft-fairfield-by-marriott-nara-tenri-yamanobenomichi,Marriott-OSAFT
IBRFI,Fairfield by Marriott Tochigi Motegi,ibrfi-fairfield-by-marriott-tochigi-motegi,Marriott-IBRFI
IBRFN,Fairfield by Marriott Tochigi Nikko,ibrfn-fairfield-by-marriott-tochigi-nikko,Marriott-IBRFN
IBRFT,Fairfield by Marriott Tochigi Utsunomiya,ibrft-fairfield-by-marriott-tochigi-utsunomiya,Marriott-IBRFT
NGOFP,"Four Points by Sheraton Nagoya, Chubu International Airport","ngofp-four-points-by-sheraton-nagoya,-chubu-international-airport",Marriott-NGOFP
TYOAR,AC Hotel Tokyo Ginza,tyoar-ac-hotel-tokyo-ginza,Marriott-TYOAR
TYOAM,"Mesm Tokyo, Autograph Collection","tyoam-mesm-tokyo,-autograph-collection",Marriott-TYOAM
TYOAK,"The Prince Sakura Tower Tokyo, Autograph Collection","tyoak-the-prince-sakura-tower-tokyo,-autograph-collection",Marriott-TYOAK
TYOCY,Courtyard Tokyo Ginza Hotel,tyocy-courtyard-tokyo-ginza-hotel,Marriott-TYOCY
TYOGZ,Courtyard Tokyo Station,tyogz-courtyard-tokyo-station,Marriott-TYOGZ
TYOET,"The Tokyo EDITION, Toranomon","tyoet-the-tokyo-edition,-toranomon",Marriott-TYOET
TYOMC,Tokyo Marriott Hotel,tyomc-tokyo-marriott-hotel,Marriott-TYOMC
TYOOX,Moxy Tokyo Kinshicho,tyoox-moxy-tokyo-kinshicho,Marriott-TYOOX
TYORZ,"The Ritz-Carlton, Tokyo","tyorz-the-ritz-carlton,-tokyo",Marriott-TYORZ
TYOAL,Aloft Tokyo Ginza,tyoal-aloft-tokyo-ginza,Marriott-TYOAL
TYOBT,Bvlgari Hotel Tokyo,tyobt-bvlgari-hotel-tokyo,Marriott-TYOBT
TYOLC,"The Prince Gallery Tokyo Kioicho, a Luxury Collection Hotel","tyolc-the-prince-gallery-tokyo-kioicho,-a-luxury-collection-hotel",Marriott-TYOLC
TYOMY,Sheraton Miyako Hotel Tokyo,tyomy-sheraton-miyako-hotel-tokyo,Marriott-TYOMY
TYOWI,The Westin Tokyo,tyowi-the-westin-tokyo,Marriott-TYOWI
OSAFB,Fairfield by Marriott Hyogo Kannabe Highland,osafb-fairfield-by-marriott-hyogo-kannabe-highland,Marriott-OSAFB
OKJFT,Fairfield by Marriott Okayama Tsuyama,okjft-fairfield-by-marriott-okayama-tsuyama,Marriott-OKJFT
TYOSI,Sheraton Grande Tokyo Bay Hotel,tyosi-sheraton-grande-tokyo-bay-hotel,Marriott-TYOSI
NGSSU,Fairfield by Marriott Saga Ureshino Onsen,ngssu-fairfield-by-marriott-saga-ureshino-onsen,Marriott-NGSSU
OSAFK,Fairfield by Marriott Wakayama Kushimoto,osafk-fairfield-by-marriott-wakayama-kushimoto,Marriott-OSAFK
OSAFW,Fairfield by Marriott Wakayama Kumano Kodo Susami,osafw-fairfield-by-marriott-wakayama-kumano-kodo-susami,Marriott-OSAFW
OSANA,Nanki-Shirahama Marriott Hotel,osana-nanki-shirahama-marriott-hotel,Marriott-OSANA
OSAFY,Fairfield by Marriott Hyogo Tajima Yabu,osafy-fairfield-by-marriott-hyogo-tajima-yabu,Marriott-OSAFY
MMJFJ,Fuji Marriott Hotel Lake Yamanaka,mmjfj-fuji-marriott-hotel-lake-yamanaka,Marriott-MMJFJ
TYOYS,Yokohama Bay Sheraton Hotel & Towers,tyoys-yokohama-bay-sheraton-hotel-&-towers,Marriott-TYOYS
TYOWY,The Westin Yokohama,tyowy-the-westin-yokohama,Marriott-TYOWY
CTSFN,Fairfield by Marriott Hokkaido Naganuma,ctsfn-fairfield-by-marriott-hokkaido-naganuma,Marriott-CTSFN
SCOBR,Renaissance Aktau Hotel,scobr-renaissance-aktau-hotel,Marriott-SCOBR
ALARZ,"The Ritz-Carlton, Almaty","alarz-the-ritz-carlton,-almaty",Marriott-ALARZ
TSERZ,"The Ritz-Carlton, Astana","tserz-the-ritz-carlton,-astana",Marriott-TSERZ
TSESI,Sheraton Astana Hotel,tsesi-sheraton-astana-hotel,Marriott-TSESI
TSEXR,The St. Regis Astana,tsexr-the-st.-regis-astana,Marriott-TSEXR
GUWER,Marriott Executive Apartments Atyrau,guwer-marriott-executive-apartments-atyrau,Marriott-GUWER
GUWBR,Renaissance Atyrau Hotel,guwbr-renaissance-atyrau-hotel,Marriott-GUWBR
HGHAJ,JW Marriott Hotel Zhejiang Anji,hghaj-jw-marriott-hotel-zhejiang-anji,Marriott-HGHAJ
LHWFB,Fairfield by Marriott Baiyin Downtown,lhwfb-fairfield-by-marriott-baiyin-downtown,Marriott-LHWFB
SJWFI,Fairfield by Marriott Baoding High-Tech Zone,sjwfi-fairfield-by-marriott-baoding-high-tech-zone,Marriott-SJWFI
BAVMC,Baotou Marriott Hotel,bavmc-baotou-marriott-hotel,Marriott-BAVMC
BHYSI,Sheraton Beihai Resort,bhysi-sheraton-beihai-resort,Marriott-BHYSI
BJSDA,Fairfield by Marriott Beijing Daxing Airport,bjsda-fairfield-by-marriott-beijing-daxing-airport,Marriott-BJSDA
BJSFH,Fairfield by Marriott Beijing Haidian,bjsfh-fairfield-by-marriott-beijing-haidian,Marriott-BJSFH
BJSJW,JW Marriott Hotel Beijing,bjsjw-jw-marriott-hotel-beijing,Marriott-BJSJW
BJSJC,JW Marriott Hotel Beijing Central,bjsjc-jw-marriott-hotel-beijing-central,Marriott-BJSJC
BJSIM,"The Imperial Mansion, Beijing Marriott Executive Apartments","bjsim-the-imperial-mansion,-beijing-marriott-executive-apartments",Marriott-BJSIM
BJSSW,"The Sandalwood, Beijing - Marriott Executive Apartments","bjssw-the-sandalwood,-beijing---marriott-executive-apartments",Marriott-BJSSW
BJSCP,Beijing Marriott Hotel Changping,bjscp-beijing-marriott-hotel-changping,Marriott-BJSCP
BJSES,Beijing Marriott Hotel Northeast,bjses-beijing-marriott-hotel-northeast,Marriott-BJSES
BJSMY,Beijing Marriott Hotel Yanqing,bjsmy-beijing-marriott-hotel-yanqing,Marriott-BJSMY
BJSBC,Renaissance Beijing Capital Hotel,bjsbc-renaissance-beijing-capital-hotel,Marriott-BJSBC
BJSWF,Renaissance Beijing Wangfujing Hotel,bjswf-renaissance-beijing-wangfujing-hotel,Marriott-BJSWF
BJSFS,"The Ritz-Carlton Beijing, Financial Street","bjsfs-the-ritz-carlton-beijing,-financial-street",Marriott-BJSFS
BJSRZ,"The Ritz-Carlton, Beijing","bjsrz-the-ritz-carlton,-beijing",Marriott-BJSRZ
BJSHL,Aloft Beijing Huairou,bjshl-aloft-beijing-huairou,Marriott-BJSHL
BJSAL,"Aloft Beijing, Haidian","bjsal-aloft-beijing,-haidian",Marriott-BJSAL
BJSBG,Bvlgari Hotel Beijing,bjsbg-bvlgari-hotel-beijing,Marriott-BJSBG
BJSEY,Element Beijing Yanqing,bjsey-element-beijing-yanqing,Marriott-BJSEY
BJSFP,"Four Points by Sheraton Beijing, Haidian Hotel & Serviced Apartments","bjsfp-four-points-by-sheraton-beijing,-haidian-hotel-&-serviced-apartments",Marriott-BJSFP
BJSSH,Sheraton Beijing Huairou Hotel,bjssh-sheraton-beijing-huairou-hotel,Marriott-BJSSH
BJSSL,Sheraton Beijing Lize Hotel,bjssl-sheraton-beijing-lize-hotel,Marriott-BJSSL
BJSDO,Sheraton Grand Beijing Dongcheng Hotel,bjsdo-sheraton-grand-beijing-dongcheng-hotel,Marriott-BJSDO
BJSXR,The St. Regis Beijing,bjsxr-the-st.-regis-beijing,Marriott-BJSXR
BJSWI,The Westin Beijing Chaoyang,bjswi-the-westin-beijing-chaoyang,Marriott-BJSWI
BJSFW,The Westin Beijing Financial Street,bjsfw-the-westin-beijing-financial-street,Marriott-BJSFW
BFJFI,Fairfield by Marriott Bijie,bfjfi-fairfield-by-marriott-bijie,Marriott-BFJFI
BFJFP,Four Points by Sheraton Bijie,bfjfp-four-points-by-sheraton-bijie,Marriott-BFJFP
YNJSI,Sheraton Changbaishan Resort,ynjsi-sheraton-changbaishan-resort,Marriott-YNJSI
TNHWI,The Westin Changbaishan Resort,tnhwi-the-westin-changbaishan-resort,Marriott-TNHWI
CGQCY,Courtyard Changchun,cgqcy-courtyard-changchun,Marriott-CGQCY
CGQFP,"Four Points by Sheraton Changchun, Hi-Tech Zone","cgqfp-four-points-by-sheraton-changchun,-hi-tech-zone",Marriott-CGQFP
CGQSI,Sheraton Changchun Jingyuetan Hotel,cgqsi-sheraton-changchun-jingyuetan-hotel,Marriott-CGQSI
CGDSI,Sheraton Changde Wuling Hotel,cgdsi-sheraton-changde-wuling-hotel,Marriott-CGDSI
CSXCY,Courtyard Changsha South,csxcy-courtyard-changsha-south,Marriott-CSXCY
CSXJC,JW Marriott Hotel Changsha,csxjc-jw-marriott-hotel-changsha,Marriott-CSXJC
CSXER,"The Meixi Lake, Changsha Marriott Executive Apartments","csxer-the-meixi-lake,-changsha-marriott-executive-apartments",Marriott-CSXER
CSXFP,"Four Points by Sheraton Changsha, Meixi Lake","csxfp-four-points-by-sheraton-changsha,-meixi-lake",Marriott-CSXFP
CSXLC,"Meixi Lake Hotel, a Luxury Collection Hotel, Changsha","csxlc-meixi-lake-hotel,-a-luxury-collection-hotel,-changsha",Marriott-CSXLC
CSXSI,Sheraton Changsha Hotel,csxsi-sheraton-changsha-hotel,Marriott-CSXSI
CSXXR,The St. Regis Changsha,csxxr-the-st.-regis-changsha,Marriott-CSXXR
CSXWH,W Changsha,csxwh-w-changsha,Marriott-CSXWH
CZXFJ,Fairfield by Marriott Changzhou Jintan,czxfj-fairfield-by-marriott-changzhou-jintan,Marriott-CZXFJ
CZXMC,Changzhou Marriott Hotel,czxmc-changzhou-marriott-hotel,Marriott-CZXMC
CZXMJ,Changzhou Marriott Hotel Jintan,czxmj-changzhou-marriott-hotel-jintan,Marriott-CZXMJ
CZXBR,Renaissance Changzhou Wujin Hotel,czxbr-renaissance-changzhou-wujin-hotel,Marriott-CZXBR
CZXWS,Sheraton Changzhou Wujin Hotel,czxws-sheraton-changzhou-wujin-hotel,Marriott-CZXWS
CZXSX,Sheraton Changzhou Xinbei Hotel,czxsx-sheraton-changzhou-xinbei-hotel,Marriott-CZXSX
CTUCS,Courtyard Chengdu South,ctucs-courtyard-chengdu-south,Marriott-CTUCS
CTUMJ,JW Marriott Hotel Chengdu,ctumj-jw-marriott-hotel-chengdu,Marriott-CTUMJ
CTUMC,Chengdu Marriott Hotel Financial Centre,ctumc-chengdu-marriott-hotel-financial-centre,Marriott-CTUMC
CTUBR,Renaissance Chengdu Hotel,ctubr-renaissance-chengdu-hotel,Marriott-CTUBR
CTURZ,"The Ritz-Carlton, Chengdu","cturz-the-ritz-carlton,-chengdu",Marriott-CTURZ
CTUAL,Aloft Chengdu Shixiang Lake,ctual-aloft-chengdu-shixiang-lake,Marriott-CTUAL
CTUFT,Four Points by Sheraton Chengdu Tianfu New Area,ctuft-four-points-by-sheraton-chengdu-tianfu-new-area,Marriott-CTUFT
CTUAF,"Four Points by Sheraton Chengdu, Anren","ctuaf-four-points-by-sheraton-chengdu,-anren",Marriott-CTUAF
CTUFP,"Four Points by Sheraton Chengdu, Pujiang Resort","ctufp-four-points-by-sheraton-chengdu,-pujiang-resort",Marriott-CTUFP
CTULS,Sheraton Chengdu Lido Hotel,ctuls-sheraton-chengdu-lido-hotel,Marriott-CTULS
CTUSP,Sheraton Chengdu Pidu,ctusp-sheraton-chengdu-pidu,Marriott-CTUSP
CTUXR,The St. Regis Chengdu,ctuxr-the-st.-regis-chengdu,Marriott-CTUXR
CTUWH,W Chengdu,ctuwh-w-chengdu,Marriott-CTUWH
CKGFI,Fairfield by Marriott Chongqing Yongchuan,ckgfi-fairfield-by-marriott-chongqing-yongchuan,Marriott-CKGFI
CKGJW,JW Marriott Hotel Chongqing,ckgjw-jw-marriott-hotel-chongqing,Marriott-CKGJW
CKGER,Marriott Executive Apartments Chongqing,ckger-marriott-executive-apartments-chongqing,Marriott-CKGER
CKGMC,Chongqing Marriott Hotel,ckgmc-chongqing-marriott-hotel,Marriott-CKGMC
CKGFY,"Four Points by Sheraton Chongqing, Yongchuan","ckgfy-four-points-by-sheraton-chongqing,-yongchuan",Marriott-CKGFY
CKGMD,"Le Méridien Chongqing, Nan'an","ckgmd-le-méridien-chongqing,-nan'an",Marriott-CKGMD
CKGSI,Sheraton Chongqing Hotel,ckgsi-sheraton-chongqing-hotel,Marriott-CKGSI
CKGWI,The Westin Chongqing Liberation Square,ckgwi-the-westin-chongqing-liberation-square,Marriott-CKGWI
NKGZS,Sheraton Chuzhou Hotel,nkgzs-sheraton-chuzhou-hotel,Marriott-NKGZS
DLCAL,Aloft Dalian,dlcal-aloft-dalian,Marriott-DLCAL
DLCLC,"The Castle Hotel, a Luxury Collection Hotel, Dalian","dlclc-the-castle-hotel,-a-luxury-collection-hotel,-dalian",Marriott-DLCLC
CZXFD,Fairfield by Marriott Danyang,czxfd-fairfield-by-marriott-danyang,Marriott-CZXFD
CGDFP,Four Points by Sheraton Danzhou,cgdfp-four-points-by-sheraton-danzhou,Marriott-CGDFP
DQASI,Sheraton Daqing Hotel,dqasi-sheraton-daqing-hotel,Marriott-DQASI
SZXFI,Fairfield by Marriott Dongguan Changping,szxfi-fairfield-by-marriott-dongguan-changping,Marriott-SZXFI
SZXDL,Aloft Dongguan Dynamic Town,szxdl-aloft-dongguan-dynamic-town,Marriott-SZXDL
SZXAL,Aloft Dongguan Songshan Lake,szxal-aloft-dongguan-songshan-lake,Marriott-SZXAL
SZXSI,Sheraton Dongguan Hotel,szxsi-sheraton-dongguan-hotel,Marriott-SZXSI
CTUMD,Le Méridien Emei Mountain Resort,ctumd-le-méridien-emei-mountain-resort,Marriott-CTUMD
SHAFN,Courtyard Shanghai Fengxian,shafn-courtyard-shanghai-fengxian,Marriott-SHAFN
FUOCF,Courtyard Foshan,fuocf-courtyard-foshan,Marriott-FUOCF
FUOGA,Courtyard Foshan Gaoming,fuoga-courtyard-foshan-gaoming,Marriott-FUOGA
FUOCY,Courtyard Shunde Longjiang,fuocy-courtyard-shunde-longjiang,Marriott-FUOCY
FUOFI,Fairfield by Marriott Foshan Nanhai,fuofi-fairfield-by-marriott-foshan-nanhai,Marriott-FUOFI
FUOMC,Foshan Marriott Hotel,fuomc-foshan-marriott-hotel,Marriott-FUOMC
CANSM,Shunde Marriott Hotel,cansm-shunde-marriott-hotel,Marriott-CANSM
FUOAL,"Aloft Nanhai, Foshan","fuoal-aloft-nanhai,-foshan",Marriott-FUOAL
FUOEL,Element Foshan Nanhai,fuoel-element-foshan-nanhai,Marriott-FUOEL
FUOSI,Sheraton Shunde Hotel,fuosi-sheraton-shunde-hotel,Marriott-FUOSI
SZXTX,"Midea Shunde, a Tribute Portfolio Hotel","szxtx-midea-shunde,-a-tribute-portfolio-hotel",Marriott-SZXTX
FOCSF,Sheraton Fuqing Hotel,focsf-sheraton-fuqing-hotel,Marriott-FOCSF
FOCMC,Fuzhou Marriott Hotel Riverside,focmc-fuzhou-marriott-hotel-riverside,Marriott-FOCMC
FOCSI,Sheraton Fuzhou Hotel,focsi-sheraton-fuzhou-hotel,Marriott-FOCSI
FOCFI,The Westin Fuzhou Minjiang,focfi-the-westin-fuzhou-minjiang,Marriott-FOCFI
KOWAC,AC Hotel Ganzhou Quannan,kowac-ac-hotel-ganzhou-quannan,Marriott-KOWAC
CANFI,Fairfield by Marriott Guangzhou Tianhe Park,canfi-fairfield-by-marriott-guangzhou-tianhe-park,Marriott-CANFI
CANBM,Guangzhou Marriott Hotel Baiyun,canbm-guangzhou-marriott-hotel-baiyun,Marriott-CANBM
CANMN,Guangzhou Marriott Hotel Nansha,canmn-guangzhou-marriott-hotel-nansha,Marriott-CANMN
CANTI,Guangzhou Marriott Hotel Tianhe,canti-guangzhou-marriott-hotel-tianhe,Marriott-CANTI
CANRZ,"The Ritz-Carlton, Guangzhou","canrz-the-ritz-carlton,-guangzhou",Marriott-CANRZ
CANUL,Aloft Guangzhou University Park,canul-aloft-guangzhou-university-park,Marriott-CANUL
CANBE,Element Guangzhou Baiyun,canbe-element-guangzhou-baiyun,Marriott-CANBE
CANBP,"Four Points by Sheraton Guangzhou, Baiyun","canbp-four-points-by-sheraton-guangzhou,-baiyun",Marriott-CANBP
CANFP,"Four Points by Sheraton Guangzhou, Dongpu","canfp-four-points-by-sheraton-guangzhou,-dongpu",Marriott-CANFP
CANSI,Sheraton Guangzhou Hotel,cansi-sheraton-guangzhou-hotel,Marriott-CANSI
CANGN,Sheraton Guangzhou Nansha Hotel,cangn-sheraton-guangzhou-nansha-hotel,Marriott-CANGN
CANSP,Sheraton Guangzhou Panyu,cansp-sheraton-guangzhou-panyu,Marriott-CANSP
CANWG,W Guangzhou,canwg-w-guangzhou,Marriott-CANWG
CANGW,The Westin Guangzhou,cangw-the-westin-guangzhou,Marriott-CANGW
CANWI,The Westin Pazhou,canwi-the-westin-pazhou,Marriott-CANWI
KWLFP,"Four Points by Sheraton Guilin, Lingui","kwlfp-four-points-by-sheraton-guilin,-lingui",Marriott-KWLFP
KWLSI,Sheraton Guilin Hotel,kwlsi-sheraton-guilin-hotel,Marriott-KWLSI
KWEFI,Fairfield by Marriott Guiyang Guanshanhu,kwefi-fairfield-by-marriott-guiyang-guanshanhu,Marriott-KWEFI
KWEBR,Renaissance Guiyang Hotel,kwebr-renaissance-guiyang-hotel,Marriott-KWEBR
KWEFH,"Four Points by Sheraton Guiyang, Huaxi","kwefh-four-points-by-sheraton-guiyang,-huaxi",Marriott-KWEFH
KWESI,Sheraton Guiyang Hotel,kwesi-sheraton-guiyang-hotel,Marriott-KWESI
XNNFH,Fairfield by Marriott Haidong,xnnfh-fairfield-by-marriott-haidong,Marriott-XNNFH
HAKMC,Haikou Marriott Hotel,hakmc-haikou-marriott-hotel,Marriott-HAKMC
HAKMH,Renaissance Haikou Hotel,hakmh-renaissance-haikou-hotel,Marriott-HAKMH
HAKRZ,"The Ritz-Carlton, Haikou","hakrz-the-ritz-carlton,-haikou",Marriott-HAKRZ
HAKSI,Sheraton Haikou Hotel,haksi-sheraton-haikou-hotel,Marriott-HAKSI
HAKWI,The Westin Haikou,hakwi-the-westin-haikou,Marriott-HAKWI
HGHQJ,Courtyard Hangzhou Qianjiang,hghqj-courtyard-hangzhou-qianjiang,Marriott-HGHQJ
HGHCW,Courtyard Hangzhou West,hghcw-courtyard-hangzhou-west,Marriott-HGHCW
HGHCY,Courtyard Hangzhou Wulin,hghcy-courtyard-hangzhou-wulin,Marriott-HGHCY
HGHCX,Courtyard Hangzhou Xiaoshan,hghcx-courtyard-hangzhou-xiaoshan,Marriott-HGHCX
HGHXC,Courtyard Hangzhou Xihu,hghxc-courtyard-hangzhou-xihu,Marriott-HGHXC
HGHQF,Fairfield by Marriott Hangzhou Qiandao Lake,hghqf-fairfield-by-marriott-hangzhou-qiandao-lake,Marriott-HGHQF
HGHFG,Fairfield by Marriott Hangzhou Xiaoshan,hghfg-fairfield-by-marriott-hangzhou-xiaoshan,Marriott-HGHFG
HGHHF,Fairfield by Marriott Hangzhou Xihu District,hghhf-fairfield-by-marriott-hangzhou-xihu-district,Marriott-HGHHF
HGHFX,Fairfield by Marriott Hangzhou Xintiandi,hghfx-fairfield-by-marriott-hangzhou-xintiandi,Marriott-HGHFX
HGHJW,JW Marriott Hotel Hangzhou,hghjw-jw-marriott-hotel-hangzhou,Marriott-HGHJW
HGHEZ,Marriott Executive Apartments Hangzhou,hghez-marriott-executive-apartments-hangzhou,Marriott-HGHEZ
HGHER,Marriott Executive Apartments Hangzhou Yuhang,hgher-marriott-executive-apartments-hangzhou-yuhang,Marriott-HGHER
HGHML,Hangzhou Marriott Hotel Lin'an,hghml-hangzhou-marriott-hotel-lin'an,Marriott-HGHML
HGHQI,Hangzhou Marriott Hotel Qianjiang,hghqi-hangzhou-marriott-hotel-qianjiang,Marriott-HGHQI
HGHNE,Renaissance Hangzhou Northeast Hotel,hghne-renaissance-hangzhou-northeast-hotel,Marriott-HGHNE
HGHFP,"Four Points by Sheraton Hangzhou, Binjiang","hghfp-four-points-by-sheraton-hangzhou,-binjiang",Marriott-HGHFP
HGHFQ,Four Points by Sheraton Qiandao Lake,hghfq-four-points-by-sheraton-qiandao-lake,Marriott-HGHFQ
HGHMD,"Le Méridien Hangzhou, Binjiang","hghmd-le-méridien-hangzhou,-binjiang",Marriott-HGHMD
HGHLC,"The Azure Qiantang, a Luxury Collection Hotel, Hangzhou","hghlc-the-azure-qiantang,-a-luxury-collection-hotel,-hangzhou",Marriott-HGHLC
HGHSI,Sheraton Grand Hangzhou Binjiang Hotel,hghsi-sheraton-grand-hangzhou-binjiang-hotel,Marriott-HGHSI
HGHHS,Sheraton Grand Hangzhou Wetland Park Resort,hghhs-sheraton-grand-hangzhou-wetland-park-resort,Marriott-HGHHS
HRBFI,Fairfield by Marriott Harbin Downtown,hrbfi-fairfield-by-marriott-harbin-downtown,Marriott-HRBFI
HRBJW,JW Marriott Hotel Harbin River North,hrbjw-jw-marriott-hotel-harbin-river-north,Marriott-HRBJW
HRBRZ,"The Ritz-Carlton, Harbin","hrbrz-the-ritz-carlton,-harbin",Marriott-HRBRZ
HRBXS,Sheraton Harbin Xiangfang Hotel,hrbxs-sheraton-harbin-xiangfang-hotel,Marriott-HRBXS
HFEHF,"Four Points by Sheraton Hefei, Baohe","hfehf-four-points-by-sheraton-hefei,-baohe",Marriott-HFEHF
HFEFP,"Four Points by Sheraton Hefei, Shushan","hfefp-four-points-by-sheraton-hefei,-shushan",Marriott-HFEFP
HFESI,Sheraton Hefei Xinzhan Hotel,hfesi-sheraton-hefei-xinzhan-hotel,Marriott-HFESI
HFEWI,The Westin Hefei Baohe,hfewi-the-westin-hefei-baohe,Marriott-HFEWI
CANFG,"Four Points by Sheraton Guangdong, Heshan","canfg-four-points-by-sheraton-guangdong,-heshan",Marriott-CANFG
HUZFP,Four Points by Sheraton Heyuan Resort,huzfp-four-points-by-sheraton-heyuan-resort,Marriott-HUZFP
HETSI,Sheraton Hohhot Hotel,hetsi-sheraton-hohhot-hotel,Marriott-HETSI
HKGCY,Courtyard Hong Kong,hkgcy-courtyard-hong-kong,Marriott-HKGCY
HKGST,Courtyard Hong Kong Sha Tin,hkgst-courtyard-hong-kong-sha-tin,Marriott-HKGST
HKGDT,JW Marriott Hotel Hong Kong,hkgdt-jw-marriott-hotel-hong-kong,Marriott-HKGDT
HKGOP,Hong Kong Ocean Park Marriott Hotel,hkgop-hong-kong-ocean-park-marriott-hotel,Marriott-HKGOP
HKGAP,Hong Kong SkyCity Marriott Hotel,hkgap-hong-kong-skycity-marriott-hotel,Marriott-HKGAP
HKGHV,Renaissance Hong Kong Harbour View Hotel,hkghv-renaissance-hong-kong-harbour-view-hotel,Marriott-HKGHV
HKGKW,"The Ritz-Carlton, Hong Kong","hkgkw-the-ritz-carlton,-hong-kong",Marriott-HKGKW
HKGMM,"Mira Moon Hong Kong, a Member of Design Hotels™","hkgmm-mira-moon-hong-kong,-a-member-of-design-hotels™",Marriott-HKGMM
HKGOV,"Southside by Ovolo, a Member of Design Hotels™","hkgov-southside-by-ovolo,-a-member-of-design-hotels™",Marriott-HKGOV
HKGMR,"The Mira Hong Kong, a Member of Design Hotels","hkgmr-the-mira-hong-kong,-a-member-of-design-hotels",Marriott-HKGMR
HKGFP,"Four Points by Sheraton Hong Kong, Tung Chung","hkgfp-four-points-by-sheraton-hong-kong,-tung-chung",Marriott-HKGFP
HKGMD,"Le Méridien Hong Kong, Cyberport","hkgmd-le-méridien-hong-kong,-cyberport",Marriott-HKGMD
HKGSI,Sheraton Hong Kong Hotel & Towers,hkgsi-sheraton-hong-kong-hotel-&-towers,Marriott-HKGSI
HKGSC,Sheraton Hong Kong Tung Chung Hotel,hkgsc-sheraton-hong-kong-tung-chung-hotel,Marriott-HKGSC
HKGXR,The St. Regis Hong Kong,hkgxr-the-st.-regis-hong-kong,Marriott-HKGXR
HKGWH,W Hong Kong,hkgwh-w-hong-kong,Marriott-HKGWH
HIAFD,Fairfield by Marriott Huai'an Downtown,hiafd-fairfield-by-marriott-huai'an-downtown,Marriott-HIAFD
HUNMD,Le Méridien Hualien Resort,hunmd-le-méridien-hualien-resort,Marriott-HUNMD
HUZBR,Renaissance Huizhou Hotel,huzbr-renaissance-huizhou-hotel,Marriott-HUZBR
HUZLM,Le Méridien Xiaojing Bay,huzlm-le-méridien-xiaojing-bay,Marriott-HUZLM
HUZSB,"Sheraton Bailuhu Resort, Huizhou","huzsb-sheraton-bailuhu-resort,-huizhou",Marriott-HUZSB
HUZHS,Sheraton Huizhou Beach Resort,huzhs-sheraton-huizhou-beach-resort,Marriott-HUZHS
WUXSI,Sheraton Huzhou Taihu Lake Hot Spring Resort & Spa,wuxsi-sheraton-huzhou-taihu-lake-hot-spring-resort-&-spa,Marriott-WUXSI
CZXCJ,Courtyard Jiangyin,czxcj-courtyard-jiangyin,Marriott-CZXCJ
WUXJS,Sheraton Jiangyin Hotel,wuxjs-sheraton-jiangyin-hotel,Marriott-WUXJS
HGHJX,Jiaxing Marriott Hotel,hghjx-jiaxing-marriott-hotel,Marriott-HGHJX
HGHPJ,Four Points by Sheraton Jiaxing,hghpj-four-points-by-sheraton-jiaxing,Marriott-HGHPJ
TNAJS,Sheraton Jinan Hotel,tnajs-sheraton-jinan-hotel,Marriott-TNAJS
JDZFI,Fairfield by Marriott Jingdezhen,jdzfi-fairfield-by-marriott-jingdezhen,Marriott-JDZFI
JHGSI,Sheraton Grand Xishuangbanna Hotel,jhgsi-sheraton-grand-xishuangbanna-hotel,Marriott-JHGSI
YIHFI,Fairfield by Marriott Jingzhou,yihfi-fairfield-by-marriott-jingzhou,Marriott-YIHFI
YIWMJ,Jinhua Marriott Hotel,yiwmj-jinhua-marriott-hotel,Marriott-YIWMJ
JNZSI,Sheraton Jinzhou Hotel,jnzsi-sheraton-jinzhou-hotel,Marriott-JNZSI
JZHCY,Courtyard Jiuzhaigou,jzhcy-courtyard-jiuzhaigou,Marriott-JZHCY
JZHDE,Delta Hotels Jiuzhaigou,jzhde-delta-hotels-jiuzhaigou,Marriott-JZHDE
JZHRZ,"Rissai Valley, a Ritz-Carlton Reserve","jzhrz-rissai-valley,-a-ritz-carlton-reserve",Marriott-JZHRZ
CGOSK,Sheraton Kaifeng,cgosk-sheraton-kaifeng,Marriott-CGOSK
KHHMC,Kaohsiung Marriott Hotel,khhmc-kaohsiung-marriott-hotel,Marriott-KHHMC
KMGDE,Delta Hotels Kunming,kmgde-delta-hotels-kunming,Marriott-KMGDE
KMGFI,Fairfield by Marriott Kunming Xinying,kmgfi-fairfield-by-marriott-kunming-xinying,Marriott-KMGFI
KMGSK,Sheraton Kunming,kmgsk-sheraton-kunming,Marriott-KMGSK
SHAKS,Courtyard Kunshan,shaks-courtyard-kunshan,Marriott-SHAKS
SHAFU,Fairfield by Marriott Kunshan,shafu-fairfield-by-marriott-kunshan,Marriott-SHAFU
BJSFL,"Four Points by Sheraton Langfang, Guan","bjsfl-four-points-by-sheraton-langfang,-guan",Marriott-BJSFL
BJSLF,Sheraton Langfang Chaobai River Hotel,bjslf-sheraton-langfang-chaobai-river-hotel,Marriott-BJSLF
LXAXR,The St. Regis Lhasa Resort,lxaxr-the-st.-regis-lhasa-resort,Marriott-LXAXR
TNAFD,Fairfield by Marriott Liaocheng Dongchangfu,tnafd-fairfield-by-marriott-liaocheng-dongchangfu,Marriott-TNAFD
SYXXB,Marriott Resort Xiangshui Bay,syxxb-marriott-resort-xiangshui-bay,Marriott-SYXXB
SYXWI,The Westin Blue Bay Resort & Spa,syxwi-the-westin-blue-bay-resort-&-spa,Marriott-SYXWI
LPFFP,Four Points by Sheraton Liupanshui,lpffp-four-points-by-sheraton-liupanshui,Marriott-LPFFP
LZHCY,Courtyard Liuzhou Sanjiang,lzhcy-courtyard-liuzhou-sanjiang,Marriott-LZHCY
NKGML,Liyang Marriott Hotel,nkgml-liyang-marriott-hotel,Marriott-NKGML
LYAFP,Four Points by Sheraton Luohe,lyafp-four-points-by-sheraton-luohe,Marriott-LYAFP
LYACY,Courtyard Luoyang,lyacy-courtyard-luoyang,Marriott-LYACY
MFMJW,JW Marriott Hotel Macau,mfmjw-jw-marriott-hotel-macau,Marriott-MFMJW
MFMMR,"The Ritz-Carlton, Macau","mfmmr-the-ritz-carlton,-macau",Marriott-MFMMR
MFMSI,Sheraton Grand Macao,mfmsi-sheraton-grand-macao,Marriott-MFMSI
MFMXR,The St. Regis Macao,mfmxr-the-st.-regis-macao,Marriott-MFMXR
MFMWH,W Macau - Studio City,mfmwh-w-macau---studio-city,Marriott-MFMWH
MZGFP,Four Points by Sheraton Penghu,mzgfp-four-points-by-sheraton-penghu,Marriott-MZGFP
ZHAMS,Sheraton Maoming Hot Spring Resort,zhams-sheraton-maoming-hot-spring-resort,Marriott-ZHAMS
ZHASM,Sheraton Maoming Romantic Beach Resort,zhasm-sheraton-maoming-romantic-beach-resort,Marriott-ZHASM
MIGSI,Sheraton Mianyang,migsi-sheraton-mianyang,Marriott-MIGSI
KMGEL,Element Mile,kmgel-element-mile,Marriott-KMGEL
KMGSI,Sheraton Mile Hotel,kmgsi-sheraton-mile-hotel,Marriott-KMGSI
KHNYC,Courtyard Nanchang,khnyc-courtyard-nanchang,Marriott-KHNYC
KHNXF,"Four Points by Sheraton Nanchang, Xihu","khnxf-four-points-by-sheraton-nanchang,-xihu",Marriott-KHNXF
KHNSI,Sheraton Nanchang Hotel,khnsi-sheraton-nanchang-hotel,Marriott-KHNSI
NKGAR,"Nanjing, Jiangning, Autograph Collection","nkgar-nanjing,-jiangning,-autograph-collection",Marriott-NKGAR
NKGAK,"The Sifang Hotel Nanjing, Autograph Collection","nkgak-the-sifang-hotel-nanjing,-autograph-collection",Marriott-NKGAK
NKGNJ,Courtyard Nanjing Jiangning,nkgnj-courtyard-nanjing-jiangning,Marriott-NKGNJ
NKGSC,Marriott Nanjing South Hotel,nkgsc-marriott-nanjing-south-hotel,Marriott-NKGSC
NKGOX,Moxy Nanjing Jiangning,nkgox-moxy-nanjing-jiangning,Marriott-NKGOX
NKGBR,Renaissance Nanjing Olympic Centre Hotel,nkgbr-renaissance-nanjing-olympic-centre-hotel,Marriott-NKGBR
NKGRZ,"The Ritz-Carlton, Nanjing","nkgrz-the-ritz-carlton,-nanjing",Marriott-NKGRZ
NKGSI,Sheraton Nanjing Kingsley Hotel & Towers,nkgsi-sheraton-nanjing-kingsley-hotel-&-towers,Marriott-NKGSI
NKGWN,The Westin Nanjing Resort & Spa,nkgwn-the-westin-nanjing-resort-&-spa,Marriott-NKGWN
NKGWI,The Westin Nanjing Xuanwu Lake,nkgwi-the-westin-nanjing-xuanwu-lake,Marriott-NKGWI
NNGMC,Nanning Marriott Hotel,nngmc-nanning-marriott-hotel,Marriott-NNGMC
NNGBR,Renaissance Nanning Hotel,nngbr-renaissance-nanning-hotel,Marriott-NNGBR
NNGLC,"Na Lotus Hotel, a Luxury Collection Hotel, Nanning","nnglc-na-lotus-hotel,-a-luxury-collection-hotel,-nanning",Marriott-NNGLC
NTGMC,Nantong Marriott Hotel,ntgmc-nantong-marriott-hotel,Marriott-NTGMC
NGBFI,Fairfield by Marriott Ningbo Yinzhou,ngbfi-fairfield-by-marriott-ningbo-yinzhou,Marriott-NGBFI
NGBMC,Ningbo Marriott Hotel,ngbmc-ningbo-marriott-hotel,Marriott-NGBMC
NGBSI,Sheraton Ningbo Hotel,ngbsi-sheraton-ningbo-hotel,Marriott-NGBSI
NGBXI,Sheraton Ningbo Xiangshan Resort,ngbxi-sheraton-ningbo-xiangshan-resort,Marriott-NGBXI
NGBNG,Sheraton Ninghai,ngbng-sheraton-ninghai,Marriott-NGBNG
NGBWI,The Westin Ningbo,ngbwi-the-westin-ningbo,Marriott-NGBWI
SHAPC,Courtyard Pinghu,shapc-courtyard-pinghu,Marriott-SHAPC
HGHQS,Sheraton Qiandao Lake Resort,hghqs-sheraton-qiandao-lake-resort,Marriott-HGHQS
TAOAK,"Flow and Co. Qingdao, Autograph Collection","taoak-flow-and-co.-qingdao,-autograph-collection",Marriott-TAOAK
TAOFP,"Four Points by Sheraton Qingdao, Chengyang","taofp-four-points-by-sheraton-qingdao,-chengyang",Marriott-TAOFP
TAOQF,"Four Points by Sheraton Qingdao, West Coast","taoqf-four-points-by-sheraton-qingdao,-west-coast",Marriott-TAOQF
TAOMD,Le Méridien Qingdao,taomd-le-méridien-qingdao,Marriott-TAOMD
TAODM,Le Méridien Qingdao West Coast,taodm-le-méridien-qingdao-west-coast,Marriott-TAODM
TNAHU,Sheraton Qingdao West Coast,tnahu-sheraton-qingdao-west-coast,Marriott-TNAHU
TAOQJ,Sheraton Qingdao Jiaozhou Hotel,taoqj-sheraton-qingdao-jiaozhou-hotel,Marriott-TAOQJ
TAOQS,Sheraton Qingdao Licang Hotel,taoqs-sheraton-qingdao-licang-hotel,Marriott-TAOQS
TAOXR,The St. Regis Qingdao,taoxr-the-st.-regis-qingdao,Marriott-TAOXR
TAOWI,The Westin Qingdao,taowi-the-westin-qingdao,Marriott-TAOWI
TAOWQ,The Westin Qingdao West Coast,taowq-the-westin-qingdao-west-coast,Marriott-TAOWQ
TAOSI,Sheraton Qingyuan Lion Lake Resort,taosi-sheraton-qingyuan-lion-lake-resort,Marriott-TAOSI
SHPCY,Courtyard Qinhuangdao West,shpcy-courtyard-qinhuangdao-west,Marriott-SHPCY
SHPFI,Fairfield by Marriott Qinhuangdao Haigang,shpfi-fairfield-by-marriott-qinhuangdao-haigang,Marriott-SHPFI
BPEMC,Qinhuangdao Marriott Resort,bpemc-qinhuangdao-marriott-resort,Marriott-BPEMC
SHPSI,Sheraton Qinhuangdao Beidaihe Hotel,shpsi-sheraton-qinhuangdao-beidaihe-hotel,Marriott-SHPSI
SYXFQ,"Four Points by Sheraton Hainan, Qiongzhong","syxfq-four-points-by-sheraton-hainan,-qiongzhong",Marriott-SYXFQ
JNGJW,JW Marriott Hotel Qufu,jngjw-jw-marriott-hotel-qufu,Marriott-JNGJW
TNASR,Sheraton Rizhao Hotel,tnasr-sheraton-rizhao-hotel,Marriott-TNASR
SYXAK,"The Shanhaitian Resort Sanya, Autograph Collection","syxak-the-shanhaitian-resort-sanya,-autograph-collection",Marriott-SYXAK
SYXEB,The Sanya EDITION,syxeb-the-sanya-edition,Marriott-SYXEB
SYXDB,JW Marriott Hotel Sanya Dadonghai Bay,syxdb-jw-marriott-hotel-sanya-dadonghai-bay,Marriott-SYXDB
SYXJW,JW Marriott Sanya Haitang Bay Resort & Spa,syxjw-jw-marriott-sanya-haitang-bay-resort-&-spa,Marriott-SYXJW
SYXMC,Sanya Marriott Yalong Bay Resort & Spa,syxmc-sanya-marriott-yalong-bay-resort-&-spa,Marriott-SYXMC
SYXBR,Renaissance Sanya Haitang Bay Resort,syxbr-renaissance-sanya-haitang-bay-resort,Marriott-SYXBR
SYXRZ,"The Ritz-Carlton Sanya, Yalong Bay","syxrz-the-ritz-carlton-sanya,-yalong-bay",Marriott-SYXRZ
SYXFP,"Four Points by Sheraton Hainan, Sanya","syxfp-four-points-by-sheraton-hainan,-sanya",Marriott-SYXFP
SYXHS,Sheraton Sanya Haitang Bay Resort,syxhs-sheraton-sanya-haitang-bay-resort,Marriott-SYXHS
SYXSS,Sheraton Sanya Resort,syxss-sheraton-sanya-resort,Marriott-SYXSS
SYXXR,The St. Regis Sanya Yalong Bay Resort,syxxr-the-st.-regis-sanya-yalong-bay-resort,Marriott-SYXXR
SYXTX,"The Taikang Sanya, a Tribute Portfolio Resort","syxtx-the-taikang-sanya,-a-tribute-portfolio-resort",Marriott-SYXTX
SYXBW,The Westin Sanya Haitang Bay Resort,syxbw-the-westin-sanya-haitang-bay-resort,Marriott-SYXBW
SHAPX,Courtyard Shanghai Central,shapx-courtyard-shanghai-central,Marriott-SHAPX
SHAFP,Courtyard Shanghai Changfeng Park,shafp-courtyard-shanghai-changfeng-park,Marriott-SHAFP
SHAHO,Courtyard Shanghai Hongqiao,shaho-courtyard-shanghai-hongqiao,Marriott-SHAHO
SHATR,Courtyard Shanghai International Tourism and Resorts Zone,shatr-courtyard-shanghai-international-tourism-and-resorts-zone,Marriott-SHATR
SHAJD,Courtyard Shanghai Jiading,shajd-courtyard-shanghai-jiading,Marriott-SHAJD
SHAMG,Courtyard Shanghai Minhang,shamg-courtyard-shanghai-minhang,Marriott-SHAMG
SHACJ,Courtyard Shanghai Songjiang,shacj-courtyard-shanghai-songjiang,Marriott-SHACJ
SHASX,Courtyard Shanghai Xujiahui,shasx-courtyard-shanghai-xujiahui,Marriott-SHASX
SHACY,Courtyard Shanghai-Pudong,shacy-courtyard-shanghai-pudong,Marriott-SHACY
SHABS,Delta Hotels Shanghai Baoshan,shabs-delta-hotels-shanghai-baoshan,Marriott-SHABS
SHAEB,The Shanghai EDITION,shaeb-the-shanghai-edition,Marriott-SHAEB
SHAFO,Fairfield by Marriott Shanghai Hongqiao NECC,shafo-fairfield-by-marriott-shanghai-hongqiao-necc,Marriott-SHAFO
SHAFI,Fairfield by Marriott Shanghai Jingan,shafi-fairfield-by-marriott-shanghai-jingan,Marriott-SHAFI
SHAFD,Fairfield by Marriott Shanghai Pudong Central,shafd-fairfield-by-marriott-shanghai-pudong-central,Marriott-SHAFD
SHAJW,JW Marriott Hotel Shanghai at Tomorrow Square,shajw-jw-marriott-hotel-shanghai-at-tomorrow-square,Marriott-SHAJW
SHACP,JW Marriott Hotel Shanghai Changfeng Park,shacp-jw-marriott-hotel-shanghai-changfeng-park,Marriott-SHACP
SHAJF,JW Marriott Hotel Shanghai Fengxian,shajf-jw-marriott-hotel-shanghai-fengxian,Marriott-SHAJF
SHAMJ,JW Marriott Marquis Hotel Shanghai Pudong,shamj-jw-marriott-marquis-hotel-shanghai-pudong,Marriott-SHAMJ
SHAQI,Shanghai Marriott Hotel Hongqiao,shaqi-shanghai-marriott-hotel-hongqiao,Marriott-SHAQI
SHAZH,Shanghai Marriott Hotel Kangqiao,shazh-shanghai-marriott-hotel-kangqiao,Marriott-SHAZH
SHAMP,Shanghai Marriott Hotel Parkview,shamp-shanghai-marriott-hotel-parkview,Marriott-SHAMP
SHAPD,Shanghai Marriott Hotel Pudong East,shapd-shanghai-marriott-hotel-pudong-east,Marriott-SHAPD
SHAPS,Shanghai Marriott Hotel Pudong South,shaps-shanghai-marriott-hotel-pudong-south,Marriott-SHAPS
SHALU,Shanghai Marriott Hotel Riverside,shalu-shanghai-marriott-hotel-riverside,Marriott-SHALU
SHAMC,Shanghai Marriott Marquis City Centre,shamc-shanghai-marriott-marquis-city-centre,Marriott-SHAMC
SHAOX,Moxy Shanghai Hongqiao NECC,shaox-moxy-shanghai-hongqiao-necc,Marriott-SHAOX
SHAOS,Moxy Shanghai Xuhui,shaos-moxy-shanghai-xuhui,Marriott-SHAOS
SHACA,Renaissance Shanghai Caohejing Hotel,shaca-renaissance-shanghai-caohejing-hotel,Marriott-SHACA
SHARN,Renaissance Shanghai Pudong Hotel,sharn-renaissance-shanghai-pudong-hotel,Marriott-SHARN
SHAPH,Renaissance Shanghai Putuo Hotel,shaph-renaissance-shanghai-putuo-hotel,Marriott-SHAPH
SHASY,Renaissance Shanghai Yu Garden Hotel,shasy-renaissance-shanghai-yu-garden-hotel,Marriott-SHASY
SHABZ,Renaissance Shanghai Zhongshan Park Hotel,shabz-renaissance-shanghai-zhongshan-park-hotel,Marriott-SHABZ
SHARZ,"The Portman Ritz-Carlton, Shanghai","sharz-the-portman-ritz-carlton,-shanghai",Marriott-SHARZ
SHASZ,"The Ritz-Carlton Shanghai, Pudong","shasz-the-ritz-carlton-shanghai,-pudong",Marriott-SHASZ
SHAAL,Aloft Shanghai Zhangjiang Haike,shaal-aloft-shanghai-zhangjiang-haike,Marriott-SHAAL
SHABG,Bvlgari Hotel Shanghai,shabg-bvlgari-hotel-shanghai,Marriott-SHABG
SHAFQ,Four Points by Sheraton Shanghai Hongqiao,shafq-four-points-by-sheraton-shanghai-hongqiao,Marriott-SHAFQ
SHAFJ,Four Points by Sheraton Shanghai Jiading,shafj-four-points-by-sheraton-shanghai-jiading,Marriott-SHAFJ
SHADF,"Four Points by Sheraton Shanghai, Daning","shadf-four-points-by-sheraton-shanghai,-daning",Marriott-SHADF
SHAFK,"Four Points by Sheraton Shanghai, Kangqiao","shafk-four-points-by-sheraton-shanghai,-kangqiao",Marriott-SHAFK
SHAPF,"Four Points by Sheraton Shanghai, Pudong","shapf-four-points-by-sheraton-shanghai,-pudong",Marriott-SHAPF
SHALM,"Le Méridien Shanghai, Minhang","shalm-le-méridien-shanghai,-minhang",Marriott-SHALM
SHAHL,"The Hongta Hotel, a Luxury Collection Hotel, Shanghai","shahl-the-hongta-hotel,-a-luxury-collection-hotel,-shanghai",Marriott-SHAHL
SHASP,Sheraton Grand Shanghai Pudong Hotel & Residences,shasp-sheraton-grand-shanghai-pudong-hotel-&-residences,Marriott-SHASP
SHASH,Sheraton Shanghai Chongming Hotel,shash-sheraton-shanghai-chongming-hotel,Marriott-SHASH
SHASF,Sheraton Shanghai Fengxian,shasf-sheraton-shanghai-fengxian,Marriott-SHASF
SHAHS,Sheraton Shanghai Hongkou Hotel,shahs-sheraton-shanghai-hongkou-hotel,Marriott-SHAHS
SHAJS,Sheraton Shanghai Jiading Hotel,shajs-sheraton-shanghai-jiading-hotel,Marriott-SHAJS
SHAPR,Sheraton Shanghai Pudong Riverside,shapr-sheraton-shanghai-pudong-riverside,Marriott-SHAPR
SHAWS,Sheraton Shanghai Waigaoqiao Hotel,shaws-sheraton-shanghai-waigaoqiao-hotel,Marriott-SHAWS
SHAXR,The St. Regis Shanghai Jingan,shaxr-the-st.-regis-shanghai-jingan,Marriott-SHAXR
SHAWD,"The Yuluxe Sheshan, Shanghai, a Tribute Portfolio Hotel","shawd-the-yuluxe-sheshan,-shanghai,-a-tribute-portfolio-hotel",Marriott-SHAWD
SHAWH,W Shanghai - The Bund,shawh-w-shanghai---the-bund,Marriott-SHAWH
SHAWI,"The Westin Bund Center, Shanghai","shawi-the-westin-bund-center,-shanghai",Marriott-SHAWI
SWAMS,Shantou Marriott Hotel,swams-shantou-marriott-hotel,Marriott-SWAMS
SWASI,Sheraton Shantou Hotel,swasi-sheraton-shantou-hotel,Marriott-SWASI
SZXFZ,Fairfield by Marriott Shenzhen Shenshan Special Cooperation Zone,szxfz-fairfield-by-marriott-shenzhen-shenshan-special-cooperation-zone,Marriott-SZXFZ
HGHXN,Courtyard Xinchang,hghxn-courtyard-xinchang,Marriott-HGHXN
HGHSS,Sheraton Shaoxing Shangyu,hghss-sheraton-shaoxing-shangyu,Marriott-HGHSS
SHEMR,Shenyang Marriott Hotel,shemr-shenyang-marriott-hotel,Marriott-SHEMR
SHESW,Renaissance Shenyang West Hotel,shesw-renaissance-shenyang-west-hotel,Marriott-SHESW
SHEMD,"Le Méridien Shenyang, Heping","shemd-le-méridien-shenyang,-heping",Marriott-SHEMD
SHESI,Sheraton Shenyang South City Hotel,shesi-sheraton-shenyang-south-city-hotel,Marriott-SHESI
SHEWI,The Westin Shenyang,shewi-the-westin-shenyang,Marriott-SHEWI
SZXCY,Courtyard Shenzhen Bao'an,szxcy-courtyard-shenzhen-bao'an,Marriott-SZXCY
SZXSB,Courtyard Shenzhen Bay,szxsb-courtyard-shenzhen-bay,Marriott-SZXSB
SZXNW,Courtyard Shenzhen Northwest,szxnw-courtyard-shenzhen-northwest,Marriott-SZXNW
SZXJW,JW Marriott Hotel Shenzhen,szxjw-jw-marriott-hotel-shenzhen,Marriott-SZXJW
SZXBA,JW Marriott Hotel Shenzhen Bao'an,szxba-jw-marriott-hotel-shenzhen-bao'an,Marriott-SZXBA
SZXER,"The OCT Harbour, Shenzhen - Marriott Executive Apartments","szxer-the-oct-harbour,-shenzhen---marriott-executive-apartments",Marriott-SZXER
SZXGB,Shenzhen Marriott Hotel Golden Bay,szxgb-shenzhen-marriott-hotel-golden-bay,Marriott-SZXGB
SZXWT,Shenzhen Marriott Hotel Nanshan,szxwt-shenzhen-marriott-hotel-nanshan,Marriott-SZXWT
SZXOX,Moxy Shenzhen Bao'an,szxox-moxy-shenzhen-bao'an,Marriott-SZXOX
SZXRB,Renaissance Shenzhen Bay Hotel,szxrb-renaissance-shenzhen-bay-hotel,Marriott-SZXRB
SZXBR,Renaissance Shenzhen Luohu,szxbr-renaissance-shenzhen-luohu,Marriott-SZXBR
SZXRZ,"The Ritz-Carlton, Shenzhen","szxrz-the-ritz-carlton,-shenzhen",Marriott-SZXRZ
SZXFP,Four Points by Sheraton Shenzhen,szxfp-four-points-by-sheraton-shenzhen,Marriott-SZXFP
SZXFB,Four Points by Sheraton Shenzhen Bao'an,szxfb-four-points-by-sheraton-shenzhen-bao'an,Marriott-SZXFB
SZXSF,Sheraton Shenzhen Futian Hotel,szxsf-sheraton-shenzhen-futian-hotel,Marriott-SZXSF
SZXSN,Sheraton Shenzhen Nanshan,szxsn-sheraton-shenzhen-nanshan,Marriott-SZXSN
SZXXR,The St. Regis Shenzhen,szxxr-the-st.-regis-shenzhen,Marriott-SZXXR
SZXTY,"The G Shenzhen, A Tribute Portfolio Hotel","szxty-the-g-shenzhen,-a-tribute-portfolio-hotel",Marriott-SZXTY
SZXWI,The Westin Shenzhen Nanshan,szxwi-the-westin-shenzhen-nanshan,Marriott-SZXWI
SZXNS,Moxy Shenzhen North Station,szxns-moxy-shenzhen-north-station,Marriott-SZXNS
SJWFX,Fairfield by Marriott Shijiazhuang High-Tech Zone,sjwfx-fairfield-by-marriott-shijiazhuang-high-tech-zone,Marriott-SJWFX
SJWAL,Aloft Shijiazhuang,sjwal-aloft-shijiazhuang,Marriott-SJWAL
NAOMC,Suining Marriott Hotel,naomc-suining-marriott-hotel,Marriott-NAOMC
WUXSA,AC Hotel Suzhou China,wuxsa-ac-hotel-suzhou-china,Marriott-WUXSA
SZVCY,Courtyard Suzhou,szvcy-courtyard-suzhou,Marriott-SZVCY
WUXSM,Courtyard Suzhou Mudu,wuxsm-courtyard-suzhou-mudu,Marriott-WUXSM
SZVFI,Fairfield by Marriott Suzhou High-Tech Zone,szvfi-fairfield-by-marriott-suzhou-high-tech-zone,Marriott-SZVFI
SZVMC,Suzhou Marriott Hotel,szvmc-suzhou-marriott-hotel,Marriott-SZVMC
WUXTL,Suzhou Marriott Hotel Taihu Lake,wuxtl-suzhou-marriott-hotel-taihu-lake,Marriott-WUXTL
SZVBR,Renaissance Suzhou Hotel,szvbr-renaissance-suzhou-hotel,Marriott-SZVBR
WUXBR,Renaissance Suzhou Taihu Lake Hotel,wuxbr-renaissance-suzhou-taihu-lake-hotel,Marriott-WUXBR
SZVSW,Renaissance Suzhou Wujiang Hotel,szvsw-renaissance-suzhou-wujiang-hotel,Marriott-SZVSW
SZVEL,Element Suzhou Science and Technology Town,szvel-element-suzhou-science-and-technology-town,Marriott-SZVEL
SZVSF,Four Points by Sheraton Suzhou,szvsf-four-points-by-sheraton-suzhou,Marriott-SZVSF
SZVFS,"Four Points by Sheraton Suzhou, Wuzhong","szvfs-four-points-by-sheraton-suzhou,-wuzhong",Marriott-SZVFS
SZVFP,Four Points by Sheraton Taicang,szvfp-four-points-by-sheraton-taicang,Marriott-SZVFP
SZVMD,"Le Méridien Suzhou, Suzhou Bay","szvmd-le-méridien-suzhou,-suzhou-bay",Marriott-SZVMD
SZVWH,W Suzhou,szvwh-w-suzhou,Marriott-SZVWH
RMQFI,Fairfield by Marriott Taichung,rmqfi-fairfield-by-marriott-taichung,Marriott-RMQFI
RMQOX,Moxy Taichung,rmqox-moxy-taichung,Marriott-RMQOX
RMQMD,Le Méridien Taichung,rmqmd-le-méridien-taichung,Marriott-RMQMD
TNNAL,Aloft Tainan Anping,tnnal-aloft-tainan-anping,Marriott-TNNAL
TPECD,Courtyard Taipei Downtown,tpecd-courtyard-taipei-downtown,Marriott-TPECD
TPETM,Taipei Marriott Hotel,tpetm-taipei-marriott-hotel,Marriott-TPETM
TPEBE,Aloft Taipei Beitou,tpebe-aloft-taipei-beitou,Marriott-TPEBE
TPEAL,Aloft Taipei Zhongshan,tpeal-aloft-taipei-zhongshan,Marriott-TPEAL
TPEDS,"Hotel Proverbs Taipei, a Member of Design Hotels™","tpeds-hotel-proverbs-taipei,-a-member-of-design-hotels™",Marriott-TPEDS
TPELF,Four Points by Sheraton Linkou,tpelf-four-points-by-sheraton-linkou,Marriott-TPELF
TPEFT,Four Points by Sheraton Taipei Bali,tpeft-four-points-by-sheraton-taipei-bali,Marriott-TPEFT
TPEDM,Le Méridien Taipei,tpedm-le-méridien-taipei,Marriott-TPEDM
TPEWH,W Taipei,tpewh-w-taipei,Marriott-TPEWH
TPECY,Courtyard Taipei,tpecy-courtyard-taipei,Marriott-TPECY
TPESH,Renaissance Taipei Shihlin Hotel,tpesh-renaissance-taipei-shihlin-hotel,Marriott-TPESH
TPEST,Sheraton Grand Taipei Hotel,tpest-sheraton-grand-taipei-hotel,Marriott-TPEST
TTTSI,Sheraton Taitung Hotel,tttsi-sheraton-taitung-hotel,Marriott-TTTSI
TYNCY,Courtyard Taiyuan,tyncy-courtyard-taiyuan,Marriott-TYNCY
TYNFI,Fairfield by Marriott Taiyuan South,tynfi-fairfield-by-marriott-taiyuan-south,Marriott-TYNFI
TYNJW,JW Marriott Hotel Taiyuan,tynjw-jw-marriott-hotel-taiyuan,Marriott-TYNJW
TYNSI,Sheraton Taiyuan,tynsi-sheraton-taiyuan,Marriott-TYNSI
YTYCY,Courtyard Jiangsu Taizhou,ytycy-courtyard-jiangsu-taizhou,Marriott-YTYCY
HYNFI,Fairfield by Marriott Taizhou Bay,hynfi-fairfield-by-marriott-taizhou-bay,Marriott-HYNFI
HYNFC,Fairfield by Marriott Taizhou City Centre,hynfc-fairfield-by-marriott-taizhou-city-centre,Marriott-HYNFC
HYNMC,Zhejiang Taizhou Marriott Hotel,hynmc-zhejiang-taizhou-marriott-hotel,Marriott-HYNMC
HYNSI,Sheraton Taizhou,hynsi-sheraton-taizhou,Marriott-HYNSI
TPETW,"The Westin Tashee Resort, Taoyuan","tpetw-the-westin-tashee-resort,-taoyuan",Marriott-TPETW
TPESY,Sheraton Taoyuan Hotel,tpesy-sheraton-taoyuan-hotel,Marriott-TPESY
TSNTJ,Renaissance Tianjin TEDA Convention Centre Hotel,tsntj-renaissance-tianjin-teda-convention-centre-hotel,Marriott-TSNTJ
TSNHO,Courtyard Tianjin Hongqiao,tsnho-courtyard-tianjin-hongqiao,Marriott-TSNHO
TSNTI,"TEDA, Tianjin-Marriott Executive Apartments","tsnti-teda,-tianjin-marriott-executive-apartments",Marriott-TSNTI
TSNER,"The Lakeview, Tianjin -- Marriott Executive Apartments","tsner-the-lakeview,-tianjin----marriott-executive-apartments",Marriott-TSNER
TSNEX,Tianjin Marriott Hotel National Convention and Exhibition Center,tsnex-tianjin-marriott-hotel-national-convention-and-exhibition-center,Marriott-TSNEX
TSNLV,Renaissance Tianjin Lakeview Hotel,tsnlv-renaissance-tianjin-lakeview-hotel,Marriott-TSNLV
TSNRZ,"The Ritz-Carlton, Tianjin","tsnrz-the-ritz-carlton,-tianjin",Marriott-TSNRZ
TSNFN,Four Points by Sheraton Tianjin National Convention and Exhibition Center,tsnfn-four-points-by-sheraton-tianjin-national-convention-and-exhibition-center,Marriott-TSNFN
TSNBI,Sheraton Tianjin Binhai Hotel,tsnbi-sheraton-tianjin-binhai-hotel,Marriott-TSNBI
TSNXR,The St. Regis Tianjin,tsnxr-the-st.-regis-tianjin,Marriott-TSNXR
TSNTW,The Westin Tianjin,tsntw-the-westin-tianjin,Marriott-TSNTW
URCFP,Four Points by Sheraton Urumqi,urcfp-four-points-by-sheraton-urumqi,Marriott-URCFP
SYXPF,Four Points by Sheraton Shenzhou Peninsula,syxpf-four-points-by-sheraton-shenzhou-peninsula,Marriott-SYXPF
SYXMD,Le Méridien Shimei Bay Beach Resort & Spa,syxmd-le-méridien-shimei-bay-beach-resort-&-spa,Marriott-SYXMD
SYXPS,Sheraton Shenzhou Peninsula Resort,syxps-sheraton-shenzhou-peninsula-resort,Marriott-SYXPS
SYXWS,The Westin Shimei Bay Resort,syxws-the-westin-shimei-bay-resort,Marriott-SYXWS
WNZAP,Wenzhou Airport Marriott Hotel,wnzap-wenzhou-airport-marriott-hotel,Marriott-WNZAP
WNZMC,Wenzhou Marriott Hotel,wnzmc-wenzhou-marriott-hotel,Marriott-WNZMC
WNZSI,Sheraton Wenzhou Hotel,wnzsi-sheraton-wenzhou-hotel,Marriott-WNZSI
WNZWI,The Westin Wenzhou,wnzwi-the-westin-wenzhou,Marriott-WNZWI
ZHAFP,"Four Points by Sheraton Wuchuan, Loong Bay","zhafp-four-points-by-sheraton-wuchuan,-loong-bay",Marriott-ZHAFP
WUHFJ,Fairfield by Marriott Wuhan Jiangxia,wuhfj-fairfield-by-marriott-wuhan-jiangxia,Marriott-WUHFJ
WUHFI,Fairfield by Marriott Wuhan Wuchang,wuhfi-fairfield-by-marriott-wuhan-wuchang,Marriott-WUHFI
WUHHK,Wuhan Marriott Hotel Hankou,wuhhk-wuhan-marriott-hotel-hankou,Marriott-WUHHK
WUHOV,Wuhan Marriott Hotel Optics Valley,wuhov-wuhan-marriott-hotel-optics-valley,Marriott-WUHOV
WUHMW,Wuhan Marriott Hotel Wuchang,wuhmw-wuhan-marriott-hotel-wuchang,Marriott-WUHMW
WUHBR,Renaissance Wuhan Hotel,wuhbr-renaissance-wuhan-hotel,Marriott-WUHBR
WUHFP,"Four Points by Sheraton Wuhan, Jiangxia","wuhfp-four-points-by-sheraton-wuhan,-jiangxia",Marriott-WUHFP
WUHWS,Sheraton Grand Wuhan Hankou Hotel,wuhws-sheraton-grand-wuhan-hankou-hotel,Marriott-WUHWS
WUHWW,The Westin Wuhan Hanyang,wuhww-the-westin-wuhan-hanyang,Marriott-WUHWW
WUHWI,The Westin Wuhan Wuchang,wuhwi-the-westin-wuhan-wuchang,Marriott-WUHWI
WUXLL,Courtyard Wuxi Lihu Lake,wuxll-courtyard-wuxi-lihu-lake,Marriott-WUXLL
WUXML,Wuxi Marriott Hotel Lihu Lake,wuxml-wuxi-marriott-hotel-lihu-lake,Marriott-WUXML
WUXWS,Sheraton Wuxi Binhu Hotel,wuxws-sheraton-wuxi-binhu-hotel,Marriott-WUXWS
XIYCY,Courtyard Xi'an North,xiycy-courtyard-xi'an-north,Marriott-XIYCY
XIYDE,Delta Hotels Xi'an,xiyde-delta-hotels-xi'an,Marriott-XIYDE
XIYFC,Fairfield by Marriott Xi'an Chanba,xiyfc-fairfield-by-marriott-xi'an-chanba,Marriott-XIYFC
XIYFI,Fairfield by Marriott Xi’an North Station,xiyfi-fairfield-by-marriott-xi’an-north-station,Marriott-XIYFI
XIYJW,JW Marriott Hotel Xi'an,xiyjw-jw-marriott-hotel-xi'an,Marriott-XIYJW
XIYDO,Moxy Xi'an Downtown,xiydo-moxy-xi'an-downtown,Marriott-XIYDO
XIYBR,Renaissance Xi'an Hotel,xiybr-renaissance-xi'an-hotel,Marriott-XIYBR
XIYSC,Sheraton Xi'an Chanba,xiysc-sheraton-xi'an-chanba,Marriott-XIYSC
XIYSS,Sheraton Xi'an South,xiyss-sheraton-xi'an-south,Marriott-XIYSS
XIYWH,W Xi'an,xiywh-w-xi'an,Marriott-XIYWH
XMNCY,Courtyard Xiamen,xmncy-courtyard-xiamen,Marriott-XMNCY
XMNCH,Courtyard Xiamen Haicang,xmnch-courtyard-xiamen-haicang,Marriott-XMNCH
XMNXI,Xiamen Marriott Hotel & Conference Centre,xmnxi-xiamen-marriott-hotel-&-conference-centre,Marriott-XMNXI
XMNMC,Xiamen Marriott Hotel Haicang,xmnmc-xiamen-marriott-hotel-haicang,Marriott-XMNMC
XMNBR,Renaissance Xiamen Hotel,xmnbr-renaissance-xiamen-hotel,Marriott-XMNBR
XMNET,Element Xiamen Tong'an,xmnet-element-xiamen-tong'an,Marriott-XMNET
XMNMD,Le Méridien Xiamen,xmnmd-le-méridien-xiamen,Marriott-XMNMD
XMNSI,Sheraton Xiamen Hotel,xmnsi-sheraton-xiamen-hotel,Marriott-XMNSI
XMNWH,W Xiamen,xmnwh-w-xiamen,Marriott-XMNWH
XMNWI,The Westin Xiamen,xmnwi-the-westin-xiamen,Marriott-XMNWI
XIYOX,Moxy Xi'an Beilin,xiyox-moxy-xi'an-beilin,Marriott-XIYOX
XNNFI,Fairfield by Marriott Xining North,xnnfi-fairfield-by-marriott-xining-north,Marriott-XNNFI
TYNWM,Wutai Mountain Marriott Hotel,tynwm-wutai-mountain-marriott-hotel,Marriott-TYNWM
XIYER,"The Fairway Place, Xi'an - Marriott Executive Apartments","xiyer-the-fairway-place,-xi'an---marriott-executive-apartments",Marriott-XIYER
XIYRZ,"The Ritz-Carlton, Xi'an","xiyrz-the-ritz-carlton,-xi'an",Marriott-XIYRZ
XIYMD,"Le Méridien Xi'an, Chanba","xiymd-le-méridien-xi'an,-chanba",Marriott-XIYMD
XIYSI,Sheraton Xi'an Hotel,xiysi-sheraton-xi'an-hotel,Marriott-XIYSI
XIYNC,Sheraton Xi'an North City Hotel,xiync-sheraton-xi'an-north-city-hotel,Marriott-XIYNC
XIYWI,The Westin Xi'an,xiywi-the-westin-xi'an,Marriott-XIYWI
XUZLV,Xuzhou Marriott Hotel Lakeview,xuzlv-xuzhou-marriott-hotel-lakeview,Marriott-XUZLV
XUZSI,Sheraton Xuzhou,xuzsi-sheraton-xuzhou,Marriott-XUZSI
YNZMC,Yancheng Marriott Hotel,ynzmc-yancheng-marriott-hotel,Marriott-YNZMC
YNZAL,Aloft Yancheng,ynzal-aloft-yancheng,Marriott-YNZAL
YNTMC,Yantai Marriott Hotel,yntmc-yantai-marriott-hotel,Marriott-YNTMC
YNTSI,Sheraton Yantai Golden Beach Resort,yntsi-sheraton-yantai-golden-beach-resort,Marriott-YNTSI
TPEYR,The Westin Yilan Resort,tpeyr-the-westin-yilan-resort,Marriott-TPEYR
INCCY,Courtyard Yinchuan,inccy-courtyard-yinchuan,Marriott-INCCY
INCJW,JW Marriott Hotel Yinchuan,incjw-jw-marriott-hotel-yinchuan,Marriott-INCJW
INCSI,Sheraton Yinchuan,incsi-sheraton-yinchuan,Marriott-INCSI
YIWER,"The International Trade City, Yiwu - Marriott Executive Apartments","yiwer-the-international-trade-city,-yiwu---marriott-executive-apartments",Marriott-YIWER
YIWMC,Yiwu Marriott Hotel,yiwmc-yiwu-marriott-hotel,Marriott-YIWMC
CZXMD,Le Méridien Yixing,czxmd-le-méridien-yixing,Marriott-CZXMD
CSXYB,Four Points by Sheraton Yiyang,csxyb-four-points-by-sheraton-yiyang,Marriott-CSXYB
WNZCW,Courtyard Wenzhou Yueqing,wnzcw-courtyard-wenzhou-yueqing,Marriott-WNZCW
FUOSY,Sheraton Yunfu Xinxing Hotel,fuosy-sheraton-yunfu-xinxing-hotel,Marriott-FUOSY
NGBYF,Fairfield by Marriott Yuyao,ngbyf-fairfield-by-marriott-yuyao,Marriott-NGBYF
WUXZH,Zhangjiagang Marriott Hotel,wuxzh-zhangjiagang-marriott-hotel,Marriott-WUXZH
ZQZCY,Courtyard Chongli,zqzcy-courtyard-chongli,Marriott-ZQZCY
ZQZEL,Element Chongli,zqzel-element-chongli,Marriott-ZQZEL
ZHASI,Sheraton Zhanjiang Hotel,zhasi-sheraton-zhanjiang-hotel,Marriott-ZHASI
FUOSZ,Sheraton Zhaoqing Dinghu,fuosz-sheraton-zhaoqing-dinghu,Marriott-FUOSZ
CGOAP,Courtyard Zhengzhou Airport,cgoap-courtyard-zhengzhou-airport,Marriott-CGOAP
CGOCY,Courtyard Zhengzhou East,cgocy-courtyard-zhengzhou-east,Marriott-CGOCY
CGOJW,JW Marriott Hotel Zhengzhou,cgojw-jw-marriott-hotel-zhengzhou,Marriott-CGOJW
CGOSL,Aloft Zhengzhou Shangjie,cgosl-aloft-zhengzhou-shangjie,Marriott-CGOSL
CGOMD,Le Méridien Zhengzhou,cgomd-le-méridien-zhengzhou,Marriott-CGOMD
CGOGS,Sheraton Grand Zhengzhou Hotel,cgogs-sheraton-grand-zhengzhou-hotel,Marriott-CGOGS
CZXSI,Sheraton Zhenjiang Hotel,czxsi-sheraton-zhenjiang-hotel,Marriott-CZXSI
ZISMD,Le Méridien Zhongshan,zismd-le-méridien-zhongshan,Marriott-ZISMD
ZISSI,Sheraton Zhongshan Hotel,zissi-sheraton-zhongshan-hotel,Marriott-ZISSI
ZISWZ,The Westin Zhongshan Guzhen,ziswz-the-westin-zhongshan-guzhen,Marriott-ZISWZ
HSNSI,Sheraton Zhoushan Hotel,hsnsi-sheraton-zhoushan-hotel,Marriott-HSNSI
HSNWI,"The Westin Zhujiajian Resort, Zhoushan","hsnwi-the-westin-zhujiajian-resort,-zhoushan",Marriott-HSNWI
TPEHS,Sheraton Hsinchu Hotel,tpehs-sheraton-hsinchu-hotel,Marriott-TPEHS
ZUHFI,Fairfield by Marriott Zhuhai Xiangzhou,zuhfi-fairfield-by-marriott-zhuhai-xiangzhou,Marriott-ZUHFI
ZUHMC,Zhuhai Marriott Hotel,zuhmc-zhuhai-marriott-hotel,Marriott-ZUHMC
ZUHMJ,Zhuhai Marriott Hotel Jinwan,zuhmj-zhuhai-marriott-hotel-jinwan,Marriott-ZUHMJ
ZUHBR,Renaissance Zhuhai Hotel,zuhbr-renaissance-zhuhai-hotel,Marriott-ZUHBR
ZUHZS,Sheraton Zhuhai Hotel,zuhzs-sheraton-zhuhai-hotel,Marriott-ZUHZS
ZUHXR,The St. Regis Zhuhai,zuhxr-the-st.-regis-zhuhai,Marriott-ZUHXR
CSXZH,Zhuzhou Marriott Hotel,csxzh-zhuzhou-marriott-hotel,Marriott-CSXZH
TNAZF,Fairfield by Marriott Zibo,tnazf-fairfield-by-marriott-zibo,Marriott-TNAZF
TNASI,Sheraton Zibo Hotel,tnasi-sheraton-zibo-hotel,Marriott-TNASI
JHBFP,Four Points by Sheraton Desaru,jhbfp-four-points-by-sheraton-desaru,Marriott-JHBFP
JHBWI,The Westin Desaru Coast Resort,jhbwi-the-westin-desaru-coast-resort,Marriott-JHBWI
BTUFI,Fairfield by Marriott Bintulu Paragon,btufi-fairfield-by-marriott-bintulu-paragon,Marriott-BTUFI
PENGT,"Macalister Mansion, George Town, a Member of Design Hotels™","pengt-macalister-mansion,-george-town,-a-member-of-design-hotels™",Marriott-PENGT
PENCY,Courtyard Penang,pency-courtyard-penang,Marriott-PENCY
PENTP,"The Prestige Hotel, a Member of Design Hotels™","pentp-the-prestige-hotel,-a-member-of-design-hotels™",Marriott-PENTP
JHBBR,Renaissance Johor Bahru Hotel,jhbbr-renaissance-johor-bahru-hotel,Marriott-JHBBR
BKIKK,Kota Kinabalu Marriott Hotel,bkikk-kota-kinabalu-marriott-hotel,Marriott-BKIKK
BKILH,"The LUMA Hotel, Kota Kinabalu, a Member of Design Hotels™","bkilh-the-luma-hotel,-kota-kinabalu,-a-member-of-design-hotels™",Marriott-BKILH
BKIMD,Le Méridien Kota Kinabalu,bkimd-le-méridien-kota-kinabalu,Marriott-BKIMD
KULKA,AC Hotel Kuala Lumpur,kulka-ac-hotel-kuala-lumpur,Marriott-KULKA
KULSP,"Hotel Stripes Kuala Lumpur, Autograph Collection","kulsp-hotel-stripes-kuala-lumpur,-autograph-collection",Marriott-KULSP
KULAK,"The Majestic Hotel Kuala Lumpur, Autograph Collection","kulak-the-majestic-hotel-kuala-lumpur,-autograph-collection",Marriott-KULAK
KULFI,Fairfield by Marriott Chow Kit Kuala Lumpur,kulfi-fairfield-by-marriott-chow-kit-kuala-lumpur,Marriott-KULFI
KULDT,JW Marriott Hotel Kuala Lumpur,kuldt-jw-marriott-hotel-kuala-lumpur,Marriott-KULDT
KULRN,Renaissance Kuala Lumpur Hotel & Convention Centre,kulrn-renaissance-kuala-lumpur-hotel-&-convention-centre,Marriott-KULRN
KULRZ,"The Ritz-Carlton, Kuala Lumpur","kulrz-the-ritz-carlton,-kuala-lumpur",Marriott-KULRZ
KULAL,Aloft Kuala Lumpur Sentral,kulal-aloft-kuala-lumpur-sentral,Marriott-KULAL
KULEL,Element Kuala Lumpur,kulel-element-kuala-lumpur,Marriott-KULEL
KULFC,"Four Points by Sheraton Kuala Lumpur, Chinatown","kulfc-four-points-by-sheraton-kuala-lumpur,-chinatown",Marriott-KULFC
KULFK,"Four Points by Sheraton Kuala Lumpur, City Centre","kulfk-four-points-by-sheraton-kuala-lumpur,-city-centre",Marriott-KULFK
KULMD,Le Méridien Kuala Lumpur,kulmd-le-méridien-kuala-lumpur,Marriott-KULMD
KULSI,Sheraton Imperial Kuala Lumpur Hotel,kulsi-sheraton-imperial-kuala-lumpur-hotel,Marriott-KULSI
KULXR,The St. Regis Kuala Lumpur,kulxr-the-st.-regis-kuala-lumpur,Marriott-KULXR
KULWH,W Kuala Lumpur,kulwh-w-kuala-lumpur,Marriott-KULWH
KULWI,The Westin Kuala Lumpur,kulwi-the-westin-kuala-lumpur,Marriott-KULWI
KUAAR,AC Hotel Kuantan,kuaar-ac-hotel-kuantan,Marriott-KUAAR
LGKRZ,"The Ritz-Carlton, Langkawi","lgkrz-the-ritz-carlton,-langkawi",Marriott-LGKRZ
LGKAL,Aloft Langkawi Pantai Tengah,lgkal-aloft-langkawi-pantai-tengah,Marriott-LGKAL
LGKXR,The St. Regis Langkawi,lgkxr-the-st.-regis-langkawi,Marriott-LGKXR
LGKWI,The Westin Langkawi Resort & Spa,lgkwi-the-westin-langkawi-resort-&-spa,Marriott-LGKWI
MKZCY,Courtyard Melaka,mkzcy-courtyard-melaka,Marriott-MKZCY
MYYMC,Miri Marriott Resort & Spa,myymc-miri-marriott-resort-&-spa,Marriott-MYYMC
MYYMU,Mulu Marriott Resort & Spa,myymu-mulu-marriott-resort-&-spa,Marriott-MYYMU
PENAR,AC Hotel Penang,penar-ac-hotel-penang,Marriott-PENAR
PENLP,"Lone Pine, Penang, a Tribute Portfolio Resort","penlp-lone-pine,-penang,-a-tribute-portfolio-resort",Marriott-PENLP
KULJM,Le Méridien Petaling Jaya,kuljm-le-méridien-petaling-jaya,Marriott-KULJM
SZBSI,Sheraton Petaling Jaya Hotel,szbsi-sheraton-petaling-jaya-hotel,Marriott-SZBSI
KULFP,Four Points by Sheraton Puchong,kulfp-four-points-by-sheraton-puchong,Marriott-KULFP
KULDM,Le Méridien Putrajaya,kuldm-le-méridien-putrajaya,Marriott-KULDM
KULPT,"Palm Garden Hotel, Putrajaya, a Tribute Portfolio Hotel","kulpt-palm-garden-hotel,-putrajaya,-a-tribute-portfolio-hotel",Marriott-KULPT
KULPG,Putrajaya Marriott Hotel,kulpg-putrajaya-marriott-hotel,Marriott-KULPG
KULSC,Courtyard Setia Alam,kulsc-courtyard-setia-alam,Marriott-KULSC
CEBFM,Fairfield by Marriott Cebu Mandaue City,cebfm-fairfield-by-marriott-cebu-mandaue-city,Marriott-CEBFM
CEBSI,Sheraton Cebu Mactan Resort,cebsi-sheraton-cebu-mactan-resort,Marriott-CEBSI
ILOCY,Courtyard Iloilo,ilocy-courtyard-iloilo,Marriott-ILOCY
CRKMC,Clark Marriott Hotel,crkmc-clark-marriott-hotel,Marriott-CRKMC
MNLAP,Manila Marriott Hotel at Newport World Resorts,mnlap-manila-marriott-hotel-at-newport-world-resorts,Marriott-MNLAP
MNLSB,Sheraton Manila Bay,mnlsb-sheraton-manila-bay,Marriott-MNLSB
MNLSI,Sheraton Manila Hotel at Newport World Resorts,mnlsi-sheraton-manila-hotel-at-newport-world-resorts,Marriott-MNLSI
MNLWP,The Westin Manila,mnlwp-the-westin-manila,Marriott-MNLWP
SINAD,"Duxton Reserve Singapore, Autograph Collection","sinad-duxton-reserve-singapore,-autograph-collection",Marriott-SINAD
SINAM,"Maxwell Reserve Singapore, Autograph Collection","sinam-maxwell-reserve-singapore,-autograph-collection",Marriott-SINAM
SINCY,Courtyard Singapore Novena,sincy-courtyard-singapore-novena,Marriott-SINCY
SINJW,JW Marriott Hotel Singapore South Beach,sinjw-jw-marriott-hotel-singapore-south-beach,Marriott-SINJW
SINDT,Singapore Marriott Tang Plaza Hotel,sindt-singapore-marriott-tang-plaza-hotel,Marriott-SINDT
SINRZ,"The Ritz-Carlton, Millenia Singapore","sinrz-the-ritz-carlton,-millenia-singapore",Marriott-SINRZ
SINDW,"The Warehouse Hotel, Singapore, a Member of Design Hotels™","sindw-the-warehouse-hotel,-singapore,-a-member-of-design-hotels™",Marriott-SINDW
SINFP,"Four Points by Sheraton Singapore, Riverview","sinfp-four-points-by-sheraton-singapore,-riverview",Marriott-SINFP
SINSI,Sheraton Towers Singapore,sinsi-sheraton-towers-singapore,Marriott-SINSI
SINXR,The St. Regis Singapore,sinxr-the-st.-regis-singapore,Marriott-SINXR
SINTG,"The Serangoon House Little India, Singapore, a Tribute Portfolio Hotel","sintg-the-serangoon-house-little-india,-singapore,-a-tribute-portfolio-hotel",Marriott-SINTG
SINVB,"The Vagabond Club, Singapore, a Tribute Portfolio Hotel","sinvb-the-vagabond-club,-singapore,-a-tribute-portfolio-hotel",Marriott-SINVB
SINWH,W Singapore - Sentosa Cove,sinwh-w-singapore---sentosa-cove,Marriott-SINWH
SINWI,The Westin Singapore,sinwi-the-westin-singapore,Marriott-SINWI
PUSFI,Fairfield by Marriott Busan,pusfi-fairfield-by-marriott-busan,Marriott-PUSFI
PUSFB,Fairfield by Marriott Busan Songdo Beach,pusfb-fairfield-by-marriott-busan-songdo-beach,Marriott-PUSFB
PUSWI,The Westin Josun Busan,puswi-the-westin-josun-busan,Marriott-PUSWI
TAEMC,Daegu Marriott Hotel,taemc-daegu-marriott-hotel,Marriott-TAEMC
CJJAK,"Hotel Onoma, Daejeon, Autograph Collection","cjjak-hotel-onoma,-daejeon,-autograph-collection",Marriott-CJJAK
SELNH,"Nest Hotel, a Member of Design Hotels™","selnh-nest-hotel,-a-member-of-design-hotels™",Marriott-SELNH
SELGI,Sheraton Grand Incheon Hotel,selgi-sheraton-grand-incheon-hotel,Marriott-SELGI
CJUMJ,Jeju Shinhwa World Marriott Resort,cjumj-jeju-shinhwa-world-marriott-resort,Marriott-CJUMJ
CJJCY,Courtyard Sejong,cjjcy-courtyard-sejong,Marriott-CJJCY
CJUJU,JW Marriott Jeju Resort & Spa,cjuju-jw-marriott-jeju-resort-&-spa,Marriott-CJUJU
SELAY,"GRAVITY JOSUN Seoul Pangyo, Autograph Collection","selay-gravity-josun-seoul-pangyo,-autograph-collection",Marriott-SELAY
SELPN,Courtyard Seoul Pangyo,selpn-courtyard-seoul-pangyo,Marriott-SELPN
SELAG,AC Hotel Seoul Gangnam,selag-ac-hotel-seoul-gangnam,Marriott-SELAG
SELSA,"RYSE, Autograph Collection","selsa-ryse,-autograph-collection",Marriott-SELSA
SELAK,"THE PLAZA Seoul, Autograph Collection","selak-the-plaza-seoul,-autograph-collection",Marriott-SELAK
SELCS,Courtyard Seoul Botanic Park,selcs-courtyard-seoul-botanic-park,Marriott-SELCS
SELSN,Courtyard Seoul Namdaemun,selsn-courtyard-seoul-namdaemun,Marriott-SELSN
SELCY,Courtyard Seoul Times Square,selcy-courtyard-seoul-times-square,Marriott-SELCY
SELFI,Fairfield by Marriott Seoul,selfi-fairfield-by-marriott-seoul,Marriott-SELFI
SELDP,JW Marriott Dongdaemun Square Seoul,seldp-jw-marriott-dongdaemun-square-seoul,Marriott-SELDP
SELJW,JW Marriott Hotel Seoul,seljw-jw-marriott-hotel-seoul,Marriott-SELJW
SELER,"Yeouido Park Centre, Seoul - Marriott Executive Apartments","seler-yeouido-park-centre,-seoul---marriott-executive-apartments",Marriott-SELER
SELOX,Moxy Seoul Insadong,selox-moxy-seoul-insadong,Marriott-SELOX
SELMX,"Moxy Seoul, Myeongdong","selmx-moxy-seoul,-myeongdong",Marriott-SELMX
SELAL,Aloft Seoul Gangnam,selal-aloft-seoul-gangnam,Marriott-SELAL
SELMO,Aloft Seoul Myeongdong,selmo-aloft-seoul-myeongdong,Marriott-SELMO
SELFD,"Four Points by Sheraton Josun, Seoul Myeongdong","selfd-four-points-by-sheraton-josun,-seoul-myeongdong",Marriott-SELFD
SELFP,"Four Points by Sheraton Josun, Seoul Station","selfp-four-points-by-sheraton-josun,-seoul-station",Marriott-SELFP
SELFG,"Four Points by Sheraton Seoul, Gangnam","selfg-four-points-by-sheraton-seoul,-gangnam",Marriott-SELFG
SELFU,"Four Points by Sheraton Seoul, Guro","selfu-four-points-by-sheraton-seoul,-guro",Marriott-SELFU
SELMM,"Le Méridien Seoul, Myeongdong","selmm-le-méridien-seoul,-myeongdong",Marriott-SELMM
SELLC,"Josun Palace, a Luxury Collection Hotel, Seoul Gangnam","sellc-josun-palace,-a-luxury-collection-hotel,-seoul-gangnam",Marriott-SELLC
SELWI,The Westin Josun Seoul,selwi-the-westin-josun-seoul,Marriott-SELWI
SELCW,Courtyard Suwon,selcw-courtyard-suwon,Marriott-SELCW
SELFO,Four Points by Sheraton Suwon,selfo-four-points-by-sheraton-suwon,Marriott-SELFO
BKKBH,"Madi Paidi Bangkok, Autograph Collection","bkkbh-madi-paidi-bangkok,-autograph-collection",Marriott-BKKBH
BKKCY,Courtyard Bangkok,bkkcy-courtyard-bangkok,Marriott-BKKCY
BKKCT,Courtyard Bangkok Sukhumvit 20,bkkct-courtyard-bangkok-sukhumvit-20,Marriott-BKKCT
BKKAP,Courtyard Bangkok Suvarnabhumi Airport,bkkap-courtyard-bangkok-suvarnabhumi-airport,Marriott-BKKAP
BKKDT,JW Marriott Hotel Bangkok,bkkdt-jw-marriott-hotel-bangkok,Marriott-BKKDT
BKKBP,"Marriott Executive Apartments Bangkok, Sukhumvit Thonglor","bkkbp-marriott-executive-apartments-bangkok,-sukhumvit-thonglor",Marriott-BKKBP
BKKER,"Mayfair, Bangkok - Marriott Executive Apartments","bkker-mayfair,-bangkok---marriott-executive-apartments",Marriott-BKKER
BKKEA,"Sathorn Vista, Bangkok - Marriott Executive Apartments","bkkea-sathorn-vista,-bangkok---marriott-executive-apartments",Marriott-BKKEA
BKKSP,"Sukhumvit Park, Bangkok - Marriott Executive Apartments","bkksp-sukhumvit-park,-bangkok---marriott-executive-apartments",Marriott-BKKSP
BKKMS,Bangkok Marriott Hotel Sukhumvit,bkkms-bangkok-marriott-hotel-sukhumvit,Marriott-BKKMS
BKKWO,Bangkok Marriott Hotel The Surawongse,bkkwo-bangkok-marriott-hotel-the-surawongse,Marriott-BKKWO
BKKQP,Bangkok Marriott Marquis Queen’s Park,bkkqp-bangkok-marriott-marquis-queen’s-park,Marriott-BKKQP
BKKBR,Renaissance Bangkok Ratchaprasong Hotel,bkkbr-renaissance-bangkok-ratchaprasong-hotel,Marriott-BKKBR
BKKAL,Aloft Bangkok Sukhumvit 11,bkkal-aloft-bangkok-sukhumvit-11,Marriott-BKKAL
BKKFP,"Four Points by Sheraton Bangkok, Sukhumvit 15","bkkfp-four-points-by-sheraton-bangkok,-sukhumvit-15",Marriott-BKKFP
BKKDM,Le Méridien Bangkok,bkkdm-le-méridien-bangkok,Marriott-BKKDM
BKKSM,"Le Méridien Suvarnabhumi, Bangkok Golf Resort & Spa","bkksm-le-méridien-suvarnabhumi,-bangkok-golf-resort-&-spa",Marriott-BKKSM
BKKLC,"Sheraton Grande Sukhumvit, a Luxury Collection Hotel, Bangkok","bkklc-sheraton-grande-sukhumvit,-a-luxury-collection-hotel,-bangkok",Marriott-BKKLC
BKKLA,"The Athenee Hotel, a Luxury Collection Hotel, Bangkok","bkkla-the-athenee-hotel,-a-luxury-collection-hotel,-bangkok",Marriott-BKKLA
BKKSI,Royal Orchid Sheraton Riverside Hotel Bangkok,bkksi-royal-orchid-sheraton-riverside-hotel-bangkok,Marriott-BKKSI
BKKXR,The St. Regis Bangkok,bkkxr-the-st.-regis-bangkok,Marriott-BKKXR
BKKWB,W Bangkok,bkkwb-w-bangkok,Marriott-BKKWB
BKKWI,"The Westin Grande Sukhumvit, Bangkok","bkkwi-the-westin-grande-sukhumvit,-bangkok",Marriott-BKKWI
CNXMD,Le Méridien Chiang Mai,cnxmd-le-méridien-chiang-mai,Marriott-CNXMD
CEIMD,"Le Méridien Chiang Rai Resort, Thailand","ceimd-le-méridien-chiang-rai-resort,-thailand",Marriott-CEIMD
HHQMR,Hua Hin Marriott Resort & Spa,hhqmr-hua-hin-marriott-resort-&-spa,Marriott-HHQMR
HHQSI,Sheraton Hua Hin Resort & Spa,hhqsi-sheraton-hua-hin-resort-&-spa,Marriott-HHQSI
HKTDS,"Casa de La Flora, Khao Lak, Phang Nga, a Member of Design Hotels™","hktds-casa-de-la-flora,-khao-lak,-phang-nga,-a-member-of-design-hotels™",Marriott-HKTDS
HKTML,Le Méridien Khao Lak Resort & Spa,hktml-le-méridien-khao-lak-resort-&-spa,Marriott-HKTML
HKTKS,JW Marriott Khao Lak Resort Suites,hktks-jw-marriott-khao-lak-resort-suites,Marriott-HKTKS
USMBR,Renaissance Koh Samui Resort & Spa,usmbr-renaissance-koh-samui-resort-&-spa,Marriott-USMBR
USMRZ,"The Ritz-Carlton, Koh Samui","usmrz-the-ritz-carlton,-koh-samui",Marriott-USMRZ
USMVL,"Vana Belle, a Luxury Collection Resort, Koh Samui","usmvl-vana-belle,-a-luxury-collection-resort,-koh-samui",Marriott-USMVL
USMSS,Sheraton Samui Resort,usmss-sheraton-samui-resort,Marriott-USMSS
USMWH,W Koh Samui,usmwh-w-koh-samui,Marriott-USMWH
KBVRZ,"Phulay Bay, a Ritz-Carlton Reserve","kbvrz-phulay-bay,-a-ritz-carlton-reserve",Marriott-KBVRZ
HKTCT,Courtyard Phuket Town,hktct-courtyard-phuket-town,Marriott-HKTCT
PYXNP,Courtyard North Pattaya,pyxnp-courtyard-north-pattaya,Marriott-PYXNP
PYXBR,Renaissance Pattaya Resort & Spa,pyxbr-renaissance-pattaya-resort-&-spa,Marriott-PYXBR
HKTKL,JW Marriott Khao Lak Resort & Spa,hktkl-jw-marriott-khao-lak-resort-&-spa,Marriott-HKTKL
HKTJW,JW Marriott Phuket Resort & Spa,hktjw-jw-marriott-phuket-resort-&-spa,Marriott-HKTJW
HKTMB,"Phuket Marriott Resort & Spa, Merlin Beach","hktmb-phuket-marriott-resort-&-spa,-merlin-beach",Marriott-HKTMB
HKTNB,"Phuket Marriott Resort and Spa, Nai Yang Beach","hktnb-phuket-marriott-resort-and-spa,-nai-yang-beach",Marriott-HKTNB
HKTBR,Renaissance Phuket Resort & Spa,hktbr-renaissance-phuket-resort-&-spa,Marriott-HKTBR
HKTFP,Four Points by Sheraton Phuket Patong Beach Resort,hktfp-four-points-by-sheraton-phuket-patong-beach-resort,Marriott-HKTFP
HKTMD,Le Méridien Phuket Beach Resort,hktmd-le-méridien-phuket-beach-resort,Marriott-HKTMD
PYXLC,"The Naka Island, a Luxury Collection Resort & Spa, Phuket","pyxlc-the-naka-island,-a-luxury-collection-resort-&-spa,-phuket",Marriott-PYXLC
HKTWI,"The Westin Siray Bay Resort & Spa, Phuket","hktwi-the-westin-siray-bay-resort-&-spa,-phuket",Marriott-HKTWI
HKTPA,Marriott's Mai Khao Resort - Phuket,hktpa-marriott's-mai-khao-resort---phuket,Marriott-HKTPA
HKTPB,Marriott's Phuket Beach Club,hktpb-marriott's-phuket-beach-club,Marriott-HKTPB
HHQPS,Sheraton Hua Hin Pranburi Villas,hhqps-sheraton-hua-hin-pranburi-villas,Marriott-HHQPS
BKKRR,Rayong Marriott Resort & Spa,bkkrr-rayong-marriott-resort-&-spa,Marriott-BKKRR
CXRWI,The Westin Resort & Spa Cam Ranh,cxrwi-the-westin-resort-&-spa-cam-ranh,Marriott-CXRWI
VCASI,Sheraton Can Tho,vcasi-sheraton-can-tho,Marriott-VCASI
DADNN,"Danang Marriott Resort & Spa, Non Nuoc Beach Villas","dadnn-danang-marriott-resort-&-spa,-non-nuoc-beach-villas",Marriott-DADNN
DADMR,Danang Marriott Resort & Spa,dadmr-danang-marriott-resort-&-spa,Marriott-DADMR
DADFP,Four Points by Sheraton Danang,dadfp-four-points-by-sheraton-danang,Marriott-DADFP
DADSI,Sheraton Grand Danang Beach Resort & SPA,dadsi-sheraton-grand-danang-beach-resort-&-spa,Marriott-DADSI
HPHSI,Sheraton Hai Phong,hphsi-sheraton-hai-phong,Marriott-HPHSI
HANJW,JW Marriott Hotel Hanoi,hanjw-jw-marriott-hotel-hanoi,Marriott-HANJW
HANHS,Sheraton Hanoi Hotel,hanhs-sheraton-hanoi-hotel,Marriott-HANHS
SGNAK,"Vinpearl Landmark 81, Autograph Collection","sgnak-vinpearl-landmark-81,-autograph-collection",Marriott-SGNAK
SGNBR,Renaissance Riverside Hotel Saigon,sgnbr-renaissance-riverside-hotel-saigon,Marriott-SGNBR
SGNMD,Le Méridien Saigon,sgnmd-le-méridien-saigon,Marriott-SGNMD
SGNSI,Sheraton Saigon Grand Opera Hotel,sgnsi-sheraton-saigon-grand-opera-hotel,Marriott-SGNSI
HANLP,Four Points by Sheraton Lang Son,hanlp-four-points-by-sheraton-lang-son,Marriott-HANLP
NHASI,Sheraton Nha Trang Hotel & Spa,nhasi-sheraton-nha-trang-hotel-&-spa,Marriott-NHASI
PQCSR,Sheraton Phu Quoc Long Beach Resort,pqcsr-sheraton-phu-quoc-long-beach-resort,Marriott-PQCSR
PQCJW,JW Marriott Phu Quoc Emerald Bay Resort & Spa,pqcjw-jw-marriott-phu-quoc-emerald-bay-resort-&-spa,Marriott-PQCJW
SGNFI,Fairfield by Marriott South Binh Duong,sgnfi-fairfield-by-marriott-south-binh-duong,Marriott-SGNFI
MLEWI,The Westin Maldives Miriandhoo Resort,mlewi-the-westin-maldives-miriandhoo-resort,Marriott-MLEWI
MLEXR,The St. Regis Maldives Vommuli Resort,mlexr-the-st.-regis-maldives-vommuli-resort,Marriott-MLEXR
MLERA,"The Ritz-Carlton Maldives, Fari Islands","mlera-the-ritz-carlton-maldives,-fari-islands",Marriott-MLERA
MLEWH,W Maldives,mlewh-w-maldives,Marriott-MLEWH
MLESI,Sheraton Maldives Full Moon Resort & Spa,mlesi-sheraton-maldives-full-moon-resort-&-spa,Marriott-MLESI
MLEJS,JW Marriott Maldives Resort & Spa,mlejs-jw-marriott-maldives-resort-&-spa,Marriott-MLEJS
MLEMD,Le Méridien Maldives Resort & Spa,mlemd-le-méridien-maldives-resort-&-spa,Marriott-MLEMD
DACBR,Renaissance Dhaka Gulshan Hotel,dacbr-renaissance-dhaka-gulshan-hotel,Marriott-DACBR
DACMD,Le Méridien Dhaka,dacmd-le-méridien-dhaka,Marriott-DACMD
DACSI,Sheraton Dhaka,dacsi-sheraton-dhaka,Marriott-DACSI
DACWI,The Westin Dhaka,dacwi-the-westin-dhaka,Marriott-DACWI
CMBCY,Courtyard Colombo,cmbcy-courtyard-colombo,Marriott-CMBCY
CMBSI,Sheraton Colombo Hotel,cmbsi-sheraton-colombo-hotel,Marriott-CMBSI
CMBST,Sheraton Kosgoda Turtle Beach Resort,cmbst-sheraton-kosgoda-turtle-beach-resort,Marriott-CMBST
CMBMC,Weligama Bay Marriott Resort & Spa,cmbmc-weligama-bay-marriott-resort-&-spa,Marriott-CMBMC
PNHCY,Courtyard Phnom Penh,pnhcy-courtyard-phnom-penh,Marriott-PNHCY
PNHFI,Fairfield by Marriott Phnom Penh,pnhfi-fairfield-by-marriott-phnom-penh,Marriott-PNHFI
REPMD,Le Méridien Angkor,repmd-le-méridien-angkor,Marriott-REPMD
KTMFI,Fairfield by Marriott Kathmandu,ktmfi-fairfield-by-marriott-kathmandu,Marriott-KTMFI
KTMMC,Kathmandu Marriott Hotel,ktmmc-kathmandu-marriott-hotel,Marriott-KTMMC
KTMAL,Aloft Kathmandu Thamel,ktmal-aloft-kathmandu-thamel,Marriott-KTMAL
ISBPK,Islamabad Marriott Hotel,isbpk-islamabad-marriott-hotel,Marriott-ISBPK
KHIPK,Karachi Marriott Hotel,khipk-karachi-marriott-hotel,Marriott-KHIPK
LHEFP,Four Points by Sheraton Lahore,lhefp-four-points-by-sheraton-lahore,Marriott-LHEFP
PBHPR,"Le Méridien Paro, Riverfront","pbhpr-le-méridien-paro,-riverfront",Marriott-PBHPR
PBHMD,Le Méridien Thimphu,pbhmd-le-méridien-thimphu,Marriott-PBHMD
FRUSI,Sheraton Bishkek,frusi-sheraton-bishkek,Marriott-FRUSI
RGNSI,Sheraton Yangon Hotel,rgnsi-sheraton-yangon-hotel,Marriott-RGNSI
TASCY,Courtyard Tashkent,tascy-courtyard-tashkent,Marriott-TASCY
BNECY,Courtyard Brisbane South Bank,bnecy-courtyard-brisbane-south-bank,Marriott-BNECY
BNEDT,Brisbane Marriott Hotel,bnedt-brisbane-marriott-hotel,Marriott-BNEDT
BNEFP,Four Points by Sheraton Brisbane,bnefp-four-points-by-sheraton-brisbane,Marriott-BNEFP
BNEWH,W Brisbane,bnewh-w-brisbane,Marriott-BNEWH
BNEWI,The Westin Brisbane,bnewi-the-westin-brisbane,Marriott-BNEWI
CBRAK,"Midnight Hotel, Autograph Collection","cbrak-midnight-hotel,-autograph-collection",Marriott-CBRAK
OOLGS,"Sheraton Grand Mirage Resort, Gold Coast","oolgs-sheraton-grand-mirage-resort,-gold-coast",Marriott-OOLGS
HBALC,"The Tasman, a Luxury Collection Hotel, Hobart","hbalc-the-tasman,-a-luxury-collection-hotel,-hobart",Marriott-HBALC
SYDXP,Moxy Sydney Airport,sydxp-moxy-sydney-airport,Marriott-SYDXP
MELAC,AC Hotel Melbourne Southbank,melac-ac-hotel-melbourne-southbank,Marriott-MELAC
MELCY,Courtyard Melbourne Flagstaff Gardens,melcy-courtyard-melbourne-flagstaff-gardens,Marriott-MELCY
MELMC,Melbourne Marriott Hotel,melmc-melbourne-marriott-hotel,Marriott-MELMC
MELDL,Melbourne Marriott Hotel Docklands,meldl-melbourne-marriott-hotel-docklands,Marriott-MELDL
MELRZ,"The Ritz-Carlton, Melbourne","melrz-the-ritz-carlton,-melbourne",Marriott-MELRZ
MELEL,Element Melbourne Richmond,melel-element-melbourne-richmond,Marriott-MELEL
MELFP,Four Points by Sheraton Melbourne Docklands,melfp-four-points-by-sheraton-melbourne-docklands,Marriott-MELFP
MELMD,Le Méridien Melbourne,melmd-le-méridien-melbourne,Marriott-MELMD
MELSI,Sheraton Melbourne Hotel,melsi-sheraton-melbourne-hotel,Marriott-MELSI
MELWH,W Melbourne,melwh-w-melbourne,Marriott-MELWH
MELWI,The Westin Melbourne,melwi-the-westin-melbourne,Marriott-MELWI
PERRZ,"The Ritz-Carlton, Perth","perrz-the-ritz-carlton,-perth",Marriott-PERRZ
PERAL,Aloft Perth,peral-aloft-perth,Marriott-PERAL
PERFP,Four Points by Sheraton Perth,perfp-four-points-by-sheraton-perth,Marriott-PERFP
PERWI,The Westin Perth,perwi-the-westin-perth,Marriott-PERWI
CNSSI,"Sheraton Grand Mirage Resort, Port Douglas","cnssi-sheraton-grand-mirage-resort,-port-douglas",Marriott-CNSSI
OOLSP,JW Marriott Gold Coast Resort & Spa,oolsp-jw-marriott-gold-coast-resort-&-spa,Marriott-OOLSP
OOLMV,Marriott Vacation Club at Surfers Paradise,oolmv-marriott-vacation-club-at-surfers-paradise,Marriott-OOLMV
SYDAK,"Pier One Sydney Harbour, Autograph Collection","sydak-pier-one-sydney-harbour,-autograph-collection",Marriott-SYDAK
SYDRY,Courtyard Sydney-North Ryde,sydry-courtyard-sydney-north-ryde,Marriott-SYDRY
SYDMC,Sydney Harbour Marriott Hotel at Circular Quay,sydmc-sydney-harbour-marriott-hotel-at-circular-quay,Marriott-SYDMC
SYDCF,"Four Points by Sheraton Sydney, Central Park","sydcf-four-points-by-sheraton-sydney,-central-park",Marriott-SYDCF
SYDSI,Sheraton Grand Sydney Hyde Park,sydsi-sheraton-grand-sydney-hyde-park,Marriott-SYDSI
SYDWH,W Sydney,sydwh-w-sydney,Marriott-SYDWH
NANMC,Fiji Marriott Resort Momi Bay,nanmc-fiji-marriott-resort-momi-bay,Marriott-NANMC
NANDS,Sheraton Denarau Villas,nands-sheraton-denarau-villas,Marriott-NANDS
NANSI,Sheraton Fiji Golf & Beach Resort,nansi-sheraton-fiji-golf-&-beach-resort,Marriott-NANSI
NANTI,"Sheraton Resort & Spa, Tokoriki Island, Fiji","nanti-sheraton-resort-&-spa,-tokoriki-island,-fiji",Marriott-NANTI
NANWI,The Westin Fiji Golf Resort & Spa,nanwi-the-westin-fiji-golf-resort-&-spa,Marriott-NANWI
BOBXR,The St. Regis Bora Bora Resort,bobxr-the-st.-regis-bora-bora-resort,Marriott-BOBXR
BOBWI,The Westin Bora Bora Resort & Spa,bobwi-the-westin-bora-bora-resort-&-spa,Marriott-BOBWI
GUMWI,The Westin Resort Guam,gumwi-the-westin-resort-guam,Marriott-GUMWI
NOUSI,Sheraton New Caledonia Deva Spa & Golf Resort,nousi-sheraton-new-caledonia-deva-spa-&-golf-resort,Marriott-NOUSI
ILPMD,Le Méridien Ile des Pins,ilpmd-le-méridien-ile-des-pins,Marriott-ILPMD
NOUMD,Le Méridien Noumea Resort & Spa,noumd-le-méridien-noumea-resort-&-spa,Marriott-NOUMD
AKLJW,JW Marriott Auckland,akljw-jw-marriott-auckland,Marriott-AKLJW
AKLFP,Four Points by Sheraton Auckland,aklfp-four-points-by-sheraton-auckland,Marriott-AKLFP
APWSI,Sheraton Samoa Aggie Grey's Hotel & Bungalows,apwsi-sheraton-samoa-aggie-grey's-hotel-&-bungalows,Marriott-APWSI
APWGS,Sheraton Samoa Beach Resort,apwgs-sheraton-samoa-beach-resort,Marriott-APWGS
AUART,"The Ritz-Carlton, Aruba","auart-the-ritz-carlton,-aruba",Marriott-AUART
AUABR,Renaissance Wind Creek Aruba Resort,auabr-renaissance-wind-creek-aruba-resort,Marriott-AUABR
AUACY,Courtyard Aruba Resort,auacy-courtyard-aruba-resort,Marriott-AUACY
AUAAR,Aruba Marriott Resort & Stellaris Casino,auaar-aruba-marriott-resort-&-stellaris-casino,Marriott-AUAAR
AUAAO,Marriott's Aruba Ocean Club,auaao-marriott's-aruba-ocean-club,Marriott-AUAAO
AUAAC,Marriott's Aruba Surf Club,auaac-marriott's-aruba-surf-club,Marriott-AUAAC
ELHAK,"French Leave Resort, Autograph Collection","elhak-french-leave-resort,-autograph-collection",Marriott-ELHAK
NASCY,Courtyard Nassau Downtown/Junkanoo Beach,nascy-courtyard-nassau-downtown/junkanoo-beach,Marriott-NASCY
NASCT,The Coral at Atlantis,nasct-the-coral-at-atlantis,Marriott-NASCT
NASCV,The Cove at Atlantis,nascv-the-cove-at-atlantis,Marriott-NASCV
NASAK,The Royal at Atlantis,nasak-the-royal-at-atlantis,Marriott-NASAK
BGICY,"Courtyard Bridgetown, Barbados","bgicy-courtyard-bridgetown,-barbados",Marriott-BGICY
BGIAU,"Turtle Beach, a Tribute Portfolio All-Inclusive Hotel","bgiau-turtle-beach,-a-tribute-portfolio-all-inclusive-hotel",Marriott-BGIAU
BGIAW,Waves Resort & Spa Barbados An Autograph Collection All-Inclusive Resort,bgiaw-waves-resort-&-spa-barbados-an-autograph-collection-all-inclusive-resort,Marriott-BGIAW
BGIAY,"Crystal Cove, A Tribute Portfolio All-inclusive Resort","bgiay-crystal-cove,-a-tribute-portfolio-all-inclusive-resort",Marriott-BGIAY
BGIAT,"Tamarind, Barbados, An Autograph Collection All Inclusive Resort","bgiat-tamarind,-barbados,-an-autograph-collection-all-inclusive-resort",Marriott-BGIAT
BGIAH,"The House, Barbados, An Autograph Collection All–Inclusive Resort - Adults Only","bgiah-the-house,-barbados,-an-autograph-collection-all–inclusive-resort---adults-only",Marriott-BGIAH
BGIAB,"Treasure Beach Art Hotel, Barbados, An Autograph Collection All-Inclusive Resort","bgiab-treasure-beach-art-hotel,-barbados,-an-autograph-collection-all-inclusive-resort",Marriott-BGIAB
BGILC,"Colony Club, a Luxury Collection Resort, Barbados","bgilc-colony-club,-a-luxury-collection-resort,-barbados",Marriott-BGILC
BDARX,The Residences at The St. Regis Bermuda,bdarx-the-residences-at-the-st.-regis-bermuda,Marriott-BDARX
BDAXR,The St. Regis Bermuda Resort,bdaxr-the-st.-regis-bermuda-resort,Marriott-BDAXR
GCMGC,Grand Cayman Marriott Resort,gcmgc-grand-cayman-marriott-resort,Marriott-GCMGC
GCMRZ,"The Ritz-Carlton, Grand Cayman","gcmrz-the-ritz-carlton,-grand-cayman",Marriott-GCMRZ
GCMMI,The Westin Grand Cayman Seven Mile Beach Resort & Spa,gcmmi-the-westin-grand-cayman-seven-mile-beach-resort-&-spa,Marriott-GCMMI
PUJLC,"Sanctuary Cap Cana, a Luxury Collection Resort, Dominican Republic, Adult All-Inclusive","pujlc-sanctuary-cap-cana,-a-luxury-collection-resort,-dominican-republic,-adult-all-inclusive",Marriott-PUJLC
PUJAC,AC Hotel Punta Cana,pujac-ac-hotel-punta-cana,Marriott-PUJAC
PUJHI,"Hideaway at Royalton Punta Cana, An Autograph Collection All-Inclusive Resort & Casino - Adults Only","pujhi-hideaway-at-royalton-punta-cana,-an-autograph-collection-all-inclusive-resort-&-casino---adults-only",Marriott-PUJHI
PUJRB,"Royalton Bavaro, An Autograph Collection All-Inclusive Resort & Casino","pujrb-royalton-bavaro,-an-autograph-collection-all-inclusive-resort-&-casino",Marriott-PUJRB
PUJRC,"Royalton CHIC Punta Cana, An Autograph Collection All-Inclusive Resort & Casino - Adults Only","pujrc-royalton-chic-punta-cana,-an-autograph-collection-all-inclusive-resort-&-casino---adults-only",Marriott-PUJRC
PUJRO,"Royalton Punta Cana, An Autograph Collection All-Inclusive Resort & Casino","pujro-royalton-punta-cana,-an-autograph-collection-all-inclusive-resort-&-casino",Marriott-PUJRO
PUJRS,"Royalton Splash Punta Cana, An Autograph Collection All-Inclusive Resort & Casino","pujrs-royalton-splash-punta-cana,-an-autograph-collection-all-inclusive-resort-&-casino",Marriott-PUJRS
PUJFP,Four Points by Sheraton Puntacana Village,pujfp-four-points-by-sheraton-puntacana-village,Marriott-PUJFP
PUJWI,The Westin Puntacana Resort,pujwi-the-westin-puntacana-resort,Marriott-PUJWI
SDQCY,Courtyard Santo Domingo,sdqcy-courtyard-santo-domingo,Marriott-SDQCY
SDQJW,JW Marriott Hotel Santo Domingo,sdqjw-jw-marriott-hotel-santo-domingo,Marriott-SDQJW
SDQGW,Renaissance Santo Domingo Jaragua Hotel & Casino,sdqgw-renaissance-santo-domingo-jaragua-hotel-&-casino,Marriott-SDQGW
SDQDS,Sheraton Santo Domingo Hotel,sdqds-sheraton-santo-domingo-hotel,Marriott-SDQDS
SDQMC,Santo Domingo Marriott Hotel Piantini,sdqmc-santo-domingo-marriott-hotel-piantini,Marriott-SDQMC
SDQAL,Aloft Santo Domingo Piantini,sdqal-aloft-santo-domingo-piantini,Marriott-SDQAL
POPLC,"The Ocean Club, a Luxury Collection Resort, Costa Norte","poplc-the-ocean-club,-a-luxury-collection-resort,-costa-norte",Marriott-POPLC
GNDDS,"Laluna, Grenada, a Member of Design Hotels™","gndds-laluna,-grenada,-a-member-of-design-hotels™",Marriott-GNDDS
GNDRO,"Royalton Grenada, an Autograph Collection All-Inclusive Resort","gndro-royalton-grenada,-an-autograph-collection-all-inclusive-resort",Marriott-GNDRO
KINAR,"AC Hotel Kingston, Jamaica","kinar-ac-hotel-kingston,-jamaica",Marriott-KINAR
KINCY,"Courtyard Kingston, Jamaica","kincy-courtyard-kingston,-jamaica",Marriott-KINCY
MBJRW,"Hideaway at Royalton Blue Waters, An Autograph Collection All-Inclusive - Adults Only","mbjrw-hideaway-at-royalton-blue-waters,-an-autograph-collection-all-inclusive---adults-only",Marriott-MBJRW
MBJRB,"Royalton Blue Waters Montego Bay, An Autograph Collection All-Inclusive Resort","mbjrb-royalton-blue-waters-montego-bay,-an-autograph-collection-all-inclusive-resort",Marriott-MBJRB
MBJGN,"Grand Lido Negril Au-Naturel, An Autograph Collection All-Inclusive Resort - Adults Only","mbjgn-grand-lido-negril-au-naturel,-an-autograph-collection-all-inclusive-resort---adults-only",Marriott-MBJGN
MBJHN,"Hideaway at Royalton Negril, An Autograph Collection All-Inclusive Resort - Adults Only","mbjhn-hideaway-at-royalton-negril,-an-autograph-collection-all-inclusive-resort---adults-only",Marriott-MBJHN
MBJRN,"Royalton Negril, An Autograph Collection All-Inclusive Resort","mbjrn-royalton-negril,-an-autograph-collection-all-inclusive-resort",Marriott-MBJRN
BQNCY,Courtyard Aguadilla,bqncy-courtyard-aguadilla,Marriott-BQNCY
SJUFP,Four Points by Sheraton Caguas Real Hotel & Casino,sjufp-four-points-by-sheraton-caguas-real-hotel-&-casino,Marriott-SJUFP
SJURV,Residence Inn San Juan Isla Verde,sjurv-residence-inn-san-juan-isla-verde,Marriott-SJURV
SJURZ,"The Ritz-Carlton, San Juan","sjurz-the-ritz-carlton,-san-juan",Marriott-SJURZ
SJUDO,"Dorado Beach, a Ritz-Carlton Reserve","sjudo-dorado-beach,-a-ritz-carlton-reserve",Marriott-SJUDO
SJUDB,"Residences at Dorado Beach, a Ritz-Carlton Reserve","sjudb-residences-at-dorado-beach,-a-ritz-carlton-reserve",Marriott-SJUDB
SJUIV,Courtyard Isla Verde Beach Resort,sjuiv-courtyard-isla-verde-beach-resort,Marriott-SJUIV
PSEAL,Aloft Ponce Hotel & Casino,pseal-aloft-ponce-hotel-&-casino,Marriott-PSEAL
SJUXR,"The St. Regis Bahia Beach Resort, Puerto Rico","sjuxr-the-st.-regis-bahia-beach-resort,-puerto-rico",Marriott-SJUXR
SJUAC,AC Hotel San Juan Condado,sjuac-ac-hotel-san-juan-condado,Marriott-SJUAC
SJUMR,Courtyard San Juan Miramar,sjumr-courtyard-san-juan-miramar,Marriott-SJUMR
SJUPR,San Juan Marriott Resort & Stellaris Casino,sjupr-san-juan-marriott-resort-&-stellaris-casino,Marriott-SJUPR
SJUBR,La Concha Renaissance San Juan Resort,sjubr-la-concha-renaissance-san-juan-resort,Marriott-SJUBR
SJUAL,Aloft San Juan,sjual-aloft-san-juan,Marriott-SJUAL
SJUOL,Sheraton Old San Juan Hotel,sjuol-sheraton-old-san-juan-hotel,Marriott-SJUOL
SJUSI,Sheraton Puerto Rico Resort & Casino,sjusi-sheraton-puerto-rico-resort-&-casino,Marriott-SJUSI
STTWJ,The Westin St. John Resort Villas,sttwj-the-westin-st.-john-resort-villas,Marriott-STTWJ
STTAK,"Buoy Haus Beach Resort St. Thomas, Autograph Collection","sttak-buoy-haus-beach-resort-st.-thomas,-autograph-collection",Marriott-STTAK
STTWI,The Westin St. Thomas Beach Resort & Spa,sttwi-the-westin-st.-thomas-beach-resort-&-spa,Marriott-STTWI
STXBR,"Carambola Beach Resort St. Croix, US Virgin Islands","stxbr-carambola-beach-resort-st.-croix,-us-virgin-islands",Marriott-STXBR
STTUV,Marriott's Frenchman's Cove,sttuv-marriott's-frenchman's-cove,Marriott-STTUV
STTRZ,"The Ritz-Carlton, St. Thomas","sttrz-the-ritz-carlton,-st.-thomas",Marriott-STTRZ
UVFHI,"Hideaway at Royalton Saint Lucia, An Autograph Collection All-Inclusive Resort - Adults Only","uvfhi-hideaway-at-royalton-saint-lucia,-an-autograph-collection-all-inclusive-resort---adults-only",Marriott-UVFHI
UVFRO,"Royalton Saint Lucia, An Autograph Collection All-Inclusive Resort","uvfro-royalton-saint-lucia,-an-autograph-collection-all-inclusive-resort",Marriott-UVFRO
POSAK,"The BRIX, Autograph Collection","posak-the-brix,-autograph-collection",Marriott-POSAK
POSCY,Courtyard Port of Spain,poscy-courtyard-port-of-spain,Marriott-POSCY
PLSRR,"The Ritz-Carlton Residences, Turks & Caicos","plsrr-the-ritz-carlton-residences,-turks-&-caicos",Marriott-PLSRR
PLSRT,"The Ritz-Carlton, Turks & Caicos","plsrt-the-ritz-carlton,-turks-&-caicos",Marriott-PLSRT
ANURO,"Royalton Antigua, An Autograph Collection All-Inclusive Resort","anuro-royalton-antigua,-an-autograph-collection-all-inclusive-resort",Marriott-ANURO
BONCY,Courtyard Bonaire Dive Resort,boncy-courtyard-bonaire-dive-resort,Marriott-BONCY
PAPMC,Marriott Port-au-Prince Hotel,papmc-marriott-port-au-prince-hotel,Marriott-PAPMC
EISAK,"Scrub Island Resort, Spa & Marina, Autograph Collection","eisak-scrub-island-resort,-spa-&-marina,-autograph-collection",Marriott-EISAK
SPRAK,"Alaia Belize, Autograph Collection","sprak-alaia-belize,-autograph-collection",Marriott-SPRAK
SJOAP,Courtyard San Jose Airport Alajuela,sjoap-courtyard-san-jose-airport-alajuela,Marriott-SJOAP
SJOFA,Fairfield by Marriott San Jose Airport Alajuela,sjofa-fairfield-by-marriott-san-jose-airport-alajuela,Marriott-SJOFA
SJOAA,AC Hotel San Jose Airport Belen,sjoaa-ac-hotel-san-jose-airport-belen,Marriott-SJOAA
SJOAR,AC Hotel San Jose Escazu,sjoar-ac-hotel-san-jose-escazu,Marriott-SJOAR
LIREL,"El Mangroove, Autograph Collection","lirel-el-mangroove,-autograph-collection",Marriott-LIREL
LIRPH,"Planet Hollywood Costa Rica, An Autograph Collection All-Inclusive Resort","lirph-planet-hollywood-costa-rica,-an-autograph-collection-all-inclusive-resort",Marriott-LIRPH
LIRAK,"Punta Islita, Autograph Collection","lirak-punta-islita,-autograph-collection",Marriott-LIRAK
SJOJW,JW Marriott Guanacaste Resort & Spa,sjojw-jw-marriott-guanacaste-resort-&-spa,Marriott-SJOJW
LIRWH,W Costa Rica - Reserva Conchal,lirwh-w-costa-rica---reserva-conchal,Marriott-LIRWH
LIRWI,"The Westin Reserva Conchal, an All-Inclusive Golf Resort & Spa","lirwi-the-westin-reserva-conchal,-an-all-inclusive-golf-resort-&-spa",Marriott-LIRWI
SJOCR,Costa Rica Marriott Hotel Hacienda Belen,sjocr-costa-rica-marriott-hotel-hacienda-belen,Marriott-SJOCR
SJOLS,Los Suenos Marriott Ocean & Golf Resort,sjols-los-suenos-marriott-ocean-&-golf-resort,Marriott-SJOLS
SJOMV,Marriott Vacation Club at Los Sueños,sjomv-marriott-vacation-club-at-los-sueños,Marriott-SJOMV
SJOCY,Courtyard San Jose Escazu,sjocy-courtyard-san-jose-escazu,Marriott-SJOCY
SJORI,Residence Inn San Jose Escazu,sjori-residence-inn-san-jose-escazu,Marriott-SJORI
SJOAL,"Aloft San Jose Hotel, Costa Rica","sjoal-aloft-san-jose-hotel,-costa-rica",Marriott-SJOAL
SJOSI,"Sheraton San Jose Hotel, Costa Rica","sjosi-sheraton-san-jose-hotel,-costa-rica",Marriott-SJOSI
SALCY,Courtyard San Salvador,salcy-courtyard-san-salvador,Marriott-SALCY
SALFI,Fairfield by Marriott San Salvador,salfi-fairfield-by-marriott-san-salvador,Marriott-SALFI
SALSI,Sheraton Presidente San Salvador Hotel,salsi-sheraton-presidente-san-salvador-hotel,Marriott-SALSI
GUAAR,AC Hotel Guatemala City,guaar-ac-hotel-guatemala-city,Marriott-GUAAR
GUACY,Courtyard Guatemala City,guacy-courtyard-guatemala-city,Marriott-GUACY
GUAWI,"The Westin Camino Real, Guatemala","guawi-the-westin-camino-real,-guatemala",Marriott-GUAWI
SAPAL,Aloft San Pedro Sula,sapal-aloft-san-pedro-sula,Marriott-SAPAL
PTYAR,AC Hotel Panama City,ptyar-ac-hotel-panama-city,Marriott-PTYAR
PTYAK,"Sortis Hotel, Spa & Casino, Autograph Collection","ptyak-sortis-hotel,-spa-&-casino,-autograph-collection",Marriott-PTYAK
PTYMM,Courtyard Panama Metromall,ptymm-courtyard-panama-metromall,Marriott-PTYMM
PTYCY,Courtyard Panama Multiplaza Mall,ptycy-courtyard-panama-multiplaza-mall,Marriott-PTYCY
PTYMJ,JW Marriott Panama,ptymj-jw-marriott-panama,Marriott-PTYMJ
PTYER,"Marriott Executive Apartments Panama City, Finisterre","ptyer-marriott-executive-apartments-panama-city,-finisterre",Marriott-PTYER
PTYMC,Marriott Panama Hotel,ptymc-marriott-panama-hotel,Marriott-PTYMC
PTYRI,Residence Inn Panama City,ptyri-residence-inn-panama-city,Marriott-PTYRI
PTYAL,Aloft Panama,ptyal-aloft-panama,Marriott-PTYAL
PTYMD,Le Méridien Panama,ptymd-le-méridien-panama,Marriott-PTYMD
PTYLC,"The Santa Maria, a Luxury Collection Hotel & Golf Resort, Panama City","ptylc-the-santa-maria,-a-luxury-collection-hotel-&-golf-resort,-panama-city",Marriott-PTYLC
PTYSI,Sheraton Grand Panama,ptysi-sheraton-grand-panama,Marriott-PTYSI
PTYWH,W Panama,ptywh-w-panama,Marriott-PTYWH
PTYWI,The Westin Panama,ptywi-the-westin-panama,Marriott-PTYWI
PTYBW,The Westin Playa Bonita Panama,ptybw-the-westin-playa-bonita-panama,Marriott-PTYBW
PTYKP,"The Buenaventura Golf & Beach Resort Panama, Autograph Collection","ptykp-the-buenaventura-golf-&-beach-resort-panama,-autograph-collection",Marriott-PTYKP
SZGBG,"The Cōmodo, a Member of Design Hotels™","szgbg-the-cōmodo,-a-member-of-design-hotels™",Marriott-SZGBG
ACHFP,Four Points by Sheraton Panoramahaus Dornbirn,achfp-four-points-by-sheraton-panoramahaus-dornbirn,Marriott-ACHFP
INNAC,AC Hotel Innsbruck,innac-ac-hotel-innsbruck,Marriott-INNAC
LNZCY,Courtyard Linz,lnzcy-courtyard-linz,Marriott-LNZCY
SZGLC,"Hotel Goldener Hirsch, a Luxury Collection Hotel, Salzburg","szglc-hotel-goldener-hirsch,-a-luxury-collection-hotel,-salzburg",Marriott-SZGLC
SZGSI,Sheraton Grand Salzburg,szgsi-sheraton-grand-salzburg,Marriott-SZGSI
SZGTX,"Mayburg Salzburg, a Tribute Portfolio Hotel","szgtx-mayburg-salzburg,-a-tribute-portfolio-hotel",Marriott-SZGTX
VIEFG,Courtyard Vienna Prater/Messe,viefg-courtyard-vienna-prater/messe,Marriott-VIEFG
VIEAT,Vienna Marriott Hotel,vieat-vienna-marriott-hotel,Marriott-VIEAT
VIEOX,Moxy Vienna Airport,vieox-moxy-vienna-airport,Marriott-VIEOX
VIEOE,Moxy Vienna City East,vieoe-moxy-vienna-city-east,Marriott-VIEOE
VIESE,Imperial Riding School Renaissance Vienna Hotel,viese-imperial-riding-school-renaissance-vienna-hotel,Marriott-VIESE
VIEHW,Renaissance Wien Hotel,viehw-renaissance-wien-hotel,Marriott-VIEHW
VIERI,Residence Inn Vienna City East,vieri-residence-inn-vienna-city-east,Marriott-VIERI
VIERZ,"The Ritz-Carlton, Vienna","vierz-the-ritz-carlton,-vienna",Marriott-VIERZ
VIEMD,Le Méridien Vienna,viemd-le-méridien-vienna,Marriott-VIEMD
VIELC,"Hotel Bristol, a Luxury Collection Hotel, Vienna","vielc-hotel-bristol,-a-luxury-collection-hotel,-vienna",Marriott-VIELC
VIEIL,"Hotel Imperial, a Luxury Collection Hotel, Vienna","vieil-hotel-imperial,-a-luxury-collection-hotel,-vienna",Marriott-VIEIL
MRSBR,Renaissance Aix-en-Provence Hotel,mrsbr-renaissance-aix-en-provence-hotel,Marriott-MRSBR
BVAOX,Moxy Amiens,bvaox-moxy-amiens,Marriott-BVAOX
PARAC,Courtyard Paris Arcueil,parac-courtyard-paris-arcueil,Marriott-PARAC
PARDP,Marriott's Village d'ile-de-France,pardp-marriott's-village-d'ile-de-france,Marriott-PARDP
NCEOA,Moxy Sophia Antipolis,nceoa-moxy-sophia-antipolis,Marriott-NCEOA
TLSTB,Residence Inn Toulouse-Blagnac Airport,tlstb-residence-inn-toulouse-blagnac-airport,Marriott-TLSTB
BODOX,Moxy Bordeaux,bodox-moxy-bordeaux,Marriott-BODOX
BODBR,Renaissance Bordeaux Hotel,bodbr-renaissance-bordeaux-hotel,Marriott-BODBR
PARBT,"Le Parchamp, Paris Boulogne, a Tribute Portfolio Hotel","parbt-le-parchamp,-paris-boulogne,-a-tribute-portfolio-hotel",Marriott-PARBT
NCEJW,JW Marriott Cannes,ncejw-jw-marriott-cannes,Marriott-NCEJW
NCEDF,"Five Seas Hotel Cannes, a Member of Design Hotels™","ncedf-five-seas-hotel-cannes,-a-member-of-design-hotels™",Marriott-NCEDF
MCMCD,Riviera Marriott Hotel La Porte de Monaco,mcmcd-riviera-marriott-hotel-la-porte-de-monaco,Marriott-MCMCD
PARCF,Courtyard Paris La Defense West - Colombes,parcf-courtyard-paris-la-defense-west---colombes,Marriott-PARCF
LYSOX,Moxy Lyon Airport,lysox-moxy-lyon-airport,Marriott-LYSOX
PARCC,Courtyard Paris Creteil,parcc-courtyard-paris-creteil,Marriott-PARCC
LYSDA,Aloft Dijon,lysda-aloft-dijon,Marriott-LYSDA
DIJDS,"Vertigo Hotel, Dijon, a Member of Design Hotels™","dijds-vertigo-hotel,-dijon,-a-member-of-design-hotels™",Marriott-DIJDS
PARAL,AC Hotel Paris Le Bourget Airport,paral-ac-hotel-paris-le-bourget-airport,Marriott-PARAL
PARCV,Courtyard Paris Porte de Versailles,parcv-courtyard-paris-porte-de-versailles,Marriott-PARCV
JLPAR,AC Hotel Ambassadeur Antibes- Juan les Pins,jlpar-ac-hotel-ambassadeur-antibes--juan-les-pins,Marriott-JLPAR
MRSOX,Moxy La Ciotat,mrsox-moxy-la-ciotat,Marriott-MRSOX
PARXA,Courtyard Paris Roissy Charles de Gaulle Airport Hotel,parxa-courtyard-paris-roissy-charles-de-gaulle-airport-hotel,Marriott-PARXA
LILAK,"L'Hermitage Gantois, Autograph Collection","lilak-l'hermitage-gantois,-autograph-collection",Marriott-LILAK
LILOX,Moxy Lille City,lilox-moxy-lille-city,Marriott-LILOX
LYSMC,Lyon Marriott Hotel Cité Internationale,lysmc-lyon-marriott-hotel-cité-internationale,Marriott-LYSMC
MRSAR,AC Hotel Marseille Prado Velodrome,mrsar-ac-hotel-marseille-prado-velodrome,Marriott-MRSAR
PAROL,Moxy Paris Val d’Europe,parol-moxy-paris-val-d’europe,Marriott-PAROL
MPLCY,Courtyard Montpellier,mplcy-courtyard-montpellier,Marriott-MPLCY
BODSI,Sheraton Bordeaux Airport,bodsi-sheraton-bordeaux-airport,Marriott-BODSI
NCEAC,AC Hotel Nice,nceac-ac-hotel-nice,Marriott-NCEAC
NCEMD,Le Méridien Nice,ncemd-le-méridien-nice,Marriott-NCEMD
NCESI,Sheraton Nice Airport,ncesi-sheraton-nice-airport,Marriott-NCESI
PARAR,AC Hotel Paris Porte Maillot,parar-ac-hotel-paris-porte-maillot,Marriott-PARAR
PARGL,Courtyard Paris Gare de Lyon,pargl-courtyard-paris-gare-de-lyon,Marriott-PARGL
PARDT,Paris Marriott Champs Elysees Hotel,pardt-paris-marriott-champs-elysees-hotel,Marriott-PARDT
PAROA,Paris Marriott Opera Ambassador Hotel,paroa-paris-marriott-opera-ambassador-hotel,Marriott-PAROA
PARST,Paris Marriott Rive Gauche Hotel & Conference Center,parst-paris-marriott-rive-gauche-hotel-&-conference-center,Marriott-PARST
PAROB,Moxy Paris Bastille,parob-moxy-paris-bastille,Marriott-PAROB
PARWG,Renaissance Paris Arc de Triomphe Hotel,parwg-renaissance-paris-arc-de-triomphe-hotel,Marriott-PARWG
PARSP,Renaissance Paris Nobel Tour Eiffel Hotel,parsp-renaissance-paris-nobel-tour-eiffel-hotel,Marriott-PARSP
PARPR,Renaissance Paris Republique Hotel,parpr-renaissance-paris-republique-hotel,Marriott-PARPR
PARVD,Renaissance Paris Vendome Hotel,parvd-renaissance-paris-vendome-hotel,Marriott-PARVD
PARRN,Residence Inn Paris Didot Montparnasse,parrn-residence-inn-paris-didot-montparnasse,Marriott-PARRN
PARBG,Bvlgari Hotel Paris,parbg-bvlgari-hotel-paris,Marriott-PARBG
PARDS,"La Maison Champs Elysées, Paris, a Member of Design Hotels™","pards-la-maison-champs-elysées,-paris,-a-member-of-design-hotels™",Marriott-PARDS
PARLR,"Le Roch Hotel and Spa, Paris, a Member of Design Hotels™","parlr-le-roch-hotel-and-spa,-paris,-a-member-of-design-hotels™",Marriott-PARLR
PARMD,Le Méridien Paris Arc De Triomphe,parmd-le-méridien-paris-arc-de-triomphe,Marriott-PARMD
PARBE,"Hôtel de Berri Champs-Élysées, a Luxury Collection Hotel, Paris","parbe-hôtel-de-berri-champs-élysées,-a-luxury-collection-hotel,-paris",Marriott-PARBE
PARLC,"Prince de Galles, a Luxury Collection Hotel, Paris","parlc-prince-de-galles,-a-luxury-collection-hotel,-paris",Marriott-PARLC
PARTX,"Le Dokhan's, Paris Arc de Triomphe, a Tribute Portfolio Hotel","partx-le-dokhan's,-paris-arc-de-triomphe,-a-tribute-portfolio-hotel",Marriott-PARTX
PARXT,"Le Metropolitan, Paris Tour Eiffel, a Tribute Portfolio Hotel","parxt-le-metropolitan,-paris-tour-eiffel,-a-tribute-portfolio-hotel",Marriott-PARXT
PARVW,The Westin Paris - Vendôme,parvw-the-westin-paris---vendôme,Marriott-PARVW
PARLD,Renaissance Paris La Defense Hotel,parld-renaissance-paris-la-defense-hotel,Marriott-PARLD
RHEAK,"La Caserne Chanzy Hotel & Spa, Autograph Collection","rheak-la-caserne-chanzy-hotel-&-spa,-autograph-collection",Marriott-RHEAK
PARMC,Paris Marriott Charles de Gaulle Airport Hotel,parmc-paris-marriott-charles-de-gaulle-airport-hotel,Marriott-PARMC
PARCA,Courtyard Paris Charles de Gaulle Central Airport,parca-courtyard-paris-charles-de-gaulle-central-airport,Marriott-PARCA
PAROX,Moxy Paris Charles de Gaulle Airport,parox-moxy-paris-charles-de-gaulle-airport,Marriott-PAROX
PARRI,Residence Inn Paris Charles de Gaulle Central Airport,parri-residence-inn-paris-charles-de-gaulle-central-airport,Marriott-PARRI
UROAK,"Hotel de Bourgtheroulde, Autograph Collection","uroak-hotel-de-bourgtheroulde,-autograph-collection",Marriott-UROAK
PARSC,Renaissance Paris Hippodrome de St. Cloud Hotel,parsc-renaissance-paris-hippodrome-de-st.-cloud-hotel,Marriott-PARSC
PARSD,Courtyard Paris Saint Denis,parsd-courtyard-paris-saint-denis,Marriott-PARSD
GVASJ,AC Hotel Saint-Julien-en-Genevois,gvasj-ac-hotel-saint-julien-en-genevois,Marriott-GVASJ
AVNDE,"Hôtel de Tourrel, Saint Rémy de Provence, a Member of Design Hotels™","avnde-hôtel-de-tourrel,-saint-rémy-de-provence,-a-member-of-design-hotels™",Marriott-AVNDE
SXBAR,AC Hotel Strasbourg,sxbar-ac-hotel-strasbourg,Marriott-SXBAR
SXBAK,"Maison Rouge Strasbourg Hotel & Spa, Autograph Collection","sxbak-maison-rouge-strasbourg-hotel-&-spa,-autograph-collection",Marriott-SXBAK
SXBRI,Residence Inn Strasbourg,sxbri-residence-inn-strasbourg,Marriott-SXBRI
SXBAL,Aloft Strasbourg City Centre,sxbal-aloft-strasbourg-city-centre,Marriott-SXBAL
TLSCY,Courtyard Toulouse Airport,tlscy-courtyard-toulouse-airport,Marriott-TLSCY
PARSI,Sheraton Paris Charles de Gaulle Airport Hotel,parsi-sheraton-paris-charles-de-gaulle-airport-hotel,Marriott-PARSI
MUCOM,Moxy Munich Messe,mucom-moxy-munich-messe,Marriott-MUCOM
FKBAK,"Roomers Baden-Baden, Autograph Collection","fkbak-roomers-baden-baden,-autograph-collection",Marriott-FKBAK
LEJMY,Courtyard Magdeburg,lejmy-courtyard-magdeburg,Marriott-LEJMY
BERAC,AC Hotel Berlin Humboldthain Park,berac-ac-hotel-berlin-humboldthain-park,Marriott-BERAC
BERAK,"Roomers Berlin Steinplatz, Autograph Collection","berak-roomers-berlin-steinplatz,-autograph-collection",Marriott-BERAK
BERAG,"Hotel Luc, Autograph Collection","berag-hotel-luc,-autograph-collection",Marriott-BERAG
BERMT,Courtyard Berlin City Center,bermt-courtyard-berlin-city-center,Marriott-BERMT
BERJW,JW Marriott Hotel Berlin,berjw-jw-marriott-hotel-berlin,Marriott-BERJW
BERMC,Berlin Marriott Hotel,bermc-berlin-marriott-hotel,Marriott-BERMC
BEROM,Moxy Berlin Humboldthain Park,berom-moxy-berlin-humboldthain-park,Marriott-BEROM
BEROX,Moxy Berlin Ostbahnhof,berox-moxy-berlin-ostbahnhof,Marriott-BEROX
BERZT,"The Ritz-Carlton, Berlin","berzt-the-ritz-carlton,-berlin",Marriott-BERZT
BERDS,"Provocateur, Berlin, a Member of Design Hotels™","berds-provocateur,-berlin,-a-member-of-design-hotels™",Marriott-BERDS
BERSD,"Sir Savigny Hotel, Berlin, a Member of Design Hotels™","bersd-sir-savigny-hotel,-berlin,-a-member-of-design-hotels™",Marriott-BERSD
BERSI,Sheraton Berlin Grand Hotel Esplanade,bersi-sheraton-berlin-grand-hotel-esplanade,Marriott-BERSI
BERWI,The Westin Grand Berlin,berwi-the-westin-grand-berlin,Marriott-BERWI
DTMBO,Moxy Bochum,dtmbo-moxy-bochum,Marriott-DTMBO
CGNBO,Bonn Marriott Hotel,cgnbo-bonn-marriott-hotel,Marriott-CGNBO
BRECY,Courtyard Bremen,brecy-courtyard-bremen,Marriott-BRECY
BREOX,Moxy Bremen,breox-moxy-bremen,Marriott-BREOX
CGNCY,Courtyard Cologne,cgncy-courtyard-cologne,Marriott-CGNCY
CGNMC,Cologne Marriott Hotel,cgnmc-cologne-marriott-hotel,Marriott-CGNMC
CGNOA,Moxy Cologne Bonn Airport,cgnoa-moxy-cologne-bonn-airport,Marriott-CGNOA
CGNOM,Moxy Cologne Muelheim,cgnom-moxy-cologne-muelheim,Marriott-CGNOM
FRADO,Moxy Darmstadt,frado-moxy-darmstadt,Marriott-FRADO
DTMOD,Moxy Dortmund City,dtmod-moxy-dortmund-city,Marriott-DTMOD
DTMRI,Residence Inn Dortmund City,dtmri-residence-inn-dortmund-city,Marriott-DTMRI
DRSAK,"Gewandhaus Dresden, Autograph Collection","drsak-gewandhaus-dresden,-autograph-collection",Marriott-DRSAK
DRSCY,Courtyard Dresden,drscy-courtyard-dresden,Marriott-DRSCY
DRSOX,Moxy Dresden Neustadt,drsox-moxy-dresden-neustadt,Marriott-DRSOX
DUSHF,Courtyard Duesseldorf Hafen,dushf-courtyard-duesseldorf-hafen,Marriott-DUSHF
DUSCY,Courtyard Duesseldorf Seestern,duscy-courtyard-duesseldorf-seestern,Marriott-DUSCY
DUSCC,Moxy Duesseldorf City,duscc-moxy-duesseldorf-city,Marriott-DUSCC
DUSOD,Moxy Duesseldorf South,dusod-moxy-duesseldorf-south,Marriott-DUSOD
DUSSO,Sheraton Duesseldorf Airport Hotel,dusso-sheraton-duesseldorf-airport-hotel,Marriott-DUSSO
FRAOE,Moxy Frankfurt Eschborn,fraoe-moxy-frankfurt-eschborn,Marriott-FRAOE
DUSOX,Moxy Essen City,dusox-moxy-essen-city,Marriott-DUSOX
DUSRI,Residence Inn Essen City,dusri-residence-inn-essen-city,Marriott-DUSRI
DUSSE,Sheraton Essen Hotel,dusse-sheraton-essen-hotel,Marriott-DUSSE
FRAJW,JW Marriott Hotel Frankfurt,frajw-jw-marriott-hotel-frankfurt,Marriott-FRAJW
FRADT,Frankfurt Marriott Hotel,fradt-frankfurt-marriott-hotel,Marriott-FRADT
FRAOX,Moxy Frankfurt Airport,fraox-moxy-frankfurt-airport,Marriott-FRAOX
FRAOR,Moxy Frankfurt City Center,fraor-moxy-frankfurt-city-center,Marriott-FRAOR
FRADR,"Roomers Frankfurt The Legend, a Member of Design Hotels™","fradr-roomers-frankfurt-the-legend,-a-member-of-design-hotels™",Marriott-FRADR
FRATP,"The Pure, a Member of Design Hotels™","fratp-the-pure,-a-member-of-design-hotels™",Marriott-FRATP
FRAMD,Le Méridien Frankfurt,framd-le-méridien-frankfurt,Marriott-FRAMD
FRATX,"Gekko House, Frankfurt, a Tribute Portfolio Hotel","fratx-gekko-house,-frankfurt,-a-tribute-portfolio-hotel",Marriott-FRATX
FRAWI,The Westin Grand Frankfurt,frawi-the-westin-grand-frankfurt,Marriott-FRAWI
FRAAP,Frankfurt Airport Marriott Hotel,fraap-frankfurt-airport-marriott-hotel,Marriott-FRAAP
FRAOH,Moxy Frankfurt East,fraoh-moxy-frankfurt-east,Marriott-FRAOH
FRARI,Residence Inn Frankfurt City Center,frari-residence-inn-frankfurt-city-center,Marriott-FRARI
FRAAS,Sheraton Frankfurt Airport Hotel and Conference Center,fraas-sheraton-frankfurt-airport-hotel-and-conference-center,Marriott-FRAAS
FRAIO,Sheraton Offenbach Hotel,fraio-sheraton-offenbach-hotel,Marriott-FRAIO
BSLFR,Courtyard Freiburg,bslfr-courtyard-freiburg,Marriott-BSLFR
MUCFR,Munich Airport Marriott Hotel,mucfr-munich-airport-marriott-hotel,Marriott-MUCFR
MUCCG,Courtyard Munich Garching,muccg-courtyard-munich-garching,Marriott-MUCCG
MUCMS,Courtyard Oberpfaffenhofen Munich South,mucms-courtyard-oberpfaffenhofen-munich-south,Marriott-MUCMS
HAJGN,"FREIgeist Göttingen Nordstadt, a Member of Design Hotels™","hajgn-freigeist-göttingen-nordstadt,-a-member-of-design-hotels™",Marriott-HAJGN
HAMAK,"Hotel Atlantic Hamburg, Autograph Collection","hamak-hotel-atlantic-hamburg,-autograph-collection",Marriott-HAMAK
HAMCY,Courtyard Hamburg Airport,hamcy-courtyard-hamburg-airport,Marriott-HAMCY
HAMHC,Courtyard Hamburg City,hamhc-courtyard-hamburg-city,Marriott-HAMHC
HAMDT,Hamburg Marriott Hotel,hamdt-hamburg-marriott-hotel,Marriott-HAMDT
HAMOA,Moxy Hamburg Altona,hamoa-moxy-hamburg-altona,Marriott-HAMOA
HAMHX,Moxy Hamburg City,hamhx-moxy-hamburg-city,Marriott-HAMHX
HAMRN,Renaissance Hamburg Hotel,hamrn-renaissance-hamburg-hotel,Marriott-HAMRN
HAMRA,Residence Inn Hamburg Altona,hamra-residence-inn-hamburg-altona,Marriott-HAMRA
HAMND,"Sir Nikolai Hotel, Hamburg, a Member of Design Hotels™","hamnd-sir-nikolai-hotel,-hamburg,-a-member-of-design-hotels™",Marriott-HAMND
HAMMD,Le Méridien Hamburg,hammd-le-méridien-hamburg,Marriott-HAMMD
HAMWI,The Westin Hamburg Elbphilharmonie,hamwi-the-westin-hamburg-elbphilharmonie,Marriott-HAMWI
HAJCY,Courtyard Hannover Maschsee,hajcy-courtyard-hannover-maschsee,Marriott-HAJCY
HAJSI,Sheraton Hannover Pelikan Hotel,hajsi-sheraton-hannover-pelikan-hotel,Marriott-HAJSI
HDBMC,Heidelberg Marriott Hotel,hdbmc-heidelberg-marriott-hotel,Marriott-HDBMC
FRAOK,Moxy Frankfurt Airport Kelsterbach,fraok-moxy-frankfurt-airport-kelsterbach,Marriott-FRAOK
FRAFV,"Falkenstein Grand, Autograph Collection","frafv-falkenstein-grand,-autograph-collection",Marriott-FRAFV
FRAAR,"Villa Rothschild, Autograph Collection","fraar-villa-rothschild,-autograph-collection",Marriott-FRAAR
STROX,Moxy Stuttgart Airport/Messe,strox-moxy-stuttgart-airport/messe,Marriott-STROX
LEJDT,Leipzig Marriott Hotel,lejdt-leipzig-marriott-hotel,Marriott-LEJDT
LEJWI,The Westin Leipzig,lejwi-the-westin-leipzig,Marriott-LEJWI
CGNLD,Delta Hotels Leverkusen,cgnld-delta-hotels-leverkusen,Marriott-CGNLD
HHNAK,"Schloss Lieser, Autograph Collection","hhnak-schloss-lieser,-autograph-collection",Marriott-HHNAK
HDBOX,Moxy Ludwigshafen,hdbox-moxy-ludwigshafen,Marriott-HDBOX
FRAMZ,AC Hotel Mainz,framz-ac-hotel-mainz,Marriott-FRAMZ
MUCAK,"Roomers Munich, Autograph Collection","mucak-roomers-munich,-autograph-collection",Marriott-MUCAK
MUCCY,Courtyard Munich City Center,muccy-courtyard-munich-city-center,Marriott-MUCCY
MUCOR,Courtyard Munich City East,mucor-courtyard-munich-city-east,Marriott-MUCOR
MUCNO,Munich Marriott Hotel,mucno-munich-marriott-hotel,Marriott-MUCNO
MUCWE,Munich Marriott Hotel City West,mucwe-munich-marriott-hotel-city-west,Marriott-MUCWE
MUCOE,Moxy Munich Ostbahnhof,mucoe-moxy-munich-ostbahnhof,Marriott-MUCOE
MUCZR,Residence Inn Munich Central,muczr-residence-inn-munich-central,Marriott-MUCZR
MUCRI,Residence Inn Munich City East,mucri-residence-inn-munich-city-east,Marriott-MUCRI
MUCMR,Residence Inn Munich Ostbahnhof,mucmr-residence-inn-munich-ostbahnhof,Marriott-MUCMR
MUCAL,Aloft Munich,mucal-aloft-munich,Marriott-MUCAL
MUCAP,Four Points by Sheraton Munich Arabellapark,mucap-four-points-by-sheraton-munich-arabellapark,Marriott-MUCAP
MUCMD,Le Méridien Munich,mucmd-le-méridien-munich,Marriott-MUCMD
MUCWI,The Westin Grand Munich,mucwi-the-westin-grand-munich,Marriott-MUCWI
NUEMD,Le Méridien Grand Hotel Nuremberg,nuemd-le-méridien-grand-hotel-nuremberg,Marriott-NUEMD
NUESI,Sheraton Carlton Hotel Nuernberg,nuesi-sheraton-carlton-hotel-nuernberg,Marriott-NUESI
MUCOX,Moxy Munich Airport,mucox-moxy-munich-airport,Marriott-MUCOX
FRADE,Delta Hotels by Marriott Frankfurt Offenbach,frade-delta-hotels-by-marriott-frankfurt-offenbach,Marriott-FRADE
SXBOR,MOXY Rust,sxbor-moxy-rust,Marriott-SXBOR
BEROA,Moxy Berlin Airport,beroa-moxy-berlin-airport,Marriott-BEROA
LBCSC,Courtyard Schwerin,lbcsc-courtyard-schwerin,Marriott-LBCSC
FRAOS,Moxy Simmern,fraos-moxy-simmern,Marriott-FRAOS
ZPZDE,Stuttgart Marriott Hotel Sindelfingen,zpzde-stuttgart-marriott-hotel-sindelfingen,Marriott-ZPZDE
STRSX,Moxy Stuttgart Feuerbach,strsx-moxy-stuttgart-feuerbach,Marriott-STRSX
STRAL,Aloft Stuttgart,stral-aloft-stuttgart,Marriott-STRAL
STRMD,Le Méridien Stuttgart,strmd-le-méridien-stuttgart,Marriott-STRMD
MUCAT,"Caro & Selig, Tegernsee, Autograph Collection","mucat-caro-&-selig,-tegernsee,-autograph-collection",Marriott-MUCAT
ERFAK,"Hotel Elephant Weimar, Autograph Collection","erfak-hotel-elephant-weimar,-autograph-collection",Marriott-ERFAK
FRAWB,Courtyard Wiesbaden-Nordenstadt,frawb-courtyard-wiesbaden-nordenstadt,Marriott-FRAWB
WFGCY,Courtyard Wolfsburg,wfgcy-courtyard-wolfsburg,Marriott-WFGCY
WFGRZ,"The Ritz-Carlton, Wolfsburg","wfgrz-the-ritz-carlton,-wolfsburg",Marriott-WFGRZ
NUEAC,AC Hotel Wuerzburg,nueac-ac-hotel-wuerzburg,Marriott-NUEAC
NUEOX,Moxy Wuerzburg,nueox-moxy-wuerzburg,Marriott-NUEOX
HERMB,"Minos Beach Art Hotel, a Member of Design Hotels™","hermb-minos-beach-art-hotel,-a-member-of-design-hotels™",Marriott-HERMB
ATHAK,"Academias Hotel, Autograph Collection","athak-academias-hotel,-autograph-collection",Marriott-ATHAK
ATHAM,Athens Marriott Hotel,atham-athens-marriott-hotel,Marriott-ATHAM
ATHOX,Moxy Athens City,athox-moxy-athens-city,Marriott-ATHOX
ATHDS,"Fresh Hotel, Athens, a Member of Design Hotels™","athds-fresh-hotel,-athens,-a-member-of-design-hotels™",Marriott-ATHDS
ATHND,"New Hotel, Athens, a Member of Design Hotels™","athnd-new-hotel,-athens,-a-member-of-design-hotels™",Marriott-ATHND
ATHPS,"Periscope, Athens, a Member of Design Hotels™","athps-periscope,-athens,-a-member-of-design-hotels™",Marriott-ATHPS
ATHSD,"Semiramis Hotel, Athens, a Member of Design Hotels™","athsd-semiramis-hotel,-athens,-a-member-of-design-hotels™",Marriott-ATHSD
ATHLC,"Hotel Grande Bretagne, a Luxury Collection Hotel, Athens","athlc-hotel-grande-bretagne,-a-luxury-collection-hotel,-athens",Marriott-ATHLC
ATHGL,"King George, a Luxury Collection Hotel, Athens","athgl-king-george,-a-luxury-collection-hotel,-athens",Marriott-ATHGL
CHQLC,"Domes Zeen Chania, a Luxury Collection Resort, Crete","chqlc-domes-zeen-chania,-a-luxury-collection-resort,-crete",Marriott-CHQLC
HERDO,"Domes Noruz Chania, Autograph Collection","herdo-domes-noruz-chania,-autograph-collection",Marriott-HERDO
CFUAK,"Domes of Corfu, Autograph Collection","cfuak-domes-of-corfu,-autograph-collection",Marriott-CFUAK
CFULC,"Domes Miramare, a Luxury Collection Resort, Corfu","cfulc-domes-miramare,-a-luxury-collection-resort,-corfu",Marriott-CFULC
KLXLC,"The Romanos, a Luxury Collection Resort, Costa Navarino","klxlc-the-romanos,-a-luxury-collection-resort,-costa-navarino",Marriott-KLXLC
KLXWI,"The Westin Resort, Costa Navarino","klxwi-the-westin-resort,-costa-navarino",Marriott-KLXWI
HERLC,"Blue Palace Elounda, a Luxury Collection Resort, Crete","herlc-blue-palace-elounda,-a-luxury-collection-resort,-crete",Marriott-HERLC
HERAK,"Domes of Elounda, Autograph Collection","herak-domes-of-elounda,-autograph-collection",Marriott-HERAK
KLXWH,W Costa Navarino,klxwh-w-costa-navarino,Marriott-KLXWH
JMKDK,"Myconian Kyma, a Member of Design Hotels™","jmkdk-myconian-kyma,-a-member-of-design-hotels™",Marriott-JMKDK
JMKLC,"Santa Marina, a Luxury Collection Resort, Mykonos","jmklc-santa-marina,-a-luxury-collection-resort,-mykonos",Marriott-JMKLC
PASLC,"Cosme, a Luxury Collection Resort, Paros","paslc-cosme,-a-luxury-collection-resort,-paros",Marriott-PASLC
GPAOX,Moxy Patra Marina,gpaox-moxy-patra-marina,Marriott-GPAOX
RHOSI,Sheraton Rhodes Resort,rhosi-sheraton-rhodes-resort,Marriott-RHOSI
JTRNS,"NOŪS Santorini, a Member of Design Hotels™","jtrns-noūs-santorini,-a-member-of-design-hotels™",Marriott-JTRNS
JTRML,"Mystique, a Luxury Collection Hotel, Santorini","jtrml-mystique,-a-luxury-collection-hotel,-santorini",Marriott-JTRML
JTRLC,"Vedema, a Luxury Collection Resort, Santorini","jtrlc-vedema,-a-luxury-collection-resort,-santorini",Marriott-JTRLC
SKGAK,"MonAsty, Thessaloniki, Autograph Collection","skgak-monasty,-thessaloniki,-autograph-collection",Marriott-SKGAK
ZTHAZ,"Domes Aulus Zante, Autograph Collection","zthaz-domes-aulus-zante,-autograph-collection",Marriott-ZTHAZ
ZTHOA,"Olea All Suite Hotel, a Member of Design Hotels™","zthoa-olea-all-suite-hotel,-a-member-of-design-hotels™",Marriott-ZTHOA
LCVBR,Renaissance Tuscany Il Ciocco Resort & Spa,lcvbr-renaissance-tuscany-il-ciocco-resort-&-spa,Marriott-LCVBR
BLQBO,AC Hotel Bologna,blqbo-ac-hotel-bologna,Marriott-BLQBO
BZOFP,Four Points by Sheraton Bolzano,bzofp-four-points-by-sheraton-bolzano,Marriott-BZOFP
VBSBR,AC Hotel Brescia,vbsbr-ac-hotel-brescia,Marriott-VBSBR
MILDS,"C-Hotel & Spa, Cassago Brianza, a Member of Design Hotels™","milds-c-hotel-&-spa,-cassago-brianza,-a-member-of-design-hotels™",Marriott-MILDS
CTASI,Four Points by Sheraton Catania Hotel & Conference Center,ctasi-four-points-by-sheraton-catania-hotel-&-conference-center,Marriott-CTASI
MILSC,Sheraton Lake Como Hotel,milsc-sheraton-lake-como-hotel,Marriott-MILSC
TRSLC,"Falisia, a Luxury Collection Resort & Spa, Portopiccolo","trslc-falisia,-a-luxury-collection-resort-&-spa,-portopiccolo",Marriott-TRSLC
MILMP,Sheraton Milan Malpensa Airport Hotel & Conference Centre,milmp-sheraton-milan-malpensa-airport-hotel-&-conference-centre,Marriott-MILMP
FLRFI,AC Hotel Firenze,flrfi-ac-hotel-firenze,Marriott-FLRFI
FLRAK,"Sina Villa Medici, Autograph Collection","flrak-sina-villa-medici,-autograph-collection",Marriott-FLRAK
FLRXR,The St. Regis Florence,flrxr-the-st.-regis-florence,Marriott-FLRXR
FLRWI,"The Westin Excelsior, Florence","flrwi-the-westin-excelsior,-florence",Marriott-FLRWI
GOAGE,AC Hotel Genova,goage-ac-hotel-genova,Marriott-GOAGE
CTADE,Delta Hotels Giardini Naxos,ctade-delta-hotels-giardini-naxos,Marriott-CTADE
PSAAK,"Grand Universe Lucca, Autograph Collection","psaak-grand-universe-lucca,-autograph-collection",Marriott-PSAAK
VCEVM,Four Points by Sheraton Venice Mestre,vcevm-four-points-by-sheraton-venice-mestre,Marriott-VCEVM
MILMI,AC Hotel Milano,milmi-ac-hotel-milano,Marriott-MILMI
MILIT,Milan Marriott Hotel,milit-milan-marriott-hotel,Marriott-MILIT
MILBG,Bvlgari Hotel Milano,milbg-bvlgari-hotel-milano,Marriott-MILBG
MILDV,"Hotel Viu Milan, a Member of Design Hotels™","mildv-hotel-viu-milan,-a-member-of-design-hotels™",Marriott-MILDV
MILST,"STRAF, Milan, a Member of Design Hotels™","milst-straf,-milan,-a-member-of-design-hotels™",Marriott-MILST
MILLC,"Excelsior Hotel Gallia, a Luxury Collection Hotel, Milan","millc-excelsior-hotel-gallia,-a-luxury-collection-hotel,-milan",Marriott-MILLC
MILSI,"Sheraton Diana Majestic, Milan","milsi-sheraton-diana-majestic,-milan",Marriott-MILSI
MILSS,Sheraton Milan San Siro,milss-sheraton-milan-san-siro,Marriott-MILSS
MILTX,"Duo Milan Porta Nuova, a Tribute Portfolio Hotel","miltx-duo-milan-porta-nuova,-a-tribute-portfolio-hotel",Marriott-MILTX
MILWH,W Milan,milwh-w-milan,Marriott-MILWH
MILWI,"The Westin Palace, Milan","milwi-the-westin-palace,-milan",Marriott-MILWI
FLRGG,"Grotta Giusti Thermal Spa Resort Tuscany, Autograph Collection","flrgg-grotta-giusti-thermal-spa-resort-tuscany,-autograph-collection",Marriott-FLRGG
NAPBR,Renaissance Naples Hotel Mediterraneo,napbr-renaissance-naples-hotel-mediterraneo,Marriott-NAPBR
MILOL,Moxy Milan Linate Airport,milol-moxy-milan-linate-airport,Marriott-MILOL
QPAFP,Four Points by Sheraton Padova,qpafp-four-points-by-sheraton-padova,Marriott-QPAFP
QPAPA,AC Hotel Padova,qpapa-ac-hotel-padova,Marriott-QPAPA
PEGRU,"Rastrello, a Member of Design Hotels™","pegru-rastrello,-a-member-of-design-hotels™",Marriott-PEGRU
PEGDS,"La Bandita Townhouse, Pienza, a Member of Design Hotels™","pegds-la-bandita-townhouse,-pienza,-a-member-of-design-hotels™",Marriott-PEGDS
PSAPS,AC Hotel Pisa,psaps-ac-hotel-pisa,Marriott-PSAPS
OLBLC,"Hotel Cala di Volpe, a Luxury Collection Hotel, Costa Smeralda","olblc-hotel-cala-di-volpe,-a-luxury-collection-hotel,-costa-smeralda",Marriott-OLBLC
OLBPL,"Hotel Pitrizza, a Luxury Collection Hotel, Costa Smeralda","olbpl-hotel-pitrizza,-a-luxury-collection-hotel,-costa-smeralda",Marriott-OLBPL
OLBRL,"Hotel Romazzino, a Luxury Collection Hotel, Costa Smeralda","olbrl-hotel-romazzino,-a-luxury-collection-hotel,-costa-smeralda",Marriott-OLBRL
OLBSI,"Cervo Hotel, Costa Smeralda Resort","olbsi-cervo-hotel,-costa-smeralda-resort",Marriott-OLBSI
ROMPE,"Argentario Golf & Wellness Resort, Autograph Collection","rompe-argentario-golf-&-wellness-resort,-autograph-collection",Marriott-ROMPE
ROMPV,"Palazzo Velabro, a Member of Design Hotels™","rompv-palazzo-velabro,-a-member-of-design-hotels™",Marriott-ROMPV
ROMAB,"Sina Bernini Bristol, Autograph Collection","romab-sina-bernini-bristol,-autograph-collection",Marriott-ROMAB
ROMPA,"The Pantheon Iconic Rome Hotel, Autograph Collection","rompa-the-pantheon-iconic-rome-hotel,-autograph-collection",Marriott-ROMPA
ROMCP,Courtyard Rome Central Park,romcp-courtyard-rome-central-park,Marriott-ROMCP
ROMEB,The Rome EDITION,romeb-the-rome-edition,Marriott-ROMEB
ROMDT,Rome Marriott Grand Hotel Flora,romdt-rome-marriott-grand-hotel-flora,Marriott-ROMDT
ROMAU,Rome Marriott Park Hotel,romau-rome-marriott-park-hotel,Marriott-ROMAU
ROMBG,Bvlgari Hotel Roma,rombg-bvlgari-hotel-roma,Marriott-ROMBG
ROMDU,"Elizabeth Unique Hotel, a Member of Design Hotels™","romdu-elizabeth-unique-hotel,-a-member-of-design-hotels™",Marriott-ROMDU
ROMDS,"G-Rough, Rome, a Member of Design Hotels™","romds-g-rough,-rome,-a-member-of-design-hotels™",Marriott-ROMDS
ROMMD,Le Méridien Visconti Rome,rommd-le-méridien-visconti-rome,Marriott-ROMMD
ROMPS,Sheraton Rome Parco de' Medici,romps-sheraton-rome-parco-de'-medici,Marriott-ROMPS
ROMXR,The St. Regis Rome,romxr-the-st.-regis-rome,Marriott-ROMXR
ROMTX,"The Regency, Rome, a Tribute Portfolio Hotel","romtx-the-regency,-rome,-a-tribute-portfolio-hotel",Marriott-ROMTX
ROMWV,W Rome,romwv-w-rome,Marriott-ROMWV
ROMWI,"The Westin Excelsior, Rome","romwi-the-westin-excelsior,-rome",Marriott-ROMWI
MILOS,AC Hotel Milan Sesto,milos-ac-hotel-milan-sesto,Marriott-MILOS
FLRFP,Four Points by Sheraton Siena,flrfp-four-points-by-sheraton-siena,Marriott-FLRFP
MILOX,Moxy Milan Malpensa Airport,milox-moxy-milan-malpensa-airport,Marriott-MILOX
TRNTO,AC Hotel Torino,trnto-ac-hotel-torino,Marriott-TRNTO
VCEAC,AC Hotel Venezia,vceac-ac-hotel-venezia,Marriott-VCEAC
VCEJW,JW Marriott Venice Resort & Spa,vcejw-jw-marriott-venice-resort-&-spa,Marriott-VCEJW
VCEGL,"The Gritti Palace, a Luxury Collection Hotel, Venice","vcegl-the-gritti-palace,-a-luxury-collection-hotel,-venice",Marriott-VCEGL
VCEXR,The St. Regis Venice,vcexr-the-st.-regis-venice,Marriott-VCEXR
VCECY,Courtyard Venice Airport,vcecy-courtyard-venice-airport,Marriott-VCECY
VICVI,AC Hotel Vicenza,vicvi-ac-hotel-vicenza,Marriott-VICVI
EINTX,"The Den, ‘s-Hertogenbosch, a Tribute Portfolio Hotel","eintx-the-den,-‘s-hertogenbosch,-a-tribute-portfolio-hotel",Marriott-EINTX
AMSRA,Renaissance Amsterdam Schiphol Airport Hotel,amsra-renaissance-amsterdam-schiphol-airport-hotel,Marriott-AMSRA
AMSCA,"The College Hotel Amsterdam, Autograph Collection","amsca-the-college-hotel-amsterdam,-autograph-collection",Marriott-AMSCA
AMSAA,Courtyard Amsterdam Arena Atlas,amsaa-courtyard-amsterdam-arena-atlas,Marriott-AMSAA
AMSNT,Amsterdam Marriott Hotel,amsnt-amsterdam-marriott-hotel,Marriott-AMSNT
AMSOX,Moxy Amsterdam Houthavens,amsox-moxy-amsterdam-houthavens,Marriott-AMSOX
AMSRD,Renaissance Amsterdam Hotel,amsrd-renaissance-amsterdam-hotel,Marriott-AMSRD
AMSRI,Residence Inn Amsterdam Houthavens,amsri-residence-inn-amsterdam-houthavens,Marriott-AMSRI
AMSDS,"Sir Adam Hotel, Amsterdam, a Member of Design Hotels™","amsds-sir-adam-hotel,-amsterdam,-a-member-of-design-hotels™",Marriott-AMSDS
AMSDA,"Sir Albert, Amsterdam, a Member of Design Hotels™","amsda-sir-albert,-amsterdam,-a-member-of-design-hotels™",Marriott-AMSDA
AMSEL,Element Amsterdam,amsel-element-amsterdam,Marriott-AMSEL
AMSSI,Sheraton Amsterdam Airport Hotel and Conference Center,amssi-sheraton-amsterdam-airport-hotel-and-conference-center,Marriott-AMSSI
AMSPO,"Apollo Hotel Amsterdam, a Tribute Portfolio Hotel","amspo-apollo-hotel-amsterdam,-a-tribute-portfolio-hotel",Marriott-AMSPO
AMSCT,"Corendon Amsterdam New-West, a Tribute Portfolio Hotel","amsct-corendon-amsterdam-new-west,-a-tribute-portfolio-hotel",Marriott-AMSCT
AMSWH,W Amsterdam,amswh-w-amsterdam,Marriott-AMSWH
GLZAK,"Hotel Nassau Breda, Autograph Collection","glzak-hotel-nassau-breda,-autograph-collection",Marriott-GLZAK
AMSCY,Courtyard Amsterdam Airport,amscy-courtyard-amsterdam-airport,Marriott-AMSCY
AMSOA,Moxy Amsterdam Schiphol Airport,amsoa-moxy-amsterdam-schiphol-airport,Marriott-AMSOA
MSTDS,"Kruisherenhotel Maastricht, a Member of Design Hotels™","mstds-kruisherenhotel-maastricht,-a-member-of-design-hotels™",Marriott-MSTDS
RTMMN,Rotterdam Marriott Hotel,rtmmn-rotterdam-marriott-hotel,Marriott-RTMMN
RTMDS,"Mainport, Rotterdam, a Member of Design Hotels™","rtmds-mainport,-rotterdam,-a-member-of-design-hotels™",Marriott-RTMDS
RTMTX,"The Slaak Rotterdam, a Tribute Portfolio Hotel","rtmtx-the-slaak-rotterdam,-a-tribute-portfolio-hotel",Marriott-RTMTX
RTMMC,The Hague Marriott Hotel,rtmmc-the-hague-marriott-hotel,Marriott-RTMMC
RTMOX,Moxy The Hague,rtmox-moxy-the-hague,Marriott-RTMOX
RTMRI,Residence Inn The Hague,rtmri-residence-inn-the-hague,Marriott-RTMRI
AMSOU,Moxy Utrecht,amsou-moxy-utrecht,Marriott-AMSOU
GDNCY,Courtyard Gdynia Waterfront,gdncy-courtyard-gdynia-waterfront,Marriott-GDNCY
KTWCY,Courtyard Katowice City Center,ktwcy-courtyard-katowice-city-center,Marriott-KTWCY
KRKAC,AC Hotel Krakow,krkac-ac-hotel-krakow,Marriott-KRKAC
KRKAK,"Stradom House, Autograph Collection","krkak-stradom-house,-autograph-collection",Marriott-KRKAK
KRKSI,Sheraton Grand Krakow,krksi-sheraton-grand-krakow,Marriott-KRKSI
KRKTX,"Garamond, a Tribute Portfolio Hotel","krktx-garamond,-a-tribute-portfolio-hotel",Marriott-KRKTX
POZOX,Moxy Poznan Airport,pozox-moxy-poznan-airport,Marriott-POZOX
POZSI,Sheraton Poznan Hotel,pozsi-sheraton-poznan-hotel,Marriott-POZSI
KTWOX,Moxy Katowice Airport,ktwox-moxy-katowice-airport,Marriott-KTWOX
GDNMC,Sopot Marriott Resort & Spa,gdnmc-sopot-marriott-resort-&-spa,Marriott-GDNMC
GDNSI,Sheraton Sopot Hotel,gdnsi-sheraton-sopot-hotel,Marriott-GDNSI
SZZCY,Courtyard Szczecin City,szzcy-courtyard-szczecin-city,Marriott-SZZCY
SZZOX,Moxy Szczecin City,szzox-moxy-szczecin-city,Marriott-SZZOX
WAWCY,Courtyard Warsaw Airport,wawcy-courtyard-warsaw-airport,Marriott-WAWCY
WAWPL,Warsaw Marriott Hotel,wawpl-warsaw-marriott-hotel,Marriott-WAWPL
WAWOK,Moxy Warsaw Praga,wawok-moxy-warsaw-praga,Marriott-WAWOK
WAWFP,Four Points by Sheraton Warsaw Mokotow,wawfp-four-points-by-sheraton-warsaw-mokotow,Marriott-WAWFP
WAWLC,"Hotel Bristol, a Luxury Collection Hotel, Warsaw","wawlc-hotel-bristol,-a-luxury-collection-hotel,-warsaw",Marriott-WAWLC
WAWSI,Sheraton Grand Warsaw,wawsi-sheraton-grand-warsaw,Marriott-WAWSI
WAWWI,The Westin Warsaw,wawwi-the-westin-warsaw,Marriott-WAWWI
WAWAK,"Hotel Verte, Warsaw, Autograph Collection","wawak-hotel-verte,-warsaw,-autograph-collection",Marriott-WAWAK
WAWBR,Renaissance Warsaw Airport Hotel,wawbr-renaissance-warsaw-airport-hotel,Marriott-WAWBR
WROAR,AC Hotel Wroclaw,wroar-ac-hotel-wroclaw,Marriott-WROAR
FAOPL,"Pine Cliffs Hotel, a Luxury Collection Resort, Algarve","faopl-pine-cliffs-hotel,-a-luxury-collection-resort,-algarve",Marriott-FAOPL
FAOPC,"Pine Cliffs Ocean Suites, a Luxury Collection Resort & Spa, Algarve","faopc-pine-cliffs-ocean-suites,-a-luxury-collection-resort-&-spa,-algarve",Marriott-FAOPC
FAOLC,"Pine Cliffs Residence, a Luxury Collection Resort, Algarve","faolc-pine-cliffs-residence,-a-luxury-collection-resort,-algarve",Marriott-FAOLC
FAOWH,W Algarve,faowh-w-algarve,Marriott-FAOWH
FAOWR,W Residences Algarve,faowr-w-residences-algarve,Marriott-FAOWR
LISSC,Sheraton Cascais Resort,lissc-sheraton-cascais-resort,Marriott-LISSC
LISOP,Moxy Lisbon City,lisop-moxy-lisbon-city,Marriott-LISOP
LISTI,"The Ivens, Autograph Collection","listi-the-ivens,-autograph-collection",Marriott-LISTI
LISPT,Lisbon Marriott Hotel,lispt-lisbon-marriott-hotel,Marriott-LISPT
LISOX,Moxy Lisboa Oriente,lisox-moxy-lisboa-oriente,Marriott-LISOX
LISDM,"Memmo Principe Real, Lisbon, a Member of Design Hotels™","lisdm-memmo-principe-real,-lisbon,-a-member-of-design-hotels™",Marriott-LISDM
LISSI,Sheraton Lisboa Hotel & Spa,lissi-sheraton-lisboa-hotel-&-spa,Marriott-LISSI
OPOFP,Four Points by Sheraton Matosinhos,opofp-four-points-by-sheraton-matosinhos,Marriott-OPOFP
LISDT,"Torre de Palma Wine Hotel, Monforte, a Member of Design Hotels™","lisdt-torre-de-palma-wine-hotel,-monforte,-a-member-of-design-hotels™",Marriott-LISDT
LISDR,Praia D'El Rey Marriott Golf & Beach Resort,lisdr-praia-d'el-rey-marriott-golf-&-beach-resort,Marriott-LISDR
OPOPO,AC Hotel Porto,opopo-ac-hotel-porto,Marriott-OPOPO
OPOBR,Renaissance Porto Lapa Hotel,opobr-renaissance-porto-lapa-hotel,Marriott-OPOBR
OPOSI,Sheraton Porto Hotel & Spa,oposi-sheraton-porto-hotel-&-spa,Marriott-OPOSI
LISFP,Four Points by Sheraton Sesimbra,lisfp-four-points-by-sheraton-sesimbra,Marriott-LISFP
LISRZ,Penha Longa Resort,lisrz-penha-longa-resort,Marriott-LISRZ
FAOAK,"Domes Lake Algarve, Autograph Collection","faoak-domes-lake-algarve,-autograph-collection",Marriott-FAOAK
LCGCO,AC Hotel A Coruna,lcgco-ac-hotel-a-coruna,Marriott-LCGCO
MADAL,AC Hotel Alcala de Henares,madal-ac-hotel-alcala-de-henares,Marriott-MADAL
AEIAL,AC Hotel Algeciras,aeial-ac-hotel-algeciras,Marriott-AEIAL
ALCAL,AC Hotel Alicante,alcal-ac-hotel-alicante,Marriott-ALCAL
ALCDS,"Hospes Amérigo, Alicante, a Member of Design Hotels™","alcds-hospes-amérigo,-alicante,-a-member-of-design-hotels™",Marriott-ALCDS
LEIAL,AC Hotel Almeria,leial-ac-hotel-almeria,Marriott-LEIAL
BJZBA,AC Hotel Badajoz,bjzba-ac-hotel-badajoz,Marriott-BJZBA
ILDBA,"Hotel AC Baqueira Ski Resort, Autograph Collection","ildba-hotel-ac-baqueira-ski-resort,-autograph-collection",Marriott-ILDBA
BCNFO,AC Hotel Barcelona Forum,bcnfo-ac-hotel-barcelona-forum,Marriott-BCNFO
BCNDL,AC Hotel Diagonal L´Illa,bcndl-ac-hotel-diagonal-l´illa,Marriott-BCNDL
BCNIR,AC Hotel Irla,bcnir-ac-hotel-irla,Marriott-BCNIR
BCNSA,AC Hotel Sants,bcnsa-ac-hotel-sants,Marriott-BCNSA
BCNSU,AC Hotel Victoria Suites,bcnsu-ac-hotel-victoria-suites,Marriott-BCNSU
BCNAK,"Cotton House Hotel, Autograph Collection","bcnak-cotton-house-hotel,-autograph-collection",Marriott-BCNAK
BCNEB,The Barcelona EDITION,bcneb-the-barcelona-edition,Marriott-BCNEB
BCNRF,Renaissance Barcelona Fira Hotel,bcnrf-renaissance-barcelona-fira-hotel,Marriott-BCNRF
BCNDM,Renaissance Barcelona Hotel,bcndm-renaissance-barcelona-hotel,Marriott-BCNDM
BCNRZ,Hotel Arts Barcelona,bcnrz-hotel-arts-barcelona,Marriott-BCNRZ
BCNFP,Four Points by Sheraton Barcelona Diagonal,bcnfp-four-points-by-sheraton-barcelona-diagonal,Marriott-BCNFP
BCNMD,Le Méridien Barcelona,bcnmd-le-méridien-barcelona,Marriott-BCNMD
BCNWH,W Barcelona,bcnwh-w-barcelona,Marriott-BCNWH
BIOAK,"Hotel Ercilla de Bilbao, Autograph Collection","bioak-hotel-ercilla-de-bilbao,-autograph-collection",Marriott-BIOAK
VITBK,"Palacio Tondon, La Rioja Brinas","vitbk-palacio-tondon,-la-rioja-brinas",Marriott-VITBK
RGSBU,AC Hotel Burgos,rgsbu-ac-hotel-burgos,Marriott-RGSBU
PMIDS,"Hospes Maricel & Spa, Palma de Mallorca, a Member of Design Hotels™","pmids-hospes-maricel-&-spa,-palma-de-mallorca,-a-member-of-design-hotels™",Marriott-PMIDS
ODBCO,AC Hotel Cordoba,odbco-ac-hotel-cordoba,Marriott-ODBCO
ALCMM,Denia Marriott La Sella Golf Resort & Spa,alcmm-denia-marriott-la-sella-golf-resort-&-spa,Marriott-ALCMM
REUMD,Le Méridien Ra Beach Hotel & Spa,reumd-le-méridien-ra-beach-hotel-&-spa,Marriott-REUMD
BIOLC,"Hotel Marqués de Riscal, a Luxury Collection Hotel, Elciego","biolc-hotel-marqués-de-riscal,-a-luxury-collection-hotel,-elciego",Marriott-BIOLC
ALCEA,AC Hotel Elda,alcea-ac-hotel-elda,Marriott-ALCEA
AGPPY,Marriott's Playa Andaluza,agppy-marriott's-playa-andaluza,Marriott-AGPPY
FUESI,"Sheraton Fuerteventura Beach, Golf & Spa Resort","fuesi-sheraton-fuerteventura-beach,-golf-&-spa-resort",Marriott-FUESI
BCNGA,AC Hotel Gava Mar,bcnga-ac-hotel-gava-mar,Marriott-BCNGA
OVDGI,AC Hotel Gijón,ovdgi-ac-hotel-gijón,Marriott-OVDGI
GRXPA,"Hotel Palacio De Santa Paula, Autograph Collection","grxpa-hotel-palacio-de-santa-paula,-autograph-collection",Marriott-GRXPA
GRXDS,"Hospes Palacio de los Patos, a Member of Design Hotels™","grxds-hospes-palacio-de-los-patos,-a-member-of-design-hotels™",Marriott-GRXDS
MADGU,"AC Hotel Guadalajara, Spain","madgu-ac-hotel-guadalajara,-spain",Marriott-MADGU
HEVHU,AC Hotel Huelva,hevhu-ac-hotel-huelva,Marriott-HEVHU
BCNSM,AC Hotel Som,bcnsm-ac-hotel-som,Marriott-BCNSM
XRYLI,AC Hotel La Linea,xryli-ac-hotel-la-linea,Marriott-XRYLI
LPAGR,AC Hotel Gran Canaria,lpagr-ac-hotel-gran-canaria,Marriott-LPAGR
LPAAC,AC Hotel Iberia Las Palmas,lpaac-ac-hotel-iberia-las-palmas,Marriott-LPAAC
LENAC,AC Hotel Leon San Antonio,lenac-ac-hotel-leon-san-antonio,Marriott-LENAC
PMIAK,"Hacienda Son Antem Golf Resort, Autograph Collection","pmiak-hacienda-son-antem-golf-resort,-autograph-collection",Marriott-PMIAK
PMIMC,Marriott's Club Son Antem,pmimc-marriott's-club-son-antem,Marriott-PMIMC
RJLLO,AC Hotel La Rioja,rjllo-ac-hotel-la-rioja,Marriott-RJLLO
MADAI,AC Hotel Aitana,madai-ac-hotel-aitana,Marriott-MADAI
MADAC,AC Hotel Aravaca,madac-ac-hotel-aravaca,Marriott-MADAC
MADAT,AC Hotel Atocha,madat-ac-hotel-atocha,Marriott-MADAT
MADAV,AC Hotel Avenida de America,madav-ac-hotel-avenida-de-america,Marriott-MADAV
MADCA,AC Hotel Carlton Madrid,madca-ac-hotel-carlton-madrid,Marriott-MADCA
MADCO,AC Hotel Madrid Airport,madco-ac-hotel-madrid-airport,Marriott-MADCO
MADCU,AC Hotel Cuzco,madcu-ac-hotel-cuzco,Marriott-MADCU
MADVA,AC Hotel Los Vascos,madva-ac-hotel-los-vascos,Marriott-MADVA
MADFE,AC Hotel Madrid Feria,madfe-ac-hotel-madrid-feria,Marriott-MADFE
MADRC,AC Hotel Recoletos,madrc-ac-hotel-recoletos,Marriott-MADRC
MADKV,"Círculo Gran Vía, Autograph Collection","madkv-círculo-gran-vía,-autograph-collection",Marriott-MADKV
MADRE,"Hotel Palacio Del Retiro, Autograph Collection","madre-hotel-palacio-del-retiro,-autograph-collection",Marriott-MADRE
MADEB,The Madrid EDITION,madeb-the-madrid-edition,Marriott-MADEB
MADJW,JW Marriott Hotel Madrid,madjw-jw-marriott-hotel-madrid,Marriott-MADJW
MADAD,Madrid Marriott Auditorium Hotel & Conference Center,madad-madrid-marriott-auditorium-hotel-&-conference-center,Marriott-MADAD
MADGV,Aloft Madrid Gran Via,madgv-aloft-madrid-gran-via,Marriott-MADGV
MADLC,"Santo Mauro, a Luxury Collection Hotel, Madrid","madlc-santo-mauro,-a-luxury-collection-hotel,-madrid",Marriott-MADLC
MADWI,"The Westin Palace, Madrid","madwi-the-westin-palace,-madrid",Marriott-MADWI
AGPMG,AC Hotel Malaga Palacio,agpmg-ac-hotel-malaga-palacio,Marriott-AGPMG
AGPMB,Marriott's Marbella Beach Resort,agpmb-marriott's-marbella-beach-resort,Marriott-AGPMB
AGPWI,"The Westin La Quinta Golf Resort & Spa, Benahavis, Marbella","agpwi-the-westin-la-quinta-golf-resort-&-spa,-benahavis,-marbella",Marriott-AGPWI
MJVMU,AC Hotel Murcia,mjvmu-ac-hotel-murcia,Marriott-MJVMU
OVDFO,AC Hotel Oviedo Forum,ovdfo-ac-hotel-oviedo-forum,Marriott-OVDFO
VLLPA,AC Hotel Palencia,vllpa-ac-hotel-palencia,Marriott-VLLPA
PMIMA,AC Hotel Ciutat de Palma,pmima-ac-hotel-ciutat-de-palma,Marriott-PMIMA
PMILC,"Castillo Hotel Son Vida, a Luxury Collection Hotel, Mallorca","pmilc-castillo-hotel-son-vida,-a-luxury-collection-hotel,-mallorca",Marriott-PMILC
PMISI,Sheraton Mallorca Arabella Golf Hotel,pmisi-sheraton-mallorca-arabella-golf-hotel,Marriott-PMISI
PMIXR,The St. Regis Mardavall Mallorca Resort,pmixr-the-st.-regis-mardavall-mallorca-resort,Marriott-PMIXR
PMICN,"Concepcio by Nobis, Palma, a Member of Design Hotels™","pmicn-concepcio-by-nobis,-palma,-a-member-of-design-hotels™",Marriott-PMICN
LENPO,AC Hotel Ponferrada,lenpo-ac-hotel-ponferrada,Marriott-LENPO
MADFI,AC Hotel La Finca,madfi-ac-hotel-la-finca,Marriott-MADFI
SLMDS,"Hospes Palacio de San Esteban , Salamanca, a Member of Design Hotels™","slmds-hospes-palacio-de-san-esteban-,-salamanca,-a-member-of-design-hotels™",Marriott-SLMDS
EASLC,"Hotel Maria Cristina, a Luxury Collection Hotel, San Sebastian","easlc-hotel-maria-cristina,-a-luxury-collection-hotel,-san-sebastian",Marriott-EASLC
MADSE,AC Hotel San Sebastian de los Reyes,madse-ac-hotel-san-sebastian-de-los-reyes,Marriott-MADSE
BCNSC,AC Hotel Sant Cugat,bcnsc-ac-hotel-sant-cugat,Marriott-BCNSC
TFNAC,AC Hotel Tenerife,tfnac-ac-hotel-tenerife,Marriott-TFNAC
IBZTX,"Hotel Riomar, Ibiza, a Tribute Portfolio Hotel","ibztx-hotel-riomar,-ibiza,-a-tribute-portfolio-hotel",Marriott-IBZTX
IBZWH,W Ibiza,ibzwh-w-ibiza,Marriott-IBZWH
SCQAK,"Hotel Palacio del Carmen, Autograph Collection","scqak-hotel-palacio-del-carmen,-autograph-collection",Marriott-SCQAK
SVQAS,"Querencia de Sevilla, Autograph Collection","svqas-querencia-de-sevilla,-autograph-collection",Marriott-SVQAS
SVQCI,AC Hotel Ciudad de Sevilla,svqci-ac-hotel-ciudad-de-sevilla,Marriott-SVQCI
SVQJU,AC Hotel Sevilla Forum,svqju-ac-hotel-sevilla-forum,Marriott-SVQJU
SVQDS,"Hospes Las Casas del Rey de Baeza, a Member of Design Hotels™","svqds-hospes-las-casas-del-rey-de-baeza,-a-member-of-design-hotels™",Marriott-SVQDS
SVQLC,"Hotel Alfonso XIII, a Luxury Collection Hotel, Seville","svqlc-hotel-alfonso-xiii,-a-luxury-collection-hotel,-seville",Marriott-SVQLC
SVQTX,"Los Seises Sevilla, a Tribute Portfolio Hotel","svqtx-los-seises-sevilla,-a-tribute-portfolio-hotel",Marriott-SVQTX
BCNKS,"Sabàtic, Sitges, Autograph Collection","bcnks-sabàtic,-sitges,-autograph-collection",Marriott-BCNKS
REUTA,AC Hotel Tarragona,reuta-ac-hotel-tarragona,Marriott-REUTA
TFSRZ,"The Ritz-Carlton Tenerife, Abama","tfsrz-the-ritz-carlton-tenerife,-abama",Marriott-TFSRZ
MADTO,AC Hotel Ciudad de Toledo,madto-ac-hotel-ciudad-de-toledo,Marriott-MADTO
MADFT,"Eugenia de Montijo, Autograph Collection","madft-eugenia-de-montijo,-autograph-collection",Marriott-MADFT
BCNVH,"ORA Hotel Priorat, a Member of Design Hotels™","bcnvh-ora-hotel-priorat,-a-member-of-design-hotels™",Marriott-BCNVH
PNATU,AC Hotel Ciudad de Tudela,pnatu-ac-hotel-ciudad-de-tudela,Marriott-PNATU
VLCAP,AC Hotel Colon Valencia,vlcap-ac-hotel-colon-valencia,Marriott-VLCAP
VLCVA,AC Hotel Valencia,vlcva-ac-hotel-valencia,Marriott-VLCVA
VLCAK,"Palacio Santa Clara, Autograph Collection","vlcak-palacio-santa-clara,-autograph-collection",Marriott-VLCAK
VLCDS,"Hospes Palau de la Mar, Valencia, a Member of Design Hotels™","vlcds-hospes-palau-de-la-mar,-valencia,-a-member-of-design-hotels™",Marriott-VLCDS
VLCWI,The Westin Valencia,vlcwi-the-westin-valencia,Marriott-VLCWI
VLLAN,AC Hotel Palacio de Santa Ana,vllan-ac-hotel-palacio-de-santa-ana,Marriott-VLLAN
VGOPA,AC Hotel Palacio Universal,vgopa-ac-hotel-palacio-universal,Marriott-VGOPA
VITGE,AC Hotel General Alava,vitge-ac-hotel-general-alava,Marriott-VITGE
SLMZA,AC Hotel Zamora,slmza-ac-hotel-zamora,Marriott-SLMZA
BRNDS,"The Cambrian, Adelboden, a Member of Design Hotels™","brnds-the-cambrian,-adelboden,-a-member-of-design-hotels™",Marriott-BRNDS
LUGGA,"Giardino Ascona, a Member of Design Hotels™","lugga-giardino-ascona,-a-member-of-design-hotels™",Marriott-LUGGA
BSLMC,Basel Marriott Hotel,bslmc-basel-marriott-hotel,Marriott-BSLMC
BSLCY,Courtyard Basel,bslcy-courtyard-basel,Marriott-BSLCY
BRNOX,Moxy Bern Expo,brnox-moxy-bern-expo,Marriott-BRNOX
SMVDS,"Giardino Mountain, Champfèr, a Member of Design Hotels™","smvds-giardino-mountain,-champfèr,-a-member-of-design-hotels™",Marriott-SMVDS
GVADC,"Chandolin Boutique Hotel, a Member of Design Hotels™","gvadc-chandolin-boutique-hotel,-a-member-of-design-hotels™",Marriott-GVADC
ZRHWF,"Waldhaus Flims Wellness Resort, Autograph Collection","zrhwf-waldhaus-flims-wellness-resort,-autograph-collection",Marriott-ZRHWF
GVAMC,Geneva Marriott Hotel,gvamc-geneva-marriott-hotel,Marriott-GVAMC
GVARZ,"The Ritz-Carlton Hotel de la Paix, Geneva","gvarz-the-ritz-carlton-hotel-de-la-paix,-geneva",Marriott-GVARZ
GVALC,"Hotel President Wilson, a Luxury Collection Hotel, Geneva","gvalc-hotel-president-wilson,-a-luxury-collection-hotel,-geneva",Marriott-GVALC
GVAOX,Moxy Lausanne City,gvaox-moxy-lausanne-city,Marriott-GVAOX
EMLAK,"The Hotel Lucerne, Autograph Collection","emlak-the-hotel-lucerne,-autograph-collection",Marriott-EMLAK
EMLBR,Renaissance Lucerne Hotel,emlbr-renaissance-lucerne-hotel,Marriott-EMLBR
LUGDS,"Giardino Lago, Minusio-Locarno, a Member of Design Hotels™","lugds-giardino-lago,-minusio-locarno,-a-member-of-design-hotels™",Marriott-LUGDS
GVAAK,"Grand Hotel Suisse Majestic, Autograph Collection","gvaak-grand-hotel-suisse-majestic,-autograph-collection",Marriott-GVAAK
ZRHOX,Moxy Rapperswil,zrhox-moxy-rapperswil,Marriott-ZRHOX
GVAOS,Moxy Sion,gvaos-moxy-sion,Marriott-GVAOS
GVAWH,W Verbier,gvawh-w-verbier,Marriott-GVAWH
ZRHAK,"Kameha Grand Zurich, Autograph Collection","zrhak-kameha-grand-zurich,-autograph-collection",Marriott-ZRHAK
ZRHNS,"Neues Schloss Privat Hotel Zurich, Autograph Collection","zrhns-neues-schloss-privat-hotel-zurich,-autograph-collection",Marriott-ZRHNS
ZRHCY,Courtyard Zurich North,zrhcy-courtyard-zurich-north,Marriott-ZRHCY
ZRHDT,Zurich Marriott Hotel,zrhdt-zurich-marriott-hotel,Marriott-ZRHDT
ZRHBR,Renaissance Zurich Tower Hotel,zrhbr-renaissance-zurich-tower-hotel,Marriott-ZRHBR
ZRHZS,Sheraton Zurich Hotel,zrhzs-sheraton-zurich-hotel,Marriott-ZRHZS
ADASI,Sheraton Grand Adana,adasi-sheraton-grand-adana,Marriott-ADASI
ESBJW,JW Marriott Hotel Ankara,esbjw-jw-marriott-hotel-ankara,Marriott-ESBJW
ESBLC,"Lugal, a Luxury Collection Hotel, Ankara","esblc-lugal,-a-luxury-collection-hotel,-ankara",Marriott-ESBLC
ESBSI,Sheraton Ankara Hotel & Convention Center,esbsi-sheraton-ankara-hotel-&-convention-center,Marriott-ESBSI
ISTJB,JW Marriott Istanbul Bosphorus,istjb-jw-marriott-istanbul-bosphorus,Marriott-ISTJB
BJVEB,The Bodrum EDITION,bjveb-the-bodrum-edition,Marriott-BJVEB
BJVMD,Le Méridien Bodrum Beach Resort,bjvmd-le-méridien-bodrum-beach-resort,Marriott-BJVMD
BJVLC,"Caresse, a Luxury Collection Resort & Spa, Bodrum","bjvlc-caresse,-a-luxury-collection-resort-&-spa,-bodrum",Marriott-BJVLC
YEIAL,Aloft Bursa Hotel,yeial-aloft-bursa-hotel,Marriott-YEIAL
YEISI,Sheraton Bursa Hotel,yeisi-sheraton-bursa-hotel,Marriott-YEISI
ISTAC,AC Hotel Istanbul Macka,istac-ac-hotel-istanbul-macka,Marriott-ISTAC
ISTAD,"Adahan DeCamondo Pera, Autograph Collection","istad-adahan-decamondo-pera,-autograph-collection",Marriott-ISTAD
ISTAO,"Burdock Hotel Istanbul, Autograph Collection","istao-burdock-hotel-istanbul,-autograph-collection",Marriott-ISTAO
ISTCY,Courtyard Istanbul West,istcy-courtyard-istanbul-west,Marriott-ISTCY
ISTDK,Delta Hotels Istanbul Kagithane,istdk-delta-hotels-istanbul-kagithane,Marriott-ISTDK
ISTLD,Delta Hotels Istanbul Levent,istld-delta-hotels-istanbul-levent,Marriott-ISTLD
ISTMS,JW Marriott Hotel Istanbul Marmara Sea,istms-jw-marriott-hotel-istanbul-marmara-sea,Marriott-ISTMS
ISTFE,Marriott Executive Apartments Istanbul Fulya,istfe-marriott-executive-apartments-istanbul-fulya,Marriott-ISTFE
ISTMC,Istanbul Marriott Hotel Asia,istmc-istanbul-marriott-hotel-asia,Marriott-ISTMC
ISTHP,Istanbul Marriott Hotel Pendik,isthp-istanbul-marriott-hotel-pendik,Marriott-ISTHP
ISTDT,Istanbul Marriott Hotel Sisli,istdt-istanbul-marriott-hotel-sisli,Marriott-ISTDT
ISTBO,Renaissance Istanbul Polat Bosphorus Hotel,istbo-renaissance-istanbul-polat-bosphorus-hotel,Marriott-ISTBO
ISTRN,Renaissance Polat Istanbul Hotel,istrn-renaissance-polat-istanbul-hotel,Marriott-ISTRN
ISTRI,Residence Inn Istanbul Atasehir,istri-residence-inn-istanbul-atasehir,Marriott-ISTRI
ISTRZ,"The Ritz-Carlton, Istanbul","istrz-the-ritz-carlton,-istanbul",Marriott-ISTRZ
ISTDS,"Gezi Hotel Bosphorus, Istanbul, a Member of Design Hotels™","istds-gezi-hotel-bosphorus,-istanbul,-a-member-of-design-hotels™",Marriott-ISTDS
ISTVK,"The Bank Hotel Istanbul, a Member of Design Hotels™","istvk-the-bank-hotel-istanbul,-a-member-of-design-hotels™",Marriott-ISTVK
ISTFK,Four Points by Sheraton Istanbul Kagithane,istfk-four-points-by-sheraton-istanbul-kagithane,Marriott-ISTFK
ISTMD,Le Méridien Istanbul Etiler,istmd-le-méridien-istanbul-etiler,Marriott-ISTMD
ISTGS,Sheraton Grand Istanbul Atasehir,istgs-sheraton-grand-istanbul-atasehir,Marriott-ISTGS
ISTAS,Sheraton Istanbul Ataköy Hotel,istas-sheraton-istanbul-ataköy-hotel,Marriott-ISTAS
ISTSD,Sheraton Istanbul City Center,istsd-sheraton-istanbul-city-center,Marriott-ISTSD
ISTSI,Sheraton Istanbul Esenyurt,istsi-sheraton-istanbul-esenyurt,Marriott-ISTSI
ISTSL,Sheraton Istanbul Levent,istsl-sheraton-istanbul-levent,Marriott-ISTSL
ISTXR,The St. Regis Istanbul,istxr-the-st.-regis-istanbul,Marriott-ISTXR
ISTDC,"DeCamondo Galata, a Tribute Portfolio Hotel","istdc-decamondo-galata,-a-tribute-portfolio-hotel",Marriott-ISTDC
ISTWH,W Istanbul,istwh-w-istanbul,Marriott-ISTWH
ISTNW,The Westin Istanbul Nisantasi,istnw-the-westin-istanbul-nisantasi,Marriott-ISTNW
ADBMC,Izmir Marriott Hotel,adbmc-izmir-marriott-hotel,Marriott-ADBMC
ADBBR,Renaissance Izmir Hotel,adbbr-renaissance-izmir-hotel,Marriott-ADBBR
ADBFP,Four Points by Sheraton Izmir,adbfp-four-points-by-sheraton-izmir,Marriott-ADBFP
ADBLC,"Reges, a Luxury Collection Resort & Spa, Cesme","adblc-reges,-a-luxury-collection-resort-&-spa,-cesme",Marriott-ADBLC
SZFSI,Sheraton Grand Samsun Hotel,szfsi-sheraton-grand-samsun-hotel,Marriott-SZFSI
ISTAR,"Orientbank Hotel Istanbul, Autograph Collection","istar-orientbank-hotel-istanbul,-autograph-collection",Marriott-ISTAR
ABZCY,Courtyard Aberdeen Airport,abzcy-courtyard-aberdeen-airport,Marriott-ABZCY
ABZDE,Delta Hotels Aberdeen,abzde-delta-hotels-aberdeen,Marriott-ABZDE
ABZRI,Residence Inn Aberdeen,abzri-residence-inn-aberdeen,Marriott-ABZRI
ABZAL,Aloft Aberdeen TECA,abzal-aloft-aberdeen-teca,Marriott-ABZAL
OXFCX,Courtyard Oxford South,oxfcx-courtyard-oxford-south,Marriott-OXFCX
BRSTX,"Abbey Hotel Bath, a Tribute Portfolio Hotel","brstx-abbey-hotel-bath,-a-tribute-portfolio-hotel",Marriott-BRSTX
BFSAC,AC Hotel Belfast,bfsac-ac-hotel-belfast,Marriott-BFSAC
LONDB,Delta Hotels Bexleyheath,londb-delta-hotels-bexleyheath,Marriott-LONDB
BHXAC,AC Hotel Birmingham,bhxac-ac-hotel-birmingham,Marriott-BHXAC
BHXDE,Delta Hotels Birmingham,bhxde-delta-hotels-birmingham,Marriott-BHXDE
BHXFA,Delta Hotels Forest of Arden Country Club,bhxfa-delta-hotels-forest-of-arden-country-club,Marriott-BHXFA
BHXOX,Moxy Birmingham NEC,bhxox-moxy-birmingham-nec,Marriott-BHXOX
BHXAL,Aloft Birmingham Eastside,bhxal-aloft-birmingham-eastside,Marriott-BHXAL
BOHBM,Bournemouth Highcliff Marriott Hotel,bohbm-bournemouth-highcliff-marriott-hotel,Marriott-BOHBM
BRSDE,Delta Hotels Bristol City Centre,brsde-delta-hotels-bristol-city-centre,Marriott-BRSDE
BRSRY,Bristol Marriott Royal Hotel,brsry-bristol-marriott-royal-hotel,Marriott-BRSRY
BRSOX,Moxy Bristol,brsox-moxy-bristol,Marriott-BRSOX
GLODE,Delta Hotels Cheltenham Chase,glode-delta-hotels-cheltenham-chase,Marriott-GLODE
CBGAK,"University Arms Hotel, Autograph Collection","cbgak-university-arms-hotel,-autograph-collection",Marriott-CBGAK
CWLDT,Cardiff Marriott Hotel,cwldt-cardiff-marriott-hotel,Marriott-CWLDT
DSACY,Courtyard Sheffield,dsacy-courtyard-sheffield,Marriott-DSACY
BRSSP,Delta Hotels St. Pierre Country Club,brssp-delta-hotels-st.-pierre-country-club,Marriott-BRSSP
MANDA,Delta Hotels Manchester Airport,manda-delta-hotels-manchester-airport,Marriott-MANDA
MANOC,Moxy Chester,manoc-moxy-chester,Marriott-MANOC
EMAPD,Delta Hotels Breadsall Priory Country Club,emapd-delta-hotels-breadsall-priory-country-club,Marriott-EMAPD
NCLDD,Delta Hotels Durham Royal County,ncldd-delta-hotels-durham-royal-county,Marriott-NCLDD
ABZOX,Moxy Aberdeen Airport,abzox-moxy-aberdeen-airport,Marriott-ABZOX
EDIAK,"The Glasshouse, Autograph Collection","ediak-the-glasshouse,-autograph-collection",Marriott-EDIAK
EDICY,Courtyard Edinburgh,edicy-courtyard-edinburgh,Marriott-EDICY
EDIHW,Courtyard Edinburgh West,edihw-courtyard-edinburgh-west,Marriott-EDIHW
EDIDE,Delta Hotels Edinburgh,edide-delta-hotels-edinburgh,Marriott-EDIDE
EDIMH,Edinburgh Marriott Hotel Holyrood,edimh-edinburgh-marriott-hotel-holyrood,Marriott-EDIMH
EDIOX,Moxy Edinburgh Airport,ediox-moxy-edinburgh-airport,Marriott-EDIOX
EDIOF,Moxy Edinburgh Fountainbridge,ediof-moxy-edinburgh-fountainbridge,Marriott-EDIOF
EDIRI,Residence Inn Edinburgh,ediri-residence-inn-edinburgh,Marriott-EDIRI
EDIFP,Four Points by Sheraton Edinburgh,edifp-four-points-by-sheraton-edinburgh,Marriott-EDIFP
EDISI,"Sheraton Grand Hotel & Spa, Edinburgh","edisi-sheraton-grand-hotel-&-spa,-edinburgh",Marriott-EDISI
EXTCY,Courtyard Exeter Sandy Park,extcy-courtyard-exeter-sandy-park,Marriott-EXTCY
LGWCY,Courtyard London Gatwick Airport,lgwcy-courtyard-london-gatwick-airport,Marriott-LGWCY
GLACG,Courtyard Glasgow SEC,glacg-courtyard-glasgow-sec,Marriott-GLACG
GLADT,Glasgow Marriott Hotel,gladt-glasgow-marriott-hotel,Marriott-GLADT
GLAOX,Moxy Glasgow Merchant City,glaox-moxy-glasgow-merchant-city,Marriott-GLAOX
GLAOS,Moxy Glasgow SEC,glaos-moxy-glasgow-sec,Marriott-GLAOS
LHRCY,Courtyard London Heathrow Airport,lhrcy-courtyard-london-heathrow-airport,Marriott-LHRCY
LHRHR,London Heathrow Marriott Hotel,lhrhr-london-heathrow-marriott-hotel,Marriott-LHRHR
LHRSS,Sheraton Skyline Hotel London Heathrow,lhrss-sheraton-skyline-hotel-london-heathrow,Marriott-LHRSS
STNGS,Hanbury Manor Marriott Hotel & Country Club,stngs-hanbury-manor-marriott-hotel-&-country-club,Marriott-STNGS
LONOX,Moxy London Heathrow Airport,lonox-moxy-london-heathrow-airport,Marriott-LONOX
LHRBR,Renaissance London Heathrow Hotel,lhrbr-renaissance-london-heathrow-hotel,Marriott-LHRBR
LONHD,Delta Hotels Huntingdon,lonhd-delta-hotels-huntingdon,Marriott-LONHD
INVAR,AC Hotel Inverness,invar-ac-hotel-inverness,Marriott-INVAR
INVCY,Courtyard Inverness Airport,invcy-courtyard-inverness-airport,Marriott-INVCY
LONIV,"The Langley, a Luxury Collection Hotel, Buckinghamshire","loniv-the-langley,-a-luxury-collection-hotel,-buckinghamshire",Marriott-LONIV
MANCK,Courtyard Keele Staffordshire,manck-courtyard-keele-staffordshire,Marriott-MANCK
LBADT,Leeds Marriott Hotel,lbadt-leeds-marriott-hotel,Marriott-LBADT
EMALM,Leicester Marriott Hotel,emalm-leicester-marriott-hotel,Marriott-EMALM
LGWGS,Lingfield Park Marriott Hotel & Country Club,lgwgs-lingfield-park-marriott-hotel-&-country-club,Marriott-LGWGS
LPLDE,Delta Hotels Liverpool City Centre,lplde-delta-hotels-liverpool-city-centre,Marriott-LPLDE
LPLAL,Aloft Liverpool,lplal-aloft-liverpool,Marriott-LPLAL
LONKB,"Bankside Hotel, Autograph Collection","lonkb-bankside-hotel,-autograph-collection",Marriott-LONKB
LONXE,"Hotel Xenia, Autograph Collection","lonxe-hotel-xenia,-autograph-collection",Marriott-LONXE
LONAM,"Montcalm East, Autograph Collection","lonam-montcalm-east,-autograph-collection",Marriott-LONAM
LONSE,"St. Ermin's Hotel, Autograph Collection","lonse-st.-ermin's-hotel,-autograph-collection",Marriott-LONSE
LONDX,"The Dixon, Tower Bridge, Autograph Collection","londx-the-dixon,-tower-bridge,-autograph-collection",Marriott-LONDX
LONAK,"Threadneedles, Autograph Collection","lonak-threadneedles,-autograph-collection",Marriott-LONAK
LCYAP,Courtyard London City Airport,lcyap-courtyard-london-city-airport,Marriott-LCYAP
LONEB,The London EDITION,loneb-the-london-edition,Marriott-LONEB
LONGH,JW Marriott Grosvenor House London,longh-jw-marriott-grosvenor-house-london,Marriott-LONGH
LONER,"Marriott Executive Apartments London, Canary Wharf","loner-marriott-executive-apartments-london,-canary-wharf",Marriott-LONER
LONQL,Grand Residences by Marriott - Mayfair-London,lonql-grand-residences-by-marriott---mayfair-london,Marriott-LONQL
LONCW,London Marriott Hotel Canary Wharf,loncw-london-marriott-hotel-canary-wharf,Marriott-LONCW
LONCH,London Marriott Hotel County Hall,lonch-london-marriott-hotel-county-hall,Marriott-LONCH
LONDT,London Marriott Hotel Grosvenor Square,londt-london-marriott-hotel-grosvenor-square,Marriott-LONDT
LONLM,London Marriott Hotel Kensington,lonlm-london-marriott-hotel-kensington,Marriott-LONLM
LONWH,London Marriott Hotel Maida Vale,lonwh-london-marriott-hotel-maida-vale,Marriott-LONWH
LONMA,London Marriott Hotel Marble Arch,lonma-london-marriott-hotel-marble-arch,Marriott-LONMA
LONPL,London Marriott Hotel Park Lane,lonpl-london-marriott-hotel-park-lane,Marriott-LONPL
LONRP,London Marriott Hotel Regents Park,lonrp-london-marriott-hotel-regents-park,Marriott-LONRP
LONOR,Moxy London Excel,lonor-moxy-london-excel,Marriott-LONOR
LONOF,Moxy London Stratford,lonof-moxy-london-stratford,Marriott-LONOF
LONPR,St. Pancras Renaissance Hotel London,lonpr-st.-pancras-renaissance-hotel-london,Marriott-LONPR
LONRI,Residence Inn London Bridge,lonri-residence-inn-london-bridge,Marriott-LONRI
LONRK,Residence Inn London Kensington,lonrk-residence-inn-london-kensington,Marriott-LONRK
LONBD,Residence Inn London Tower Bridge,lonbd-residence-inn-london-tower-bridge,Marriott-LONBD
LONAL,Aloft London Excel,lonal-aloft-london-excel,Marriott-LONAL
LONBG,Bvlgari Hotel London,lonbg-bvlgari-hotel-london,Marriott-LONBG
LONTH,"Town Hall Hotel, London, a Member of Design Hotels™","lonth-town-hall-hotel,-london,-a-member-of-design-hotels™",Marriott-LONTH
LONLC,"The Park Tower Knightsbridge, a Luxury Collection Hotel, London","lonlc-the-park-tower-knightsbridge,-a-luxury-collection-hotel,-london",Marriott-LONLC
LONWB,"The Wellesley Knightsbridge, a Luxury Collection Hotel, London","lonwb-the-wellesley-knightsbridge,-a-luxury-collection-hotel,-london",Marriott-LONWB
LONGR,Sheraton Grand London Park Lane,longr-sheraton-grand-london-park-lane,Marriott-LONGR
LONTX,"Great Northern Hotel, a Tribute Portfolio Hotel, London","lontx-great-northern-hotel,-a-tribute-portfolio-hotel,-london",Marriott-LONTX
LONHW,W London,lonhw-w-london,Marriott-LONHW
LONWI,The Westin London City,lonwi-the-westin-london-city,Marriott-LONWI
LTNCY,Courtyard Luton Airport,ltncy-courtyard-luton-airport,Marriott-LTNCY
LONTP,Delta Hotels Tudor Park Country Club,lontp-delta-hotels-tudor-park-country-club,Marriott-LONTP
MANAQ,AC Hotel Manchester City Centre,manaq-ac-hotel-manchester-city-centre,Marriott-MANAQ
MANAC,AC Hotel Manchester Salford Quays,manac-ac-hotel-manchester-salford-quays,Marriott-MANAC
MANWP,Delta Hotels Worsley Park Country Club,manwp-delta-hotels-worsley-park-country-club,Marriott-MANWP
MANVA,Manchester Marriott Victoria & Albert Hotel,manva-manchester-marriott-victoria-&-albert-hotel,Marriott-MANVA
MANMP,Manchester Marriott Hotel Piccadilly,manmp-manchester-marriott-hotel-piccadilly,Marriott-MANMP
MANOX,Moxy Manchester City,manox-moxy-manchester-city,Marriott-MANOX
MANRI,Residence Inn Manchester Piccadilly,manri-residence-inn-manchester-piccadilly,Marriott-MANRI
MANTX,"Hotel Football, Old Trafford, a Tribute Portfolio Hotel","mantx-hotel-football,-old-trafford,-a-tribute-portfolio-hotel",Marriott-MANTX
MANTR,"The Reach at Piccadilly, Manchester, a Tribute Portfolio Hotel","mantr-the-reach-at-piccadilly,-manchester,-a-tribute-portfolio-hotel",Marriott-MANTR
LTNDE,Delta Hotels Milton Keynes,ltnde-delta-hotels-milton-keynes,Marriott-LTNDE
LTNOX,Moxy Milton Keynes,ltnox-moxy-milton-keynes,Marriott-LTNOX
NCLMD,Delta Hotels Newcastle Gateshead,nclmd-delta-hotels-newcastle-gateshead,Marriott-NCLMD
LONND,Delta Hotels Northampton,lonnd-delta-hotels-northampton,Marriott-LONND
EMADE,Delta Hotels Nottingham Belfry,emade-delta-hotels-nottingham-belfry,Marriott-EMADE
OXFCY,Courtyard Oxford City Centre,oxfcy-courtyard-oxford-city-centre,Marriott-OXFCY
GLACA,Courtyard Glasgow Airport,glaca-courtyard-glasgow-airport,Marriott-GLACA
LONDP,Delta Hotels Peterborough,londp-delta-hotels-peterborough,Marriott-LONDP
NQYPO,Moxy Plymouth,nqypo-moxy-plymouth,Marriott-NQYPO
PMEHA,Portsmouth Marriott Hotel,pmeha-portsmouth-marriott-hotel,Marriott-PMEHA
MANPD,Delta Hotels Preston,manpd-delta-hotels-preston,Marriott-MANPD
LHRWD,Delta Hotels Heathrow Windsor,lhrwd-delta-hotels-heathrow-windsor,Marriott-LHRWD
LONSX,Moxy Slough,lonsx-moxy-slough,Marriott-LONSX
LHRRI,Residence Inn Slough,lhrri-residence-inn-slough,Marriott-LHRRI
SOUOX,Moxy Southampton,souox-moxy-southampton,Marriott-SOUOX
CWLSD,Delta Hotels Swansea,cwlsd-delta-hotels-swansea,Marriott-CWLSD
BRSSD,Delta Hotels Swindon,brssd-delta-hotels-swindon,Marriott-BRSSD
BHXDT,Delta Hotels Telford Golf & Spa Resort,bhxdt-delta-hotels-telford-golf-&-spa-resort,Marriott-BHXDT
LONTW,London Marriott Hotel Twickenham,lontw-london-marriott-hotel-twickenham,Marriott-LONTW
LONWD,Delta Hotels Waltham Abbey,lonwd-delta-hotels-waltham-abbey,Marriott-LONWD
BHXWD,Delta Hotels Warwick,bhxwd-delta-hotels-warwick,Marriott-BHXWD
LHRSI,Sheraton Heathrow Hotel,lhrsi-sheraton-heathrow-hotel,Marriott-LHRSI
LBAYD,Delta Hotels York,lbayd-delta-hotels-york,Marriott-LBAYD
QQYOX,Moxy York,qqyox-moxy-york,Marriott-QQYOX
ANRAK,"Sapphire House Antwerp, Autograph Collection","anrak-sapphire-house-antwerp,-autograph-collection",Marriott-ANRAK
BRUAK,"Cardo Brussels, Autograph Collection","bruak-cardo-brussels,-autograph-collection",Marriott-BRUAK
BRUCY,Courtyard Brussels,brucy-courtyard-brussels,Marriott-BRUCY
BRUMT,Courtyard Brussels EU,brumt-courtyard-brussels-eu,Marriott-BRUMT
BRUER,"Marriott Executive Apartments Brussels, European Quarter","bruer-marriott-executive-apartments-brussels,-european-quarter",Marriott-BRUER
BRUDT,Brussels Marriott Hotel Grand Place,brudt-brussels-marriott-hotel-grand-place,Marriott-BRUDT
BRUOC,Moxy Brussels City Center,bruoc-moxy-brussels-city-center,Marriott-BRUOC
BRUBR,Renaissance Brussels Hotel,brubr-renaissance-brussels-hotel,Marriott-BRUBR
BRUAL,Aloft Brussels Schuman,brual-aloft-brussels-schuman,Marriott-BRUAL
BRUDD,"The Dominican, Brussels, a Member of Design Hotels™","brudd-the-dominican,-brussels,-a-member-of-design-hotels™",Marriott-BRUDD
BRUSI,Sheraton Brussels Airport Hotel,brusi-sheraton-brussels-airport-hotel,Marriott-BRUSI
GNEMC,Ghent Marriott Hotel,gnemc-ghent-marriott-hotel,Marriott-GNEMC
GNERI,Residence Inn Ghent,gneri-residence-inn-ghent,Marriott-GNERI
BRURI,Residence Inn Brussels Airport,bruri-residence-inn-brussels-airport,Marriott-BRURI
STODS,"Hotel J, Stockholm, a Member of Design Hotels™","stods-hotel-j,-stockholm,-a-member-of-design-hotels™",Marriott-STODS
STOAR,AC Hotel Stockholm Ulriksdal,stoar-ac-hotel-stockholm-ulriksdal,Marriott-STOAR
STOCY,Courtyard Stockholm Kungsholmen,stocy-courtyard-stockholm-kungsholmen,Marriott-STOCY
STODN,"Blique by Nobis, Stockholm, a Member of Design Hotels™","stodn-blique-by-nobis,-stockholm,-a-member-of-design-hotels™",Marriott-STODN
STOSK,"Hotel Skeppsholmen, Stockholm, a Member of Design Hotels™","stosk-hotel-skeppsholmen,-stockholm,-a-member-of-design-hotels™",Marriott-STOSK
STOCL,"Miss Clara by Nobis, Stockholm, a Member of Design Hotels™","stocl-miss-clara-by-nobis,-stockholm,-a-member-of-design-hotels™",Marriott-STOCL
STONB,"Nobis Hotel Stockholm, a Member of Design Hotels™","stonb-nobis-hotel-stockholm,-a-member-of-design-hotels™",Marriott-STONB
STOSD,"Stallmästaregarden, Stockholm, a Member of Design Hotels™","stosd-stallmästaregarden,-stockholm,-a-member-of-design-hotels™",Marriott-STOSD
STOSI,Sheraton Stockholm Hotel,stosi-sheraton-stockholm-hotel,Marriott-STOSI
BUSCY,Courtyard Batumi,buscy-courtyard-batumi,Marriott-BUSCY
BUSMD,Le Méridien Batumi,busmd-le-méridien-batumi,Marriott-BUSMD
BUSSI,Sheraton Batumi Hotel,bussi-sheraton-batumi-hotel,Marriott-BUSSI
BUSAK,"Paragraph Resort & Spa Shekvetili, Autograph Collection","busak-paragraph-resort-&-spa-shekvetili,-autograph-collection",Marriott-BUSAK
TBSCY,Courtyard Tbilisi,tbscy-courtyard-tbilisi,Marriott-TBSCY
TBSMC,Tbilisi Marriott Hotel,tbsmc-tbilisi-marriott-hotel,Marriott-TBSMC
TBSOX,Moxy Tbilisi,tbsox-moxy-tbilisi,Marriott-TBSOX
TBSSI,Sheraton Grand Tbilisi Metechi Palace,tbssi-sheraton-grand-tbilisi-metechi-palace,Marriott-TBSSI
BUDCY,Courtyard Budapest City Center,budcy-courtyard-budapest-city-center,Marriott-BUDCY
BUDER,"Millennium Court, Budapest - Marriott Executive Apartments","buder-millennium-court,-budapest---marriott-executive-apartments",Marriott-BUDER
BUDHU,Budapest Marriott Hotel,budhu-budapest-marriott-hotel,Marriott-BUDHU
BUDRZ,"The Ritz-Carlton, Budapest","budrz-the-ritz-carlton,-budapest",Marriott-BUDRZ
BUDFD,Four Points by Sheraton Budapest Danube,budfd-four-points-by-sheraton-budapest-danube,Marriott-BUDFD
BUDLC,"Matild Palace, a Luxury Collection Hotel, Budapest","budlc-matild-palace,-a-luxury-collection-hotel,-budapest",Marriott-BUDLC
BUDWH,W Budapest,budwh-w-budapest,Marriott-BUDWH
BUDFP,Four Points by Sheraton Kecskemet Hotel & Conference Center,budfp-four-points-by-sheraton-kecskemet-hotel-&-conference-center,Marriott-BUDFP
BRQCY,Courtyard Brno,brqcy-courtyard-brno,Marriott-BRQCY
PRGPZ,Courtyard Pilsen,prgpz-courtyard-pilsen,Marriott-PRGPZ
PRGPA,Courtyard Prague Airport,prgpa-courtyard-prague-airport,Marriott-PRGPA
PRGCY,Courtyard Prague City,prgcy-courtyard-prague-city,Marriott-PRGCY
PRGDT,Prague Marriott Hotel,prgdt-prague-marriott-hotel,Marriott-PRGDT
PRGLC,"Augustine, a Luxury Collection Hotel, Prague","prglc-augustine,-a-luxury-collection-hotel,-prague",Marriott-PRGLC
PRGTX,"Stages Hotel Prague, a Tribute Portfolio Hotel","prgtx-stages-hotel-prague,-a-tribute-portfolio-hotel",Marriott-PRGTX
CPHAC,AC Hotel Bella Sky Copenhagen,cphac-ac-hotel-bella-sky-copenhagen,Marriott-CPHAC
CPHDK,Copenhagen Marriott Hotel,cphdk-copenhagen-marriott-hotel,Marriott-CPHDK
CPHOX,Moxy Copenhagen Sydhavnen,cphox-moxy-copenhagen-sydhavnen,Marriott-CPHOX
CPHRI,Residence Inn Copenhagen Nordhavn,cphri-residence-inn-copenhagen-nordhavn,Marriott-CPHRI
CPHDS,"Nobis Hotel Copenhagen, a Member of Design Hotels™","cphds-nobis-hotel-copenhagen,-a-member-of-design-hotels™",Marriott-CPHDS
CPHTX,"The Socialist, a Tribute Portfolio Hotel","cphtx-the-socialist,-a-tribute-portfolio-hotel",Marriott-CPHTX
CPHFI,Fairfield by Marriott Copenhagen Nordhavn,cphfi-fairfield-by-marriott-copenhagen-nordhavn,Marriott-CPHFI
GWYSI,Sheraton Athlone Hotel,gwysi-sheraton-athlone-hotel,Marriott-GWYSI
DUBDT,"The Shelbourne, Autograph Collection","dubdt-the-shelbourne,-autograph-collection",Marriott-DUBDT
DUBOX,Moxy Dublin City,dubox-moxy-dublin-city,Marriott-DUBOX
DUBAL,Aloft Dublin City,dubal-aloft-dublin-city,Marriott-DUBAL
DUBWI,The Westin Dublin,dubwi-the-westin-dublin,Marriott-DUBWI
DUBAK,"Powerscourt Hotel, Autograph Collection","dubak-powerscourt-hotel,-autograph-collection",Marriott-DUBAK
KKYAK,"Mount Juliet Estate, Autograph Collection","kkyak-mount-juliet-estate,-autograph-collection",Marriott-KKYAK
DBVSI,Sheraton Dubrovnik Riviera Hotel,dbvsi-sheraton-dubrovnik-riviera-hotel,Marriott-DBVSI
SPUAC,AC Hotel Split,spuac-ac-hotel-split,Marriott-SPUAC
SPUMD,"Le Méridien Lav, Split","spumd-le-méridien-lav,-split",Marriott-SPUMD
ZAGSI,Sheraton Zagreb Hotel,zagsi-sheraton-zagreb-hotel,Marriott-ZAGSI
ZAGWI,The Westin Zagreb,zagwi-the-westin-zagreb,Marriott-ZAGWI
RKVDS,"ION Adventure Hotel, Nesjavellir, a Member of Design Hotels™","rkvds-ion-adventure-hotel,-nesjavellir,-a-member-of-design-hotels™",Marriott-RKVDS
KEFCY,Courtyard Reykjavik Keflavik Airport,kefcy-courtyard-reykjavik-keflavik-airport,Marriott-KEFCY
REKEB,The Reykjavik EDITION,rekeb-the-reykjavik-edition,Marriott-REKEB
RKVDR,"101 Hotel, Reykjavik, a Member of Design Hotels™","rkvdr-101-hotel,-reykjavik,-a-member-of-design-hotels™",Marriott-RKVDR
RKVDI,"ION City Hotel, a Member of Design Hotels™","rkvdi-ion-city-hotel,-a-member-of-design-hotels™",Marriott-RKVDI
BUHAK,"The Marmorosch Bucharest, Autograph Collection","buhak-the-marmorosch-bucharest,-autograph-collection",Marriott-BUHAK
BUHCF,Courtyard Bucharest Floreasca,buhcf-courtyard-bucharest-floreasca,Marriott-BUHCF
BUHRO,JW Marriott Bucharest Grand Hotel,buhro-jw-marriott-bucharest-grand-hotel,Marriott-BUHRO
BUHOX,Moxy Bucharest Old Town,buhox-moxy-bucharest-old-town,Marriott-BUHOX
BUHSI,Sheraton Bucharest Hotel,buhsi-sheraton-bucharest-hotel,Marriott-BUHSI
BNXCY,Courtyard Banja Luka,bnxcy-courtyard-banja-luka,Marriott-BNXCY
OMOMC,Mostar Marriott Hotel,omomc-mostar-marriott-hotel,Marriott-OMOMC
SJJCY,Courtyard Sarajevo,sjjcy-courtyard-sarajevo,Marriott-SJJCY
SJJRI,Residence Inn Sarajevo,sjjri-residence-inn-sarajevo,Marriott-SJJRI
HELAK,"Hotel U14, Autograph Collection","helak-hotel-u14,-autograph-collection",Marriott-HELAK
HELDG,"Hotel St. George, Helsinki, a Member of Design Hotels™","heldg-hotel-st.-george,-helsinki,-a-member-of-design-hotels™",Marriott-HELDG
HELTX,"Hotel Katajanokka, Helsinki, a Tribute Portfolio Hotel","heltx-hotel-katajanokka,-helsinki,-a-tribute-portfolio-hotel",Marriott-HELTX
TMPCY,Courtyard Tampere City,tmpcy-courtyard-tampere-city,Marriott-TMPCY
EVNTK,Tsaghkadzor Marriott Hotel,evntk-tsaghkadzor-marriott-hotel,Marriott-EVNTK
EVNMC,Armenia Marriott Hotel Yerevan,evnmc-armenia-marriott-hotel-yerevan,Marriott-EVNMC
EVNLC,"The Alexander, a Luxury Collection Hotel, Yerevan","evnlc-the-alexander,-a-luxury-collection-hotel,-yerevan",Marriott-EVNLC
KUNOX,Moxy Kaunas Center,kunox-moxy-kaunas-center,Marriott-KUNOX
VNOCY,Courtyard Vilnius City Center,vnocy-courtyard-vilnius-city-center,Marriott-VNOCY
VNODS,"Hotel Pacai, a Member of Design Hotels™","vnods-hotel-pacai,-a-member-of-design-hotels™",Marriott-VNODS
MLASJ,AC Hotel St. Julian's,mlasj-ac-hotel-st.-julian's,Marriott-MLASJ
MLAMC,Malta Marriott Resort & Spa,mlamc-malta-marriott-resort-&-spa,Marriott-MLAMC
MLAWI,"The Westin Dragonara Resort, Malta","mlawi-the-westin-dragonara-resort,-malta",Marriott-MLAWI
BGOOX,Moxy Bergen,bgoox-moxy-bergen,Marriott-BGOOX
OSLOX,X Hotel,oslox-x-hotel,Marriott-OSLOX
TOSOX,Moxy Tromso,tosox-moxy-tromso,Marriott-TOSOX
BEGCY,Courtyard Belgrade City Center,begcy-courtyard-belgrade-city-center,Marriott-BEGCY
BEGOX,Moxy Belgrade,begox-moxy-belgrade,Marriott-BEGOX
BEGSI,Sheraton Novi Sad,begsi-sheraton-novi-sad,Marriott-BEGSI
BTSAR,AC Hotel Bratislava Old Town,btsar-ac-hotel-bratislava-old-town,Marriott-BTSAR
BTSLC,"Grand Hotel River Park, a Luxury Collection Hotel, Bratislava","btslc-grand-hotel-river-park,-a-luxury-collection-hotel,-bratislava",Marriott-BTSLC
BTSSI,Sheraton Bratislava Hotel,btssi-sheraton-bratislava-hotel,Marriott-BTSSI
SOFJH,"Junó Hotel Sofia, a Member of Design Hotels","sofjh-junó-hotel-sofia,-a-member-of-design-hotels",Marriott-SOFJH
SOFDS,"Sense Hotel Sofia, a Member of Design Hotels™","sofds-sense-hotel-sofia,-a-member-of-design-hotels™",Marriott-SOFDS
TIAMC,Tirana Marriott,tiamc-tirana-marriott,Marriott-TIAMC
MHPMC,Minsk Marriott Hotel,mhpmc-minsk-marriott-hotel,Marriott-MHPMC
PFOMD,"Parklane, a Luxury Collection Resort & Spa, Limassol","pfomd-parklane,-a-luxury-collection-resort-&-spa,-limassol",Marriott-PFOMD
TLLAK,"Hotel Telegraaf, Autograph Collection","tllak-hotel-telegraaf,-autograph-collection",Marriott-TLLAK
PRNFP,Four Points by Sheraton Prishtina City,prnfp-four-points-by-sheraton-prishtina-city,Marriott-PRNFP
RIXAC,AC Hotel Riga,rixac-ac-hotel-riga,Marriott-RIXAC
SKPMC,Skopje Marriott Hotel,skpmc-skopje-marriott-hotel,Marriott-SKPMC
MCMMD,Le Méridien Beach Plaza,mcmmd-le-méridien-beach-plaza,Marriott-MCMMD
TGDFP,Four Points by Sheraton Kolasin,tgdfp-four-points-by-sheraton-kolasin,Marriott-TGDFP
LJUFP,Four Points by Sheraton Ljubljana Mons,ljufp-four-points-by-sheraton-ljubljana-mons,Marriott-LJUFP
IEVDS,"11 Mirrors, a Member of Design Hotels™","ievds-11-mirrors,-a-member-of-design-hotels™",Marriott-IEVDS
BAHER,"Marriott Executive Apartments Manama, Bahrain","baher-marriott-executive-apartments-manama,-bahrain",Marriott-BAHER
BAHRI,Residence Inn Manama Juffair,bahri-residence-inn-manama-juffair,Marriott-BAHRI
BAHRZ,"The Ritz-Carlton, Bahrain","bahrz-the-ritz-carlton,-bahrain",Marriott-BAHRZ
BAHMD,Le Méridien City Centre Bahrain,bahmd-le-méridien-city-centre-bahrain,Marriott-BAHMD
BAHWI,The Westin City Centre Bahrain,bahwi-the-westin-city-centre-bahrain,Marriott-BAHWI
TLVRZ,"The Ritz-Carlton, Herzliya","tlvrz-the-ritz-carlton,-herzliya",Marriott-TLVRZ
TLVAK,"Publica Isrotel, Autograph Collection","tlvak-publica-isrotel,-autograph-collection",Marriott-TLVAK
TLVBR,Renaissance Tel Aviv Hotel,tlvbr-renaissance-tel-aviv-hotel,Marriott-TLVBR
TLVSI,Sheraton Grand Tel Aviv,tlvsi-sheraton-grand-tel-aviv,Marriott-TLVSI
TLVLC,"The Jaffa, a Luxury Collection Hotel, Tel Aviv","tlvlc-the-jaffa,-a-luxury-collection-hotel,-tel-aviv",Marriott-TLVLC
AMMJR,Amman Marriott Hotel,ammjr-amman-marriott-hotel,Marriott-AMMJR
AMMRZ,"The Ritz-Carlton, Amman","ammrz-the-ritz-carlton,-amman",Marriott-AMMRZ
AMMSI,Sheraton Amman Al Nabil Hotel,ammsi-sheraton-amman-al-nabil-hotel,Marriott-AMMSI
AMMXR,The St. Regis Amman,ammxr-the-st.-regis-amman,Marriott-AMMXR
AMMWI,W Amman,ammwi-w-amman,Marriott-AMMWI
AQJLC,"Al Manara, a Luxury Collection Hotel, Saraya Aqaba","aqjlc-al-manara,-a-luxury-collection-hotel,-saraya-aqaba",Marriott-AQJLC
AQJWI,The Westin Saraya Aqaba Resort & Spa,aqjwi-the-westin-saraya-aqaba-resort-&-spa,Marriott-AQJWI
QMDJV,Dead Sea Marriott Resort & Spa,qmdjv-dead-sea-marriott-resort-&-spa,Marriott-QMDJV
MPQMC,Petra Marriott Hotel,mpqmc-petra-marriott-hotel,Marriott-MPQMC
KWICY,Courtyard Kuwait City,kwicy-courtyard-kuwait-city,Marriott-KWICY
KWIJW,JW Marriott Hotel Kuwait City,kwijw-jw-marriott-hotel-kuwait-city,Marriott-KWIJW
KWIER,Marriott Executive Apartments Kuwait City,kwier-marriott-executive-apartments-kuwait-city,Marriott-KWIER
KWIRI,Residence Inn Kuwait City,kwiri-residence-inn-kuwait-city,Marriott-KWIRI
KWIFP,Four Points by Sheraton Kuwait,kwifp-four-points-by-sheraton-kuwait,Marriott-KWIFP
KWILC,"Sheraton Kuwait, a Luxury Collection Hotel, Kuwait City","kwilc-sheraton-kuwait,-a-luxury-collection-hotel,-kuwait-city",Marriott-KWILC
KWIXR,The St. Regis Kuwait,kwixr-the-st.-regis-kuwait,Marriott-KWIXR
BEYFP,Four Points by Sheraton Le Verdun,beyfp-four-points-by-sheraton-le-verdun,Marriott-BEYFP
MCTMJ,JW Marriott Hotel Muscat,mctmj-jw-marriott-hotel-muscat,Marriott-MCTMJ
MCTRZ,"Al Bustan Palace, A Ritz-Carlton Hotel","mctrz-al-bustan-palace,-a-ritz-carlton-hotel",Marriott-MCTRZ
MCTAL,Aloft Muscat,mctal-aloft-muscat,Marriott-MCTAL
MCTSI,Sheraton Oman Hotel,mctsi-sheraton-oman-hotel,Marriott-MCTSI
MCTWH,W Muscat,mctwh-w-muscat,Marriott-MCTWH
DOHAS,"Al Samriya, Doha, Autograph Collection","dohas-al-samriya,-doha,-autograph-collection",Marriott-DOHAS
DOHKW,Qabila Westbay Hotel,dohkw-qabila-westbay-hotel,Marriott-DOHKW
DOHDC,Delta Hotels City Center Doha,dohdc-delta-hotels-city-center-doha,Marriott-DOHDC
DOHJB,JW Marriott Marquis City Center Doha,dohjb-jw-marriott-marquis-city-center-doha,Marriott-DOHJB
DOHEC,Marriott Executive Apartments City Center Doha,dohec-marriott-executive-apartments-city-center-doha,Marriott-DOHEC
DOHEW,"Marriott Executive Apartments Doha, Le Mirage City Walk","dohew-marriott-executive-apartments-doha,-le-mirage-city-walk",Marriott-DOHEW
DOHMQ,Marriott Marquis City Center Doha Hotel,dohmq-marriott-marquis-city-center-doha-hotel,Marriott-DOHMQ
DOHSQ,"Sharq Village & Spa, a Ritz-Carlton Hotel","dohsq-sharq-village-&-spa,-a-ritz-carlton-hotel",Marriott-DOHSQ
DOHRZ,"The Ritz-Carlton, Doha","dohrz-the-ritz-carlton,-doha",Marriott-DOHRZ
DOHWE,Element City Center Doha,dohwe-element-city-center-doha,Marriott-DOHWE
DOHEL,Element West Bay Doha,dohel-element-west-bay-doha,Marriott-DOHEL
DOHFP,Four Points by Sheraton Doha,dohfp-four-points-by-sheraton-doha,Marriott-DOHFP
DOHCL,"Le Méridien City Center, Doha","dohcl-le-méridien-city-center,-doha",Marriott-DOHCL
DOHLA,"Al Messila, a Luxury Collection Resort & Spa, Doha","dohla-al-messila,-a-luxury-collection-resort-&-spa,-doha",Marriott-DOHLA
DOHSI,Sheraton Grand Doha Resort & Convention Hotel,dohsi-sheraton-grand-doha-resort-&-convention-hotel,Marriott-DOHSI
DOHXR,The St. Regis Doha,dohxr-the-st.-regis-doha,Marriott-DOHXR
DOHXP,"The St. Regis Marsa Arabia Island, The Pearl Qatar","dohxp-the-st.-regis-marsa-arabia-island,-the-pearl-qatar",Marriott-DOHXP
DOHWH,W Doha,dohwh-w-doha,Marriott-DOHWH
DOHWI,The Westin Doha Hotel & Spa,dohwi-the-westin-doha-hotel-&-spa,Marriott-DOHWI
DOHLK,"Agora, Doha, Autograph Collection","dohlk-agora,-doha,-autograph-collection",Marriott-DOHLK
DOHMD,Le Royal Méridien Place Vendôme Lusail,dohmd-le-royal-méridien-place-vendôme-lusail,Marriott-DOHMD
DMMKA,Marriott Executive Apartments Al Khobar,dmmka-marriott-executive-apartments-al-khobar,Marriott-DMMKA
DHADL,Aloft Dhahran,dhadl-aloft-dhahran,Marriott-DHADL
DHAMD,Le Méridien Al Khobar,dhamd-le-méridien-al-khobar,Marriott-DHAMD
DMMRI,Residence Inn Dammam,dmmri-residence-inn-dammam,Marriott-DMMRI
DMMSI,Sheraton Dammam Hotel & Convention Centre,dmmsi-sheraton-dammam-hotel-&-convention-centre,Marriott-DMMSI
GIZCY,Courtyard Jazan,gizcy-courtyard-jazan,Marriott-GIZCY
GIZRI,Residence Inn Jazan,gizri-residence-inn-jazan,Marriott-GIZRI
JEDMR,Jeddah Marriott Hotel Madinah Road,jedmr-jeddah-marriott-hotel-madinah-road,Marriott-JEDMR
JEDRJ,The Ritz-Carlton Jeddah,jedrj-the-ritz-carlton-jeddah,Marriott-JEDRJ
JEDFO,Four Points by Sheraton Jeddah Corniche,jedfo-four-points-by-sheraton-jeddah-corniche,Marriott-JEDFO
JEDMD,Le Méridien Jeddah,jedmd-le-méridien-jeddah,Marriott-JEDMD
JEDLA,"Assila, a Luxury Collection Hotel, Jeddah","jedla-assila,-a-luxury-collection-hotel,-jeddah",Marriott-JEDLA
JEDSI,Sheraton Jeddah Hotel,jedsi-sheraton-jeddah-hotel,Marriott-JEDSI
DMMJC,Courtyard Jubail,dmmjc-courtyard-jubail,Marriott-DMMJC
MEDER,Marriott Executive Apartments Madinah,meder-marriott-executive-apartments-madinah,Marriott-MEDER
QCAMC,"Jabal Omar Marriott Hotel, Makkah","qcamc-jabal-omar-marriott-hotel,-makkah",Marriott-QCAMC
JEDFP,Four Points by Sheraton Makkah Al Naseem,jedfp-four-points-by-sheraton-makkah-al-naseem,Marriott-JEDFP
JEDMM,Le Méridien Makkah,jedmm-le-méridien-makkah,Marriott-JEDMM
JEDMK,Le Méridien Towers Makkah,jedmk-le-méridien-towers-makkah,Marriott-JEDMK
JEDSM,Sheraton Makkah Jabal Al Kaaba Hotel,jedsm-sheraton-makkah-jabal-al-kaaba-hotel,Marriott-JEDSM
MEDMD,Le Méridien Medina,medmd-le-méridien-medina,Marriott-MEDMD
EJHXR,The St. Regis Red Sea Resort,ejhxr-the-st.-regis-red-sea-resort,Marriott-EJHXR
RUHAB,Courtyard Riyadh Diplomatic Quarter,ruhab-courtyard-riyadh-diplomatic-quarter,Marriott-RUHAB
RUHNR,Courtyard Riyadh Northern Ring Road,ruhnr-courtyard-riyadh-northern-ring-road,Marriott-RUHNR
RUHCY,Courtyard Riyadh Olaya,ruhcy-courtyard-riyadh-olaya,Marriott-RUHCY
RUHJB,JW Marriott Hotel Riyadh,ruhjb-jw-marriott-hotel-riyadh,Marriott-RUHJB
RUHRY,"Marriott Executive Apartments Riyadh, Convention Center","ruhry-marriott-executive-apartments-riyadh,-convention-center",Marriott-RUHRY
RUHED,Riyadh Diplomatic Quarter - Marriott Executive Apartments,ruhed-riyadh-diplomatic-quarter---marriott-executive-apartments,Marriott-RUHED
RUHDQ,Marriott Riyadh Diplomatic Quarter,ruhdq-marriott-riyadh-diplomatic-quarter,Marriott-RUHDQ
RUHAP,Riyadh Airport Marriott Hotel,ruhap-riyadh-airport-marriott-hotel,Marriott-RUHAP
RUHSA,Riyadh Marriott Hotel,ruhsa-riyadh-marriott-hotel,Marriott-RUHSA
RUHRZ,"The Ritz-Carlton, Riyadh","ruhrz-the-ritz-carlton,-riyadh",Marriott-RUHRZ
RUHAL,Aloft Riyadh,ruhal-aloft-riyadh,Marriott-RUHAL
RUHFP,Four Points by Sheraton Riyadh Khaldia,ruhfp-four-points-by-sheraton-riyadh-khaldia,Marriott-RUHFP
RUHMD,Le Méridien Riyadh,ruhmd-le-méridien-riyadh,Marriott-RUHMD
RUHSI,Sheraton Riyadh Hotel & Towers,ruhsi-sheraton-riyadh-hotel-&-towers,Marriott-RUHSI
TIFMD,Le Méridien Al Hada,tifmd-le-méridien-al-hada,Marriott-TIFMD
AUHCY,"Courtyard World Trade Center, Abu Dhabi","auhcy-courtyard-world-trade-center,-abu-dhabi",Marriott-AUHCY
AUHEB,The Abu Dhabi EDITION,auheb-the-abu-dhabi-edition,Marriott-AUHEB
AUHER,Marriott Executive Apartments Downtown Abu Dhabi,auher-marriott-executive-apartments-downtown-abu-dhabi,Marriott-AUHER
AUHAL,"Marriott Hotel Al Forsan, Abu Dhabi","auhal-marriott-hotel-al-forsan,-abu-dhabi",Marriott-AUHAL
AUHMC,"Marriott Hotel Downtown, Abu Dhabi","auhmc-marriott-hotel-downtown,-abu-dhabi",Marriott-AUHMC
AUHRZ,"The Ritz-Carlton Abu Dhabi, Grand Canal","auhrz-the-ritz-carlton-abu-dhabi,-grand-canal",Marriott-AUHRZ
AUHNL,Aloft Abu Dhabi,auhnl-aloft-abu-dhabi,Marriott-AUHNL
AUHMD,Le Méridien Abu Dhabi,auhmd-le-méridien-abu-dhabi,Marriott-AUHMD
AUHDM,Le Royal Méridien Abu Dhabi,auhdm-le-royal-méridien-abu-dhabi,Marriott-AUHDM
AUHLC,"Al Wathba, a Luxury Collection Desert Resort & Spa, Abu Dhabi","auhlc-al-wathba,-a-luxury-collection-desert-resort-&-spa,-abu-dhabi",Marriott-AUHLC
AUHSI,Sheraton Abu Dhabi Hotel & Resort,auhsi-sheraton-abu-dhabi-hotel-&-resort,Marriott-AUHSI
AUHRX,The St. Regis Abu Dhabi,auhrx-the-st.-regis-abu-dhabi,Marriott-AUHRX
AUHXR,"The St. Regis Saadiyat Island Resort, Abu Dhabi","auhxr-the-st.-regis-saadiyat-island-resort,-abu-dhabi",Marriott-AUHXR
AUHWH,W Abu Dhabi - Yas Island,auhwh-w-abu-dhabi---yas-island,Marriott-AUHWH
AUHGW,The Westin Abu Dhabi Golf Resort & Spa,auhgw-the-westin-abu-dhabi-golf-resort-&-spa,Marriott-AUHGW
SHJLC,"Ajman Saray, a Luxury Collection Resort, Ajman","shjlc-ajman-saray,-a-luxury-collection-resort,-ajman",Marriott-SHJLC
AANLO,Aloft Al Ain,aanlo-aloft-al-ain,Marriott-AANLO
DXBHG,"Al Habtoor Grand Resort, Autograph Collection","dxbhg-al-habtoor-grand-resort,-autograph-collection",Marriott-DXBHG
DXBLV,"La Ville Hotel & Suites CITY WALK, Dubai, Autograph Collection","dxblv-la-ville-hotel-&-suites-city-walk,-dubai,-autograph-collection",Marriott-DXBLV
DXBAK,"Lapita, Dubai Parks and Resorts, Autograph Collection","dxbak-lapita,-dubai-parks-and-resorts,-autograph-collection",Marriott-DXBAK
DXBCB,"Courtyard Al Barsha, Dubai","dxbcb-courtyard-al-barsha,-dubai",Marriott-DXBCB
DXBCV,"Courtyard Culture Village, Dubai","dxbcv-courtyard-culture-village,-dubai",Marriott-DXBCV
DXBCT,"Courtyard World Trade Centre, Dubai","dxbct-courtyard-world-trade-centre,-dubai",Marriott-DXBCT
DXBDJ,"Delta Hotels Jumeirah Beach, Dubai","dxbdj-delta-hotels-jumeirah-beach,-dubai",Marriott-DXBDJ
DXBGC,"Delta Hotels, Dubai Investment Park","dxbgc-delta-hotels,-dubai-investment-park",Marriott-DXBGC
DXBED,The Dubai EDITION,dxbed-the-dubai-edition,Marriott-DXBED
DXBJW,JW Marriott Marquis Hotel Dubai,dxbjw-jw-marriott-marquis-hotel-dubai,Marriott-DXBJW
DXBHC,"Marriott Executive Apartments Al Jaddaf, Dubai","dxbhc-marriott-executive-apartments-al-jaddaf,-dubai",Marriott-DXBHC
DXBER,Marriott Executive Apartments Dubai Creek,dxber-marriott-executive-apartments-dubai-creek,Marriott-DXBER
DXBHR,Dubai Marriott Harbour Hotel & Suites,dxbhr-dubai-marriott-harbour-hotel-&-suites,Marriott-DXBHR
DXBMH,"Marriott Hotel Al Jaddaf, Dubai","dxbmh-marriott-hotel-al-jaddaf,-dubai",Marriott-DXBMH
DXBPJ,"Marriott Resort Palm Jumeirah, Dubai","dxbpj-marriott-resort-palm-jumeirah,-dubai",Marriott-DXBPJ
DXBRI,Residence Inn Al Jaddaf,dxbri-residence-inn-al-jaddaf,Marriott-DXBRI
DXBSZ,"Residence Inn Sheikh Zayed Road, Dubai","dxbsz-residence-inn-sheikh-zayed-road,-dubai",Marriott-DXBSZ
DXBRR,"The Ritz-Carlton Residences, Dubai International Financial Centre","dxbrr-the-ritz-carlton-residences,-dubai-international-financial-centre",Marriott-DXBRR
DXBRZ,"The Ritz-Carlton, Dubai","dxbrz-the-ritz-carlton,-dubai",Marriott-DXBRZ
DXBIF,"The Ritz-Carlton, Dubai International Financial Centre","dxbif-the-ritz-carlton,-dubai-international-financial-centre",Marriott-DXBIF
DXBRA,"Aloft Al Mina, Dubai","dxbra-aloft-al-mina,-dubai",Marriott-DXBRA
DXBAD,Aloft Dubai Airport,dxbad-aloft-dubai-airport,Marriott-DXBAD
DXBDE,Aloft Dubai Creek,dxbde-aloft-dubai-creek,Marriott-DXBDE
DXBAS,Aloft Dubai South,dxbas-aloft-dubai-south,Marriott-DXBAS
DXBIZ,"Aloft Me'aisam, Dubai","dxbiz-aloft-me'aisam,-dubai",Marriott-DXBIZ
DXBAP,Aloft Palm Jumeirah,dxbap-aloft-palm-jumeirah,Marriott-DXBAP
DXBBG,Bvlgari Resort Dubai,dxbbg-bvlgari-resort-dubai,Marriott-DXBBG
DXBDS,"FORM Hotel Al Jaddaf, Dubai, a Member of Design Hotels™","dxbds-form-hotel-al-jaddaf,-dubai,-a-member-of-design-hotels™",Marriott-DXBDS
DXBEJ,"Element Al Jaddaf, Dubai","dxbej-element-al-jaddaf,-dubai",Marriott-DXBEJ
DXBRE,"Element Al Mina, Dubai","dxbre-element-al-mina,-dubai",Marriott-DXBRE
DXBEP,Element Dubai Airport,dxbep-element-dubai-airport,Marriott-DXBEP
DXBEL,"Element Me'aisam, Dubai","dxbel-element-me'aisam,-dubai",Marriott-DXBEL
DXBDF,Four Points by Sheraton Bur Dubai,dxbdf-four-points-by-sheraton-bur-dubai,Marriott-DXBDF
DXBPC,"Four Points by Sheraton Production City, Dubai","dxbpc-four-points-by-sheraton-production-city,-dubai",Marriott-DXBPC
DXBSF,"Four Points by Sheraton Sheikh Zayed Road, Dubai","dxbsf-four-points-by-sheraton-sheikh-zayed-road,-dubai",Marriott-DXBSF
DXBMD,Le Méridien Dubai Hotel & Conference Centre,dxbmd-le-méridien-dubai-hotel-&-conference-centre,Marriott-DXBMD
DXBFW,Le Méridien Fairway,dxbfw-le-méridien-fairway,Marriott-DXBFW
DXBMS,Le Méridien Mina Seyahi Beach Resort & Waterpark,dxbms-le-méridien-mina-seyahi-beach-resort-&-waterpark,Marriott-DXBMS
DXBBM,Le Royal Méridien Beach Resort & Spa,dxbbm-le-royal-méridien-beach-resort-&-spa,Marriott-DXBBM
DXBAM,"Al Maha, a Luxury Collection Desert Resort & Spa, Dubai","dxbam-al-maha,-a-luxury-collection-desert-resort-&-spa,-dubai",Marriott-DXBAM
DXBGL,"Grosvenor House, a Luxury Collection Hotel, Dubai","dxbgl-grosvenor-house,-a-luxury-collection-hotel,-dubai",Marriott-DXBGL
DXBSI,Sheraton Dubai Creek Hotel & Towers,dxbsi-sheraton-dubai-creek-hotel-&-towers,Marriott-DXBSI
DXBGH,"Sheraton Grand Hotel, Dubai","dxbgh-sheraton-grand-hotel,-dubai",Marriott-DXBGH
DXBJS,Sheraton Jumeirah Beach Resort,dxbjs-sheraton-jumeirah-beach-resort,Marriott-DXBJS
DXBML,"Sheraton Mall of the Emirates Hotel, Dubai","dxbml-sheraton-mall-of-the-emirates-hotel,-dubai",Marriott-DXBML
DXBDX,The St. Regis Downtown Dubai,dxbdx-the-st.-regis-downtown-dubai,Marriott-DXBDX
DXBPX,"The St. Regis Dubai, The Palm","dxbpx-the-st.-regis-dubai,-the-palm",Marriott-DXBPX
DXBTP,W Dubai - The Palm,dxbtp-w-dubai---the-palm,Marriott-DXBTP
DXBMW,W Dubai – Mina Seyahi,dxbmw-w-dubai-–-mina-seyahi,Marriott-DXBMW
DXBMB,The Westin Dubai Mina Seyahi Beach Resort & Marina,dxbmb-the-westin-dubai-mina-seyahi-beach-resort-&-marina,Marriott-DXBMB
FJRMD,Le Méridien Al Aqah Beach Resort,fjrmd-le-méridien-al-aqah-beach-resort,Marriott-FJRMD
RKTRZ,"The Ritz-Carlton Ras Al Khaimah, Al Hamra Beach","rktrz-the-ritz-carlton-ras-al-khaimah,-al-hamra-beach",Marriott-RKTRZ
RKTRW,"The Ritz-Carlton Ras Al Khaimah, Al Wadi Desert","rktrw-the-ritz-carlton-ras-al-khaimah,-al-wadi-desert",Marriott-RKTRW
SHJFP,Four Points by Sheraton Sharjah,shjfp-four-points-by-sheraton-sharjah,Marriott-SHJFP
SHJSI,Sheraton Sharjah Beach Resort & Spa,shjsi-sheraton-sharjah-beach-resort-&-spa,Marriott-SHJSI
BUEMB,Buenos Aires Marriott,buemb-buenos-aires-marriott,Marriott-BUEMB
BUEPL,"Park Tower, a Luxury Collection Hotel, Buenos Aires","buepl-park-tower,-a-luxury-collection-hotel,-buenos-aires",Marriott-BUEPL
BUESC,Sheraton Buenos Aires Hotel & Convention Center,buesc-sheraton-buenos-aires-hotel-&-convention-center,Marriott-BUESC
MDQSI,Sheraton Mar del Plata Hotel,mdqsi-sheraton-mar-del-plata-hotel,Marriott-MDQSI
MDZSI,Sheraton Mendoza Hotel,mdzsi-sheraton-mendoza-hotel,Marriott-MDZSI
BUESI,Sheraton Pilar Hotel & Convention Center,buesi-sheraton-pilar-hotel-&-convention-center,Marriott-BUESI
SLASS,Sheraton Salta Hotel,slass-sheraton-salta-hotel,Marriott-SLASS
BRCSI,Sheraton Bariloche Hotel,brcsi-sheraton-bariloche-hotel,Marriott-BRCSI
BRCTX,"Arelauquen Lodge, a Tribute Portfolio Hotel, San Carlos de Bariloche","brctx-arelauquen-lodge,-a-tribute-portfolio-hotel,-san-carlos-de-bariloche",Marriott-BRCTX
TUCSI,Sheraton Tucuman Hotel,tucsi-sheraton-tucuman-hotel,Marriott-TUCSI
MDZAV,"Auberge du Vin, a Tribute Portfolio Hotel, Tupungato","mdzav-auberge-du-vin,-a-tribute-portfolio-hotel,-tupungato",Marriott-MDZAV
VVIMC,Marriott Santa Cruz de la Sierra Hotel,vvimc-marriott-santa-cruz-de-la-sierra-hotel,Marriott-VVIMC
VVITX,"Los Tajibos, Santa Cruz de la Sierra, a Tribute Portfolio Hotel","vvitx-los-tajibos,-santa-cruz-de-la-sierra,-a-tribute-portfolio-hotel",Marriott-VVITX
BGVAK,"Hotel & Spa do Vinho, Autograph Collection","bgvak-hotel-&-spa-do-vinho,-autograph-collection",Marriott-BGVAK
SAOAP,Sao Paulo Airport Marriott Hotel,saoap-sao-paulo-airport-marriott-hotel,Marriott-SAOAP
RECPG,"The Westin Porto de Galinhas, an All-Inclusive Resort","recpg-the-westin-porto-de-galinhas,-an-all-inclusive-resort",Marriott-RECPG
RIOCX,City Express Rio de Janeiro Barra da Tijuca,riocx-city-express-rio-de-janeiro-barra-da-tijuca,Marriott-RIOCX
RIOCY,Courtyard Rio de Janeiro Barra da Tijuca,riocy-courtyard-rio-de-janeiro-barra-da-tijuca,Marriott-RIOCY
RIOMC,JW Marriott Hotel Rio de Janeiro,riomc-jw-marriott-hotel-rio-de-janeiro,Marriott-RIOMC
RIORI,Residence Inn Rio de Janeiro Barra da Tijuca,riori-residence-inn-rio-de-janeiro-barra-da-tijuca,Marriott-RIORI
RIOSI,Sheraton Grand Rio Hotel & Resort,riosi-sheraton-grand-rio-hotel-&-resort,Marriott-RIOSI
SAOSS,Sheraton Santos Hotel,saoss-sheraton-santos-hotel,Marriott-SAOSS
SAOER,Marriott Executive Apartments Sao Paulo,saoer-marriott-executive-apartments-sao-paulo,Marriott-SAOER
SAOBR,Renaissance Sao Paulo Hotel,saobr-renaissance-sao-paulo-hotel,Marriott-SAOBR
SAOSI,Sheraton Sao Paulo WTC Hotel,saosi-sheraton-sao-paulo-wtc-hotel,Marriott-SAOSI
SAOJW,JW Marriott Hotel Sao Paulo,saojw-jw-marriott-hotel-sao-paulo,Marriott-SAOJW
VIXSI,Sheraton Vitoria Hotel,vixsi-sheraton-vitoria-hotel,Marriott-VIXSI
LSQFP,Four Points by Sheraton Los Angeles,lsqfp-four-points-by-sheraton-los-angeles,Marriott-LSQFP
PMCCY,Courtyard Puerto Montt,pmccy-courtyard-puerto-montt,Marriott-PMCCY
SCLAC,AC Hotel Santiago Cenco Costanera,sclac-ac-hotel-santiago-cenco-costanera,Marriott-SCLAC
SCLCA,Courtyard Santiago Airport,sclca-courtyard-santiago-airport,Marriott-SCLCA
SCLCS,Courtyard Santiago Las Condes,sclcs-courtyard-santiago-las-condes,Marriott-SCLCS
SCLDT,Santiago Marriott Hotel,scldt-santiago-marriott-hotel,Marriott-SCLDT
SCLBR,Renaissance Santiago Hotel,sclbr-renaissance-santiago-hotel,Marriott-SCLBR
SCLRZ,"The Ritz-Carlton, Santiago","sclrz-the-ritz-carlton,-santiago",Marriott-SCLRZ
SCLFP,Four Points by Sheraton Santiago,sclfp-four-points-by-sheraton-santiago,Marriott-SCLFP
SCLSI,Sheraton Santiago Hotel and Convention Center,sclsi-sheraton-santiago-hotel-and-convention-center,Marriott-SCLSI
SCLWH,W Santiago,sclwh-w-santiago,Marriott-SCLWH
SCLHP,Le Méridien Santiago,sclhp-le-méridien-santiago,Marriott-SCLHP
KNASI,Sheraton Miramar Hotel & Convention Center,knasi-sheraton-miramar-hotel-&-convention-center,Marriott-KNASI
BAQMC,Barranquilla Marriott Hotel,baqmc-barranquilla-marriott-hotel,Marriott-BAQMC
BAQFP,Four Points by Sheraton Barranquilla,baqfp-four-points-by-sheraton-barranquilla,Marriott-BAQFP
BOGAR,AC Hotel Bogota Zona T,bogar-ac-hotel-bogota-zona-t,Marriott-BOGAR
BOGAK,"The Artisan D.C. Hotel, Autograph Collection","bogak-the-artisan-d.c.-hotel,-autograph-collection",Marriott-BOGAK
BOGCY,Courtyard by Marriott Bogota Airport,bogcy-courtyard-by-marriott-bogota-airport,Marriott-BOGCY
BOGFI,Fairfield by Marriott Bogota Embajada,bogfi-fairfield-by-marriott-bogota-embajada,Marriott-BOGFI
BOGJW,JW Marriott Hotel Bogota,bogjw-jw-marriott-hotel-bogota,Marriott-BOGJW
BOGMC,Bogota Marriott Hotel,bogmc-bogota-marriott-hotel,Marriott-BOGMC
BOGRI,Residence Inn Bogota,bogri-residence-inn-bogota,Marriott-BOGRI
BOGAL,Aloft Bogota Airport,bogal-aloft-bogota-airport,Marriott-BOGAL
BOGFP,Four Points by Sheraton Bogota,bogfp-four-points-by-sheraton-bogota,Marriott-BOGFP
BOGSI,Sheraton Bogota Hotel,bogsi-sheraton-bogota-hotel,Marriott-BOGSI
BOGWH,W Bogota,bogwh-w-bogota,Marriott-BOGWH
CLOMC,Cali Marriott Hotel,clomc-cali-marriott-hotel,Marriott-CLOMC
CTGTX,"Ermita, Cartagena, a Tribute Portfolio Hotel","ctgtx-ermita,-cartagena,-a-tribute-portfolio-hotel",Marriott-CTGTX
MDEFI,Fairfield Medellin Sabaneta,mdefi-fairfield-medellin-sabaneta,Marriott-MDEFI
MDEMC,Medellin Marriott Hotel,mdemc-medellin-marriott-hotel,Marriott-MDEMC
MDEFP,Four Points by Sheraton Medellin,mdefp-four-points-by-sheraton-medellin,Marriott-MDEFP
SMRSM,AC Hotel Santa Marta,smrsm-ac-hotel-santa-marta,Marriott-SMRSM
SMRMC,Santa Marta Marriott Resort Playa Dormida,smrmc-santa-marta-marriott-resort-playa-dormida,Marriott-SMRMC
CUEFP,Four Points by Sheraton Cuenca,cuefp-four-points-by-sheraton-cuenca,Marriott-CUEFP
GYECY,Courtyard Guayaquil,gyecy-courtyard-guayaquil,Marriott-GYECY
GYESI,Sheraton Guayaquil Hotel,gyesi-sheraton-guayaquil-hotel,Marriott-GYESI
UIODT,JW Marriott Quito,uiodt-jw-marriott-quito,Marriott-UIODT
UIOSI,Sheraton Quito Hotel,uiosi-sheraton-quito-hotel,Marriott-UIOSI
GEOMC,Guyana Marriott Hotel Georgetown,geomc-guyana-marriott-hotel-georgetown,Marriott-GEOMC
ASUAL,Aloft Asuncion,asual-aloft-asuncion,Marriott-ASUAL
ASUSI,Sheraton Asuncion Hotel,asusi-sheraton-asuncion-hotel,Marriott-ASUSI
CUZMC,JW Marriott El Convento Cusco,cuzmc-jw-marriott-el-convento-cusco,Marriott-CUZMC
CUZLC,"Palacio del Inka, a Luxury Collection Hotel, Cusco","cuzlc-palacio-del-inka,-a-luxury-collection-hotel,-cusco",Marriott-CUZLC
LIMAC,AC Hotel Lima Miraflores,limac-ac-hotel-lima-miraflores,Marriott-LIMAC
LIMLM,Courtyard Lima Miraflores,limlm-courtyard-lima-miraflores,Marriott-LIMLM
LIMFL,Fairfield Lima Miraflores,limfl-fairfield-lima-miraflores,Marriott-LIMFL
LIMDT,JW Marriott Hotel Lima,limdt-jw-marriott-hotel-lima,Marriott-LIMDT
LIMRA,Aloft Lima Miraflores,limra-aloft-lima-miraflores,Marriott-LIMRA
LIMSI,Sheraton Lima Historic Center,limsi-sheraton-lima-historic-center,Marriott-LIMSI
LIMWI,The Westin Lima Hotel & Convention Center,limwi-the-westin-lima-hotel-&-convention-center,Marriott-LIMWI
PIOLC,"Hotel Paracas, a Luxury Collection Resort, Paracas","piolc-hotel-paracas,-a-luxury-collection-resort,-paracas",Marriott-PIOLC
CUZTL,"Tambo del Inka, a Luxury Collection Resort & Spa, Valle Sagrado","cuztl-tambo-del-inka,-a-luxury-collection-resort-&-spa,-valle-sagrado",Marriott-CUZTL
PBMCY,Courtyard Paramaribo,pbmcy-courtyard-paramaribo,Marriott-PBMCY
CYRSI,Sheraton Colonia Golf & Spa Resort,cyrsi-sheraton-colonia-golf-&-spa-resort,Marriott-CYRSI
MVDAL,Aloft Montevideo Hotel,mvdal-aloft-montevideo-hotel,Marriott-MVDAL
CCSJW,JW Marriott Hotel Caracas,ccsjw-jw-marriott-hotel-caracas,Marriott-CCSJW
CCSBR,Renaissance Caracas La Castellana Hotel,ccsbr-renaissance-caracas-la-castellana-hotel,Marriott-CCSBR
CCSAP,Venezuela Marriott Hotel Playa Grande,ccsap-venezuela-marriott-hotel-playa-grande,Marriott-CCSAP
MYCMC,Marriott Maracay Golf Resort,mycmc-marriott-maracay-golf-resort,Marriott-MYCMC
YULBD,Courtyard Montreal West Island/Baie D’Urfe,yulbd-courtyard-montreal-west-island/baie-d’urfe,Marriott-YULBD
YYCBM,Moxy Banff,yycbm-moxy-banff,Marriott-YYCBM
RQSFI,Fairfield Inn & Suites Barrie,rqsfi-fairfield-inn-&-suites-barrie,Marriott-RQSFI
RQSFP,Four Points by Sheraton Barrie,rqsfp-four-points-by-sheraton-barrie,Marriott-RQSFP
YQBDM,"Delta Hotels, Mont Sainte-Anne, Resort & Convention Center","yqbdm-delta-hotels,-mont-sainte-anne,-resort-&-convention-center",Marriott-YQBDM
YGKFI,Fairfield Inn & Suites Belleville,ygkfi-fairfield-inn-&-suites-belleville,Marriott-YGKFI
YTRTS,TownePlace Suites Belleville,ytrts-towneplace-suites-belleville,Marriott-YTRTS
YYZTH,"The Westin Trillium House, Blue Mountain","yyzth-the-westin-trillium-house,-blue-mountain",Marriott-YYZTH
YYZBM,Courtyard Toronto Brampton,yyzbm-courtyard-toronto-brampton,Marriott-YYZBM
YYZBP,Fairfield Inn & Suites Toronto Brampton,yyzbp-fairfield-inn-&-suites-toronto-brampton,Marriott-YYZBP
YHMBF,TownePlace Suites Brantford and Conference Centre,yhmbf-towneplace-suites-brantford-and-conference-centre,Marriott-YHMBF
YULBC,Courtyard Montreal Brossard,yulbc-courtyard-montreal-brossard,Marriott-YULBC
YHMAK,"The Pearle Hotel & Spa, Autograph Collection","yhmak-the-pearle-hotel-&-spa,-autograph-collection",Marriott-YHMAK
YHMBU,Courtyard Burlington,yhmbu-courtyard-burlington,Marriott-YHMBU
YVRDB,Delta Hotels Burnaby Conference Centre,yvrdb-delta-hotels-burnaby-conference-centre,Marriott-YVRDB
YVREL,Element Vancouver Metrotown,yvrel-element-vancouver-metrotown,Marriott-YVREL
YYCAK,"The Dorian, Autograph Collection","yycak-the-dorian,-autograph-collection",Marriott-YYCAK
YYCAP,Courtyard Calgary Airport,yycap-courtyard-calgary-airport,Marriott-YYCAP
YYCXD,Courtyard Calgary Downtown,yycxd-courtyard-calgary-downtown,Marriott-YYCXD
YYCCS,Courtyard Calgary South,yyccs-courtyard-calgary-south,Marriott-YYCCS
YYCCA,Delta Hotels Calgary Airport In-Terminal,yycca-delta-hotels-calgary-airport-in-terminal,Marriott-YYCCA
YYCBV,Delta Hotels Calgary Downtown,yycbv-delta-hotels-calgary-downtown,Marriott-YYCBV
YYCDC,Delta Hotels Calgary South,yycdc-delta-hotels-calgary-south,Marriott-YYCDC
YYCFI,Fairfield Inn & Suites Calgary Downtown,yycfi-fairfield-inn-&-suites-calgary-downtown,Marriott-YYCFI
YYCXA,Calgary Airport Marriott In-Terminal Hotel,yycxa-calgary-airport-marriott-in-terminal-hotel,Marriott-YYCXA
YYCDT,Calgary Marriott Downtown Hotel,yycdt-calgary-marriott-downtown-hotel,Marriott-YYCDT
YYCRI,Residence Inn Calgary Airport,yycri-residence-inn-calgary-airport,Marriott-YYCRI
YYCBL,Residence Inn Calgary Downtown/Beltline District,yycbl-residence-inn-calgary-downtown/beltline-district,Marriott-YYCBL
YYCCR,Residence Inn Calgary South,yyccr-residence-inn-calgary-south,Marriott-YYCCR
YYCUL,Aloft Calgary University,yycul-aloft-calgary-university,Marriott-YYCUL
YYCEL,Element Calgary Airport,yycel-element-calgary-airport,Marriott-YYCEL
YYCCF,Four Points by Sheraton Calgary Airport,yyccf-four-points-by-sheraton-calgary-airport,Marriott-YYCCF
YYCFP,Four Points by Sheraton Hotel & Suites Calgary West,yycfp-four-points-by-sheraton-hotel-&-suites-calgary-west,Marriott-YYCFP
YYCSC,Sheraton Cavalier Calgary Hotel,yycsc-sheraton-cavalier-calgary-hotel,Marriott-YYCSC
YYCES,Sheraton Suites Calgary Eau Claire,yyces-sheraton-suites-calgary-eau-claire,Marriott-YYCES
YYCWI,The Westin Calgary,yycwi-the-westin-calgary,Marriott-YYCWI
YYCWA,The Westin Calgary Airport,yycwa-the-westin-calgary-airport,Marriott-YYCWA
YKFFP,"Four Points by Sheraton Cambridge Kitchener, Ontario","ykffp-four-points-by-sheraton-cambridge-kitchener,-ontario",Marriott-YKFFP
YYGDP,Delta Hotels Prince Edward,yygdp-delta-hotels-prince-edward,Marriott-YYGDP
YHZCD,Courtyard Halifax Dartmouth,yhzcd-courtyard-halifax-dartmouth,Marriott-YHZCD
YHZDM,Delta Hotels Dartmouth,yhzdm-delta-hotels-dartmouth,Marriott-YHZDM
YHZRD,Residence Inn Halifax Dartmouth,yhzrd-residence-inn-halifax-dartmouth,Marriott-YHZRD
YVRDD,Delta Hotels Vancouver Delta,yvrdd-delta-hotels-vancouver-delta,Marriott-YVRDD
YULMA,Montreal Airport Marriott In-Terminal Hotel,yulma-montreal-airport-marriott-in-terminal-hotel,Marriott-YULMA
YEGCY,Courtyard Edmonton Downtown,yegcy-courtyard-edmonton-downtown,Marriott-YEGCY
YEGEW,Courtyard Edmonton West,yegew-courtyard-edmonton-west,Marriott-YEGEW
YEGEC,Delta Hotels Edmonton Centre Suites,yegec-delta-hotels-edmonton-centre-suites,Marriott-YEGEC
YEGES,Delta Hotels Edmonton South Conference Centre,yeges-delta-hotels-edmonton-south-conference-centre,Marriott-YEGES
YEGFI,Fairfield Inn & Suites Edmonton North,yegfi-fairfield-inn-&-suites-edmonton-north,Marriott-YEGFI
YEGJW,JW Marriott Edmonton ICE District,yegjw-jw-marriott-edmonton-ice-district,Marriott-YEGJW
YEGEL,Element Edmonton West,yegel-element-edmonton-west,Marriott-YEGEL
YEGEF,Four Points by Sheraton Edmonton Gateway,yegef-four-points-by-sheraton-edmonton-gateway,Marriott-YEGEF
YEGFP,Four Points by Sheraton Edmonton South,yegfp-four-points-by-sheraton-edmonton-south,Marriott-YEGFP
YEGFW,Four Points by Sheraton Edmonton West,yegfw-four-points-by-sheraton-edmonton-west,Marriott-YEGFW
YEGTS,TownePlace Suites Edmonton South,yegts-towneplace-suites-edmonton-south,Marriott-YEGTS
YEGWI,The Westin Edmonton,yegwi-the-westin-edmonton,Marriott-YEGWI
YEGFA,Fairfield by Marriott Edmonton International Airport,yegfa-fairfield-by-marriott-edmonton-international-airport,Marriott-YEGFA
YEGBR,Renaissance Edmonton Airport Hotel,yegbr-renaissance-edmonton-airport-hotel,Marriott-YEGBR
YQBEP,Four Points by Sheraton Edmundston Hotel & Conference Center,yqbep-four-points-by-sheraton-edmundston-hotel-&-conference-center,Marriott-YQBEP
YMMTS,TownePlace Suites Fort McMurray,ymmts-towneplace-suites-fort-mcmurray,Marriott-YMMTS
YFCDF,Delta Hotels Fredericton,yfcdf-delta-hotels-fredericton,Marriott-YFCDF
YOWFP,Four Points by Sheraton Hotel & Conference Centre Gatineau-Ottawa,yowfp-four-points-by-sheraton-hotel-&-conference-centre-gatineau-ottawa,Marriott-YOWFP
YQUDE,Delta Hotels Grande Prairie Airport,yqude-delta-hotels-grande-prairie-airport,Marriott-YQUDE
YQUFP,Four Points by Sheraton Grande Prairie,yqufp-four-points-by-sheraton-grande-prairie,Marriott-YQUFP
YQARI,Residence Inn Gravenhurst Muskoka Wharf,yqari-residence-inn-gravenhurst-muskoka-wharf,Marriott-YQARI
YKFDG,Delta Hotels Guelph Conference Centre,ykfdg-delta-hotels-guelph-conference-centre,Marriott-YKFDG
YKFFI,Fairfield Inn & Suites Guelph,ykffi-fairfield-inn-&-suites-guelph,Marriott-YKFFI
YHZAK,"Muir, Autograph Collection","yhzak-muir,-autograph-collection",Marriott-YHZAK
YHZCY,Courtyard Halifax Downtown,yhzcy-courtyard-halifax-downtown,Marriott-YHZCY
YHZMC,Halifax Marriott Harbourfront Hotel,yhzmc-halifax-marriott-harbourfront-hotel,Marriott-YHZMC
YHZOX,Moxy Halifax Downtown,yhzox-moxy-halifax-downtown,Marriott-YHZOX
YHZRI,Residence Inn Halifax Downtown,yhzri-residence-inn-halifax-downtown,Marriott-YHZRI
YHZFP,Four Points by Sheraton Halifax,yhzfp-four-points-by-sheraton-halifax,Marriott-YHZFP
YHZWI,The Westin Nova Scotian,yhzwi-the-westin-nova-scotian,Marriott-YHZWI
YHMCY,Courtyard Hamilton,yhmcy-courtyard-hamilton,Marriott-YHMCY
YHMFP,Four Points by Sheraton Hamilton - Stoney Creek,yhmfp-four-points-by-sheraton-hamilton---stoney-creek,Marriott-YHMFP
YHMSI,Sheraton Hamilton Hotel,yhmsi-sheraton-hamilton-hotel,Marriott-YHMSI
YHMTS,TownePlace Suites Hamilton,yhmts-towneplace-suites-hamilton,Marriott-YHMTS
YBGJS,Delta Hotels Saguenay Conference Centre,ybgjs-delta-hotels-saguenay-conference-centre,Marriott-YBGJS
YKADE,Delta Hotels Kamloops,ykade-delta-hotels-kamloops,Marriott-YKADE
YKAFI,Fairfield Inn & Suites Kamloops,ykafi-fairfield-inn-&-suites-kamloops,Marriott-YKAFI
YYCKK,"Kananaskis Mountain Lodge, Autograph Collection","yyckk-kananaskis-mountain-lodge,-autograph-collection",Marriott-YYCKK
YOWFI,Fairfield Inn & Suites Ottawa Kanata,yowfi-fairfield-inn-&-suites-ottawa-kanata,Marriott-YOWFI
YOWTS,TownePlace Suites Ottawa Kanata,yowts-towneplace-suites-ottawa-kanata,Marriott-YOWTS
YLWOK,Delta Hotels Grand Okanagan Resort,ylwok-delta-hotels-grand-okanagan-resort,Marriott-YLWOK
YLWFI,Fairfield Inn & Suites Kelowna,ylwfi-fairfield-inn-&-suites-kelowna,Marriott-YLWFI
YLWFP,Four Points by Sheraton Kelowna Airport,ylwfp-four-points-by-sheraton-kelowna-airport,Marriott-YLWFP
YKDTS,TownePlace Suites Kincardine,ykdts-towneplace-suites-kincardine,Marriott-YKDTS
YGKCY,Courtyard Kingston Highway 401/Division Street,ygkcy-courtyard-kingston-highway-401/division-street,Marriott-YGKCY
YGKDK,Delta Hotels Kingston Waterfront,ygkdk-delta-hotels-kingston-waterfront,Marriott-YGKDK
YGKRI,Residence Inn Kingston Water's Edge,ygkri-residence-inn-kingston-water's-edge,Marriott-YGKRI
YGKFP,Kingston Market Square Hotel,ygkfp-kingston-market-square-hotel,Marriott-YGKFP
YKFCK,Courtyard Kitchener,ykfck-courtyard-kitchener,Marriott-YKFCK
YULLC,Courtyard  Montreal Laval,yullc-courtyard--montreal-laval,Marriott-YULLC
YULRL,Residence Inn Laval,yulrl-residence-inn-laval,Marriott-YULRL
YULLS,Sheraton Laval Hotel,yulls-sheraton-laval-hotel,Marriott-YULLS
YQLFI,Fairfield Inn & Suites Lethbridge,yqlfi-fairfield-inn-&-suites-lethbridge,Marriott-YQLFI
YQBLF,Four Points by Sheraton Lévis Convention Centre,yqblf-four-points-by-sheraton-lévis-convention-centre,Marriott-YQBLF
YXUCY,Courtyard London,yxucy-courtyard-london,Marriott-YXUCY
YXUDL,Delta Hotels London Armouries,yxudl-delta-hotels-london-armouries,Marriott-YXUDL
YXURI,Residence Inn London Downtown,yxuri-residence-inn-london-downtown,Marriott-YXURI
YXUFP,Four Points by Sheraton London,yxufp-four-points-by-sheraton-london,Marriott-YXUFP
YXUTS,TownePlace Suites London,yxuts-towneplace-suites-london,Marriott-YXUTS
YYZMK,Courtyard Toronto Markham,yyzmk-courtyard-toronto-markham,Marriott-YYZMK
YYZMT,Courtyard Toronto Northeast/Markham,yyzmt-courtyard-toronto-northeast/markham,Marriott-YYZMT
YYZMR,Toronto Marriott Markham,yyzmr-toronto-marriott-markham,Marriott-YYZMR
YYZMH,Residence Inn Toronto Markham,yyzmh-residence-inn-toronto-markham,Marriott-YYZMH
YYZXM,TownePlace Suites Toronto Northeast/Markham,yyzxm-towneplace-suites-toronto-northeast/markham,Marriott-YYZXM
YXHTS,TownePlace Suites Medicine Hat,yxhts-towneplace-suites-medicine-hat,Marriott-YXHTS
YYZMQ,Courtyard Mississauga-Airport Corporate Centre West,yyzmq-courtyard-mississauga-airport-corporate-centre-west,Marriott-YYZMQ
YYZMS,Courtyard Toronto Mississauga/Meadowvale,yyzms-courtyard-toronto-mississauga/meadowvale,Marriott-YYZMS
YYZMD,Courtyard Toronto Mississauga/West,yyzmd-courtyard-toronto-mississauga/west,Marriott-YYZMD
YYZDE,Delta Hotels Toronto Mississauga,yyzde-delta-hotels-toronto-mississauga,Marriott-YYZDE
YYZFS,Fairfield Inn & Suites Toronto Airport,yyzfs-fairfield-inn-&-suites-toronto-airport,Marriott-YYZFS
YYZTM,Fairfield Inn & Suites Toronto Mississauga,yyztm-fairfield-inn-&-suites-toronto-mississauga,Marriott-YYZTM
YYZMU,Residence Inn Mississauga-Airport Corporate Centre West,yyzmu-residence-inn-mississauga-airport-corporate-centre-west,Marriott-YYZMU
YYZRU,Residence Inn Toronto Mississauga Southwest,yyzru-residence-inn-toronto-mississauga-southwest,Marriott-YYZRU
YYZMX,Residence Inn Toronto Mississauga West,yyzmx-residence-inn-toronto-mississauga-west,Marriott-YYZMX
YYZEA,Element Toronto Airport,yyzea-element-toronto-airport,Marriott-YYZEA
YYZVF,Four Points by Sheraton Mississauga Meadowvale,yyzvf-four-points-by-sheraton-mississauga-meadowvale,Marriott-YYZVF
YYZPA,Four Points by Sheraton Toronto Airport,yyzpa-four-points-by-sheraton-toronto-airport,Marriott-YYZPA
YYZFP,Four Points by Sheraton Toronto Mississauga,yyzfp-four-points-by-sheraton-toronto-mississauga,Marriott-YYZFP
YYZTS,TownePlace Suites Mississauga-Airport Corporate Centre,yyzts-towneplace-suites-mississauga-airport-corporate-centre,Marriott-YYZTS
YQMDR,Delta Hotels Beausejour,yqmdr-delta-hotels-beausejour,Marriott-YQMDR
YQMFI,Fairfield Inn & Suites Moncton,yqmfi-fairfield-inn-&-suites-moncton,Marriott-YQMFI
YQMRI,Residence Inn Moncton,yqmri-residence-inn-moncton,Marriott-YQMRI
YQMFP,Four Points by Sheraton Moncton,yqmfp-four-points-by-sheraton-moncton,Marriott-YQMFP
YMYWI,Le Westin Tremblant,ymywi-le-westin-tremblant,Marriott-YMYWI
YMYMT,Residence Inn Mont Tremblant Manoir Labelle,ymymt-residence-inn-mont-tremblant-manoir-labelle,Marriott-YMYMT
YULAC,Hôtel AC Montréal Centre-ville,yulac-hôtel-ac-montréal-centre-ville,Marriott-YULAC
YULAK,"Humaniti Hotel Montreal, Autograph Collection","yulak-humaniti-hotel-montreal,-autograph-collection",Marriott-YULAK
YULAP,Courtyard Montreal Airport,yulap-courtyard-montreal-airport,Marriott-YULAP
YULDT,Courtyard Montreal Downtown,yuldt-courtyard-montreal-downtown,Marriott-YULDT
YULND,Courtyard Montreal Midtown,yulnd-courtyard-montreal-midtown,Marriott-YULND
YULDB,Delta Hotels Montreal,yuldb-delta-hotels-montreal,Marriott-YULDB
YULFD,Fairfield by Marriott Montreal Downtown,yulfd-fairfield-by-marriott-montreal-downtown,Marriott-YULFD
YULFI,Fairfield Inn & Suites Montreal Airport,yulfi-fairfield-inn-&-suites-montreal-airport,Marriott-YULFI
YULCC,Montreal Marriott Chateau Champlain,yulcc-montreal-marriott-chateau-champlain,Marriott-YULCC
YULMD,Renaissance Montreal Downtown Hotel,yulmd-renaissance-montreal-downtown-hotel,Marriott-YULMD
YULRA,Residence Inn Montreal Airport,yulra-residence-inn-montreal-airport,Marriott-YULRA
YULRI,Residence Inn Montreal Downtown,yulri-residence-inn-montreal-downtown,Marriott-YULRI
YULRG,Residence Inn Montreal Midtown,yulrg-residence-inn-montreal-midtown,Marriott-YULRG
YULRM,"The Ritz-Carlton, Montreal","yulrm-the-ritz-carlton,-montreal",Marriott-YULRM
YULAL,Aloft Montreal Airport,yulal-aloft-montreal-airport,Marriott-YULAL
YULDS,"Hotel St. Paul, Montreal, a Member of Design Hotels™","yulds-hotel-st.-paul,-montreal,-a-member-of-design-hotels™",Marriott-YULDS
YULSI,Le Centre Sheraton Montreal Hotel,yulsi-le-centre-sheraton-montreal-hotel,Marriott-YULSI
YULSA,Sheraton Montreal Airport Hotel,yulsa-sheraton-montreal-airport-hotel,Marriott-YULSA
YULTX,"HONEYROSE Hotel, Montreal, a Tribute Portfolio Hotel","yultx-honeyrose-hotel,-montreal,-a-tribute-portfolio-hotel",Marriott-YULTX
YULWH,W Montreal,yulwh-w-montreal,Marriott-YULWH
YULLE,Le Westin Montreal,yulle-le-westin-montreal,Marriott-YULLE
YULSH,SpringHill Suites Old Montreal,yulsh-springhill-suites-old-montreal,Marriott-YULSH
YQAJW,JW Marriott The Rosseau Muskoka Resort & Spa,yqajw-jw-marriott-the-rosseau-muskoka-resort-&-spa,Marriott-YQAJW
YCDCY,Courtyard Nanaimo,ycdcy-courtyard-nanaimo,Marriott-YCDCY
IAGCY,Courtyard Niagara Falls,iagcy-courtyard-niagara-falls,Marriott-IAGCY
IAGIF,"Fairfield Niagara Falls, Canada","iagif-fairfield-niagara-falls,-canada",Marriott-IAGIF
IAGNF,Niagara Falls Marriott Fallsview Hotel & Spa,iagnf-niagara-falls-marriott-fallsview-hotel-&-spa,Marriott-IAGNF
IAGMC,Niagara Falls Marriott on the Falls,iagmc-niagara-falls-marriott-on-the-falls,Marriott-IAGMC
IAGFV,Four Points by Sheraton Niagara Falls Fallsview,iagfv-four-points-by-sheraton-niagara-falls-fallsview,Marriott-IAGFV
IAGSI,Sheraton Fallsview Hotel,iagsi-sheraton-fallsview-hotel,Marriott-IAGSI
YEGAF,Four Points by Sheraton Edmonton International Airport,yegaf-four-points-by-sheraton-edmonton-international-airport,Marriott-YEGAF
YYBFI,Fairfield Inn & Suites North Bay,yybfi-fairfield-inn-&-suites-north-bay,Marriott-YYBFI
YYZTO,Fairfield Inn Toronto Oakville,yyzto-fairfield-inn-toronto-oakville,Marriott-YYZTO
YYZTL,TownePlace Suites Toronto Oakville,yyztl-towneplace-suites-toronto-oakville,Marriott-YYZTL
RQSFO,Fairfield Inn & Suites Orillia,rqsfo-fairfield-inn-&-suites-orillia,Marriott-RQSFO
YOOCY,Courtyard Oshawa,yoocy-courtyard-oshawa,Marriott-YOOCY
YOOTS,TownePlace Suites Oshawa,yoots-towneplace-suites-oshawa,Marriott-YOOTS
YOWCY,Courtyard Ottawa Downtown,yowcy-courtyard-ottawa-downtown,Marriott-YOWCY
YOWOE,Courtyard Ottawa East,yowoe-courtyard-ottawa-east,Marriott-YOWOE
YOWDM,Delta Hotels Ottawa City Centre,yowdm-delta-hotels-ottawa-city-centre,Marriott-YOWDM
YOWFA,Fairfield Inn & Suites Ottawa Airport,yowfa-fairfield-inn-&-suites-ottawa-airport,Marriott-YOWFA
YOWMC,Ottawa Marriott Hotel,yowmc-ottawa-marriott-hotel,Marriott-YOWMC
YOWAP,Residence Inn Ottawa Airport,yowap-residence-inn-ottawa-airport,Marriott-YOWAP
YOWSI,Sheraton Ottawa Hotel,yowsi-sheraton-ottawa-hotel,Marriott-YOWSI
YOWWI,The Westin Ottawa,yowwi-the-westin-ottawa,Marriott-YOWWI
YLWFE,Fairfield Inn & Suites Penticton,ylwfe-fairfield-inn-&-suites-penticton,Marriott-YLWFE
YYFFP,Four Points by Sheraton Penticton at the Convention Centre,yyffp-four-points-by-sheraton-penticton-at-the-convention-centre,Marriott-YYFFP
YWATS,TownePlace Suites Petawawa,ywats-towneplace-suites-petawawa,Marriott-YWATS
YXSCY,Courtyard Prince George,yxscy-courtyard-prince-george,Marriott-YXSCY
YXSPF,Four Points by Sheraton Prince George,yxspf-four-points-by-sheraton-prince-george,Marriott-YXSPF
YQBCQ,Courtyard Quebec City,yqbcq-courtyard-quebec-city,Marriott-YQBCQ
YQBDR,Delta Hotels Quebec,yqbdr-delta-hotels-quebec,Marriott-YQBDR
YQBMC,Quebec City Marriott Downtown,yqbmc-quebec-city-marriott-downtown,Marriott-YQBMC
YQBPU,"Hotel PUR, Quebec, a Tribute Portfolio Hotel","yqbpu-hotel-pur,-quebec,-a-tribute-portfolio-hotel",Marriott-YQBPU
YQFTS,TownePlace Suites Red Deer,yqfts-towneplace-suites-red-deer,Marriott-YQFTS
YQRAK,"The Hotel Saskatchewan, Autograph Collection","yqrak-the-hotel-saskatchewan,-autograph-collection",Marriott-YQRAK
YQRDR,Delta Hotels Regina,yqrdr-delta-hotels-regina,Marriott-YQRDR
YQRFI,Fairfield Inn & Suites Regina,yqrfi-fairfield-inn-&-suites-regina,Marriott-YQRFI
YQRRI,Residence Inn Regina,yqrri-residence-inn-regina,Marriott-YQRRI
YQRFP,Four Points by Sheraton Regina,yqrfp-four-points-by-sheraton-regina,Marriott-YQRFP
YRVFI,Fairfield Inn & Suites Revelstoke,yrvfi-fairfield-inn-&-suites-revelstoke,Marriott-YRVFI
YVRSA,Vancouver Airport Marriott Hotel,yvrsa-vancouver-airport-marriott-hotel,Marriott-YVRSA
YVRFP,Four Points by Sheraton Vancouver Airport,yvrfp-four-points-by-sheraton-vancouver-airport,Marriott-YVRFP
YVRVS,Sheraton Vancouver Airport Hotel,yvrvs-sheraton-vancouver-airport-hotel,Marriott-YVRVS
YVRWC,"The Westin Wall Centre, Vancouver Airport","yvrwc-the-westin-wall-centre,-vancouver-airport",Marriott-YVRWC
YYZSI,Sheraton Parkway Toronto North Hotel & Suites,yyzsi-sheraton-parkway-toronto-north-hotel-&-suites,Marriott-YYZSI
YZZAK,"The Josie Hotel, Autograph Collection","yzzak-the-josie-hotel,-autograph-collection",Marriott-YZZAK
YSJDB,Delta Hotels Saint John,ysjdb-delta-hotels-saint-john,Marriott-YSJDB
YULHY,Sheraton Saint-Hyacinthe Hotel,yulhy-sheraton-saint-hyacinthe-hotel,Marriott-YULHY
YSNFI,Fairfield Inn & Suites Salmon Arm,ysnfi-fairfield-inn-&-suites-salmon-arm,Marriott-YSNFI
YQGTX,"The Insignia Hotel, Sarnia, a Tribute Portfolio Hotel","yqgtx-the-insignia-hotel,-sarnia,-a-tribute-portfolio-hotel",Marriott-YQGTX
YXECY,Courtyard Saskatoon Airport,yxecy-courtyard-saskatoon-airport,Marriott-YXECY
YXEDB,Delta Hotels Bessborough,yxedb-delta-hotels-bessborough,Marriott-YXEDB
YXEDS,Delta Hotels Saskatoon Downtown,yxeds-delta-hotels-saskatoon-downtown,Marriott-YXEDS
YXEFP,Four Points by Sheraton Saskatoon,yxefp-four-points-by-sheraton-saskatoon,Marriott-YXEFP
YXESI,Sheraton Cavalier Saskatoon Hotel,yxesi-sheraton-cavalier-saskatoon-hotel,Marriott-YXESI
YXETS,TownePlace Suites Saskatoon,yxets-towneplace-suites-saskatoon,Marriott-YXETS
YAMDS,Delta Hotels Sault Ste. Marie Waterfront,yamds-delta-hotels-sault-ste.-marie-waterfront,Marriott-YAMDS
YAMFI,Fairfield Inn & Suites Sault Ste. Marie,yamfi-fairfield-inn-&-suites-sault-ste.-marie,Marriott-YAMFI
YSCDR,Delta Hotels Sherbrooke Conference Centre,yscdr-delta-hotels-sherbrooke-conference-centre,Marriott-YSCDR
YEGWF,Four Points by Sheraton Sherwood Park,yegwf-four-points-by-sheraton-sherwood-park,Marriott-YEGWF
YEGWO,TownePlace Suites Edmonton Sherwood Park,yegwo-towneplace-suites-edmonton-sherwood-park,Marriott-YEGWO
YSJAK,"The Algonquin Resort St. Andrews by-the-Sea, Autograph Collection","ysjak-the-algonquin-resort-st.-andrews-by-the-sea,-autograph-collection",Marriott-YSJAK
YYTCY,Courtyard St. John's Newfoundland,yytcy-courtyard-st.-john's-newfoundland,Marriott-YYTCY
YYTDS,Delta Hotels St. John's Conference Centre,yytds-delta-hotels-st.-john's-conference-centre,Marriott-YYTDS
YYTFI,Fairfield Inn & Suites St. John's Newfoundland,yytfi-fairfield-inn-&-suites-st.-john's-newfoundland,Marriott-YYTFI
YYTSI,Sheraton Hotel Newfoundland,yytsi-sheraton-hotel-newfoundland,Marriott-YYTSI
YSBFI,Fairfield Inn & Suites Sudbury,ysbfi-fairfield-inn-&-suites-sudbury,Marriott-YSBFI
YSBTS,TownePlace Suites Sudbury,ysbts-towneplace-suites-sudbury,Marriott-YSBTS
YVRAK,"Civic Hotel, Autograph Collection","yvrak-civic-hotel,-autograph-collection",Marriott-YVRAK
YVRSF,Four Points by Sheraton Surrey,yvrsf-four-points-by-sheraton-surrey,Marriott-YVRSF
YVRSI,Sheraton Vancouver Guildford Hotel,yvrsi-sheraton-vancouver-guildford-hotel,Marriott-YVRSI
IAGFP,Four Points by Sheraton St. Catharines Niagara Suites,iagfp-four-points-by-sheraton-st.-catharines-niagara-suites,Marriott-IAGFP
YQTDE,Delta Hotels Thunder Bay,yqtde-delta-hotels-thunder-bay,Marriott-YQTDE
YQTTS,TownePlace Suites Thunder Bay,yqtts-towneplace-suites-thunder-bay,Marriott-YQTTS
YYZAP,Courtyard Toronto Airport,yyzap-courtyard-toronto-airport,Marriott-YYZAP
YYZCY,Courtyard Toronto Downtown,yyzcy-courtyard-toronto-downtown,Marriott-YYZCY
YYZVN,Courtyard Toronto Vaughan,yyzvn-courtyard-toronto-vaughan,Marriott-YYZVN
YYZDL,Delta Hotels Toronto,yyzdl-delta-hotels-toronto,Marriott-YYZDL
YYZDA,Delta Hotels Toronto Airport & Conference Centre,yyzda-delta-hotels-toronto-airport-&-conference-centre,Marriott-YYZDA
YYZSB,Delta Hotels Toronto East,yyzsb-delta-hotels-toronto-east,Marriott-YYZSB
YYZEC,Marriott Downtown at CF Toronto Eaton Centre,yyzec-marriott-downtown-at-cf-toronto-eaton-centre,Marriott-YYZEC
YYZOT,Toronto Airport Marriott Hotel,yyzot-toronto-airport-marriott-hotel,Marriott-YYZOT
YYZCC,Toronto Marriott City Centre Hotel,yyzcc-toronto-marriott-city-centre-hotel,Marriott-YYZCC
YYZRI,Residence Inn Toronto Airport,yyzri-residence-inn-toronto-airport,Marriott-YYZRI
YYZTD,Residence Inn Toronto Downtown/Entertainment District,yyztd-residence-inn-toronto-downtown/entertainment-district,Marriott-YYZTD
YYZRZ,"The Ritz-Carlton, Toronto","yyzrz-the-ritz-carlton,-toronto",Marriott-YYZRZ
YYZAE,Four Points by Sheraton Toronto Airport East,yyzae-four-points-by-sheraton-toronto-airport-east,Marriott-YYZAE
YYZTC,Sheraton Centre Toronto Hotel,yyztc-sheraton-centre-toronto-hotel,Marriott-YYZTC
YYZGS,Sheraton Gateway Hotel in Toronto International Airport,yyzgs-sheraton-gateway-hotel-in-toronto-international-airport,Marriott-YYZGS
YYZDS,Sheraton Toronto Airport Hotel & Conference Centre,yyzds-sheraton-toronto-airport-hotel-&-conference-centre,Marriott-YYZDS
YYZXR,The St. Regis Toronto,yyzxr-the-st.-regis-toronto,Marriott-YYZXR
YYZWH,W Toronto,yyzwh-w-toronto,Marriott-YYZWH
YYZWI,"The Westin Harbour Castle, Toronto","yyzwi-the-westin-harbour-castle,-toronto",Marriott-YYZWI
YYZBW,The Westin Toronto Airport,yyzbw-the-westin-toronto-airport,Marriott-YYZBW
YRQDR,Delta Hotels Trois Rivieres Conference Centre,yrqdr-delta-hotels-trois-rivieres-conference-centre,Marriott-YRQDR
YVRPS,"the DOUGLAS, Autograph Collection","yvrps-the-douglas,-autograph-collection",Marriott-YVRPS
YVRDV,Delta Hotels Vancouver Downtown Suites,yvrdv-delta-hotels-vancouver-downtown-suites,Marriott-YVRDV
YVRJW,JW Marriott Parq Vancouver,yvrjw-jw-marriott-parq-vancouver,Marriott-YVRJW
YVRDT,Vancouver Marriott Pinnacle Downtown Hotel,yvrdt-vancouver-marriott-pinnacle-downtown-hotel,Marriott-YVRDT
YVRBR,Metropolitan Hotel Vancouver,yvrbr-metropolitan-hotel-vancouver,Marriott-YVRBR
YVRDR,Residence Inn Vancouver Downtown,yvrdr-residence-inn-vancouver-downtown,Marriott-YVRDR
YVRWS,Sheraton Vancouver Wall Centre,yvrws-sheraton-vancouver-wall-centre,Marriott-YVRWS
YVRWI,"The Westin Bayshore, Vancouver","yvrwi-the-westin-bayshore,-vancouver",Marriott-YVRWI
YYZTV,Residence Inn Toronto Vaughan,yyztv-residence-inn-toronto-vaughan,Marriott-YYZTV
YYZSV,SpringHill Suites Toronto Vaughan,yyzsv-springhill-suites-toronto-vaughan,Marriott-YYZSV
YYZAL,Aloft Vaughan Mills,yyzal-aloft-vaughan-mills,Marriott-YYZAL
YYZEL,Element Vaughan Southwest,yyzel-element-vaughan-southwest,Marriott-YYZEL
YYZFV,Four Points by Sheraton Vaughan,yyzfv-four-points-by-sheraton-vaughan,Marriott-YYZFV
YVEFI,Fairfield Inn & Suites Vernon,yvefi-fairfield-inn-&-suites-vernon,Marriott-YVEFI
YYJVO,Delta Hotels Victoria Ocean Pointe Resort,yyjvo-delta-hotels-victoria-ocean-pointe-resort,Marriott-YYJVO
YYJMC,Victoria Marriott Inner Harbour,yyjmc-victoria-marriott-inner-harbour,Marriott-YYJMC
YYJFP,Four Points by Sheraton Victoria Gateway,yyjfp-four-points-by-sheraton-victoria-gateway,Marriott-YYJFP
YYJWI,"The Westin Bear Mountain Golf Resort & Spa, Victoria","yyjwi-the-westin-bear-mountain-golf-resort-&-spa,-victoria",Marriott-YYJWI
YKFCY,Courtyard Waterloo St. Jacobs,ykfcy-courtyard-waterloo-st.-jacobs,Marriott-YKFCY
YKFDW,Delta Hotels Waterloo,ykfdw-delta-hotels-waterloo,Marriott-YKFDW
YLWFW,Fairfield Inn & Suites West Kelowna,ylwfw-fairfield-inn-&-suites-west-kelowna,Marriott-YLWFW
YLWWK,TownePlace Suites West Kelowna,ylwwk-towneplace-suites-west-kelowna,Marriott-YLWWK
YSEWV,Delta Hotels Whistler Village Suites,ysewv-delta-hotels-whistler-village-suites,Marriott-YSEWV
YSEWI,"The Westin Resort & Spa, Whistler","ysewi-the-westin-resort-&-spa,-whistler",Marriott-YSEWI
YYZWY,Residence Inn Whitby,yyzwy-residence-inn-whitby,Marriott-YYZWY
YQGFP,Four Points by Sheraton Windsor Downtown,yqgfp-four-points-by-sheraton-windsor-downtown,Marriott-YQGFP
YQGTS,TownePlace Suites Windsor,yqgts-towneplace-suites-windsor,Marriott-YQGTS
YWGAP,Courtyard Winnipeg Airport,ywgap-courtyard-winnipeg-airport,Marriott-YWGAP
YWGDW,Delta Hotels Winnipeg,ywgdw-delta-hotels-winnipeg,Marriott-YWGDW
YWGFI,Fairfield Inn & Suites Winnipeg,ywgfi-fairfield-inn-&-suites-winnipeg,Marriott-YWGFI
YWGRI,Residence Inn Winnipeg,ywgri-residence-inn-winnipeg,Marriott-YWGRI
YWGWF,Four Points by Sheraton Winnipeg South,ywgwf-four-points-by-sheraton-winnipeg-south,Marriott-YWGWF
FATFN,Fairfield Inn & Suites Fresno River Park,fatfn-fairfield-inn-&-suites-fresno-river-park,Marriott-FATFN
ONTDE,Delta Hotels Ontario Airport,ontde-delta-hotels-ontario-airport,Marriott-ONTDE
OAKPS,SpringHill Suites Pleasanton,oakps-springhill-suites-pleasanton,Marriott-OAKPS
MCOAT,Residence Inn Orlando Altamonte Springs/Maitland,mcoat-residence-inn-orlando-altamonte-springs/maitland,Marriott-MCOAT
MCOAL,SpringHill Suites Orlando Altamonte Springs/Maitland,mcoal-springhill-suites-orlando-altamonte-springs/maitland,Marriott-MCOAL
MCOSG,TownePlace Suites Orlando Altamonte Springs/Maitland,mcosg-towneplace-suites-orlando-altamonte-springs/maitland,Marriott-MCOSG
JAXAM,"The Ritz-Carlton, Amelia Island","jaxam-the-ritz-carlton,-amelia-island",Marriott-JAXAM
MIAAN,AC Hotel Miami Aventura,miaan-ac-hotel-miami-aventura,Marriott-MIAAN
MIAAV,Courtyard Miami Aventura Mall,miaav-courtyard-miami-aventura-mall,Marriott-MIAAV
MIAJT,JW Marriott Miami Turnberry Resort & Spa,miajt-jw-marriott-miami-turnberry-resort-&-spa,Marriott-MIAJT
MIARA,Residence Inn Miami Aventura Mall,miara-residence-inn-miami-aventura-mall,Marriott-MIARA
MIAAA,Aloft Miami Aventura,miaaa-aloft-miami-aventura,Marriott-MIAAA
MIAZL,"The Ritz-Carlton Bal Harbour, Miami","miazl-the-ritz-carlton-bal-harbour,-miami",Marriott-MIAZL
MIAXR,The St. Regis Bal Harbour Resort,miaxr-the-st.-regis-bal-harbour-resort,Marriott-MIAXR
PBIAP,Fairfield Inn & Suites Boca Raton,pbiap-fairfield-inn-&-suites-boca-raton,Marriott-PBIAP
PBIBR,Boca Raton Marriott at Boca Center,pbibr-boca-raton-marriott-at-boca-center,Marriott-PBIBR
PBIRH,Renaissance Boca Raton Hotel,pbirh-renaissance-boca-raton-hotel,Marriott-PBIRH
PBIBO,Residence Inn Boca Raton,pbibo-residence-inn-boca-raton,Marriott-PBIBO
PBISH,SpringHill Suites Boca Raton,pbish-springhill-suites-boca-raton,Marriott-PBISH
PBITS,TownePlace Suites Boca Raton,pbits-towneplace-suites-boca-raton,Marriott-PBITS
RSWFB,Fairfield Inn & Suites Bonita Springs,rswfb-fairfield-inn-&-suites-bonita-springs,Marriott-RSWFB
PBIBB,Courtyard Boynton Beach,pbibb-courtyard-boynton-beach,Marriott-PBIBB
PBITB,TownePlace Suites Boynton Beach,pbitb-towneplace-suites-boynton-beach,Marriott-PBITB
SRQBD,Courtyard Bradenton Sarasota/Riverfront,srqbd-courtyard-bradenton-sarasota/riverfront,Marriott-SRQBD
SRQFI,Fairfield Inn & Suites Sarasota Lakewood Ranch,srqfi-fairfield-inn-&-suites-sarasota-lakewood-ranch,Marriott-SRQFI
SRQSR,SpringHill Suites Bradenton Downtown/Riverfront,srqsr-springhill-suites-bradenton-downtown/riverfront,Marriott-SRQSR
SRQTB,TownePlace Suites Sarasota Bradenton West,srqtb-towneplace-suites-sarasota-bradenton-west,Marriott-SRQTB
TPAFH,Fairfield Inn & Suites Brooksville Suncoast Parkway,tpafh-fairfield-inn-&-suites-brooksville-suncoast-parkway,Marriott-TPAFH
MLBRI,Residence Inn Cape Canaveral Cocoa Beach,mlbri-residence-inn-cape-canaveral-cocoa-beach,Marriott-MLBRI
MLBSC,SpringHill Suites Cape Canaveral Cocoa Beach,mlbsc-springhill-suites-cape-canaveral-cocoa-beach,Marriott-MLBSC
MLBTS,TownePlace Suites Cape Canaveral Cocoa Beach,mlbts-towneplace-suites-cape-canaveral-cocoa-beach,Marriott-MLBTS
RSWFM,Fairfield Inn & Suites Cape Coral/North Fort Myers,rswfm-fairfield-inn-&-suites-cape-coral/north-fort-myers,Marriott-RSWFM
RSWWI,The Westin Cape Coral Resort at Marina Village,rswwi-the-westin-cape-coral-resort-at-marina-village,Marriott-RSWWI
MCOCB,"The Inn at Celebration, Autograph Collection","mcocb-the-inn-at-celebration,-autograph-collection",Marriott-MCOCB
TPAPG,Courtyard St. Petersburg Clearwater,tpapg-courtyard-st.-petersburg-clearwater,Marriott-TPAPG
TPACR,Fairfield Inn & Suites Clearwater,tpacr-fairfield-inn-&-suites-clearwater,Marriott-TPACR
TPACW,Fairfield Inn & Suites St. Petersburg Clearwater,tpacw-fairfield-inn-&-suites-st.-petersburg-clearwater,Marriott-TPACW
TPARW,Residence Inn Clearwater Downtown,tparw-residence-inn-clearwater-downtown,Marriott-TPARW
TPACE,SpringHill Suites St. Petersburg Clearwater,tpace-springhill-suites-st.-petersburg-clearwater,Marriott-TPACE
TPACL,TownePlace Suites Tampa Clearwater,tpacl-towneplace-suites-tampa-clearwater,Marriott-TPACL
TPATC,"The Karol Hotel, St. Petersburg Clearwater, a Tribute Portfolio Hotel","tpatc-the-karol-hotel,-st.-petersburg-clearwater,-a-tribute-portfolio-hotel",Marriott-TPATC
TPAAB,AC Hotel Clearwater Beach,tpaab-ac-hotel-clearwater-beach,Marriott-TPAAB
TPACH,Courtyard Clearwater Beach,tpach-courtyard-clearwater-beach,Marriott-TPACH
TPAFW,Fairfield Inn & Suites Clearwater Beach,tpafw-fairfield-inn-&-suites-clearwater-beach,Marriott-TPAFW
TPAJW,JW Marriott Clearwater Beach Resort & Spa,tpajw-jw-marriott-clearwater-beach-resort-&-spa,Marriott-TPAJW
TPAMS,Clearwater Beach Marriott Resort on Sand Key,tpams-clearwater-beach-marriott-resort-on-sand-key,Marriott-TPAMS
TPAYR,Residence Inn Clearwater Beach,tpayr-residence-inn-clearwater-beach,Marriott-TPAYR
TPAYS,SpringHill Suites Clearwater Beach,tpays-springhill-suites-clearwater-beach,Marriott-TPAYS
TPASI,Clearwater Beach Sheraton Resort on Sand Key,tpasi-clearwater-beach-sheraton-resort-on-sand key,Marriott-TPASI
MCOCM,Fairfield Inn & Suites Clermont,mcocm-fairfield-inn-&-suites-clermont,Marriott-MCOCM
MLBCB,Courtyard Cocoa Beach Cape Canaveral,mlbcb-courtyard-cocoa-beach-cape-canaveral,Marriott-MLBCB
MLBCF,Four Points by Sheraton Cocoa Beach,mlbcf-four-points-by-sheraton-cocoa-beach,Marriott-MLBCF
FLLGR,Residence Inn Fort Lauderdale Coconut Creek,fllgr-residence-inn-fort-lauderdale-coconut-creek,Marriott-FLLGR
MIAAO,"Hotel Colonnade Coral Gables, Autograph Collection","miaao-hotel-colonnade-coral-gables,-autograph-collection",Marriott-MIAAO
MIAGB,Courtyard Miami Coral Gables,miagb-courtyard-miami-coral-gables,Marriott-MIAGB
MIACL,Aloft Coral Gables,miacl-aloft-coral-gables,Marriott-MIACL
FLLFP,Four Points by Sheraton Coral Gables,fllfp-four-points-by-sheraton-coral-gables,Marriott-FLLFP
FLLCS,Courtyard Fort Lauderdale Coral Springs,fllcs-courtyard-fort-lauderdale-coral-springs,Marriott-FLLCS
FLLMC,Fort Lauderdale Marriott Coral Springs Hotel & Convention Center,fllmc-fort-lauderdale-marriott-coral-springs-hotel-&-convention-center,Marriott-FLLMC
VPSFC,Fairfield Inn & Suites Crestview,vpsfc-fairfield-inn-&-suites-crestview,Marriott-VPSFC
FLLAC,AC Hotel Fort Lauderdale Airport,fllac-ac-hotel-fort-lauderdale-airport,Marriott-FLLAC
FLLHT,Courtyard Fort Lauderdale Airport & Cruise Port,fllht-courtyard-fort-lauderdale-airport-&-cruise-port,Marriott-FLLHT
FLLAD,Fairfield Inn & Suites Fort Lauderdale Airport & Cruise Port,fllad-fairfield-inn-&-suites-fort-lauderdale-airport-&-cruise-port,Marriott-FLLAD
FLLMP,Marriott Fort Lauderdale Airport,fllmp-marriott-fort-lauderdale-airport,Marriott-FLLMP
FLLRA,Residence Inn Fort Lauderdale Airport & Cruise Port,fllra-residence-inn-fort-lauderdale-airport-&-cruise-port,Marriott-FLLRA
FLLDB,SpringHill Suites Fort Lauderdale Airport & Cruise Port,flldb-springhill-suites-fort-lauderdale-airport-&-cruise-port,Marriott-FLLDB
FLLFD,Four Points by Sheraton Fort Lauderdale Airport - Dania Beach,fllfd-four-points-by-sheraton-fort-lauderdale-airport---dania-beach,Marriott-FLLFD
FLLDA,Le Méridien Dania Beach at Fort Lauderdale Airport,fllda-le-méridien-dania-beach-at-fort-lauderdale-airport,Marriott-FLLDA
DABAK,"The Daytona, Autograph Collection","dabak-the-daytona,-autograph-collection",Marriott-DABAK
DABCY,Courtyard Daytona Beach Speedway/Airport,dabcy-courtyard-daytona-beach-speedway/airport,Marriott-DABCY
DABFI,Fairfield Inn & Suites Daytona Beach Speedway/Airport,dabfi-fairfield-inn-&-suites-daytona-beach-speedway/airport,Marriott-DABFI
DABRI,Residence Inn Daytona Beach Speedway/Airport,dabri-residence-inn-daytona-beach-speedway/airport,Marriott-DABRI
DABDE,Delta Hotels Daytona Beach Oceanfront,dabde-delta-hotels-daytona-beach-oceanfront,Marriott-DABDE
DABDB,Residence Inn Daytona Beach Oceanfront,dabdb-residence-inn-daytona-beach-oceanfront,Marriott-DABDB
PBIFE,Fairfield Inn & Suites Deerfield Beach Boca Raton,pbife-fairfield-inn-&-suites-deerfield-beach-boca-raton,Marriott-PBIFE
DABDL,Courtyard DeLand Historic Downtown,dabdl-courtyard-deland-historic-downtown,Marriott-DABDL
PBICD,Courtyard Delray Beach,pbicd-courtyard-delray-beach,Marriott-PBICD
PBIFD,Fairfield Inn & Suites Delray Beach I-95,pbifd-fairfield-inn-&-suites-delray-beach-i-95,Marriott-PBIFD
PBIAY,Aloft Delray Beach,pbiay-aloft-delray-beach,Marriott-PBIAY
VPSDF,Fairfield Inn & Suites Destin,vpsdf-fairfield-inn-&-suites-destin,Marriott-VPSDF
VPSCY,Courtyard Sandestin at Grand Boulevard,vpscy-courtyard-sandestin-at-grand-boulevard,Marriott-VPSCY
VPSRI,Residence Inn Sandestin at Grand Boulevard,vpsri-residence-inn-sandestin-at-grand-boulevard,Marriott-VPSRI
MIADR,AC Hotel Miami Airport West/Doral,miadr-ac-hotel-miami-airport-west/doral,Marriott-MIADR
MIADO,Fairfield Inn & Suites Miami Airport West/Doral,miado-fairfield-inn-&-suites-miami-airport-west/doral,Marriott-MIADO
MIARN,Residence Inn Doral Mall Area,miarn-residence-inn-doral-mall-area,Marriott-MIARN
MIAMN,Residence Inn Miami Airport West/Doral,miamn-residence-inn-miami-airport-west/doral,Marriott-MIAMN
MIAAL,Aloft Miami Doral,miaal-aloft-miami-doral,Marriott-MIAAL
TPADU,"Fenway Hotel, Autograph Collection","tpadu-fenway-hotel,-autograph-collection",Marriott-TPADU
RSWSE,SpringHill Suites Fort Myers Estero,rswse-springhill-suites-fort-myers-estero,Marriott-RSWSE
RSWCO,TownePlace Suites Fort Myers Estero,rswco-towneplace-suites-fort-myers-estero,Marriott-RSWCO
JAXCY,Courtyard Amelia Island,jaxcy-courtyard-amelia-island,Marriott-JAXCY
JAXAR,Residence Inn Amelia Island,jaxar-residence-inn-amelia-island,Marriott-JAXAR
JAXIL,SpringHill Suites Amelia Island,jaxil-springhill-suites-amelia-island,Marriott-JAXIL
MIAFH,Fairfield Inn & Suites Homestead Florida City,miafh-fairfield-inn-&-suites-homestead-florida-city,Marriott-MIAFH
FLLAW,AC Hotel Fort Lauderdale Beach,fllaw-ac-hotel-fort-lauderdale-beach,Marriott-FLLAW
FLLCO,Courtyard by Marriott Oceanside Fort Lauderdale Beach,fllco-courtyard-by-marriott-oceanside-fort-lauderdale-beach,Marriott-FLLCO
FLLLC,Courtyard Fort Lauderdale Downtown,flllc-courtyard-fort-lauderdale-downtown,Marriott-FLLLC
FLLCY,Courtyard Fort Lauderdale East/Lauderdale-by-the-Sea,fllcy-courtyard-fort-lauderdale-east/lauderdale-by-the-sea,Marriott-FLLCY
FLLCP,Courtyard Fort Lauderdale North/Cypress Creek,fllcp-courtyard-fort-lauderdale-north/cypress-creek,Marriott-FLLCP
FLLLD,Fairfield Inn & Suites Fort Lauderdale Downtown/Las Olas,fllld-fairfield-inn-&-suites-fort-lauderdale-downtown/las-olas,Marriott-FLLLD
FLLSB,Fort Lauderdale Marriott Harbor Beach Resort & Spa,fllsb-fort-lauderdale-marriott-harbor-beach-resort-&-spa,Marriott-FLLSB
FLLCC,Fort Lauderdale Marriott North,fllcc-fort-lauderdale-marriott-north,Marriott-FLLCC
FLLBP,Marriott's BeachPlace Towers,fllbp-marriott's-beachplace-towers,Marriott-FLLBP
FLLBR,Renaissance Fort Lauderdale Marina Hotel,fllbr-renaissance-fort-lauderdale-marina-hotel,Marriott-FLLBR
FLLNE,Residence Inn Fort Lauderdale Intracoastal/Il Lugano,fllne-residence-inn-fort-lauderdale-intracoastal/il-lugano,Marriott-FLLNE
FLLRZ,"The Ritz-Carlton, Fort Lauderdale","fllrz-the-ritz-carlton,-fort-lauderdale",Marriott-FLLRZ
FLLAA,Aloft Fort Lauderdale Airport,fllaa-aloft-fort-lauderdale-airport,Marriott-FLLAA
FLLEL,Element Fort Lauderdale Downtown,fllel-element-fort-lauderdale-downtown,Marriott-FLLEL
FLLFC,Four Points by Sheraton Fort Lauderdale Airport/Cruise Port,fllfc-four-points-by-sheraton-fort-lauderdale-airport/cruise-port,Marriott-FLLFC
FLLSC,Sheraton Suites Fort Lauderdale at Cypress Creek,fllsc-sheraton-suites-fort-lauderdale-at-cypress-creek,Marriott-FLLSC
FLLTC,TownePlace Suites Fort Lauderdale West,flltc-towneplace-suites-fort-lauderdale-west,Marriott-FLLTC
FLLTA,Maritime Hotel Fort Lauderdale Airport & Cruiseport,fllta-maritime-hotel-fort-lauderdale-airport-&-cruiseport,Marriott-FLLTA
FLLTX,"The Dalmar, Fort Lauderdale, a Tribute Portfolio Hotel","flltx-the-dalmar,-fort-lauderdale,-a-tribute-portfolio-hotel",Marriott-FLLTX
FLLWH,W Fort Lauderdale,fllwh-w-fort-lauderdale,Marriott-FLLWH
FLLWI,The Westin Fort Lauderdale,fllwi-the-westin-fort-lauderdale,Marriott-FLLWI
FLLLW,The Westin Fort Lauderdale Beach Resort,flllw-the-westin-fort-lauderdale-beach-resort,Marriott-FLLLW
RSWAK,"Luminary Hotel & Co., Autograph Collection","rswak-luminary-hotel-&-co.,-autograph-collection",Marriott-RSWAK
RSWAP,Courtyard Fort Myers at I-75 and Gulf Coast Town Center,rswap-courtyard-fort-myers-at-i-75-and-gulf-coast-town-center,Marriott-RSWAP
RSWCH,Courtyard Fort Myers Cape Coral,rswch-courtyard-fort-myers-cape-coral,Marriott-RSWCH
RSWFI,Fairfield Inn & Suites Fort Myers Cape Coral,rswfi-fairfield-inn-&-suites-fort-myers-cape-coral,Marriott-RSWFI
RSWSB,Marriott Sanibel Harbour Resort & Spa,rswsb-marriott-sanibel-harbour-resort-&-spa,Marriott-RSWSB
RSWRI,Residence Inn Fort Myers,rswri-residence-inn-fort-myers,Marriott-RSWRI
RSWRA,Residence Inn Fort Myers at I-75 and Gulf Coast Town Center,rswra-residence-inn-fort-myers-at-i-75-and-gulf-coast-town-center,Marriott-RSWRA
RSWRS,Residence Inn Fort Myers Sanibel,rswrs-residence-inn-fort-myers-sanibel,Marriott-RSWRS
RSWSH,SpringHill Suites Fort Myers Airport,rswsh-springhill-suites-fort-myers-airport,Marriott-RSWSH
MLBFP,Fairfield Inn & Suites Fort Pierce,mlbfp-fairfield-inn-&-suites-fort-pierce,Marriott-MLBFP
VPSCF,Courtyard Fort Walton Beach-West Destin,vpscf-courtyard-fort-walton-beach-west-destin,Marriott-VPSCF
VPSWB,Fairfield Inn & Suites Fort Walton Beach-West Destin,vpswb-fairfield-inn-&-suites-fort-walton-beach-west-destin,Marriott-VPSWB
VPSRW,Residence Inn Fort Walton Beach,vpsrw-residence-inn-fort-walton-beach,Marriott-VPSRW
VPSFP,Four Points by Sheraton Destin-Fort Walton Beach,vpsfp-four-points-by-sheraton-destin-fort-walton-beach,Marriott-VPSFP
VPSTS,TownePlace Suites Fort Walton Beach-Eglin AFB,vpsts-towneplace-suites-fort-walton-beach-eglin-afb,Marriott-VPSTS
GNVAC,AC Hotel Gainesville Downtown,gnvac-ac-hotel-gainesville-downtown,Marriott-GNVAC
GNVCY,Courtyard Gainesville FL,gnvcy-courtyard-gainesville-fl,Marriott-GNVCY
GNVSW,Fairfield Inn & Suites Gainesville I-75,gnvsw-fairfield-inn-&-suites-gainesville-i-75,Marriott-GNVSW
GNVGI,Residence Inn Gainesville I-75,gnvgi-residence-inn-gainesville-i-75,Marriott-GNVGI
GNVSH,SpringHill Suites Gainesville,gnvsh-springhill-suites-gainesville,Marriott-GNVSH
GNVAL,Aloft Gainesville University Area,gnval-aloft-gainesville-university-area,Marriott-GNVAL
GNVNW,TownePlace Suites Gainesville Northwest,gnvnw-towneplace-suites-gainesville-northwest,Marriott-GNVNW
TPAHF,Fairfield Inn & Suites Holiday Tarpon Springs,tpahf-fairfield-inn-&-suites-holiday-tarpon-springs,Marriott-TPAHF
FLLOF,Hollywood Beach Marriott,fllof-hollywood-beach-marriott,Marriott-FLLOF
SRQAK,"Waterline Villas & Marina, Autograph Collection","srqak-waterline-villas-&-marina,-autograph-collection",Marriott-SRQAK
MIAHS,Courtyard Miami Homestead,miahs-courtyard-miami-homestead,Marriott-MIAHS
MIATM,TownePlace Suites Miami Homestead,miatm-towneplace-suites-miami-homestead,Marriott-MIATM
JAXCA,Courtyard Jacksonville Airport Northeast,jaxca-courtyard-jacksonville-airport-northeast,Marriott-JAXCA
JAXMC,Courtyard Jacksonville at the Mayo Clinic Campus/Beaches,jaxmc-courtyard-jacksonville-at-the-mayo-clinic-campus/beaches,Marriott-JAXMC
JAXCH,Courtyard Jacksonville Butler Boulevard,jaxch-courtyard-jacksonville-butler-boulevard,Marriott-JAXCH
JAXJS,Courtyard Jacksonville Flagler Center,jaxjs-courtyard-jacksonville-flagler-center,Marriott-JAXJS
JAXNE,Courtyard Jacksonville I-295/East Beltway,jaxne-courtyard-jacksonville-i-295/east-beltway,Marriott-JAXNE
JAXDE,Delta Hotels Jacksonville Deerwood,jaxde-delta-hotels-jacksonville-deerwood,Marriott-JAXDE
JAXDO,Southbank Hotel Jacksonville Riverwalk,jaxdo-southbank-hotel-jacksonville-riverwalk,Marriott-JAXDO
JAXAP,Fairfield Inn & Suites Jacksonville Airport,jaxap-fairfield-inn-&-suites-jacksonville-airport,Marriott-JAXAP
JAXBB,Fairfield Inn & Suites Jacksonville Butler Boulevard,jaxbb-fairfield-inn-&-suites-jacksonville-butler-boulevard,Marriott-JAXBB
JAXCP,Fairfield Inn & Suites Jacksonville West/Chaffee Point,jaxcp-fairfield-inn-&-suites-jacksonville-west/chaffee-point,Marriott-JAXCP
JAXFL,Marriott Jacksonville,jaxfl-marriott-jacksonville,Marriott-JAXFL
JAXMD,Marriott Jacksonville Downtown,jaxmd-marriott-jacksonville-downtown,Marriott-JAXMD
JAXRA,Residence Inn Jacksonville Airport,jaxra-residence-inn-jacksonville-airport,Marriott-JAXRA
JAXRI,Residence Inn Jacksonville Butler Boulevard,jaxri-residence-inn-jacksonville-butler-boulevard,Marriott-JAXRI
JAXRD,Residence Inn Jacksonville Downtown,jaxrd-residence-inn-jacksonville-downtown,Marriott-JAXRD
JAXVS,Residence Inn Jacksonville South/Bartram Park,jaxvs-residence-inn-jacksonville-south/bartram-park,Marriott-JAXVS
JAXRV,Residence Inn Jacksonville-Mayo Clinic Area,jaxrv-residence-inn-jacksonville-mayo-clinic-area,Marriott-JAXRV
JAXSH,SpringHill Suites Jacksonville,jaxsh-springhill-suites-jacksonville,Marriott-JAXSH
JAXJK,SpringHill Suites Jacksonville North I-95 Area,jaxjk-springhill-suites-jacksonville-north-i-95-area,Marriott-JAXJK
JAXBH,SpringHill Suites Jacksonville Baymeadows,jaxbh-springhill-suites-jacksonville-baymeadows,Marriott-JAXBH
JAXAL,Aloft Jacksonville Airport,jaxal-aloft-jacksonville-airport,Marriott-JAXAL
JAXTL,Aloft Jacksonville Tapestry Park,jaxtl-aloft-jacksonville-tapestry-park,Marriott-JAXTL
JAXFP,Four Points by Sheraton Jacksonville Baymeadows,jaxfp-four-points-by-sheraton-jacksonville-baymeadows,Marriott-JAXFP
JAXSI,Sheraton Jacksonville Hotel,jaxsi-sheraton-jacksonville-hotel,Marriott-JAXSI
JAXTP,TownePlace Suites Jacksonville Airport,jaxtp-towneplace-suites-jacksonville-airport,Marriott-JAXTP
JAXTS,TownePlace Suites Jacksonville Butler Boulevard,jaxts-towneplace-suites-jacksonville-butler-boulevard,Marriott-JAXTS
JAXSE,TownePlace Suites Jacksonville East,jaxse-towneplace-suites-jacksonville-east,Marriott-JAXSE
JAXJV,Courtyard Jacksonville Beach Oceanfront,jaxjv-courtyard-jacksonville-beach-oceanfront,Marriott-JAXJV
JAXJB,Fairfield Inn & Suites Jacksonville Beach,jaxjb-fairfield-inn-&-suites-jacksonville-beach,Marriott-JAXJB
JAXBS,SpringHill Suites Jacksonville Beach Oceanfront,jaxbs-springhill-suites-jacksonville-beach-oceanfront,Marriott-JAXBS
JAXEB,Element Jacksonville Beach,jaxeb-element-jacksonville-beach,Marriott-JAXEB
JAXBF,Four Points by Sheraton Jacksonville Beachfront,jaxbf-four-points-by-sheraton-jacksonville-beachfront,Marriott-JAXBF
PBISV,Vistana Beach Club,pbisv-vistana-beach-club,Marriott-PBISV
PBIJA,Courtyard Palm Beach Jupiter,pbija-courtyard-palm-beach-jupiter,Marriott-PBIJA
PBIJP,Fairfield Inn & Suites West Palm Beach Jupiter,pbijp-fairfield-inn-&-suites-west-palm-beach-jupiter,Marriott-PBIJP
MTHAK,"Playa Largo Resort & Spa, Autograph Collection","mthak-playa-largo-resort-&-spa,-autograph-collection",Marriott-MTHAK
MTHCY,Courtyard Key Largo,mthcy-courtyard-key-largo,Marriott-MTHCY
EYWAW,"La Concha Key West, Autograph Collection","eywaw-la-concha-key-west,-autograph-collection",Marriott-EYWAW
EYWAK,"The Saint Hotel Key West, Autograph Collection, Adult Only","eywak-the-saint-hotel-key-west,-autograph-collection,-adult-only",Marriott-EYWAK
EYWCY,Courtyard Key West Waterfront,eywcy-courtyard-key-west-waterfront,Marriott-EYWCY
EYWFI,Fairfield Inn & Suites Key West,eywfi-fairfield-inn-&-suites-key-west,Marriott-EYWFI
EYWFK,Fairfield Inn & Suites Key West at The Keys Collection,eywfk-fairfield-inn-&-suites-key-west-at-the-keys-collection,Marriott-EYWFK
EYWMC,Key West Marriott Beachside Hotel,eywmc-key-west-marriott-beachside-hotel,Marriott-EYWMC
MCODK,Delta Hotels Orlando Celebration,mcodk-delta-hotels-orlando-celebration,Marriott-MCODK
MCOKX,Fairfield Inn & Suites Orlando Kissimmee/Celebration,mcokx-fairfield-inn-&-suites-orlando-kissimmee/celebration,Marriott-MCOKX
MCOGP,Gaylord Palms Resort & Convention Center,mcogp-gaylord-palms-resort-&-convention-center,Marriott-MCOGP
MCOKK,SpringHill Suites Orlando Lake Buena Vista South,mcokk-springhill-suites-orlando-lake-buena-vista-south,Marriott-MCOKK
MCOKC,Walt Disney World Swan Reserve,mcokc-walt-disney-world-swan-reserve,Marriott-MCOKC
MCOSI,Walt Disney World Dolphin,mcosi-walt-disney-world-dolphin,Marriott-MCOSI
MCODW,Walt Disney World Swan,mcodw-walt-disney-world-swan,Marriott-MCODW
GNVCL,Courtyard Lake City,gnvcl-courtyard-lake-city,Marriott-GNVCL
GNVLC,Fairfield Inn & Suites Lake City,gnvlc-fairfield-inn-&-suites-lake-city,Marriott-GNVLC
MCOLM,Courtyard Orlando Lake Mary/North,mcolm-courtyard-orlando-lake-mary/north,Marriott-MCOLM
MCOML,Orlando Marriott Lake Mary,mcoml-orlando-marriott-lake-mary,Marriott-MCOML
MCORY,Residence Inn Orlando Lake Mary,mcory-residence-inn-orlando-lake-mary,Marriott-MCORY
MCOWL,"The Westin Lake Mary, Orlando North","mcowl-the-westin-lake-mary,-orlando-north",Marriott-MCOWL
TPALK,Courtyard Lakeland,tpalk-courtyard-lakeland,Marriott-TPALK
TPALD,Residence Inn Lakeland,tpald-residence-inn-lakeland,Marriott-TPALD
TPASL,SpringHill Suites Lakeland,tpasl-springhill-suites-lakeland,Marriott-TPASL
TPAXL,TownePlace Suites Lakeland,tpaxl-towneplace-suites-lakeland,Marriott-TPAXL
TPASK,SpringHill Suites Tampa Suncoast Parkway,tpask-springhill-suites-tampa-suncoast-parkway,Marriott-TPASK
MCOTL,TownePlace Suites Leesburg,mcotl-towneplace-suites-leesburg,Marriott-MCOTL
TPASC,Residence Inn Tampa Suncoast Parkway at NorthPointe Village,tpasc-residence-inn-tampa-suncoast-parkway-at-northpointe-village,Marriott-TPASC
TPAMB,Courtyard St. Petersburg Clearwater/Madeira Beach,tpamb-courtyard-st.-petersburg-clearwater/madeira-beach,Marriott-TPAMB
MCOON,Sheraton Orlando North Hotel,mcoon-sheraton-orlando-north-hotel,Marriott-MCOON
MTHMC,Courtyard Faro Blanco Resort,mthmc-courtyard-faro-blanco-resort,Marriott-MTHMC
MTHFI,Fairfield Inn & Suites Marathon Florida Keys,mthfi-fairfield-inn-&-suites-marathon-florida-keys,Marriott-MTHFI
MRKFL,JW Marriott Marco Island Beach Resort,mrkfl-jw-marriott-marco-island-beach-resort,Marriott-MRKFL
MRKML,Marriott's Crystal Shores,mrkml-marriott's-crystal-shores,Marriott-MRKML
DHNFI,Fairfield Inn & Suites Marianna,dhnfi-fairfield-inn-&-suites-marianna,Marriott-DHNFI
MLBCH,Courtyard Melbourne West,mlbch-courtyard-melbourne-west,Marriott-MLBCH
MLBFV,Fairfield Inn & Suites Melbourne Viera Town Center,mlbfv-fairfield-inn-&-suites-melbourne-viera-town-center,Marriott-MLBFV
MLBFI,Fairfield Inn & Suites Melbourne West/Palm Bay,mlbfi-fairfield-inn-&-suites-melbourne-west/palm-bay,Marriott-MLBFI
MLBAP,Residence Inn Melbourne,mlbap-residence-inn-melbourne,Marriott-MLBAP
MIAAB,AC Hotel Miami Brickell,miaab-ac-hotel-miami-brickell,Marriott-MIAAB
MIACD,AC Hotel Miami Dadeland,miacd-ac-hotel-miami-dadeland,Marriott-MIACD
MIAAW,AC Hotel Miami Wynwood,miaaw-ac-hotel-miami-wynwood,Marriott-MIAAW
MIAAX,"Hotel Beaux Arts, Autograph Collection","miaax-hotel-beaux-arts,-autograph-collection",Marriott-MIAAX
MIACS,Courtyard Miami Airport,miacs-courtyard-miami-airport,Marriott-MIACS
MIACA,Courtyard Miami Airport West/Doral,miaca-courtyard-miami-airport-west/doral,Marriott-MIACA
MIADM,Courtyard Miami at Dolphin Mall,miadm-courtyard-miami-at-dolphin-mall,Marriott-MIADM
MIAGV,Courtyard Miami Coconut Grove,miagv-courtyard-miami-coconut-grove,Marriott-MIAGV
MIACY,Courtyard Miami Dadeland,miacy-courtyard-miami-dadeland,Marriott-MIACY
MIADT,Courtyard Miami Downtown/Brickell Area,miadt-courtyard-miami-downtown/brickell-area,Marriott-MIADT
MIAFS,Courtyard Miami West/FL Turnpike,miafs-courtyard-miami-west/fl-turnpike,Marriott-MIAFS
MIAPT,Fairfield Inn & Suites Miami Airport South,miapt-fairfield-inn-&-suites-miami-airport-south,Marriott-MIAPT
MIAMJ,JW Marriott Marquis Miami,miamj-jw-marriott-marquis-miami,Marriott-MIAMJ
MIAJW,JW Marriott Miami,miajw-jw-marriott-miami,Marriott-MIAJW
MIADA,Marriott's Villas at Doral,miada-marriott's-villas-at-doral,Marriott-MIADA
MIAAP,Miami Airport Marriott,miaap-miami-airport-marriott,Marriott-MIAAP
MIABB,Miami Marriott Biscayne Bay,miabb-miami-marriott-biscayne-bay,Marriott-MIABB
MIADD,Miami Marriott Dadeland,miadd-miami-marriott-dadeland,Marriott-MIADD
MIAAS,Residence Inn Miami Airport,miaas-residence-inn-miami-airport,Marriott-MIAAS
MIARW,Residence Inn Miami West/FL Turnpike,miarw-residence-inn-miami-west/fl-turnpike,Marriott-MIARW
MIALG,SpringHill Suites by Marriott Miami Airport South Blue Lagoon Area,mialg-springhill-suites-by-marriott-miami-airport-south-blue-lagoon-area,Marriott-MIALG
MIAMS,SpringHill Suites Miami Doral,miams-springhill-suites-miami-doral,Marriott-MIAMS
MIAHD,SpringHill Suites Miami Downtown/Medical Center,miahd-springhill-suites-miami-downtown/medical-center,Marriott-MIAHD
MIARZ,"The Ritz-Carlton Coconut Grove, Miami","miarz-the-ritz-carlton-coconut-grove,-miami",Marriott-MIARZ
MIAKB,"The Ritz-Carlton Key Biscayne, Miami","miakb-the-ritz-carlton-key-biscayne,-miami",Marriott-MIAKB
MIABA,Aloft Miami - Brickell,miaba-aloft-miami---brickell,Marriott-MIABA
MIALA,Aloft Miami Airport,miala-aloft-miami-airport,Marriott-MIALA
MIAMD,Aloft Miami Dadeland,miamd-aloft-miami-dadeland,Marriott-MIAMD
MIAEK,Element Miami Brickell,miaek-element-miami-brickell,Marriott-MIAEK
MIAEM,Element Miami Doral,miaem-element-miami-doral,Marriott-MIAEM
MIAEL,Element Miami International Airport,miael-element-miami-international-airport,Marriott-MIAEL
MIAFA,Four Points by Sheraton Miami Airport,miafa-four-points-by-sheraton-miami-airport,Marriott-MIAFA
MIAES,Sheraton Miami Airport Hotel & Executive Meeting Center,miaes-sheraton-miami-airport-hotel-&-executive-meeting-center,Marriott-MIAES
MIASA,TownePlace Suites Miami Airport,miasa-towneplace-suites-miami-airport,Marriott-MIASA
MIATA,TownePlace Suites Miami Airport West/Doral Area,miata-towneplace-suites-miami-airport-west/doral-area,Marriott-MIATA
MIASW,TownePlace Suites Miami Kendall West,miasw-towneplace-suites-miami-kendall-west,Marriott-MIASW
MIAWM,W Miami,miawm-w-miami,Marriott-MIAWM
MIAAC,AC Hotel Miami Beach,miaac-ac-hotel-miami-beach,Marriott-MIAAC
MIAKC,"Cadillac Hotel & Beach Club, Autograph Collection","miakc-cadillac-hotel-&-beach-club,-autograph-collection",Marriott-MIAKC
MIAAK,"Winter Haven, Autograph Collection","miaak-winter-haven,-autograph-collection",Marriott-MIAAK
MIACB,Courtyard Miami Beach South Beach,miacb-courtyard-miami-beach-south-beach,Marriott-MIACB
MIAEB,The Miami Beach EDITION,miaeb-the-miami-beach-edition,Marriott-MIAEB
MIAMB,Marriott Stanton South Beach,miamb-marriott-stanton-south-beach,Marriott-MIAMB
MIAMV,"Marriott Vacation Club, South Beach","miamv-marriott-vacation-club,-south-beach",Marriott-MIAMV
MIAOX,Moxy Miami South Beach,miaox-moxy-miami-south-beach,Marriott-MIAOX
MIACH,Residence Inn Miami Beach South Beach,miach-residence-inn-miami-beach-south-beach,Marriott-MIACH
MIASB,"The Ritz-Carlton, South Beach","miasb-the-ritz-carlton,-south-beach",Marriott-MIASB
MIATX,"Royal Palm South Beach Miami, a Tribute Portfolio Resort","miatx-royal-palm-south-beach-miami,-a-tribute-portfolio-resort",Marriott-MIATX
MIAWS,W South Beach,miaws-w-south-beach,Marriott-MIAWS
MIATS,TownePlace Suites Miami Lakes,miats-towneplace-suites-miami-lakes,Marriott-MIATS
FLLMM,Courtyard Fort Lauderdale SW/Miramar,fllmm-courtyard-fort-lauderdale-sw/miramar,Marriott-FLLMM
FLLMR,Residence Inn Fort Lauderdale SW/Miramar,fllmr-residence-inn-fort-lauderdale-sw/miramar,Marriott-FLLMR
FLLWM,SpringHill Suites Fort Lauderdale Miramar,fllwm-springhill-suites-fort-lauderdale-miramar,Marriott-FLLWM
RSWNP,Courtyard Naples,rswnp-courtyard-naples,Marriott-RSWNP
RSWFS,Fairfield Inn & Suites Naples,rswfs-fairfield-inn-&-suites-naples,Marriott-RSWFS
RSWNA,Residence Inn Naples,rswna-residence-inn-naples,Marriott-RSWNA
RSWNS,SpringHill Suites Naples,rswns-springhill-suites-naples,Marriott-RSWNS
RSWGR,"The Ritz-Carlton Naples, Tiburón","rswgr-the-ritz-carlton-naples,-tiburón",Marriott-RSWGR
RSWRZ,"The Ritz-Carlton, Naples","rswrz-the-ritz-carlton,-naples",Marriott-RSWRZ
RSWTS,TownePlace Suites Naples,rswts-towneplace-suites-naples,Marriott-RSWTS
VPSSH,SpringHill Suites Navarre Beach,vpssh-springhill-suites-navarre-beach,Marriott-VPSSH
DABSH,SpringHill Suites New Smyrna Beach,dabsh-springhill-suites-new-smyrna-beach,Marriott-DABSH
VPSTN,TownePlace Suites by Marriott Niceville Eglin AFB Area,vpstn-towneplace-suites-by-marriott-niceville-eglin-afb-area,Marriott-VPSTN
GNVOC,Courtyard Ocala,gnvoc-courtyard-ocala,Marriott-GNVOC
GNVFO,Fairfield Inn & Suites Ocala,gnvfo-fairfield-inn-&-suites-ocala,Marriott-GNVFO
GNVRI,Residence Inn Ocala,gnvri-residence-inn-ocala,Marriott-GNVRI
GNVSC,SpringHill Suites Ocala,gnvsc-springhill-suites-ocala,Marriott-GNVSC
GNVOT,TownePlace Suites Ocala,gnvot-towneplace-suites-ocala,Marriott-GNVOT
MCOOF,Fairfield Inn & Suites Orlando Ocoee,mcoof-fairfield-inn-&-suites-orlando-ocoee,Marriott-MCOOF
TPAOL,Courtyard Tampa Oldsmar,tpaol-courtyard-tampa-oldsmar,Marriott-TPAOL
TPAOD,Residence Inn Tampa Oldsmar,tpaod-residence-inn-tampa-oldsmar,Marriott-TPAOD
JAXCO,Courtyard Jacksonville Orange Park,jaxco-courtyard-jacksonville-orange-park,Marriott-JAXCO
JAXOP,Fairfield Inn & Suites Jacksonville Orange Park,jaxop-fairfield-inn-&-suites-jacksonville-orange-park,Marriott-JAXOP
MCOAD,AC Hotel Orlando Downtown,mcoad-ac-hotel-orlando-downtown,Marriott-MCOAD
MCOAB,AC Hotel Orlando Lake Buena Vista,mcoab-ac-hotel-orlando-lake-buena-vista,Marriott-MCOAB
MCOCA,"Castle Hotel, Autograph Collection","mcoca-castle-hotel,-autograph-collection",Marriott-MCOCA
MCOAK,"Grand Bohemian Orlando, Autograph Collection","mcoak-grand-bohemian-orlando,-autograph-collection",Marriott-MCOAK
MCOCH,Courtyard Orlando Airport,mcoch-courtyard-orlando-airport,Marriott-MCOCH
MCOLL,Courtyard Orlando Altamonte Springs/Maitland,mcoll-courtyard-orlando-altamonte-springs/maitland,Marriott-MCOLL
MCOMA,Courtyard Orlando Downtown,mcoma-courtyard-orlando-downtown,Marriott-MCOMA
MCOCE,Courtyard Orlando East/UCF Area,mcoce-courtyard-orlando-east/ucf-area,Marriott-MCOCE
MCOOI,Courtyard Orlando International Drive/Convention Center,mcooi-courtyard-orlando-international-drive/convention-center,Marriott-MCOOI
MCOBN,Courtyard Orlando Lake Buena Vista at Vista Centre,mcobn-courtyard-orlando-lake-buena-vista-at-vista-centre,Marriott-MCOBN
MCOLY,Courtyard Orlando Lake Buena Vista in the Marriott Village,mcoly-courtyard-orlando-lake-buena-vista-in-the-marriott-village,Marriott-MCOLY
MCOLC,Courtyard Orlando Lake Nona,mcolc-courtyard-orlando-lake-nona,Marriott-MCOLC
MCOYC,Courtyard Orlando South/Grande Lakes Area,mcoyc-courtyard-orlando-south/grande-lakes-area,Marriott-MCOYC
MCODE,Delta Hotels Orlando Lake Buena Vista,mcode-delta-hotels-orlando-lake-buena-vista,Marriott-MCODE
MCOFW,Fairfield Inn & Suites Orlando at SeaWorld®,mcofw-fairfield-inn-&-suites-orlando-at-seaworld®,Marriott-MCOFW
MCOUC,Fairfield Inn & Suites Orlando East/UCF Area,mcouc-fairfield-inn-&-suites-orlando-east/ucf-area,Marriott-MCOUC
MCOWF,Fairfield Inn & Suites Orlando International Drive/Convention Center,mcowf-fairfield-inn-&-suites-orlando-international-drive/convention-center,Marriott-MCOWF
MCOFV,Fairfield Inn & Suites Orlando Lake Buena Vista,mcofv-fairfield-inn-&-suites-orlando-lake-buena-vista,Marriott-MCOFV
MCOLZ,Fairfield Inn & Suites Orlando Lake Buena Vista in the Marriott Village,mcolz-fairfield-inn-&-suites-orlando-lake-buena-vista-in-the-marriott-village,Marriott-MCOLZ
MCOUS,Fairfield Inn & Suites Orlando Near Universal Orlando Resort,mcous-fairfield-inn-&-suites-orlando-near-universal-orlando-resort,Marriott-MCOUS
MCOFA,Fairfield Inn Orlando Airport,mcofa-fairfield-inn-orlando-airport,Marriott-MCOFA
MCOJB,JW Marriott Orlando Bonnet Creek Resort & Spa,mcojb-jw-marriott-orlando-bonnet-creek-resort-&-spa,Marriott-MCOJB
MCOJW,"JW Marriott Orlando, Grande Lakes","mcojw-jw-marriott-orlando,-grande-lakes",Marriott-MCOJW
MCOAP,Marriott Orlando Airport Lakeside,mcoap-marriott-orlando-airport-lakeside,Marriott-MCOAP
MCODO,Marriott Orlando Downtown,mcodo-marriott-orlando-downtown,Marriott-MCODO
MCOCY,Marriott's Cypress Harbour Villas,mcocy-marriott's-cypress-harbour-villas,Marriott-MCOCY
MCOGV,Marriott's Grande Vista,mcogv-marriott's-grande-vista,Marriott-MCOGV
MCOHO,Marriott's Harbour Lake,mcoho-marriott's-harbour-lake,Marriott-MCOHO
MCOIP,Marriott's Imperial Palms Villas,mcoip-marriott's-imperial-palms-villas,Marriott-MCOIP
MCOLR,Marriott's Lakeshore Reserve,mcolr-marriott's-lakeshore-reserve,Marriott-MCOLR
MCORP,Marriott's Royal Palms,mcorp-marriott's-royal-palms,Marriott-MCORP
MCOSP,Marriott's Sabal Palms,mcosp-marriott's-sabal-palms,Marriott-MCOSP
MCOWC,Orlando World Center Marriott,mcowc-orlando-world-center-marriott,Marriott-MCOWC
MCOSV,"Sheraton Vistana Resort Villas, Lake Buena Vista/Orlando","mcosv-sheraton-vistana-resort-villas,-lake-buena-vista/orlando",Marriott-MCOSV
MCOSE,"Sheraton Vistana Villages Resort Villas, I-Drive/Orlando","mcose-sheraton-vistana-villages-resort-villas,-i-drive/orlando",Marriott-MCOSE
MCORA,Renaissance Orlando Airport Hotel,mcora-renaissance-orlando-airport-hotel,Marriott-MCORA
MCOSR,Renaissance Orlando at SeaWorld®,mcosr-renaissance-orlando-at-seaworld®,Marriott-MCOSR
MCOTW,Residence Inn Near Universal Orlando,mcotw-residence-inn-near-universal-orlando,Marriott-MCOTW
MCOAR,Residence Inn Orlando Airport,mcoar-residence-inn-orlando-airport,Marriott-MCOAR
MCOYR,Residence Inn Orlando at Millenia,mcoyr-residence-inn-orlando-at-millenia,Marriott-MCOYR
MCOSW,Residence Inn Orlando at SeaWorld,mcosw-residence-inn-orlando-at-seaworld,Marriott-MCOSW
MCOCV,Residence Inn Orlando Convention Center,mcocv-residence-inn-orlando-convention-center,Marriott-MCOCV
MCOZD,Residence Inn Orlando Downtown,mcozd-residence-inn-orlando-downtown,Marriott-MCOZD
MCORE,Residence Inn Orlando East/UCF Area,mcore-residence-inn-orlando-east/ucf-area,Marriott-MCORE
MCORL,Residence Inn Orlando Lake Buena Vista,mcorl-residence-inn-orlando-lake-buena-vista,Marriott-MCORL
MCOLN,Residence Inn Orlando Lake Nona,mcoln-residence-inn-orlando-lake-nona,Marriott-MCOLN
MCOSA,SpringHill Suites Orlando Airport,mcosa-springhill-suites-orlando-airport,Marriott-MCOSA
MCOYS,SpringHill Suites Orlando at Millenia,mcoys-springhill-suites-orlando-at-millenia,Marriott-MCOYS
MCOSS,SpringHill Suites Orlando at SeaWorld,mcoss-springhill-suites-orlando-at-seaworld,Marriott-MCOSS
MCOSC,SpringHill Suites Orlando Convention Center/International Drive Area,mcosc-springhill-suites-orlando-convention-center/international-drive-area,Marriott-MCOSC
MCOLX,SpringHill Suites Orlando Lake Buena Vista in the Marriott Village,mcolx-springhill-suites-orlando-lake-buena-vista-in-the-marriott-village,Marriott-MCOLX
MCOSN,SpringHill Suites Orlando Lake Nona,mcosn-springhill-suites-orlando-lake-nona,Marriott-MCOSN
MCOXW,SpringHill Suites Orlando Theme Parks/Lake Buena Vista,mcoxw-springhill-suites-orlando-theme-parks/lake-buena-vista,Marriott-MCOXW
MCORZ,"The Ritz-Carlton Orlando, Grande Lakes","mcorz-the-ritz-carlton-orlando,-grande-lakes",Marriott-MCORZ
MCORO,"The Ritz-Carlton Residences, Orlando, Grande Lakes","mcoro-the-ritz-carlton-residences,-orlando,-grande-lakes",Marriott-MCORO
MCODL,Aloft Orlando Downtown,mcodl-aloft-orlando-downtown,Marriott-MCODL
MCOAE,Aloft Orlando International Drive,mcoae-aloft-orlando-international-drive,Marriott-MCOAE
MCOAV,Aloft Orlando Lake Buena Vista,mcoav-aloft-orlando-lake-buena-vista,Marriott-MCOAV
MCONL,Aloft Orlando Lake Nona,mconl-aloft-orlando-lake-nona,Marriott-MCONL
MCOEW,Element Orlando International Drive,mcoew-element-orlando-international-drive,Marriott-MCOEW
MCOEO,Element Orlando Universal Blvd.,mcoeo-element-orlando-universal-blvd.,Marriott-MCOEO
MCOPW,Four Points by Sheraton Orlando Convention Center,mcopw-four-points-by-sheraton-orlando-convention-center,Marriott-MCOPW
MCOFP,Four Points by Sheraton Orlando International Drive,mcofp-four-points-by-sheraton-orlando-international-drive,Marriott-MCOFP
MCOBS,Sheraton Orlando Lake Buena Vista Resort,mcobs-sheraton-orlando-lake-buena-vista-resort,Marriott-MCOBS
MCOOR,Sheraton Suites Orlando Airport,mcoor-sheraton-suites-orlando-airport,Marriott-MCOOR
MCOTA,TownePlace Suites Orlando Airport,mcota-towneplace-suites-orlando-airport,Marriott-MCOTA
MCOYW,TownePlace Suites Orlando at SeaWorld®,mcoyw-towneplace-suites-orlando-at-seaworld®,Marriott-MCOYW
MCOTO,TownePlace Suites Orlando Downtown,mcoto-towneplace-suites-orlando-downtown,Marriott-MCOTO
MCOTS,TownePlace Suites Orlando East/UCF Area,mcots-towneplace-suites-orlando-east/ucf-area,Marriott-MCOTS
MCOTE,TownePlace Suites Orlando Southwest Near Universal,mcote-towneplace-suites-orlando-southwest-near-universal,Marriott-MCOTE
MCOWE,TownePlace Suites Orlando Theme Parks/Lake Buena Vista,mcowe-towneplace-suites-orlando-theme-parks/lake-buena-vista,Marriott-MCOWE
MCOST,"Hotel Landy Orlando Universal Blvd., a Tribute Portfolio™ Hotel","mcost-hotel-landy-orlando-universal-blvd.,-a-tribute-portfolio™-hotel",Marriott-MCOST
MCOTU,"The Celeste Hotel, Orlando, a Tribute Portfolio Hotel","mcotu-the-celeste-hotel,-orlando,-a-tribute-portfolio-hotel",Marriott-MCOTU
PBIAH,Tideline Ocean Resort & Spa,pbiah-tideline-ocean-resort-&-spa,Marriott-PBIAH
PBIFF,Fairfield Inn & Suites Palm Beach,pbiff-fairfield-inn-&-suites-palm-beach,Marriott-PBIFF
PBIPG,Palm Beach Gardens Marriott,pbipg-palm-beach-gardens-marriott,Marriott-PBIPG
PBIGR,Residence Inn Palm Beach Gardens,pbigr-residence-inn-palm-beach-gardens,Marriott-PBIGR
PBIPS,Marriott's Ocean Pointe,pbips-marriott's-ocean-pointe,Marriott-PBIPS
DABPC,Fairfield Inn & Suites Palm Coast I-95,dabpc-fairfield-inn-&-suites-palm-coast-i-95,Marriott-DABPC
PFNCY,Courtyard Panama City,pfncy-courtyard-panama-city,Marriott-PFNCY
PFNLE,Marriott's Legends Edge at Bay Point,pfnle-marriott's-legends-edge-at-bay-point,Marriott-PFNLE
PFNTS,TownePlace Suites Panama City,pfnts-towneplace-suites-panama-city,Marriott-PFNTS
PFNFI,Fairfield Inn & Suites Panama City Beach,pfnfi-fairfield-inn-&-suites-panama-city-beach,Marriott-PFNFI
PFNSH,SpringHill Suites Panama City Beach Beachfront,pfnsh-springhill-suites-panama-city-beach-beachfront,Marriott-PFNSH
PFNTP,TownePlace Suites Panama City Beach Pier Park,pfntp-towneplace-suites-panama-city-beach-pier-park,Marriott-PFNTP
FLLPE,Fairfield Inn & Suites Fort Lauderdale Pembroke Pines,fllpe-fairfield-inn-&-suites-fort-lauderdale-pembroke-pines,Marriott-FLLPE
PNSCY,Courtyard Pensacola,pnscy-courtyard-pensacola,Marriott-PNSCY
PNSPC,Courtyard Pensacola Downtown,pnspc-courtyard-pensacola-downtown,Marriott-PNSPC
PNSCW,Courtyard Pensacola I-10 West,pnscw-courtyard-pensacola-i-10-west,Marriott-PNSCW
PNSFF,Fairfield Inn & Suites Pensacola Pine Forest,pnsff-fairfield-inn-&-suites-pensacola-pine-forest,Marriott-PNSFF
PNSFI,Fairfield Inn Pensacola I-10,pnsfi-fairfield-inn-pensacola-i-10,Marriott-PNSFI
PNSRP,Residence Inn Pensacola Airport/Medical Center,pnsrp-residence-inn-pensacola-airport/medical-center,Marriott-PNSRP
PNSDT,Residence Inn Pensacola Downtown,pnsdt-residence-inn-pensacola-downtown,Marriott-PNSDT
PNSPS,SpringHill Suites Pensacola,pnsps-springhill-suites-pensacola,Marriott-PNSPS
PNSTS,TownePlace Suites Pensacola,pnsts-towneplace-suites-pensacola,Marriott-PNSTS
PNSFB,Fairfield Inn & Suites Pensacola Beach,pnsfb-fairfield-inn-&-suites-pensacola-beach,Marriott-PNSFB
PNSPB,SpringHill Suites Pensacola Beach,pnspb-springhill-suites-pensacola-beach,Marriott-PNSPB
TPAPC,Fairfield Inn & Suites Lakeland Plant City,tpapc-fairfield-inn-&-suites-lakeland-plant-city,Marriott-TPAPC
TPAPT,TownePlace Suites Plant City,tpapt-towneplace-suites-plant-city,Marriott-TPAPT
FLLPL,Courtyard Fort Lauderdale City of Plantation,fllpl-courtyard-fort-lauderdale-city-of-plantation,Marriott-FLLPL
FLLRP,Renaissance Fort Lauderdale West Hotel,fllrp-renaissance-fort-lauderdale-west-hotel,Marriott-FLLRP
FLLPT,Residence Inn Fort Lauderdale  City of Plantation,fllpt-residence-inn-fort-lauderdale--city-of-plantation,Marriott-FLLPT
FLLSI,Sheraton Suites Fort Lauderdale West,fllsi-sheraton-suites-fort-lauderdale-west,Marriott-FLLSI
FLLPM,Fort Lauderdale Marriott Pompano Beach Resort,fllpm-fort-lauderdale-marriott-pompano-beach-resort,Marriott-FLLPM
FLLXB,Residence Inn Fort Lauderdale Pompano Beach Central,fllxb-residence-inn-fort-lauderdale-pompano-beach-central,Marriott-FLLXB
FLLPB,Residence Inn Fort Lauderdale Pompano Beach/Oceanfront,fllpb-residence-inn-fort-lauderdale-pompano-beach/oceanfront,Marriott-FLLPB
JAXSW,Sawgrass Marriott Golf Resort & Spa,jaxsw-sawgrass-marriott-golf-resort-&-spa,Marriott-JAXSW
PBICP,Courtyard Port St. Lucie Tradition,pbicp-courtyard-port-st.-lucie-tradition,Marriott-PBICP
PBISP,"Sheraton PGA Vacation Resort, Port St. Lucie","pbisp-sheraton-pga-vacation-resort,-port-st.-lucie",Marriott-PBISP
PBITL,TownePlace Suites Port St. Lucie I-95,pbitl-towneplace-suites-port-st.-lucie-i-95,Marriott-PBITL
JENPS,Residence Inn Port St. Lucie,jenps-residence-inn-port-st.-lucie,Marriott-JENPS
JENSH,SpringHill Suites Port St. Lucie,jensh-springhill-suites-port-st.-lucie,Marriott-JENSH
RSWPG,SpringHill Suites Punta Gorda Harborside,rswpg-springhill-suites-punta-gorda-harborside,Marriott-RSWPG
RSWFP,Four Points by Sheraton Punta Gorda Harborside,rswfp-four-points-by-sheraton-punta-gorda-harborside,Marriott-RSWFP
TPAFR,Fairfield Inn & Suites Tampa Riverview,tpafr-fairfield-inn-&-suites-tampa-riverview,Marriott-TPAFR
PBISN,Marriott's Oceana Palms,pbisn-marriott's-oceana-palms,Marriott-PBISN
PBISG,Palm Beach Marriott Singer Island Beach Resort & Spa,pbisg-palm-beach-marriott-singer-island-beach-resort-&-spa,Marriott-PBISG
TPAPK,"The Vinoy Resort & Golf Club, Autograph Collection","tpapk-the-vinoy-resort-&-golf-club,-autograph-collection",Marriott-TPAPK
MCOSH,SpringHill Suites Orlando North/Sanford,mcosh-springhill-suites-orlando-north/sanford,Marriott-MCOSH
SRQSA,"Art Ovation Hotel, Autograph Collection","srqsa-art-ovation-hotel,-autograph-collection",Marriott-SRQSA
SRQCY,Courtyard Sarasota Bradenton Airport,srqcy-courtyard-sarasota-bradenton-airport,Marriott-SRQCY
SRQBT,Courtyard Sarasota at University Town Center,srqbt-courtyard-sarasota-at-university-town-center,Marriott-SRQBT
SRQRI,Residence Inn Sarasota Bradenton,srqri-residence-inn-sarasota-bradenton,Marriott-SRQRI
SRQSH,SpringHill Suites Sarasota Bradenton,srqsh-springhill-suites-sarasota-bradenton,Marriott-SRQSH
SRQRZ,"The Ritz-Carlton, Sarasota","srqrz-the-ritz-carlton,-sarasota",Marriott-SRQRZ
SRQAL,Aloft Sarasota,srqal-aloft-sarasota,Marriott-SRQAL
SRQTX,"The Sarasota Modern, a Tribute Portfolio Hotel","srqtx-the-sarasota-modern,-a-tribute-portfolio-hotel",Marriott-SRQTX
SRQWI,The Westin Sarasota,srqwi-the-westin-sarasota,Marriott-SRQWI
SEFRI,Residence Inn Sebring,sefri-residence-inn-sebring,Marriott-SEFRI
VPSFI,Fairfield Inn & Suites Fort Walton Beach-Eglin AFB,vpsfi-fairfield-inn-&-suites-fort-walton-beach-eglin-afb,Marriott-VPSFI
JAXRJ,Renaissance St. Augustine Historic Downtown Hotel,jaxrj-renaissance-st.-augustine-historic-downtown-hotel,Marriott-JAXRJ
TPAPA,AC Hotel St. Petersburg Downtown,tpapa-ac-hotel-st.-petersburg-downtown,Marriott-TPAPA
TPASN,Fairfield Inn & Suites St Petersburg North,tpasn-fairfield-inn-&-suites-st-petersburg-north,Marriott-TPASN
JAXAK,"Casa Monica Resort & Spa, Autograph Collection","jaxak-casa-monica-resort-&-spa,-autograph-collection",Marriott-JAXAK
JAXCB,Courtyard St. Augustine Beach,jaxcb-courtyard-st.-augustine-beach,Marriott-JAXCB
JAXCS,Courtyard St. Augustine I-95,jaxcs-courtyard-st.-augustine-i-95,Marriott-JAXCS
JAXST,Fairfield Inn & Suites St. Augustine I-95,jaxst-fairfield-inn-&-suites-st.-augustine-i-95,Marriott-JAXST
JAXBR,World Golf Village Renaissance St. Augustine Resort,jaxbr-world-golf-village-renaissance-st.-augustine-resort,Marriott-JAXBR
TPASD,Courtyard St. Petersburg Downtown,tpasd-courtyard-st.-petersburg-downtown,Marriott-TPASD
TPASB,St. Petersburg Marriott Clearwater,tpasb-st.-petersburg-marriott-clearwater,Marriott-TPASB
PBIST,Courtyard Stuart,pbist-courtyard-stuart,Marriott-PBIST
PBIIR,"Marriott Hutchinson Island Beach Resort, Golf & Marina","pbiir-marriott-hutchinson-island-beach-resort,-golf-&-marina",Marriott-PBIIR
MIANM,Residence Inn Miami Sunny Isles Beach,mianm-residence-inn-miami-sunny-isles-beach,Marriott-MIANM
FLLAS,AC Hotel Fort Lauderdale Sawgrass Mills/Sunrise,fllas-ac-hotel-fort-lauderdale-sawgrass-mills/sunrise,Marriott-FLLAS
MIAXB,Residence Inn Miami Beach Surfside,miaxb-residence-inn-miami-beach-surfside,Marriott-MIAXB
TLHAC,AC Hotel Tallahassee Universities at the Capitol,tlhac-ac-hotel-tallahassee-universities-at-the-capitol,Marriott-TLHAC
TLHAK,"Hotel Duval, Autograph Collection","tlhak-hotel-duval,-autograph-collection",Marriott-TLHAK
TLHCH,Courtyard Tallahassee Downtown/Capitol,tlhch-courtyard-tallahassee-downtown/capitol,Marriott-TLHCH
TLHCY,Courtyard Tallahassee North/I-10 Capital Circle,tlhcy-courtyard-tallahassee-north/i-10-capital-circle,Marriott-TLHCY
TLHEC,Fairfield Inn & Suites Tallahassee Central,tlhec-fairfield-inn-&-suites-tallahassee-central,Marriott-TLHEC
TLHFI,Fairfield Inn Tallahassee North/I-10,tlhfi-fairfield-inn-tallahassee-north/i-10,Marriott-TLHFI
TLHRI,Residence Inn Tallahassee North/I-10 Capital Circle,tlhri-residence-inn-tallahassee-north/i-10-capital-circle,Marriott-TLHRI
TLHDT,Residence Inn Tallahassee Universities at the Capitol,tlhdt-residence-inn-tallahassee-universities-at-the-capitol,Marriott-TLHDT
TLHSE,SpringHill Suites Tallahassee Central,tlhse-springhill-suites-tallahassee-central,Marriott-TLHSE
TLHST,SpringHill Suites Tallahassee North,tlhst-springhill-suites-tallahassee-north,Marriott-TLHST
TLHAL,Aloft Tallahassee Downtown,tlhal-aloft-tallahassee-downtown,Marriott-TLHAL
TLHFP,Four Points by Sheraton Tallahassee Downtown,tlhfp-four-points-by-sheraton-tallahassee-downtown,Marriott-TLHFP
TLHTS,TownePlace Suites Tallahassee North/Capital Circle,tlhts-towneplace-suites-tallahassee-north/capital-circle,Marriott-TLHTS
FLLFN,Fairfield Inn & Suites Fort Lauderdale Northwest,fllfn-fairfield-inn-&-suites-fort-lauderdale-northwest,Marriott-FLLFN
TPAAC,AC Hotel Tampa Airport,tpaac-ac-hotel-tampa-airport,Marriott-TPAAC
TPAAK,"Epicurean Hotel, Autograph Collection","tpaak-epicurean-hotel,-autograph-collection",Marriott-TPAAK
TPARO,"The CURRENT Hotel, Autograph Collection","tparo-the-current-hotel,-autograph-collection",Marriott-TPARO
TPABR,Courtyard Tampa Brandon,tpabr-courtyard-tampa-brandon,Marriott-TPABR
TPADT,Courtyard Tampa Downtown,tpadt-courtyard-tampa-downtown,Marriott-TPADT
TPACY,Courtyard Tampa North/I-75 Fletcher,tpacy-courtyard-tampa-north/i-75-fletcher,Marriott-TPACY
TPANW,Courtyard Tampa Northwest/Veterans Expressway,tpanw-courtyard-tampa-northwest/veterans-expressway,Marriott-TPANW
TPAWT,Courtyard Tampa Westshore/Airport,tpawt-courtyard-tampa-westshore/airport,Marriott-TPAWT
TPAEB,The Tampa EDITION,tpaeb-the-tampa-edition,Marriott-TPAEB
TPAFI,Fairfield Inn & Suites Tampa Brandon,tpafi-fairfield-inn-&-suites-tampa-brandon,Marriott-TPAFI
TPAEF,Fairfield Inn & Suites Tampa Fairgrounds/Casino,tpaef-fairfield-inn-&-suites-tampa-fairgrounds/casino,Marriott-TPAEF
TPAWA,Fairfield Inn & Suites Tampa Westshore/Airport,tpawa-fairfield-inn-&-suites-tampa-westshore/airport,Marriott-TPAWA
TPAJD,JW Marriott Tampa Water Street,tpajd-jw-marriott-tampa-water-street,Marriott-TPAJD
TPAWE,Marriott Tampa Westshore,tpawe-marriott-tampa-westshore,Marriott-TPAWE
TPAAP,Tampa Airport Marriott,tpaap-tampa-airport-marriott,Marriott-TPAAP
TPAMC,Tampa Marriott Water Street,tpamc-tampa-marriott-water-street,Marriott-TPAMC
TPAIM,Renaissance Tampa International Plaza Hotel,tpaim-renaissance-tampa-international-plaza-hotel,Marriott-TPAIM
TPARI,Residence Inn Tampa at USF/Medical Center,tpari-residence-inn-tampa-at-usf/medical-center,Marriott-TPARI
TPATD,Residence Inn Tampa Downtown,tpatd-residence-inn-tampa-downtown,Marriott-TPATD
TPASP,Residence Inn Tampa Sabal Park/Brandon,tpasp-residence-inn-tampa-sabal-park/brandon,Marriott-TPASP
TPAWS,Residence Inn Tampa Westshore/Airport,tpaws-residence-inn-tampa-westshore/airport,Marriott-TPAWS
TPABN,SpringHill Suites Tampa Brandon,tpabn-springhill-suites-tampa-brandon,Marriott-TPABN
TPANP,SpringHill Suites Tampa North/I-75 Tampa Palms,tpanp-springhill-suites-tampa-north/i-75-tampa-palms,Marriott-TPANP
TPASH,SpringHill Suites Tampa Westshore Airport,tpash-springhill-suites-tampa-westshore-airport,Marriott-TPASH
TPATL,Aloft Tampa Downtown,tpatl-aloft-tampa-downtown,Marriott-TPATL
TPAAL,Aloft Tampa Midtown,tpaal-aloft-tampa-midtown,Marriott-TPAAL
TPAEL,Element Tampa Midtown,tpael-element-tampa-midtown,Marriott-TPAEL
TPAFP,Four Points by Sheraton Suites Tampa Airport Westshore,tpafp-four-points-by-sheraton-suites-tampa-airport-westshore,Marriott-TPAFP
TPAMD,"Le Méridien Tampa, The Courthouse","tpamd-le-méridien-tampa,-the-courthouse",Marriott-TPAMD
TPAEA,Sheraton Tampa Brandon Hotel,tpaea-sheraton-tampa-brandon-hotel,Marriott-TPAEA
TPAIF,TownePlace Suites Tampa Casino Area,tpaif-towneplace-suites-tampa-casino-area,Marriott-TPAIF
TPATN,TownePlace Suites Tampa North/I-75 Fletcher,tpatn-towneplace-suites-tampa-north/i-75-fletcher,Marriott-TPATN
TPAXT,TownePlace Suites Tampa South,tpaxt-towneplace-suites-tampa-south,Marriott-TPAXT
TPATW,TownePlace Suites Tampa Westshore/Airport,tpatw-towneplace-suites-tampa-westshore/airport,Marriott-TPATW
TPAGR,"The Westshore Grand, A Tribute Portfolio Hotel, Tampa","tpagr-the-westshore-grand,-a-tribute-portfolio-hotel,-tampa",Marriott-TPAGR
TPAWI,The Westin Tampa Bay,tpawi-the-westin-tampa-bay,Marriott-TPAWI
TPAWH,The Westin Tampa Waterside,tpawh-the-westin-tampa-waterside,Marriott-TPAWH
TPATT,Fairfield Inn & Suites Tampa North,tpatt-fairfield-inn-&-suites-tampa-north,Marriott-TPATT
LEETS,TownePlace Suites The Villages,leets-towneplace-suites-the-villages,Marriott-LEETS
TPAVR,Residence Inn St. Petersburg Tierra Verde,tpavr-residence-inn-st.-petersburg-tierra-verde,Marriott-TPAVR
TIXCY,Courtyard Titusville Kennedy Space Center,tixcy-courtyard-titusville-kennedy-space-center,Marriott-TIXCY
TIXFI,Fairfield Inn & Suites Titusville Kennedy Space Center,tixfi-fairfield-inn-&-suites-titusville-kennedy-space-center,Marriott-TIXFI
TIXTS,TownePlace Suites Titusville Kennedy Space Center,tixts-towneplace-suites-titusville-kennedy-space-center,Marriott-TIXTS
TPATI,Residence Inn St. Petersburg Treasure Island,tpati-residence-inn-st.-petersburg-treasure-island,Marriott-TPATI
SRQVC,Fairfield Inn & Suites Venice,srqvc-fairfield-inn-&-suites-venice,Marriott-SRQVC
SRQTV,TownePlace Suites Venice,srqtv-towneplace-suites-venice,Marriott-SRQTV
JENFI,Fairfield Inn & Suites Vero Beach,jenfi-fairfield-inn-&-suites-vero-beach,Marriott-JENFI
MLBVB,SpringHill Suites Vero Beach,mlbvb-springhill-suites-vero-beach,Marriott-MLBVB
PBIFW,Fairfield Inn & Suites Wellington-West Palm Beach,pbifw-fairfield-inn-&-suites-wellington-west-palm-beach,Marriott-PBIFW
TPAYC,Fairfield Inn & Suites Tampa Wesley Chapel,tpayc-fairfield-inn-&-suites-tampa-wesley-chapel,Marriott-TPAYC
TPARH,Residence Inn Tampa Wesley Chapel,tparh-residence-inn-tampa-wesley-chapel,Marriott-TPARH
PBIAK,"The Ben, Autograph Collection","pbiak-the-ben,-autograph-collection",Marriott-PBIAK
PBICH,Courtyard West Palm Beach,pbich-courtyard-west-palm-beach,Marriott-PBICH
PBICY,Courtyard West Palm Beach Airport,pbicy-courtyard-west-palm-beach-airport,Marriott-PBICY
PBIFP,Fairfield Inn & Suites West Palm Beach,pbifp-fairfield-inn-&-suites-west-palm-beach,Marriott-PBIFP
PBIMC,West Palm Beach Marriott,pbimc-west-palm-beach-marriott,Marriott-PBIMC
PBIPB,Residence Inn West Palm Beach,pbipb-residence-inn-west-palm-beach,Marriott-PBIPB
PBIRD,Residence Inn West Palm Beach Downtown,pbird-residence-inn-west-palm-beach-downtown,Marriott-PBIRD
PBIWI,SpringHill Suites West Palm Beach I-95,pbiwi-springhill-suites-west-palm-beach-i-95,Marriott-PBIWI
FLLWC,Courtyard Fort Lauderdale Weston,fllwc-courtyard-fort-lauderdale-weston,Marriott-FLLWC
FLLWT,Residence Inn Fort Lauderdale Weston,fllwt-residence-inn-fort-lauderdale-weston,Marriott-FLLWT
FLLTW,TownePlace Suites Fort Lauderdale Weston,flltw-towneplace-suites-fort-lauderdale-weston,Marriott-FLLTW
MCOFR,Fairfield Inn & Suites Orlando at FLAMINGO CROSSINGS® Town Center,mcofr-fairfield-inn-&-suites-orlando-at-flamingo-crossings®-town-center,Marriott-MCOFR
MCORF,Residence Inn Orlando at FLAMINGO CROSSINGS® Town Center,mcorf-residence-inn-orlando-at-flamingo-crossings®-town-center,Marriott-MCORF
MCOFM,SpringHill Suites Orlando at FLAMINGO CROSSINGS® Town Center/Western Entrance,mcofm-springhill-suites-orlando-at-flamingo-crossings®-town-center/western-entrance,Marriott-MCOFM
MCOCR,TownePlace Suites Orlando at FLAMINGO CROSSINGS® Town Center/Western Entrance,mcocr-towneplace-suites-orlando-at-flamingo-crossings®-town-center/western-entrance,Marriott-MCOCR
MCOCW,Courtyard Winter Haven,mcocw-courtyard-winter-haven,Marriott-MCOCW
MCOWS,SpringHill Suites Winter Park,mcows-springhill-suites-winter-park,Marriott-MCOWS
CHIGR,Residence Inn Chicago Downtown Magnificent Mile,chigr-residence-inn-chicago-downtown-magnificent-mile,Marriott-CHIGR
PITCS,SpringHill Suites Canfield,pitcs-springhill-suites-canfield,Marriott-PITCS
PITCP,TownePlace Suites Canfield,pitcp-towneplace-suites-canfield,Marriott-PITCP
MEMAH,SpringHill Suites Arlington TN,memah-springhill-suites-arlington-tn,Marriott-MEMAH
ACTAC,AC Hotel Waco Downtown,actac-ac-hotel-waco-downtown,Marriott-ACTAC
MHTFA,Fairfield Inn Amesbury,mhtfa-fairfield-inn-amesbury,Marriott-MHTFA
MHTCH,Courtyard Boston Andover,mhtch-courtyard-boston-andover,Marriott-MHTCH
BOSAD,Residence Inn Boston Andover,bosad-residence-inn-boston-andover,Marriott-BOSAD
BOSAV,SpringHill Suites Boston Andover,bosav-springhill-suites-boston-andover,Marriott-BOSAV
BOSAW,Fairfield Inn & Suites Worcester Auburn,bosaw-fairfield-inn-&-suites-worcester-auburn,Marriott-BOSAW
BOSBB,Courtyard Boston Billerica/Bedford,bosbb-courtyard-boston-billerica/bedford,Marriott-BOSBB
BOSAB,AC Hotel Boston Cleveland Circle,bosab-ac-hotel-boston-cleveland-circle,Marriott-BOSAB
BOSCD,AC Hotel Boston Downtown,boscd-ac-hotel-boston-downtown,Marriott-BOSCD
BOSAK,"The Envoy Hotel, Autograph Collection","bosak-the-envoy-hotel,-autograph-collection",Marriott-BOSAK
BOSDT,Courtyard Boston Copley Square,bosdt-courtyard-boston-copley-square,Marriott-BOSDT
BOSDM,Courtyard Boston Downtown,bosdm-courtyard-boston-downtown,Marriott-BOSDM
BOSNE,Courtyard Boston Downtown/North Station,bosne-courtyard-boston-downtown/north-station,Marriott-BOSNE
BOSLA,Courtyard Boston Logan Airport,bosla-courtyard-boston-logan-airport,Marriott-BOSLA
BOSSO,Courtyard Boston-South Boston,bosso-courtyard-boston-south-boston,Marriott-BOSSO
BOSCO,Boston Marriott Copley Place,bosco-boston-marriott-copley-place,Marriott-BOSCO
BOSLW,Boston Marriott Long Wharf,boslw-boston-marriott-long-wharf,Marriott-BOSLW
BOSCH,"Marriott Vacation Club at Custom House, Boston","bosch-marriott-vacation-club-at-custom-house,-boston",Marriott-BOSCH
BOSOX,Moxy Boston Downtown,bosox-moxy-boston-downtown,Marriott-BOSOX
BOSWF,Renaissance Boston Seaport District,boswf-renaissance-boston-seaport-district,Marriott-BOSWF
BOSFN,Residence Inn Boston Back Bay/Fenway,bosfn-residence-inn-boston-back-bay/fenway,Marriott-BOSFN
BOSFP,Residence Inn Boston Downtown/Seaport,bosfp-residence-inn-boston-downtown/seaport,Marriott-BOSFP
BOSTW,Residence Inn Boston Harbor on Tudor Wharf,bostw-residence-inn-boston-harbor-on-tudor-wharf,Marriott-BOSTW
BOSRT,"The Ritz-Carlton, Boston","bosrt-the-ritz-carlton,-boston",Marriott-BOSRT
BOSAL,Aloft Boston Seaport District,bosal-aloft-boston-seaport-district,Marriott-BOSAL
BOSEL,Element Boston Seaport District,bosel-element-boston-seaport-district,Marriott-BOSEL
BOSLC,"The Liberty, a Luxury Collection Hotel, Boston","boslc-the-liberty,-a-luxury-collection-hotel,-boston",Marriott-BOSLC
BOSBO,Sheraton Boston Hotel,bosbo-sheraton-boston-hotel,Marriott-BOSBO
BOSWH,W Boston,boswh-w-boston,Marriott-BOSWH
BOSOW,The Westin Boston Seaport District,bosow-the-westin-boston-seaport-district,Marriott-BOSOW
BOSWI,"The Westin Copley Place, Boston","boswi-the-westin-copley-place,-boston",Marriott-BOSWI
BOSRR,Residence Inn Boston Braintree,bosrr-residence-inn-boston-braintree,Marriott-BOSRR
EWBBW,Residence Inn Boston Bridgewater,ewbbw-residence-inn-boston-bridgewater,Marriott-EWBBW
BOSBC,Residence Inn Boston Brockton/Easton,bosbc-residence-inn-boston-brockton/easton,Marriott-BOSBC
BOSBL,Courtyard Boston Brookline,bosbl-courtyard-boston-brookline,Marriott-BOSBL
BOSBU,Boston Marriott Burlington,bosbu-boston-marriott-burlington,Marriott-BOSBU
BOSXR,Residence Inn Boston Burlington,bosxr-residence-inn-boston-burlington,Marriott-BOSXR
BOSAR,AC Hotel Boston Cambridge,bosar-ac-hotel-boston-cambridge,Marriott-BOSAR
BOSCY,Courtyard Boston Cambridge,boscy-courtyard-boston-cambridge,Marriott-BOSCY
BOSBG,Fairfield Inn & Suites Boston Cambridge,bosbg-fairfield-inn-&-suites-boston-cambridge,Marriott-BOSBG
BOSCB,Boston Marriott Cambridge,boscb-boston-marriott-cambridge,Marriott-BOSCB
BOSCM,Residence Inn Boston Cambridge,boscm-residence-inn-boston-cambridge,Marriott-BOSCM
BOSBM,Le Méridien Boston Cambridge,bosbm-le-méridien-boston-cambridge,Marriott-BOSBM
BOSCS,Sheraton Commander Hotel,boscs-sheraton-commander-hotel,Marriott-BOSCS
BOSFL,Fairfield Inn & Suites Boston Logan Airport/Chelsea,bosfl-fairfield-inn-&-suites-boston-logan-airport/chelsea,Marriott-BOSFL
BOSCR,Residence Inn Boston Logan Airport/Chelsea,boscr-residence-inn-boston-logan-airport/chelsea,Marriott-BOSCR
BOSCL,TownePlace Suites Boston Logan Airport/Chelsea,boscl-towneplace-suites-boston-logan-airport/chelsea,Marriott-BOSCL
BDLCP,Residence Inn Springfield Chicopee,bdlcp-residence-inn-springfield-chicopee,Marriott-BDLCP
BOSRD,Residence Inn Boston Concord,bosrd-residence-inn-boston-concord,Marriott-BOSRD
BOSDN,Residence Inn Boston North Shore/Danvers,bosdn-residence-inn-boston-north-shore/danvers,Marriott-BOSDN
BOSDH,Fairfield Inn Boston Dedham,bosdh-fairfield-inn-boston-dedham,Marriott-BOSDH
BOSDE,Residence Inn Boston Dedham,bosde-residence-inn-boston-dedham,Marriott-BOSDE
BOSSD,SpringHill Suites Devens Common Center,bossd-springhill-suites-devens-common-center,Marriott-BOSSD
CYMFP,Four Points by Sheraton Eastham Cape Cod,cymfp-four-points-by-sheraton-eastham-cape-cod,Marriott-CYMFP
BOSPP,Renaissance Boston Patriot Place Hotel,bospp-renaissance-boston-patriot-place-hotel,Marriott-BOSPP
BOSFX,Residence Inn Boston Foxborough,bosfx-residence-inn-boston-foxborough,Marriott-BOSFX
BOSHF,Fairfield Inn & Suites Framingham,boshf-fairfield-inn-&-suites-framingham,Marriott-BOSHF
BOSFM,Residence Inn Boston Framingham,bosfm-residence-inn-boston-framingham,Marriott-BOSFM
BOSAF,Aloft Framingham,bosaf-aloft-framingham,Marriott-BOSAF
BOSFS,Sheraton Framingham Hotel & Conference Center,bosfs-sheraton-framingham-hotel-&-conference-center,Marriott-BOSFS
BOSHT,TownePlace Suites Framingham,bosht-towneplace-suites-framingham,Marriott-BOSHT
BOSFR,Residence Inn Boston Franklin,bosfr-residence-inn-boston-franklin,Marriott-BOSFR
GBRFI,Fairfield Inn & Suites Great Barrington Lenox/Berkshires,gbrfi-fairfield-inn-&-suites-great-barrington-lenox/berkshires,Marriott-GBRFI
BDLHD,Courtyard Hadley Amherst,bdlhd-courtyard-hadley-amherst,Marriott-BDLHD
BDLHO,Fairfield Inn & Suites Springfield Holyoke,bdlho-fairfield-inn-&-suites-springfield-holyoke,Marriott-BDLHO
HYACY,Courtyard Cape Cod Hyannis,hyacy-courtyard-cape-cod-hyannis,Marriott-HYACY
HYAFI,Fairfield Inn & Suites Cape Cod Hyannis,hyafi-fairfield-inn-&-suites-cape-cod-hyannis,Marriott-HYAFI
GBRCY,Courtyard Lenox Berkshires,gbrcy-courtyard-lenox-berkshires,Marriott-GBRCY
BOSXL,Aloft Lexington,bosxl-aloft-lexington,Marriott-BOSXL
BOSEX,Element Lexington,bosex-element-lexington,Marriott-BOSEX
BOSLT,Courtyard Boston Littleton,boslt-courtyard-boston-littleton,Marriott-BOSLT
PVDFM,Fairfield Inn & Suites Mansfield,pvdfm-fairfield-inn-&-suites-mansfield,Marriott-PVDFM
BOSMD,Courtyard Boston Marlborough,bosmd-courtyard-boston-marlborough,Marriott-BOSMD
BOSMF,Fairfield Inn & Suites Boston Marlborough/Apex Center,bosmf-fairfield-inn-&-suites-boston-marlborough/apex-center,Marriott-BOSMF
BOSMB,Residence Inn Boston Marlborough,bosmb-residence-inn-boston-marlborough,Marriott-BOSMB
BOSAC,AC Hotel Boston North,bosac-ac-hotel-boston-north,Marriott-BOSAC
BOSFO,Fairfield Boston Medford,bosfo-fairfield-boston-medford,Marriott-BOSFO
BOSTO,TownePlace Suites Boston Medford,bosto-towneplace-suites-boston-medford,Marriott-BOSTO
PYMFM,Fairfield Inn & Suites Raynham Middleborough/Plymouth,pymfm-fairfield-inn-&-suites-raynham-middleborough/plymouth,Marriott-PYMFM
BOSNM,Fairfield Inn & Suites Boston Milford,bosnm-fairfield-inn-&-suites-boston-milford,Marriott-BOSNM
BOSNF,Courtyard Boston Natick,bosnf-courtyard-boston-natick,Marriott-BOSNF
BOSRN,Residence Inn Boston Natick,bosrn-residence-inn-boston-natick,Marriott-BOSRN
BOSNH,Residence Inn Boston Needham,bosnh-residence-inn-boston-needham,Marriott-BOSNH
BOSSI,Sheraton Boston Needham Hotel,bossi-sheraton-boston-needham-hotel,Marriott-BOSSI
EWBFI,Fairfield Inn & Suites New Bedford,ewbfi-fairfield-inn-&-suites-new-bedford,Marriott-EWBFI
BOSNT,Boston Marriott Newton,bosnt-boston-marriott-newton,Marriott-BOSNT
BOSPN,Four Points by Sheraton Boston Newton,bospn-four-points-by-sheraton-boston-newton,Marriott-BOSPN
BOSEN,Element Chelmsford,bosen-element-chelmsford,Marriott-BOSEN
EWBRI,Residence Inn New Bedford Dartmouth,ewbri-residence-inn-new-bedford-dartmouth,Marriott-EWBRI
BDLNH,Fairfield Inn & Suites Springfield Northampton/Amherst,bdlnh-fairfield-inn-&-suites-springfield-northampton/amherst,Marriott-BDLNH
BOSNW,Courtyard Boston Norwood/Canton,bosnw-courtyard-boston-norwood/canton,Marriott-BOSNW
BOSBW,Residence Inn Boston Norwood/Canton,bosbw-residence-inn-boston-norwood/canton,Marriott-BOSBW
BOSOF,Four Points by Sheraton Norwood,bosof-four-points-by-sheraton-norwood,Marriott-BOSOF
BOSPB,Boston Marriott Peabody,bospb-boston-marriott-peabody,Marriott-BOSPB
BOSPY,SpringHill Suites Boston Peabody,bospy-springhill-suites-boston-peabody,Marriott-BOSPY
EWBPF,Fairfield Inn & Suites Plymouth,ewbpf-fairfield-inn-&-suites-plymouth,Marriott-EWBPF
BOSQU,Marriott Boston Quincy,bosqu-marriott-boston-quincy,Marriott-BOSQU
PVDRY,Courtyard Boston Raynham,pvdry-courtyard-boston-raynham,Marriott-PVDRY
BOSSR,SpringHill Suites Boston Logan Airport Revere Beach,bossr-springhill-suites-boston-logan-airport-revere-beach,Marriott-BOSSR
BOSLF,Four Points by Sheraton Boston Logan Airport Revere,boslf-four-points-by-sheraton-boston-logan-airport-revere,Marriott-BOSLF
BOSRO,Residence Inn Boston Downtown/South End,bosro-residence-inn-boston-downtown/south-end,Marriott-BOSRO
EWBFS,Fairfield Inn & Suites Somerset,ewbfs-fairfield-inn-&-suites-somerset,Marriott-EWBFS
BOSSV,"The Row Hotel at Assembly Row, Autograph Collection","bossv-the-row-hotel-at-assembly-row,-autograph-collection",Marriott-BOSSV
BDLMS,Marriott Springfield Downtown,bdlms-marriott-springfield-downtown,Marriott-BDLMS
BDLSM,Sheraton Springfield Monarch Place Hotel,bdlsm-sheraton-springfield-monarch-place-hotel,Marriott-BDLSM
BOSSY,Fairfield Inn Boston Sudbury,bossy-fairfield-inn-boston-sudbury,Marriott-BOSSY
BOSFT,Fairfield Inn Boston Tewksbury/Andover,bosft-fairfield-inn-boston-tewksbury/andover,Marriott-BOSFT
BOSBT,Residence Inn Boston Tewksbury/Andover,bosbt-residence-inn-boston-tewksbury/andover,Marriott-BOSBT
BOSFF,Four Points by Sheraton Wakefield Boston Hotel & Conference Center,bosff-four-points-by-sheraton-wakefield-boston-hotel-&-conference-center,Marriott-BOSFF
BOSPO,Fairfield Inn & Suites Boston Walpole,bospo-fairfield-inn-&-suites-boston-walpole,Marriott-BOSPO
BOSWM,Courtyard Boston Waltham,boswm-courtyard-boston-waltham,Marriott-BOSWM
BOSWL,Fairfield Inn & Suites Boston Waltham,boswl-fairfield-inn-&-suites-boston-waltham,Marriott-BOSWL
BOSWA,Residence Inn Boston Waltham,boswa-residence-inn-boston-waltham,Marriott-BOSWA
BOSWW,The Westin Waltham Boston,bosww-the-westin-waltham-boston,Marriott-BOSWW
PYMTS,TownePlace Suites Wareham Buzzards Bay,pymts-towneplace-suites-wareham-buzzards-bay,Marriott-PYMTS
BOSWX,Residence Inn Boston Watertown,boswx-residence-inn-boston-watertown,Marriott-BOSWX
BDLCW,Courtyard West Springfield,bdlcw-courtyard-west-springfield,Marriott-BDLCW
BDLRW,Residence Inn West Springfield,bdlrw-residence-inn-west-springfield,Marriott-BDLRW
BOSBR,Courtyard Boston Westborough,bosbr-courtyard-boston-westborough,Marriott-BOSBR
BOSRW,Residence Inn Boston Westford,bosrw-residence-inn-boston-westford,Marriott-BOSRW
BOSTP,TownePlace Suites Westport,bostp-towneplace-suites-westport,Marriott-BOSTP
BOSYW,Courtyard Boston Dedham/Westwood,bosyw-courtyard-boston-dedham/westwood,Marriott-BOSYW
ALBFW,Fairfield Inn & Suites Williamstown,albfw-fairfield-inn-&-suites-williamstown,Marriott-ALBFW
BOSCW,Courtyard Boston Woburn/Boston North,boscw-courtyard-boston-woburn/boston-north,Marriott-BOSCW
BOSFW,Fairfield Inn Boston Woburn/Burlington,bosfw-fairfield-inn-boston-woburn/burlington,Marriott-BOSFW
BOSWO,Residence Inn Boston Woburn,boswo-residence-inn-boston-woburn,Marriott-BOSWO
BOSWN,AC Hotel Worcester,boswn-ac-hotel-worcester,Marriott-BOSWN
BOSWR,Courtyard Worcester,boswr-courtyard-worcester,Marriott-BOSWR
BOSRI,Residence Inn Worcester,bosri-residence-inn-worcester,Marriott-BOSRI
BOSSW,SpringHill Suites Wrentham Plainville,bossw-springhill-suites-wrentham-plainville,Marriott-BOSSW
BOSTV,TownePlace Suites Wrentham Plainville,bostv-towneplace-suites-wrentham-plainville,Marriott-BOSTV
EBBFP,Four Points by Sheraton Kampala,ebbfp-four-points-by-sheraton-kampala,Marriott-EBBFP
HYDWH,The Westin Hyderabad Hitec City,hydwh-the-westin-hyderabad-hitec-city,Marriott-HYDWH
IXEMC,Coorg Marriott Resort & Spa,ixemc-coorg-marriott-resort-&-spa,Marriott-IXEMC
JKTFA,Fairfield by Marriott Jakarta Soekarno-Hatta Airport,jktfa-fairfield-by-marriott-jakarta-soekarno-hatta-airport,Marriott-JKTFA
FUKFI,Fairfield by Marriott Fukuoka Ukiha,fukfi-fairfield-by-marriott-fukuoka-ukiha,Marriott-FUKFI
CSXYF,Fairfield by Marriott Changsha Yuelu,csxyf-fairfield-by-marriott-changsha-yuelu,Marriott-CSXYF
NTGFP,"Four Points by Sheraton Nantong, Haimen","ntgfp-four-points-by-sheraton-nantong,-haimen",Marriott-NTGFP
NGBOX,Moxy Ningbo Old Bund,ngbox-moxy-ningbo-old-bund,Marriott-NGBOX
HGHMC,Shaoxing Marriott Hotel Shangyu,hghmc-shaoxing-marriott-hotel-shangyu,Marriott-HGHMC
YNTAY,Aloft Yantai,yntay-aloft-yantai,Marriott-YNTAY
YNTWI,The Westin Yantai,yntwi-the-westin-yantai,Marriott-YNTWI
SINNV,Aloft Singapore Novena,sinnv-aloft-singapore-novena,Marriott-SINNV
DADHA,Renaissance Hoi An Resort & Spa,dadha-renaissance-hoi-an-resort-&-spa,Marriott-DADHA
SDQCD,Courtyard Santo Domingo Piantini,sdqcd-courtyard-santo-domingo-piantini,Marriott-SDQCD
FKBLL,Moxy Karlsruhe,fkbll-moxy-karlsruhe,Marriott-FKBLL
SKGTM,"The Met Hotel, a Member of Design Hotels™","skgtm-the-met-hotel,-a-member-of-design-hotels™",Marriott-SKGTM
ROMCK,"Cardo Roma, Autograph Collection","romck-cardo-roma,-autograph-collection",Marriott-ROMCK
CTAOP,"Ortea Palace Hotel, Sicily, Autograph Collection","ctaop-ortea-palace-hotel,-sicily,-autograph-collection",Marriott-CTAOP
PMINP,"Nobis Hotel Palma, a Member of Design Hotels™","pminp-nobis-hotel-palma,-a-member-of-design-hotels™",Marriott-PMINP
LPABS,"Bohemia Suites & Spa, a Member of Design Hotels™","lpabs-bohemia-suites-&-spa,-a-member-of-design-hotels™",Marriott-LPABS
BUDKC,"Dorothea Hotel, Budapest, Autograph Collection","budkc-dorothea-hotel,-budapest,-autograph-collection",Marriott-BUDKC
YYZDH,Delta Hotels Toronto Markham,yyzdh-delta-hotels-toronto-markham,Marriott-YYZDH
SANGE,Gaylord Pacific Resort & Convention Center,sange-gaylord-pacific-resort-&-convention-center,Marriott-SANGE
SFOLV,Fairfield Inn & Suites Livermore,sfolv-fairfield-inn-&-suites-livermore,Marriott-SFOLV
LAXDK,"Hotel Per La, Autograph Collection","laxdk-hotel-per-la,-autograph-collection",Marriott-LAXDK
SJCCN,Courtyard Modesto North,sjccn-courtyard-modesto-north,Marriott-SJCCN
LAXPM,TownePlace Suites Monrovia,laxpm-towneplace-suites-monrovia,Marriott-LAXPM
OAKPT,TownePlace Suites Pleasanton,oakpt-towneplace-suites-pleasanton,Marriott-OAKPT
SMFAC,AC Hotel Sacramento,smfac-ac-hotel-sacramento,Marriott-SMFAC
SMFNN,Aloft Sacramento Airport Natomas,smfnn-aloft-sacramento-airport-natomas,Marriott-SMFNN
MTJFI,Fairfield Inn & Suites Montrose,mtjfi-fairfield-inn-&-suites-montrose,Marriott-MTJFI
JAXAE,AC Hotel Jacksonville St Johns Town Center,jaxae-ac-hotel-jacksonville-st-johns-town-center,Marriott-JAXAE
RSWAC,AC Hotel Naples 5th Avenue,rswac-ac-hotel-naples-5th-avenue,Marriott-RSWAC
PNSTP,TownePlace Suites Pensacola West I-10,pnstp-towneplace-suites-pensacola-west-i-10,Marriott-PNSTP
TPASX,Moxy St. Petersburg Downtown,tpasx-moxy-st.-petersburg-downtown,Marriott-TPASX
TPADS,SpringHill Suites Tampa Downtown,tpads-springhill-suites-tampa-downtown,Marriott-TPADS
ATLFH,Fairfield Inn & Suites Alpharetta Avalon Area,atlfh-fairfield-inn-&-suites-alpharetta-avalon-area,Marriott-ATLFH
CHAEH,SpringHill Suites Ellijay,chaeh-springhill-suites-ellijay,Marriott-CHAEH
ATLFX,"Trilith Guesthouse, Fayetteville, GA, A Tribute Portfolio Hotel","atlfx-trilith-guesthouse,-fayetteville,-ga,-a-tribute-portfolio-hotel",Marriott-ATLFX
lasgm,MGM Grand Hotel & Casino,lasgm-mgm-grand-hotel-&-casino,Marriott-lasgm
lasex,"Excalibur Hotel & Casino, MGM Collection","lasex-excalibur-hotel-&-casino,-mgm-collection",Marriott-lasex
lassg,The Signature at MGM Grand,lassg-the-signature-at-mgm-grand,Marriott-lassg
lasvd,"Vdara Hotel & Spa, MGM Collection","lasvd-vdara-hotel-&-spa,-mgm-collection",Marriott-lasvd
laslx,"Luxor Hotel & Casino, MGM Collection","laslx-luxor-hotel-&-casino,-mgm-collection",Marriott-laslx
lasmb,"Mandalay Bay Resort and Casino, MGM Collection","lasmb-mandalay-bay-resort-and-casino,-mgm-collection",Marriott-lasmb
lasbl,"Bellagio, a Luxury Collection Resort & Casino, Las Vegas","lasbl-bellagio,-a-luxury-collection-resort-&-casino,-las-vegas",Marriott-lasbl
lasco,"The Cosmopolitan of Las Vegas, Autograph Collection","lasco-the-cosmopolitan-of-las-vegas,-autograph-collection",Marriott-lasco
lasar,"ARIA Resort & Casino, Autograph Collection","lasar-aria-resort-&-casino,-autograph-collection",Marriott-lasar
laspm,"Park MGM Las Vegas, a Tribute Portfolio Resort","laspm-park-mgm-las-vegas,-a-tribute-portfolio-resort",Marriott-laspm
gptbr,"Beau Rivage Resort & Casino, MGM Collection","gptbr-beau-rivage-resort-&-casino,-mgm-collection",Marriott-gptbr
acybg,"Borgata Hotel Casino & Spa, MGM Collection","acybg-borgata-hotel-casino-&-spa,-mgm-collection",Marriott-acybg
dtwmg,MGM Grand Detroit,dtwmg-mgm-grand-detroit,Marriott-dtwmg
bdlmg,MGM Springfield,bdlmg-mgm-springfield,Marriott-bdlmg
wasgm,MGM National Harbor,wasgm-mgm-national-harbor,Marriott-wasgm
lasny,"New York-New York Hotel & Casino, MGM Collection","lasny-new-york-new-york-hotel-&-casino,-mgm-collection",Marriott-lasny
ABIHN,SpringHill Suites Abilene Northeast,abihn-springhill-suites-abilene-northeast,Marriott-ABIHN
ABISW,TownePlace Suites Abilene Southwest,abisw-towneplace-suites-abilene-southwest,Marriott-ABISW
AALXF,Four Points Flex by Sheraton Aalborg,aalxf-four-points-flex-by-sheraton-aalborg,Marriott-AALXF
AANFP,Four Points by Sheraton Al Ain,aanfp-four-points-by-sheraton-al-ain,Marriott-AANFP
AARSF,Four Points Flex by Sheraton Aarhus Skejby,aarsf-four-points-flex-by-sheraton-aarhus-skejby,Marriott-AARSF
AARVF,Four Points Flex by Sheraton Aarhus Viby,aarvf-four-points-flex-by-sheraton-aarhus-viby,Marriott-AARVF
ABEDT,TownePlace Suites by Marriott Allentown West,abedt-towneplace-suites-by-marriott-allentown-west,Marriott-ABEDT
ABEEH,Springhill Suites Easton PA,abeeh-springhill-suites-easton-pa,Marriott-ABEEH
ABEFA,Fairfield Inn & Suites Bethlehem PA,abefa-fairfield-inn-&-suites-bethlehem-pa,Marriott-ABEFA
ABEXD,Moxy Allentown Downtown,abexd-moxy-allentown-downtown,Marriott-ABEXD
ABQEL,Element Albuquerque Uptown,abqel-element-albuquerque-uptown,Marriott-ABQEL
ABQUF,Fairfield Inn & Suites Albuquerque Uptown,abquf-fairfield-inn-&-suites-albuquerque-uptown,Marriott-ABQUF
ABQUT,TownePlace Suites Albuquerque Uptown,abqut-towneplace-suites-albuquerque-uptown,Marriott-ABQUT
ACHGT,"Gasthaus Traube, a Member of Design Hotels™","achgt-gasthaus-traube,-a-member-of-design-hotels™",Marriott-ACHGT
ACTHF,Fairfield Inn & Suites Hillsboro,acthf-fairfield-inn-&-suites-hillsboro,Marriott-ACTHF
ACYBG,"Borgata Hotel Casino & Spa, MGM Collection","acybg-borgata-hotel-casino-&-spa,-mgm-collection",Marriott-ACYBG
ACYTX,"The Seahaus Hotel, Atlantic City, a Tribute Portfolio Hotel","acytx-the-seahaus-hotel,-atlantic-city,-a-tribute-portfolio-hotel",Marriott-ACYTX
ADLMC,Adelaide Marriott Hotel,adlmc-adelaide-marriott-hotel,Marriott-ADLMC
AGPHT,"Salitre Hotel Malaga Centro, Sonder","agpht-salitre-hotel-malaga-centro,-sonder",Marriott-AGPHT
AGSGF,Fairfield by Marriott® Inn & Suites Grovetown,agsgf-fairfield-by-marriott®-inn-&-suites-grovetown,Marriott-AGSGF
AGSGP,TownePlace Suites by Marriott® Grovetown,agsgp-towneplace-suites-by-marriott®-grovetown,Marriott-AGSGP
AGUJC,City Express Junior by Marriott Aguascalientes Centro,agujc-city-express-junior-by-marriott-aguascalientes-centro,Marriott-AGUJC
AGUXS,City Express by Marriott Aguascalientes Sur,aguxs-city-express-by-marriott-aguascalientes-sur,Marriott-AGUXS
ALBCS,AC Hotel Saratoga Springs,albcs-ac-hotel-saratoga-springs,Marriott-ALBCS
ALBCX,Postcard Cabins Eastern Catskills,albcx-postcard-cabins-eastern-catskills,Marriott-ALBCX
ALBLE,Element Lenox Berkshires,alble-element-lenox-berkshires,Marriott-ALBLE
ALBSC,"Scribner's Catskill Lodge, a Member of Design Hotels™","albsc-scribner's-catskill-lodge,-a-member-of-design-hotels™",Marriott-ALBSC
ALCFP,Four Points by Sheraton Costa Blanca,alcfp-four-points-by-sheraton-costa-blanca,Marriott-ALCFP
ALCFV,Four Points Costa Blanca Villas,alcfv-four-points-costa-blanca-villas,Marriott-ALCFV
AMDLM,Le Meridien Ahmedabad,amdlm-le-meridien-ahmedabad,Marriott-AMDLM
AMSBI,Corendon Apartments Amsterdam Schiphol Airport,amsbi-corendon-apartments-amsterdam-schiphol-airport,Marriott-AMSBI
AMSHP,"Park House Hotel Museum Quarter, Sonder","amshp-park-house-hotel-museum-quarter,-sonder",Marriott-AMSHP
AMSVT,"Corendon Amsterdam Schiphol Airport, a Tribute Portfolio Hotel","amsvt-corendon-amsterdam-schiphol-airport,-a-tribute-portfolio-hotel",Marriott-AMSVT
ANROX,Moxy Antwerp,anrox-moxy-antwerp,Marriott-ANROX
ANURC,"Royalton CHIC Antigua, an Autograph Collection All-Inclusive Resort - Adults Only","anurc-royalton-chic-antigua,-an-autograph-collection-all-inclusive-resort---adults-only",Marriott-ANURC
AQACY,CY Empower Training Hotel,aqacy-cy-empower-training-hotel,Marriott-AQACY
AQAFI,FI Empower Training Hotel,aqafi-fi-empower-training-hotel,Marriott-AQAFI
AQAFP,BRT FP FOR TESTING ONLY,aqafp-brt-fp-for-testing-only,Marriott-AQAFP
AQAIF,BRT IF FOR TESTING ONLY,aqaif-brt-if-for-testing-only,Marriott-AQAIF
AQALC,BRT LC FOR TESTING ONLY,aqalc-brt-lc-for-testing-only,Marriott-AQALC
AQAMC,EMPOWER Training Hotel Marriott,aqamc-empower-training-hotel-marriott,Marriott-AQAMC
AQAMV,MV Empower,aqamv-mv-empower,Marriott-AQAMV
AQARI,RI Empower,aqari-ri-empower,Marriott-AQARI
AQASI,BRT SI FOR TESTING ONLY,aqasi-brt-si-for-testing-only,Marriott-AQASI
AQAVB,BRT VB SI FOR TESTING ONLY,aqavb-brt-vb-si-for-testing-only,Marriott-AQAVB
ASUTX,"Yacht & Golf Club Paraguayo, a Tribute Portfolio Resort","asutx-yacht-&-golf-club-paraguayo,-a-tribute-portfolio-resort",Marriott-ASUTX
ATHPH,"Perianth Hotel, a Member of Design Hotels™","athph-perianth-hotel,-a-member-of-design-hotels™",Marriott-ATHPH
ATLAY,Courtyard Athens Downtown,atlay-courtyard-athens-downtown,Marriott-ATLAY
ATLBZ,SpringHill Suites Braselton,atlbz-springhill-suites-braselton,Marriott-ATLBZ
ATLCF,Fairfield Inn & Suites Cornelia,atlcf-fairfield-inn-&-suites-cornelia,Marriott-ATLCF
ATLDL,Element Atlanta Perimeter Center,atldl-element-atlanta-perimeter-center,Marriott-ATLDL
ATLDX,Moxy Atlanta Downtown,atldx-moxy-atlanta-downtown,Marriott-ATLDX
ATLGC,Courtyard Atlanta Covington,atlgc-courtyard-atlanta-covington,Marriott-ATLGC
ATLSQ,Postcard Cabins Chattahoochee,atlsq-postcard-cabins-chattahoochee,Marriott-ATLSQ
ATLTF,TownePlace Suites Atlanta Fairburn,atltf-towneplace-suites-atlanta-fairburn,Marriott-ATLTF
ATLUP,Four Points by Sheraton College Park Atlanta Airport,atlup-four-points-by-sheraton-college-park-atlanta-airport,Marriott-ATLUP
ATLVE,Element Cartersville,atlve-element-cartersville,Marriott-ATLVE
ATLXD,City Express by Marriott Duluth,atlxd-city-express-by-marriott-duluth,Marriott-ATLXD
ATLYN,Courtyard Atlanta Dunwoody,atlyn-courtyard-atlanta-dunwoody,Marriott-ATLYN
ATLYR,Residence Inn Atlanta Peachtree City,atlyr-residence-inn-atlanta-peachtree-city,Marriott-ATLYR
ATWOM,Oshkosh Marriott Waterfront Hotel & Convention Center,atwom-oshkosh-marriott-waterfront-hotel-&-convention-center,Marriott-ATWOM
ATWWU,Postcard Cabins Wild Rose,atwwu-postcard-cabins-wild-rose,Marriott-ATWWU
AUAXR,The St. Regis Aruba Resort,auaxr-the-st.-regis-aruba-resort,Marriott-AUAXR
AUSAF,Sonder East 5th Apartments East Austin,ausaf-sonder-east-5th-apartments-east-austin,Marriott-AUSAF
AUSAU,Element North Austin Tech Ridge,ausau-element-north-austin-tech-ridge,Marriott-AUSAU
AUSBR,"Downright Austin, A Renaissance Hotel","ausbr-downright-austin,-a-renaissance-hotel",Marriott-AUSBR
AUSGR,Residence Inn Georgetown,ausgr-residence-inn-georgetown,Marriott-AUSGR
AUSWU,Postcard Cabins Hill Country,auswu-postcard-cabins-hill-country,Marriott-AUSWU
AVAHU,"Four Points by Sheraton Anshun, Huangguoshu","avahu-four-points-by-sheraton-anshun,-huangguoshu",Marriott-AVAHU
AVLAB,AC Hotel Asheville Biltmore Village,avlab-ac-hotel-asheville-biltmore-village,Marriott-AVLAB
AVLHB,Trailborn Highlands,avlhb-trailborn-highlands,Marriott-AVLHB
AVLOX,Moxy Asheville,avlox-moxy-asheville,Marriott-AVLOX
AYTCF,Four Points Flex by Sheraton Antalya Lara,aytcf-four-points-flex-by-sheraton-antalya-lara,Marriott-AYTCF
AYTLD,Delta Hotels Antalya Lara,aytld-delta-hotels-antalya-lara,Marriott-AYTLD
AYTRI,Residence Inn Antalya,aytri-residence-inn-antalya,Marriott-AYTRI
AYTVF,Marriott Executive Apartments Antalya,aytvf-marriott-executive-apartments-antalya,Marriott-AYTVF
AZOBR,Residence Inn Battle Creek,azobr-residence-inn-battle-creek,Marriott-AZOBR
AZOGU,Postcard Cabins Barber Creek,azogu-postcard-cabins-barber-creek,Marriott-AZOGU
AZSAK,"Donoma Las Terrenas Beach Resort & Spa, Autograph Collection","azsak-donoma-las-terrenas-beach-resort-&-spa,-autograph-collection",Marriott-AZSAK
BAHMG,Gulf Hotel Convention and SPA,bahmg-gulf-hotel-convention-and-spa,Marriott-BAHMG
BAHSI,Sheraton Bahrain Hotel,bahsi-sheraton-bahrain-hotel,Marriott-BAHSI
BCNHA,"Los Arcos Hotel Gothic Quarter, Sonder","bcnha-los-arcos-hotel-gothic-quarter,-sonder",Marriott-BCNHA
BCNHG,"Paseo de Gracia Hotel, Sonder","bcnhg-paseo-de-gracia-hotel,-sonder",Marriott-BCNHG
BCNHL,"Casa Luz Hotel Plaça Universitat, Sonder","bcnhl-casa-luz-hotel-plaça-universitat,-sonder",Marriott-BCNHL
BCNHP,"Le Palacete Hotel Gracia District, Sonder","bcnhp-le-palacete-hotel-gracia-district,-sonder",Marriott-BCNHP
BCNHR,"DO Plaça Reial Hotel Gothic Quarter, Sonder","bcnhr-do-plaça-reial-hotel-gothic-quarter,-sonder",Marriott-BCNHR
BCNHS,"La Casa Del Sol Hotel Gracia, Sonder","bcnhs-la-casa-del-sol-hotel-gracia,-sonder",Marriott-BCNHS
BCNHV,"Vasanta Hotel Eixample, Sonder","bcnhv-vasanta-hotel-eixample,-sonder",Marriott-BCNHV
BCNOX,Moxy Barcelona,bcnox-moxy-barcelona,Marriott-BCNOX
BCNSV,"Sir Victor Hotel, a Member of Design Hotels™","bcnsv-sir-victor-hotel,-a-member-of-design-hotels™",Marriott-BCNSV
BCNTX,"Labtwentytwo Barcelona, a Tribute Portfolio Hotel","bcntx-labtwentytwo-barcelona,-a-tribute-portfolio-hotel",Marriott-BCNTX
BCNVP,Four Points by Sheraton Barcelona Airport,bcnvp-four-points-by-sheraton-barcelona-airport,Marriott-BCNVP
BDLHI,Fairfield Inn & Suites East Hartford,bdlhi-fairfield-inn-&-suites-east-hartford,Marriott-BDLHI
BDLHP,TownePlace Suites Hadley Amherst,bdlhp-towneplace-suites-hadley-amherst,Marriott-BDLHP
BDLHT,TownePlace Suites East Hartford,bdlht-towneplace-suites-east-hartford,Marriott-BDLHT
BDLMG,MGM Springfield,bdlmg-mgm-springfield,Marriott-BDLMG
BDLMU,Postcard Cabins Machimoodus,bdlmu-postcard-cabins-machimoodus,Marriott-BDLMU
BDSPD,"Palazzo Daniele, a Member Design Hotels","bdspd-palazzo-daniele,-a-member-design-hotels",Marriott-BDSPD
BEGXR,The St. Regis Belgrade,begxr-the-st.-regis-belgrade,Marriott-BEGXR
BERKP,"KPM Hotel & Residences Berlin, a Member of Design Hotels™","berkp-kpm-hotel-&-residences-berlin,-a-member-of-design-hotels™",Marriott-BERKP
BERMH,"The Mandala Berlin, a Member of Design Hotels","bermh-the-mandala-berlin,-a-member-of-design-hotels",Marriott-BERMH
BFLRT,TownePlace Suites Ridgecrest,bflrt-towneplace-suites-ridgecrest,Marriott-BFLRT
BFSOX,Moxy Belfast City,bfsox-moxy-belfast-city,Marriott-BFSOX
BGIRC,"Royalton Vessence Barbados, An Autograph Collection All-Inclusive Resort – Adults Only","bgirc-royalton-vessence-barbados,-an-autograph-collection-all-inclusive-resort-–-adults-only",Marriott-BGIRC
BGMRU,Postcard Cabins Western Catskills,bgmru-postcard-cabins-western-catskills,Marriott-BGMRU
BHMCS,Courtyard Birmingham Grandview,bhmcs-courtyard-birmingham-grandview,Marriott-BHMCS
BHMCX,Postcard Cabins Talladega Valley,bhmcx-postcard-cabins-talladega-valley,Marriott-BHMCX
BHMHR,Residence Inn Homewood Mountain Brook,bhmhr-residence-inn-homewood-mountain-brook,Marriott-BHMHR
BHMOT,TownePlace Suites Oxford AL,bhmot-towneplace-suites-oxford-al,Marriott-BHMOT
BHMPT,TownePlace Suites Pell City,bhmpt-towneplace-suites-pell-city,Marriott-BHMPT
BHMRS,Residence Inn Birmingham Grandview,bhmrs-residence-inn-birmingham-grandview,Marriott-BHMRS
BHXBM,"Billesley Manor Hotel & Spa, a Tribute Portfolio Hotel","bhxbm-billesley-manor-hotel-&-spa,-a-tribute-portfolio-hotel",Marriott-BHXBM
BHYMC,Beihai Marriott Resort,bhymc-beihai-marriott-resort,Marriott-BHYMC
BILCY,Courtyard Billings,bilcy-courtyard-billings,Marriott-BILCY
BJSBP,Courtyard Beijing Changping,bjsbp-courtyard-beijing-changping,Marriott-BJSBP
BJSFO,Fairfield by Marriott Beijing Olympic Sports Center,bjsfo-fairfield-by-marriott-beijing-olympic-sports-center,Marriott-BJSFO
BJSHE,Element Beijing Huairou,bjshe-element-beijing-huairou,Marriott-BJSHE
BJSHM,Beijing Marriott Hotel Huairou,bjshm-beijing-marriott-hotel-huairou,Marriott-BJSHM
BJSHR,Renaissance Beijing Haidian Hotel,bjshr-renaissance-beijing-haidian-hotel,Marriott-BJSHR
BJSPS,Four Points by Sheraton Beijing Sanlitun Workers Stadium,bjsps-four-points-by-sheraton-beijing-sanlitun-workers-stadium,Marriott-BJSPS
BJXAK,"Cleviá, San Miguel de Allende, Autograph Collection","bjxak-cleviá,-san-miguel-de-allende,-autograph-collection",Marriott-BJXAK
BJXHM,"Hotel Matilda, a Member of Design Hotels™","bjxhm-hotel-matilda,-a-member-of-design-hotels™",Marriott-BJXHM
BJXJL,City Express Junior by Marriott León Centro De Convenciones,bjxjl-city-express-junior-by-marriott-león-centro-de-convenciones,Marriott-BJXJL
BJXPL,City Express Plus by Marriott Leon Centro de Convenciones,bjxpl-city-express-plus-by-marriott-leon-centro-de-convenciones,Marriott-BJXPL
BJXSO,City Express Suites by Marriott Silao Aeropuerto,bjxso-city-express-suites-by-marriott-silao-aeropuerto,Marriott-BJXSO
BJXXC,City Express by Marriott Celaya Parque,bjxxc-city-express-by-marriott-celaya-parque,Marriott-BJXXC
BJXXG,City Express by Marriott Celaya Galerias,bjxxg-city-express-by-marriott-celaya-galerias,Marriott-BJXXG
BJXXI,City Express by Marriott Irapuato,bjxxi-city-express-by-marriott-irapuato,Marriott-BJXXI
BJXXL,City Express by Marriott Leon,bjxxl-city-express-by-marriott-leon,Marriott-BJXXL
BJXXM,City Express by Marriott Lagos De Moreno,bjxxm-city-express-by-marriott-lagos-de-moreno,Marriott-BJXXM
BJXXN,City Express by Marriott Irapuato Norte,bjxxn-city-express-by-marriott-irapuato-norte,Marriott-BJXXN
BJXXO,City Express by Marriott Silao Aeropuerto,bjxxo-city-express-by-marriott-silao-aeropuerto,Marriott-BJXXO
BJXXS,City Express by Marriott Salamanca,bjxxs-city-express-by-marriott-salamanca,Marriott-BJXXS
BKISI,Sheraton Kota Kinabalu Hotel,bkisi-sheraton-kota-kinabalu-hotel,Marriott-BKISI
BKKEF,"Marriott Executive Apartments Bangkok, Sukhumvit 50","bkkef-marriott-executive-apartments-bangkok,-sukhumvit-50",Marriott-BKKEF
BKKEO,"Marriott Executive Apartments Bangkok, Sukhumvit 101","bkkeo-marriott-executive-apartments-bangkok,-sukhumvit-101",Marriott-BKKEO
BKKFO,"Four Points by Sheraton Bangkok, Sukhumvit 22","bkkfo-four-points-by-sheraton-bangkok,-sukhumvit-22",Marriott-BKKFO
BKKHM,"Hotel Muse Bangkok, Autograph Collection","bkkhm-hotel-muse-bangkok,-autograph-collection",Marriott-BKKHM
BKKOX,Moxy Bangkok Ratchaprasong,bkkox-moxy-bangkok-ratchaprasong,Marriott-BKKOX
BKKPH,"Public House Bangkok, a Member of Design Hotels","bkkph-public-house-bangkok,-a-member-of-design-hotels",Marriott-BKKPH
BKKPU,Four Points by Sheraton Bangkok Ploenchit,bkkpu-four-points-by-sheraton-bangkok-ploenchit,Marriott-BKKPU
BKKTS,"Marriott Executive Apartments, Bangkok Townhall Sukhumvit","bkkts-marriott-executive-apartments,-bangkok-townhall-sukhumvit",Marriott-BKKTS
BKWFF,Fairfield Inn & Suites Beckley,bkwff-fairfield-inn-&-suites-beckley,Marriott-BKWFF
BLIMU,Postcard Cabins Skagit Valley,blimu-postcard-cabins-skagit-valley,Marriott-BLIMU
BLLHF,Four Points Flex by Sheraton Horsens,bllhf-four-points-flex-by-sheraton-horsens,Marriott-BLLHF
BLQEC,"Elizabeth Country House, a Member of Design Hotels™","blqec-elizabeth-country-house,-a-member-of-design-hotels™",Marriott-BLQEC
BLROX,Moxy Bengaluru Airport Prestige Tech Cloud,blrox-moxy-bengaluru-airport-prestige-tech-cloud,Marriott-BLROX
BMIOU,Postcard Cabins Starved Rock,bmiou-postcard-cabins-starved-rock,Marriott-BMIOU
BNAAD,Sonder Dovetail Apartments Downtown,bnaad-sonder-dovetail-apartments-downtown,Marriott-BNAAD
BNAAG,Sonder Village 21 Apartments Hillsboro Village,bnaag-sonder-village-21-apartments-hillsboro-village,Marriott-BNAAG
BNAAR,Sonder Belcourt Apartments Hillsboro Village,bnaar-sonder-belcourt-apartments-hillsboro-village,Marriott-BNAAR
BNAAT,Sonder The Stat Apartments Midtown,bnaat-sonder-the-stat-apartments-midtown,Marriott-BNAAT
BNABH,SpringHill Suites Bowling Green,bnabh-springhill-suites-bowling-green,Marriott-BNABH
BNACX,Postcard Cabins Dale Hollow,bnacx-postcard-cabins-dale-hollow,Marriott-BNACX
BNADA,Hotel Preston Nashville Airport,bnada-hotel-preston-nashville-airport,Marriott-BNADA
BNADH,"Drift Nashville, a Member of Design Hotels™","bnadh-drift-nashville,-a-member-of-design-hotels™",Marriott-BNADH
BNAFA,Fairfield Inn & Suites Manchester,bnafa-fairfield-inn-&-suites-manchester,Marriott-BNAFA
BNAMA,Nashville Airport Marriott,bnama-nashville-airport-marriott,Marriott-BNAMA
BNAMT,TownePlace Suites by Marriott Murfreesboro,bnamt-towneplace-suites-by-marriott-murfreesboro,Marriott-BNAMT
BNARM,Residence Inn Nashville Metro Center,bnarm-residence-inn-nashville-metro-center,Marriott-BNARM
BNASB,Sheraton Nashville Brentwood,bnasb-sheraton-nashville-brentwood,Marriott-BNASB
BNASW,Fairfield Inn & Suites Nashville Bellevue,bnasw-fairfield-inn-&-suites-nashville-bellevue,Marriott-BNASW
BOGJO,City Express Junior by Marriott Bogota Aeropuerto,bogjo-city-express-junior-by-marriott-bogota-aeropuerto,Marriott-BOGJO
BOGPO,City Express Plus by Marriott Bogota Aeropuerto,bogpo-city-express-plus-by-marriott-bogota-aeropuerto,Marriott-BOGPO
BOGPT,"Four Points by Sheraton Tequendama, Bogota","bogpt-four-points-by-sheraton-tequendama,-bogota",Marriott-BOGPT
BOIEA,Residence Inn Eagle Boise,boiea-residence-inn-eagle-boise,Marriott-BOIEA
BOINT,TownePlace Suites Nampa,boint-towneplace-suites-nampa,Marriott-BOINT
BOJSP,Four Points by Sheraton Sunny Beach,bojsp-four-points-by-sheraton-sunny-beach,Marriott-BOJSP
BOMAW,Moxy Mumbai Andheri West,bomaw-moxy-mumbai-andheri-west,Marriott-BOMAW
BOMMN,Navi Mumbai Marriott Hotel,bommn-navi-mumbai-marriott-hotel,Marriott-BOMMN
BOSAG,Sonder The Magnolia Apartments Back Bay,bosag-sonder-the-magnolia-apartments-back-bay,Marriott-BOSAG
BOSAH,Sonder The Hancock Apartments Beacon Hill,bosah-sonder-the-hancock-apartments-beacon-hill,Marriott-BOSAH
BOSAQ,Sonder Pierce Boston Apartments Fenway,bosaq-sonder-pierce-boston-apartments-fenway,Marriott-BOSAQ
BOSHB,"No. 284 Back Bay Hotel, Sonder","boshb-no.-284-back-bay-hotel,-sonder",Marriott-BOSHB
BOSHM,"907 Main Hotel Central Square, Sonder","boshm-907-main-hotel-central-square,-sonder",Marriott-BOSHM
BPLAC,AC Hotel Xinjiang Sayram Lake,bplac-ac-hotel-xinjiang-sayram-lake,Marriott-BPLAC
BQKTS,TownePlace Suites Brunswick,bqkts-towneplace-suites-brunswick,Marriott-BQKTS
BRICP,"Cala Ponte, a Tribute Portfolio Hotel","bricp-cala-ponte,-a-tribute-portfolio-hotel",Marriott-BRICP
BROTS,TownePlace Suites Brownsville,brots-towneplace-suites-brownsville,Marriott-BROTS
BSLBC,Courtyard Biel/Bienne,bslbc-courtyard-biel/bienne,Marriott-BSLBC
BTHNI,The Westin Nirup Island Resort & Spa,bthni-the-westin-nirup-island-resort-&-spa,Marriott-BTHNI
BTVAC,AC Hotel Burlington,btvac-ac-hotel-burlington,Marriott-BTVAC
BTVWT,TownePlace Suites Williston,btvwt-towneplace-suites-williston,Marriott-BTVWT
BUEEM,Marriott Buenos Aires Ezeiza Airport,bueem-marriott-buenos-aires-ezeiza-airport,Marriott-BUEEM
BUESG,Sheraton Buenos Aires Greenville Polo & Resort,buesg-sheraton-buenos-aires-greenville-polo-&-resort,Marriott-BUESG
BUETX,"Recoleta Grand, Buenos Aires, a Tribute Portfolio Hotel","buetx-recoleta-grand,-buenos-aires,-a-tribute-portfolio-hotel",Marriott-BUETX
BURPA,AC Hotel Pasadena,burpa-ac-hotel-pasadena,Marriott-BURPA
BUSRH,"Rooms Batumi, a Member of Design Hotels™","busrh-rooms-batumi,-a-member-of-design-hotels™",Marriott-BUSRH
BWIAR,Residence Inn Annapolis,bwiar-residence-inn-annapolis,Marriott-BWIAR
BWIGN,"guesthouse by good neighbor, a Member of Design Hotels™","bwign-guesthouse-by-good-neighbor,-a-member-of-design-hotels™",Marriott-BWIGN
BWINF,Fairfield Inn & Suites Annapolis,bwinf-fairfield-inn-&-suites-annapolis,Marriott-BWINF
BWINR,TownePlace Suites Annapolis,bwinr-towneplace-suites-annapolis,Marriott-BWINR
BWIRP,Residence Inn BWI Airport,bwirp-residence-inn-bwi-airport,Marriott-BWIRP
BWIUL,"Hotel Ulysses, a Member of Design Hotels™","bwiul-hotel-ulysses,-a-member-of-design-hotels™",Marriott-BWIUL
BZNCY,Courtyard Bozeman,bzncy-courtyard-bozeman,Marriott-BZNCY
BZNTW,TownePlace Suites Bozeman West,bzntw-towneplace-suites-bozeman-west,Marriott-BZNTW
BZOHG,"Hotel Greif, a Member of Design Hotels","bzohg-hotel-greif,-a-member-of-design-hotels",Marriott-BZOHG
BZOHS,"Hotel Schwarzschmied, a Member of Design Hotels™","bzohs-hotel-schwarzschmied,-a-member-of-design-hotels™",Marriott-BZOHS
BZOPM,"Parkhotel Mondschein, a Member of Design Hotels™","bzopm-parkhotel-mondschein,-a-member-of-design-hotels™",Marriott-BZOPM
BZOTA,"Arua Private Spa Villas, a Member of Design Hotels™","bzota-arua-private-spa-villas,-a-member-of-design-hotels™",Marriott-BZOTA
BZOVM,"Vigilius Mountain Resort, a Member of Design Hotels™","bzovm-vigilius-mountain-resort,-a-member-of-design-hotels™",Marriott-BZOVM
CAECH,SpringHill Suites Camden,caech-springhill-suites-camden,Marriott-CAECH
CAEOD,Moxy Columbia Downtown,caeod-moxy-columbia-downtown,Marriott-CAEOD
CANBU,Four Points by Sheraton Guangzhou Bai’e Tan,canbu-four-points-by-sheraton-guangzhou-bai’e-tan,Marriott-CANBU
CANHF,Fairfield by Marriott Guangzhou Huadu,canhf-fairfield-by-marriott-guangzhou-huadu,Marriott-CANHF
CANKF,Fairfield by Marriott Guangzhou Konggang,cankf-fairfield-by-marriott-guangzhou-konggang,Marriott-CANKF
CANYP,Courtyard Guangzhou Pazhou,canyp-courtyard-guangzhou-pazhou,Marriott-CANYP
CENXO,City Express by Marriott Ciudad Obregón,cenxo-city-express-by-marriott-ciudad-obregón,Marriott-CENXO
CGIFC,Fairfield Inn & Suites Cape Girardeau,cgifc-fairfield-inn-&-suites-cape-girardeau,Marriott-CGIFC
CGISF,Fairfield Inn & Suites Sikeston,cgisf-fairfield-inn-&-suites-sikeston,Marriott-CGISF
CGIST,TownePlace Suites Sikeston,cgist-towneplace-suites-sikeston,Marriott-CGIST
CGNQH,"The Qvest Hotel, a Member of Design Hotels™","cgnqh-the-qvest-hotel,-a-member-of-design-hotels™",Marriott-CGNQH
CGNTF,"the Deutz, a Tribute Portfolio Hotel","cgntf-the-deutz,-a-tribute-portfolio-hotel",Marriott-CGNTF
CGQUW,Four Points by Sheraton Changchun West,cgquw-four-points-by-sheraton-changchun-west,Marriott-CGQUW
CHACC,Courtyard Cleveland TN,chacc-courtyard-cleveland-tn,Marriott-CHACC
CHACT,TownePlace Suites Calhoun,chact-towneplace-suites-calhoun,Marriott-CHACT
CHIAE,"Sonder Onterie Apartments, Magnificent Mile","chiae-sonder-onterie-apartments,-magnificent-mile",Marriott-CHIAE
CHIAF,Sonder The Burnham Apartments Loop,chiaf-sonder-the-burnham-apartments-loop,Marriott-CHIAF
CHIAG,Sonder Greektown Apartments,chiag-sonder-greektown-apartments,Marriott-CHIAG
CHIAJ,Sonder Jewelers Row Apartments Millenium Park,chiaj-sonder-jewelers-row-apartments-millenium-park,Marriott-CHIAJ
CHIAQ,Sonder Market Hall Apartments West Loop,chiaq-sonder-market-hall-apartments-west-loop,Marriott-CHIAQ
CHIAT,Sonder The Opal Apartments River North,chiat-sonder-the-opal-apartments-river-north,Marriott-CHIAT
CHIAW,Sonder South Wabash Apartments South Loop,chiaw-sonder-south-wabash-apartments-south-loop,Marriott-CHIAW
CHIAY,Sonder The Plymouth Apartments Loop,chiay-sonder-the-plymouth-apartments-loop,Marriott-CHIAY
CHIBH,The Wade,chibh-the-wade,Marriott-CHIBH
CHIBW,"THE MIDLAND HOTEL, Chicago, a Tribute Portfolio Hotel","chibw-the-midland-hotel,-chicago,-a-tribute-portfolio-hotel",Marriott-CHIBW
CHICP,TownePlace Suites Crown Point,chicp-towneplace-suites-crown-point,Marriott-CHICP
CHIDA,Delta Hotels Chicago O'Hare Airport,chida-delta-hotels-chicago-o'hare-airport,Marriott-CHIDA
CHOSU,Postcard Cabins Shenandoah,chosu-postcard-cabins-shenandoah,Marriott-CHOSU
CHQKT,"Tella Thera, a Member of Design Hotels™","chqkt-tella-thera,-a-member-of-design-hotels™",Marriott-CHQKT
CHQMJ,JW Marriott Crete Resort & Spa,chqmj-jw-marriott-crete-resort-&-spa,Marriott-CHQMJ
CHQTT,"The Tanneries Hotel & Spa, a Member of Design Hotels™","chqtt-the-tanneries-hotel-&-spa,-a-member-of-design-hotels™",Marriott-CHQTT
CHSEA,Element Charleston Airport,chsea-element-charleston-airport,Marriott-CHSEA
CHSFD,Fairfield Inn & Suites Charleston Downtown,chsfd-fairfield-inn-&-suites-charleston-downtown,Marriott-CHSFD
CIDFN,Fairfield Inn & Suites Cedar Rapids North,cidfn-fairfield-inn-&-suites-cedar-rapids-north,Marriott-CIDFN
CJJPY,Courtyard Pyeongtaek,cjjpy-courtyard-pyeongtaek,Marriott-CJJPY
CJSJJ,City Express Junior by Marriott Ciudad Juárez Consulado,cjsjj-city-express-junior-by-marriott-ciudad-juárez-consulado,Marriott-CJSJJ
CJSXJ,City Express by Marriott Ciudad Juárez,cjsxj-city-express-by-marriott-ciudad-juárez,Marriott-CJSXJ
CKGFP,Four Points by Sheraton Chongqing,ckgfp-four-points-by-sheraton-chongqing,Marriott-CKGFP
CKGNU,Four Points by Sheraton Chongqing North Railway Station,ckgnu-four-points-by-sheraton-chongqing-north-railway-station,Marriott-CKGNU
CKGOX,Moxy Chongqing,ckgox-moxy-chongqing,Marriott-CKGOX
CLEDK,"Hotel Cleveland, Autograph Collection","cledk-hotel-cleveland,-autograph-collection",Marriott-CLEDK
CLJCY,Courtyard Cluj-Napoca Downtown,cljcy-courtyard-cluj-napoca-downtown,Marriott-CLJCY
CLLHB,"The LaSalle Hotel, Bryan College Station, a Tribute Portfolio Hotel","cllhb-the-lasalle-hotel,-bryan-college-station,-a-tribute-portfolio-hotel",Marriott-CLLHB
CLLNU,Postcard Cabins Brazos Valley,cllnu-postcard-cabins-brazos-valley,Marriott-CLLNU
CLOPC,City Express Plus by Marriott Cali Colombia,clopc-city-express-plus-by-marriott-cali-colombia,Marriott-CLOPC
CLTAS,SpringHill Suites Charlotte Arrowood,cltas-springhill-suites-charlotte-arrowood,Marriott-CLTAS
CLTDX,Moxy Charlotte Downtown,cltdx-moxy-charlotte-downtown,Marriott-CLTDX
CLTEU,Element Charlotte Uptown,clteu-element-charlotte-uptown,Marriott-CLTEU
CLTPA,Four Points by Sheraton Charlotte Airport,cltpa-four-points-by-sheraton-charlotte-airport,Marriott-CLTPA
CLTST,TownePlace Suites Charlotte LoSo,cltst-towneplace-suites-charlotte-loso,Marriott-CLTST
CMBLC,"ITC Ratnadipa, a Luxury Collection Hotel, Colombo","cmblc-itc-ratnadipa,-a-luxury-collection-hotel,-colombo",Marriott-CMBLC
CMEJC,City Express Junior by Marriott Ciudad Del Carmen,cmejc-city-express-junior-by-marriott-ciudad-del-carmen,Marriott-CMEJC
CMEJO,City Express Junior by Marriott Ciudad Del Carmen Aeropuerto,cmejo-city-express-junior-by-marriott-ciudad-del-carmen-aeropuerto,Marriott-CMEJO
CMEXC,City Express by Marriott Ciudad del Carmen,cmexc-city-express-by-marriott-ciudad-del-carmen,Marriott-CMEXC
CMEYC,Courtyard Ciudad del Carmen Campeche,cmeyc-courtyard-ciudad-del-carmen-campeche,Marriott-CMEYC
CMHMD,The Capital Suites Hotel,cmhmd-the-capital-suites-hotel,Marriott-CMHMD
CMHNX,Postcard Cabins Hocking Hills,cmhnx-postcard-cabins-hocking-hills,Marriott-CMHNX
CMHWS,SpringHill Suites Columbus West,cmhws-springhill-suites-columbus-west,Marriott-CMHWS
CNXMC,Chiang Mai Marriott Hotel,cnxmc-chiang-mai-marriott-hotel,Marriott-CNXMC
CNYRB,Red Cliffs Lodge Moab,cnyrb-red-cliffs-lodge-moab,Marriott-CNYRB
COKMK,"The Artiste Kochi, a Tribute Portfolio Hotel","cokmk-the-artiste-kochi,-a-tribute-portfolio-hotel",Marriott-COKMK
CPEXP,City Express by Marriott Campeche,cpexp-city-express-by-marriott-campeche,Marriott-CPEXP
CPHAF,Four Points Flex by Sheraton Copenhagen Airport,cphaf-four-points-flex-by-sheraton-copenhagen-airport,Marriott-CPHAF
CPHBF,Four Points Flex by Sheraton Ballerup,cphbf-four-points-flex-by-sheraton-ballerup,Marriott-CPHBF
CPHCF,Four Points Flex by Sheraton Copenhagen City,cphcf-four-points-flex-by-sheraton-copenhagen-city,Marriott-CPHCF
CPHHF,Four Points Flex by Sheraton Hillerod,cphhf-four-points-flex-by-sheraton-hillerod,Marriott-CPHHF
CPHIF,Four Points Flex by Sheraton Ishoj,cphif-four-points-flex-by-sheraton-ishoj,Marriott-CPHIF
CPHKF,Four Points Flex by Sheraton Koge,cphkf-four-points-flex-by-sheraton-koge,Marriott-CPHKF
CPHLF,Four Points Flex by Sheraton Lyngby,cphlf-four-points-flex-by-sheraton-lyngby,Marriott-CPHLF
CPHNF,Four Points Flex by Sheraton Copenhagen Arena,cphnf-four-points-flex-by-sheraton-copenhagen-arena,Marriott-CPHNF
CPHRF,Four Points Flex by Sheraton Roskilde,cphrf-four-points-flex-by-sheraton-roskilde,Marriott-CPHRF
CRPRS,Residence Inn Corpus Christi South,crprs-residence-inn-corpus-christi-south,Marriott-CRPRS
CSGAR,AC Hotel Auburn,csgar-ac-hotel-auburn,Marriott-CSGAR
CSGOE,Element Opelika Auburn,csgoe-element-opelika-auburn,Marriott-CSGOE
CSXCT,"Four Points by Sheraton Changsha, Tianxin","csxct-four-points-by-sheraton-changsha,-tianxin",Marriott-CSXCT
CSXCW,Changsha Marriott Hotel West,csxcw-changsha-marriott-hotel-west,Marriott-CSXCW
CSXTF,Fairfield by Marriott Changsha Tianxin,csxtf-fairfield-by-marriott-changsha-tianxin,Marriott-CSXTF
CTABK,"Mangia’s Brucoli, Sicily, Autograph Collection","ctabk-mangia’s-brucoli,-sicily,-autograph-collection",Marriott-CTABK
CTMXC,City Express by Marriott Chetumal,ctmxc-city-express-by-marriott-chetumal,Marriott-CTMXC
CTSCY,Courtyard Sapporo,ctscy-courtyard-sapporo,Marriott-CTSCY
CTUAC,AC Hotel Chengdu North,ctuac-ac-hotel-chengdu-north,Marriott-CTUAC
CTUFH,Fairfield by Marriott Chengdu Hi-Tech Zone,ctufh-fairfield-by-marriott-chengdu-hi-tech-zone,Marriott-CTUFH
CTULW,Four Points by Sheraton Leshan,ctulw-four-points-by-sheraton-leshan,Marriott-CTULW
CTUPH,"Four Points by Sheraton Chengdu, High-Tech Zone Exhibition Center","ctuph-four-points-by-sheraton-chengdu,-high-tech-zone-exhibition-center",Marriott-CTUPH
CTUTF,Fairfield by Marriott Chengdu Tianfu Square,ctutf-fairfield-by-marriott-chengdu-tianfu-square,Marriott-CTUTF
CTUUC,"Four Points by Sheraton Chengdu, Chunxi Road","ctuuc-four-points-by-sheraton-chengdu,-chunxi-road",Marriott-CTUUC
CULXC,City Express by Marriott Culiacán,culxc-city-express-by-marriott-culiacán,Marriott-CULXC
CUNEK,The Riviera Maya EDITION at Kanai,cunek-the-riviera-maya-edition-at-kanai,Marriott-CUNEK
CUNIM,"Almare, a Luxury Collection Resort, Isla Mujeres, Adult All-Inclusive","cunim-almare,-a-luxury-collection-resort,-isla-mujeres,-adult-all-inclusive",Marriott-CUNIM
CUNJC,City Express Junior by Marriott Cancun,cunjc-city-express-junior-by-marriott-cancun,Marriott-CUNJC
CUNPB,"Paraiso de la Bonita, a Luxury Collection Resort, Riviera Maya, Adult All-Inclusive","cunpb-paraiso-de-la-bonita,-a-luxury-collection-resort,-riviera-maya,-adult-all-inclusive",Marriott-CUNPB
CUNPO,City Express Plus by Marriott Cancún Aeropuerto Riviera,cunpo-city-express-plus-by-marriott-cancún-aeropuerto-riviera,Marriott-CUNPO
CUNSO,City Express Suites by Marriott Cancún Aeropuerto Riviera,cunso-city-express-suites-by-marriott-cancún-aeropuerto-riviera,Marriott-CUNSO
CUNSP,City Express Suites by Marriott Playa Del Carmen,cunsp-city-express-suites-by-marriott-playa-del-carmen,Marriott-CUNSP
CUNXA,City Express by Marriott Cancun Aeropuerto,cunxa-city-express-by-marriott-cancun-aeropuerto,Marriott-CUNXA
CUNXC,City Express by Marriott Cancun,cunxc-city-express-by-marriott-cancun,Marriott-CUNXC
CUNXP,City Express by Marriott Playa Del Carmen,cunxp-city-express-by-marriott-playa-del-carmen,Marriott-CUNXP
CUUAK,"VETTA Distrito Uno, Autograph Collection","cuuak-vetta-distrito-uno,-autograph-collection",Marriott-CUUAK
CUUFP,Four Points by Sheraton Distrito Uno Chihuahua,cuufp-four-points-by-sheraton-distrito-uno-chihuahua,Marriott-CUUFP
CUUXC,City Express by Marriott Chihuahua,cuuxc-city-express-by-marriott-chihuahua,Marriott-CUUXC
CVGDX,Moxy Cincinnati Downtown,cvgdx-moxy-cincinnati-downtown,Marriott-CVGDX
CVGFN,Fairfield Inn & Suites Cincinnati Oakley,cvgfn-fairfield-inn-&-suites-cincinnati-oakley,Marriott-CVGFN
CVGKR,Residence Inn Kenwood Cincinnati,cvgkr-residence-inn-kenwood-cincinnati,Marriott-CVGKR
CVGMB,"Hotel Celare, Cincinnati Midtown, a Tribute Portfolio Hotel","cvgmb-hotel-celare,-cincinnati-midtown,-a-tribute-portfolio-hotel",Marriott-CVGMB
CVGOF,Fairfield by Marriott Inn & Suites Oxford,cvgof-fairfield-by-marriott-inn-&-suites-oxford,Marriott-CVGOF
CVGPN,TownePlace Suites Cincinnati Oakley,cvgpn-towneplace-suites-cincinnati-oakley,Marriott-CVGPN
CVMXV,City Express by Marriott Ciudad Victoria,cvmxv-city-express-by-marriott-ciudad-victoria,Marriott-CVMXV
CWLSU,Four Points Flex by Sheraton Cardiff,cwlsu-four-points-flex-by-sheraton-cardiff,Marriott-CWLSU
CXRHT,"Nha Trang Marriott Resort & Spa, Hon Tre Island","cxrht-nha-trang-marriott-resort-&-spa,-hon-tre-island",Marriott-CXRHT
CXRJW,JW Marriott Cam Ranh Bay Resort & Spa,cxrjw-jw-marriott-cam-ranh-bay-resort-&-spa,Marriott-CXRJW
CZXFP,Four Points by Sheraton Changzhou Economic Development Zone,czxfp-four-points-by-sheraton-changzhou-economic-development-zone,Marriott-CZXFP
CZXYC,Courtyard Changzhou China,czxyc-courtyard-changzhou-china,Marriott-CZXYC
DABBR,Renaissance Daytona Beach Oceanfront Hotel,dabbr-renaissance-daytona-beach-oceanfront-hotel,Marriott-DABBR
DABTS,TownePlace Suites by Marriott Daytona Beach Oceanfront,dabts-towneplace-suites-by-marriott-daytona-beach-oceanfront,Marriott-DABTS
DADCY,Courtyard Danang Han River,dadcy-courtyard-danang-han-river,Marriott-DADCY
DALDF,Courtyard Dallas Frisco,daldf-courtyard-dallas-frisco,Marriott-DALDF
DALEF,Fairfield Inn & Suites DeSoto Dallas South,dalef-fairfield-inn-&-suites-desoto-dallas-south,Marriott-DALEF
DALGR,Residence Inn Dallas Grand Prairie,dalgr-residence-inn-dallas-grand-prairie,Marriott-DALGR
DALNB,The Beeman Hotel,dalnb-the-beeman-hotel,Marriott-DALNB
DALNT,TownePlace Suites Forney,dalnt-towneplace-suites-forney,Marriott-DALNT
DALOK,"HALL Park Hotel, Autograph Collection","dalok-hall-park-hotel,-autograph-collection",Marriott-DALOK
DATFP,Four Points by Sheraton Datong Pingcheng,datfp-four-points-by-sheraton-datong-pingcheng,Marriott-DATFP
DAYBF,Fairfield Inn & Suites Dayton Beavercreek,daybf-fairfield-inn-&-suites-dayton-beavercreek,Marriott-DAYBF
DAYBT,TownePlace Suites Dayton Beavercreek,daybt-towneplace-suites-dayton-beavercreek,Marriott-DAYBT
DAYMI,Residence Inn Dayton Miamisburg,daymi-residence-inn-dayton-miamisburg,Marriott-DAYMI
DAYTH,SpringHill Suites Troy Dayton,dayth-springhill-suites-troy-dayton,Marriott-DAYTH
DELMO,Jim Corbett Marriott Resort & Spa,delmo-jim-corbett-marriott-resort-&-spa,Marriott-DELMO
DENAA,Sonder The Artesian Apartments LoHi,denaa-sonder-the-artesian-apartments-lohi,Marriott-DENAA
DENAD,Sonder Ceros Apartments RiNo,denad-sonder-ceros-apartments-rino,Marriott-DENAD
DENAO,Sonder Osage Apartments LoHi,denao-sonder-osage-apartments-lohi,Marriott-DENAO
DENAY,Sonder Skyline Apartments LoHi,denay-sonder-skyline-apartments-lohi,Marriott-DENAY
DENAZ,Sonder Zuni Apartments LoHi,denaz-sonder-zuni-apartments-lohi,Marriott-DENAZ
DENBX,Moxy Boulder,denbx-moxy-boulder,Marriott-DENBX
DENCS,Courtyard by Marriott Denver Downtown Stadium Area,dencs-courtyard-by-marriott-denver-downtown-stadium-area,Marriott-DENCS
DENEU,Four Points by Sheraton Englewood Centennial Airport,deneu-four-points-by-sheraton-englewood-centennial-airport,Marriott-DENEU
DENGH,SpringHill Suites Denver Airport at Gateway Park,dengh-springhill-suites-denver-airport-at-gateway-park,Marriott-DENGH
DENRV,Residence Inn Arvada Denver West,denrv-residence-inn-arvada-denver-west,Marriott-DENRV
DENUS,Woolley’s Classic Suites,denus-woolley’s-classic-suites,Marriott-DENUS
DFWSB,The Southlake Hotel,dfwsb-the-southlake-hotel,Marriott-DFWSB
DGOXD,City Express by Marriott Durango,dgoxd-city-express-by-marriott-durango,Marriott-DGOXD
DHNSH,SpringHill Suites Dothan,dhnsh-springhill-suites-dothan,Marriott-DHNSH
DLCDP,Four Points by Sheraton Dalian Donggang,dlcdp-four-points-by-sheraton-dalian-donggang,Marriott-DLCDP
DLCJF,Fairfield by Marriott Dalian Jinpu New Area,dlcjf-fairfield-by-marriott-dalian-jinpu-new-area,Marriott-DLCJF
DLHTS,TownePlace Suites Duluth,dlhts-towneplace-suites-duluth,Marriott-DLHTS
DLHWU,Postcard Cabins Kettle River,dlhwu-postcard-cabins-kettle-river,Marriott-DLHWU
DLUEU,"Four Points by Sheraton Dali, Erhai","dlueu-four-points-by-sheraton-dali,-erhai",Marriott-DLUEU
DNDDU,Four Points Flex by Sheraton Dundee,dnddu-four-points-flex-by-sheraton-dundee,Marriott-DNDDU
DNHFP,Four Points by Sheraton Dunhuang,dnhfp-four-points-by-sheraton-dunhuang,Marriott-DNHFP
DPSBB,"The Bohemian Bali, a Member of Design Hotels","dpsbb-the-bohemian-bali,-a-member-of-design-hotels",Marriott-DPSBB
DPSNF,Fairfield by Marriott Bali Kuta Ngurah Rai,dpsnf-fairfield-by-marriott-bali-kuta-ngurah-rai,Marriott-DPSNF
DPSUK,"Cicada Resort Bali Ubud, Autograph Collection","dpsuk-cicada-resort-bali-ubud,-autograph-collection",Marriott-DPSUK
DRWCY,Courtyard by Marriott Darwin,drwcy-courtyard-by-marriott-darwin,Marriott-DRWCY
DSMKD,"Surety Hotel, Autograph Collection","dsmkd-surety-hotel,-autograph-collection",Marriott-DSMKD
DSMNF,Fairfield Inn & Suites Norwalk,dsmnf-fairfield-inn-&-suites-norwalk,Marriott-DSMNF
DSMWA,Aloft Waukee,dsmwa-aloft-waukee,Marriott-DSMWA
DTMBF,Four Points Flex by Sheraton Bochum,dtmbf-four-points-flex-by-sheraton-bochum,Marriott-DTMBF
DTMCY,Courtyard Dortmund,dtmcy-courtyard-dortmund,Marriott-DTMCY
DTWAA,"The Vanguard Ann Arbor, Autograph Collection","dtwaa-the-vanguard-ann-arbor,-autograph-collection",Marriott-DTWAA
DTWAC,AC Hotel Detroit at the Bonstelle,dtwac-ac-hotel-detroit-at-the-bonstelle,Marriott-DTWAC
DTWAD,AC Hotel Ann Arbor Downtown,dtwad-ac-hotel-ann-arbor-downtown,Marriott-DTWAD
DTWAG,Sonder Gabriel Richard Apartments Downtown,dtwag-sonder-gabriel-richard-apartments-downtown,Marriott-DTWAG
DTWDK,"Dearborn Inn, Autograph Collection","dtwdk-dearborn-inn,-autograph-collection",Marriott-DTWDK
DTWFY,Fairfield Inn & Suites Detroit Taylor,dtwfy-fairfield-inn-&-suites-detroit-taylor,Marriott-DTWFY
DTWKD,"Hotel David Whitney, Autograph Collection","dtwkd-hotel-david-whitney,-autograph-collection",Marriott-DTWKD
DTWMG,MGM Grand Detroit,dtwmg-mgm-grand-detroit,Marriott-DTWMG
DTWRR,Residence Inn Detroit Dearborn,dtwrr-residence-inn-detroit-dearborn,Marriott-DTWRR
DTWTO,TownePlace Suites Detroit Taylor,dtwto-towneplace-suites-detroit-taylor,Marriott-DTWTO
DUBAQ,Sonder Britain Quay Apartments Grand Canal Square,dubaq-sonder-britain-quay-apartments-grand-canal-square,Marriott-DUBAQ
DUBCG,"The College Green Hotel Dublin, Autograph Collection","dubcg-the-college-green-hotel-dublin,-autograph-collection",Marriott-DUBCG
DUBHE,"The Earl Hotel Leeson Street, Sonder","dubhe-the-earl-hotel-leeson-street,-sonder",Marriott-DUBHE
DUBXD,Moxy Dublin Docklands,dubxd-moxy-dublin-docklands,Marriott-DUBXD
DUSEF,Four Points Flex by Sheraton Essen,dusef-four-points-flex-by-sheraton-essen,Marriott-DUSEF
DUSEP,FOUR Essen City Centre,dusep-four-essen-city-centre,Marriott-DUSEP
DUSRP,FOUR Ratingen Dusseldorf Airport,dusrp-four-ratingen-dusseldorf-airport,Marriott-DUSRP
DXBAJ,Sonder JBR The Walk Apartments,dxbaj-sonder-jbr-the-walk-apartments,Marriott-DXBAJ
DXBAW,Sonder Downtown Towers Apartments,dxbaw-sonder-downtown-towers-apartments,Marriott-DXBAW
DXBAY,Sonder Business Bay Apartments,dxbay-sonder-business-bay-apartments,Marriott-DXBAY
DXBDD,"Hotel Boulevard, Autograph Collection","dxbdd-hotel-boulevard,-autograph-collection",Marriott-DXBDD
DXBDZ,"The Heritage Hotel, Autograph Collection","dxbdz-the-heritage-hotel,-autograph-collection",Marriott-DXBDZ
DXBJM,JW Marriott Hotel Marina,dxbjm-jw-marriott-hotel-marina,Marriott-DXBJM
DXBJV,"The First Collection at Jumeirah Village Circle, a Tribute Portfolio Hotel","dxbjv-the-first-collection-at-jumeirah-village-circle,-a-tribute-portfolio-hotel",Marriott-DXBJV
DXBMJ,Marriott Marquis Dubai Creek,dxbmj-marriott-marquis-dubai-creek,Marriott-DXBMJ
DXBRB,"Renaissance Business Bay Hotel, Dubai","dxbrb-renaissance-business-bay-hotel,-dubai",Marriott-DXBRB
EAUSH,SpringHill Suites Eau Claire,eaush-springhill-suites-eau-claire,Marriott-EAUSH
EBJEL,A Place To Hotel Esbjerg,ebjel-a-place-to-hotel-esbjerg,Marriott-EBJEL
ECPRI,Residence Inn Panama City Beach Pier Park,ecpri-residence-inn-panama-city-beach-pier-park,Marriott-ECPRI
EDIAR,Sonder Royal Garden Apartments New Town,ediar-sonder-royal-garden-apartments-new-town,Marriott-EDIAR
EDIEU,Four Points Flex by Sheraton Edinburgh,edieu-four-points-flex-by-sheraton-edinburgh,Marriott-EDIEU
EDILG,"The Edinburgh Grand, a Luxury Collection Hotel, Edinburgh","edilg-the-edinburgh-grand,-a-luxury-collection-hotel,-edinburgh",Marriott-EDILG
EDIOC,"Old Town Chambers, Autograph Collection","edioc-old-town-chambers,-autograph-collection",Marriott-EDIOC
EDIWH,W Edinburgh,ediwh-w-edinburgh,Marriott-EDIWH
EGEAS,SpringHill Suites Avon Vail Valley,egeas-springhill-suites-avon-vail-valley,Marriott-EGEAS
EGEAT,TownePlace Suites Avon Vail Valley,egeat-towneplace-suites-avon-vail-valley,Marriott-EGEAT
EJHEB,The Red Sea EDITION,ejheb-the-red-sea-edition,Marriott-EJHEB
ELPER,Residence Inn El Paso East,elper-residence-inn-el-paso-east,Marriott-ELPER
ELPNW,TownePlace Suites El Paso Northwest,elpnw-towneplace-suites-el-paso-northwest,Marriott-ELPNW
ELQEL,Element Al Qassim,elqel-element-al-qassim,Marriott-ELQEL
ERIGT,TownePlace Suites Geneva at SPIRE Academy,erigt-towneplace-suites-geneva-at-spire-academy,Marriott-ERIGT
ESBBU,Four Points Flex by Sheraton Ankara Cukurambar,esbbu-four-points-flex-by-sheraton-ankara-cukurambar,Marriott-ESBBU
EUGTS,TownePlace Suites Eugene,eugts-towneplace-suites-eugene,Marriott-EUGTS
EVVNS,SpringHill Suites Newburgh Evansville,evvns-springhill-suites-newburgh-evansville,Marriott-EVVNS
EWRMY,Courtyard Mahwah,ewrmy-courtyard-mahwah,Marriott-EWRMY
EWROT,Residence Inn Ocean Township,ewrot-residence-inn-ocean-township,Marriott-EWROT
EWRUF,Fairfield Inn & Suites Union,ewruf-fairfield-inn-&-suites-union,Marriott-EWRUF
FAOAA,"The Westin Salgados Beach Resort, Algarve","faoaa-the-westin-salgados-beach-resort,-algarve",Marriott-FAOAA
FAOPV,"Marriott Residences Salgados Resort, Algarve","faopv-marriott-residences-salgados-resort,-algarve",Marriott-FAOPV
FAOSP,Algarve Marriott Salgados Golf Resort & Conference Center,faosp-algarve-marriott-salgados-golf-resort-&-conference-center,Marriott-FAOSP
FARSH,SpringHill Suites Fargo,farsh-springhill-suites-fargo,Marriott-FARSH
FATDC,Courtyard Fresno Downtown,fatdc-courtyard-fresno-downtown,Marriott-FATDC
FATHF,Fairfield Inn & Suites Hanford,fathf-fairfield-inn-&-suites-hanford,Marriott-FATHF
FATOT,"The Inelle, Oakhurst Yosemite, a Tribute Portfolio Hotel","fatot-the-inelle,-oakhurst-yosemite,-a-tribute-portfolio-hotel",Marriott-FATOT
FAYFP,Four Points by Sheraton Fayetteville Fort Liberty,fayfp-four-points-by-sheraton-fayetteville-fort-liberty,Marriott-FAYFP
FAYSE,SpringHill Suites Fayetteville I 95,fayse-springhill-suites-fayetteville-i-95,Marriott-FAYSE
FLGWB,Trailborn Grand Canyon,flgwb-trailborn-grand-canyon,Marriott-FLGWB
FLRHS,"The Sonetto Hotel Santa Croce, Sonder","flrhs-the-sonetto-hotel-santa-croce,-sonder",Marriott-FLRHS
FLRSV,"Villa Ermellina Siena, a Tribute Portfolio Hotel","flrsv-villa-ermellina-siena,-a-tribute-portfolio-hotel",Marriott-FLRSV
FLRWH,W Florence,flrwh-w-florence,Marriott-FLRWH
FMOMM,"Mauritzhof Hotel Muenster, a Member of Design Hotels™","fmomm-mauritzhof-hotel-muenster,-a-member-of-design-hotels™",Marriott-FMOMM
FNTCU,Postcard Cabins The Thumb,fntcu-postcard-cabins-the-thumb,Marriott-FNTCU
FRAKR,"Roomers Frankfurt Central, Autograph Collection","frakr-roomers-frankfurt-central,-autograph-collection",Marriott-FRAKR
FRANV,"LUME Boutique Hotel, Autograph Collection","franv-lume-boutique-hotel,-autograph-collection",Marriott-FRANV
FSMEL,Element Fort Smith,fsmel-element-fort-smith,Marriott-FSMEL
FUOSC,Courtyard Shunde,fuosc-courtyard-shunde,Marriott-FUOSC
FUOTF,Fairfield by Marriott Taishan,fuotf-fairfield-by-marriott-taishan,Marriott-FUOTF
GDLCC,Hotel Guadalajara Country Club by HNF,gdlcc-hotel-guadalajara-country-club-by-hnf,Marriott-GDLCC
GDLJP,City Express Junior by Marriott Guadalajara Periférico Sur,gdljp-city-express-junior-by-marriott-guadalajara-periférico-sur,Marriott-GDLJP
GDLPE,City Express Plus by Marriott Guadalajara Expo,gdlpe-city-express-plus-by-marriott-guadalajara-expo,Marriott-GDLPE
GDLPP,City Express Plus by Marriott Guadalajara Palomar,gdlpp-city-express-plus-by-marriott-guadalajara-palomar,Marriott-GDLPP
GDLPR,City Express Plus by Marriott Guadalajara Providencia,gdlpr-city-express-plus-by-marriott-guadalajara-providencia,Marriott-GDLPR
GDLSE,Sheraton Guadalajara Expo,gdlse-sheraton-guadalajara-expo,Marriott-GDLSE
GDLXO,City Express by Marriott Guadalajara Aeropuerto,gdlxo-city-express-by-marriott-guadalajara-aeropuerto,Marriott-GDLXO
GEGFA,Fairfield Inn & Suites Spokane Airport,gegfa-fairfield-inn-&-suites-spokane-airport,Marriott-GEGFA
GEGPS,SpringHill Suites Sandpoint,gegps-springhill-suites-sandpoint,Marriott-GEGPS
GEOAC,AC Hotel Georgetown Guyana,geoac-ac-hotel-georgetown-guyana,Marriott-GEOAC
GEOFP,"Four Points by Sheraton Georgetown, Guyana","geofp-four-points-by-sheraton-georgetown,-guyana",Marriott-GEOFP
GEOTI,"Courtyard Cheddi Jagan International Airport, Guyana","geoti-courtyard-cheddi-jagan-international-airport,-guyana",Marriott-GEOTI
GFKOA,"The Olive Ann Hotel, Grand Forks, a Tribute Portfolio Hotel","gfkoa-the-olive-ann-hotel,-grand-forks,-a-tribute-portfolio-hotel",Marriott-GFKOA
GGGTS,TownePlace Suites Longview,gggts-towneplace-suites-longview,Marriott-GGGTS
GLAAE,Sonder The Teacher Apartments,glaae-sonder-the-teacher-apartments,Marriott-GLAAE
GLAAR,AC Hotel Glasgow,glaar-ac-hotel-glasgow,Marriott-GLAAR
GLAAT,Sonder Minerva Way Apartments Finnieston,glaat-sonder-minerva-way-apartments-finnieston,Marriott-GLAAT
GNVHU,Postcard Cabins Gilchrist Springs,gnvhu-postcard-cabins-gilchrist-springs,Marriott-GNVHU
GOICG,Courtyard Goa Colva,goicg-courtyard-goa-colva,Marriott-GOICG
GOPCY,Courtyard Gorakhpur,gopcy-courtyard-gorakhpur,Marriott-GOPCY
GPTBR,"Beau Rivage Resort & Casino, MGM Collection","gptbr-beau-rivage-resort-&-casino,-mgm-collection",Marriott-GPTBR
GRICF,Fairfield Inn & Suites Columbus,gricf-fairfield-inn-&-suites-columbus,Marriott-GRICF
GRICT,Towneplace Suites Columbus,grict-towneplace-suites-columbus,Marriott-GRICT
GRISH,SpringHill Suites Grand Island,grish-springhill-suites-grand-island,Marriott-GRISH
GROFV,"Finca Victoria, a Member of Design Hotels™","grofv-finca-victoria,-a-member-of-design-hotels™",Marriott-GROFV
GRRHT,TownePlace Suites Holland,grrht-towneplace-suites-holland,Marriott-GRRHT
GRZAA,"Augarten Art Hotel, a Member of Design Hotels™","grzaa-augarten-art-hotel,-a-member-of-design-hotels™",Marriott-GRZAA
GSOAU,Postcard Cabins Asheboro,gsoau-postcard-cabins-asheboro,Marriott-GSOAU
GSOHH,SpringHill Suites High Point,gsohh-springhill-suites-high-point,Marriott-GSOHH
GSPPF,Fairfield Inn & Suites Piedmont Greenville,gsppf-fairfield-inn-&-suites-piedmont-greenville,Marriott-GSPPF
GSPSF,Fairfield Inn & Suites Spartanburg,gspsf-fairfield-inn-&-suites-spartanburg,Marriott-GSPSF
GSPSU,Postcard Cabins Lake Hartwell,gspsu-postcard-cabins-lake-hartwell,Marriott-GSPSU
GTFTS,TownePlace Suites Great Falls,gtfts-towneplace-suites-great-falls,Marriott-GTFTS
GUAGH,"Good Hotel Antigua Guatemala, a Member of Design Hotels™","guagh-good-hotel-antigua-guatemala,-a-member-of-design-hotels™",Marriott-GUAGH
GVACX,Moxy Annecy,gvacx-moxy-annecy,Marriott-GVACX
GVAMB,"Hôtel Borsari, a Member of Design Hotels","gvamb-hôtel-borsari,-a-member-of-design-hotels",Marriott-GVAMB
GVARI,Residence Inn Geneva City Nations,gvari-residence-inn-geneva-city-nations,Marriott-GVARI
GVAVB,"Modern Times Hotel, Vevey, a Tribute Portfolio Hotel","gvavb-modern-times-hotel,-vevey,-a-tribute-portfolio-hotel",Marriott-GVAVB
HAJGF,Four Points Flex by Sheraton Goettingen,hajgf-four-points-flex-by-sheraton-goettingen,Marriott-HAJGF
HAKAP,Four Points by Sheraton Haikou International Airport,hakap-four-points-by-sheraton-haikou-international-airport,Marriott-HAKAP
HAKMF,Fairfield by Marriott Haikou Meilan,hakmf-fairfield-by-marriott-haikou-meilan,Marriott-HAKMF
HAMFO,Moxy Hamburg - Finkenwerder,hamfo-moxy-hamburg---finkenwerder,Marriott-HAMFO
HAMKL,"Louis C. Jacob, Hamburg, Autograph Collection","hamkl-louis-c.-jacob,-hamburg,-autograph-collection",Marriott-HAMKL
HAMSD,"SIDE, a Member of Design Hotels™","hamsd-side,-a-member-of-design-hotels™",Marriott-HAMSD
HAMTG,"The George Hotel, a Member of Design Hotels™","hamtg-the-george-hotel,-a-member-of-design-hotels™",Marriott-HAMTG
HANBN,Bac Ninh Marriott Hotel,hanbn-bac-ninh-marriott-hotel,Marriott-HANBN
HANHP,Four Points by Sheraton Ha Giang,hanhp-four-points-by-sheraton-ha-giang,Marriott-HANHP
HANSW,Sheraton Hanoi West,hansw-sheraton-hanoi-west,Marriott-HANSW
HARHM,Residence Inn Mechanicsburg,harhm-residence-inn-mechanicsburg,Marriott-HARHM
HERZB,"Alai, Crete, a Tribute Portfolio Resort","herzb-alai,-crete,-a-tribute-portfolio-resort",Marriott-HERZB
HGHAY,Courtyard Anji,hghay-courtyard-anji,Marriott-HGHAY
HGHBF,Fairfield by Marriott Hangzhou Binjiang Puyan,hghbf-fairfield-by-marriott-hangzhou-binjiang-puyan,Marriott-HGHBF
HGHBL,Renaissance Hangzhou Lin'an Hotel,hghbl-renaissance-hangzhou-lin'an-hotel,Marriott-HGHBL
HGHCG,"Grand New Century Resort, Changxing, A Tribute Portfolio Resort","hghcg-grand-new-century-resort,-changxing,-a-tribute-portfolio-resort",Marriott-HGHCG
HGHDF,Fairfield by Marriott Deqing,hghdf-fairfield-by-marriott-deqing,Marriott-HGHDF
HGHDM,Deqing Marriott Hotel,hghdm-deqing-marriott-hotel,Marriott-HGHDM
HGHFW,"Fairfield by Marriott Hangzhou Wulin Square, China","hghfw-fairfield-by-marriott-hangzhou-wulin-square,-china",Marriott-HGHFW
HGHGB,"Grand New Century Hotel, Hangzhou Boao, A Tribute Portfolio Hotel","hghgb-grand-new-century-hotel,-hangzhou-boao,-a-tribute-portfolio-hotel",Marriott-HGHGB
HGHGF,Fairfield by Marriott Hangzhou Gongshu,hghgf-fairfield-by-marriott-hangzhou-gongshu,Marriott-HGHGF
HGHJF,Fairfield by Marriott Hangzhou Jinsha Lake,hghjf-fairfield-by-marriott-hangzhou-jinsha-lake,Marriott-HGHJF
HGHQX,Moxy Qiandao Lake,hghqx-moxy-qiandao-lake,Marriott-HGHQX
HGHSF,Sheraton Hangzhou Fuyang,hghsf-sheraton-hangzhou-fuyang,Marriott-HGHSF
HGHSM,Le Meridien Shaoxing Yuecheng,hghsm-le-meridien-shaoxing-yuecheng,Marriott-HGHSM
HGHWB,"Wonderland Resort, Hangzhou Jiande, A Tribute Portfolio Resort","hghwb-wonderland-resort,-hangzhou-jiande,-a-tribute-portfolio-resort",Marriott-HGHWB
HGHYF,Fairfield by Marriott Hangzhou Yuhang,hghyf-fairfield-by-marriott-hangzhou-yuhang,Marriott-HGHYF
HGHZF,Fairfield by Marriott Hangzhou Zhijiang New Town,hghzf-fairfield-by-marriott-hangzhou-zhijiang-new-town,Marriott-HGHZF
HHNKF,Four Points Flex by Sheraton Koblenz,hhnkf-four-points-flex-by-sheraton-koblenz,Marriott-HHNKF
HKDXF,Four Points Flex by Sheraton  Hakodate Station,hkdxf-four-points-flex-by-sheraton--hakodate-station,Marriott-HKDXF
HKGAK,"The Park Lane Hong Kong, Autograph Collection","hkgak-the-park-lane-hong-kong,-autograph-collection",Marriott-HKGAK
HKTCP,"Courtyard Phuket, Patong Beach Resort","hktcp-courtyard-phuket,-patong-beach-resort",Marriott-HKTCP
HKTIB,"Iniala Beach House, a Member of Design Hotels™","hktib-iniala-beach-house,-a-member-of-design-hotels™",Marriott-HKTIB
HKTMK,Khao Lak Marriott Beach Resort & Spa,hktmk-khao-lak-marriott-beach-resort-&-spa,Marriott-HKTMK
HKTMM,Le Méridien Phuket Mai Khao Beach Resort,hktmm-le-méridien-phuket-mai-khao-beach-resort,Marriott-HKTMM
HKTVK,"Veranda Resort Phuket, Autograph Collection","hktvk-veranda-resort-phuket,-autograph-collection",Marriott-HKTVK
HLNFN,Fairfield by Marriott Inn & Suites Helena North,hlnfn-fairfield-by-marriott-inn-&-suites-helena-north,Marriott-HLNFN
HMOXE,City Express by Marriott Hermosillo Expo,hmoxe-city-express-by-marriott-hermosillo-expo,Marriott-HMOXE
HMOXG,City Express by Marriott Guaymas,hmoxg-city-express-by-marriott-guaymas,Marriott-HMOXG
HMOXH,City Express by Marriott Hermosillo,hmoxh-city-express-by-marriott-hermosillo,Marriott-HMOXH
HNAMU,Four Points Flex by Sheraton  Morioka,hnamu-four-points-flex-by-sheraton--morioka,Marriott-HNAMU
HNLAC,AC Hotel Honolulu,hnlac-ac-hotel-honolulu,Marriott-HNLAC
HNLBR,Renaissance Honolulu Hotel & Spa,hnlbr-renaissance-honolulu-hotel-&-spa,Marriott-HNLBR
HNLPW,"Marriott Vacation Club, Waikiki","hnlpw-marriott-vacation-club,-waikiki",Marriott-HNLPW
HNLRB,Renaissance Residences Oahu Honolulu,hnlrb-renaissance-residences-oahu-honolulu,Marriott-HNLRB
HNYFP,Four Points by Sheraton Hengyang Zhengxiang,hnyfp-four-points-by-sheraton-hengyang-zhengxiang,Marriott-HNYFP
HOUAR,Residence Inn Pearland,houar-residence-inn-pearland,Marriott-HOUAR
HOUHT,TownePlace Suites Humble Intercontinental Airport,houht-towneplace-suites-humble-intercontinental-airport,Marriott-HOUHT
HOULR,Residence Inn Houston NASA/Clear Lake,houlr-residence-inn-houston-nasa/clear-lake,Marriott-HOULR
HOUSP,TownePlace Suites Stafford Sugar Land,housp-towneplace-suites-stafford-sugar-land,Marriott-HOUSP
HOUTT,TownePlace Suites by Marriott Houston Tomball,houtt-towneplace-suites-by-marriott-houston-tomball,Marriott-HOUTT
HOUUP,"Hotel Vesper, Houston, a Tribute Portfolio Hotel","houup-hotel-vesper,-houston,-a-tribute-portfolio-hotel",Marriott-HOUUP
HRLFI,Fairfield Inn & Suites Harlingen,hrlfi-fairfield-inn-&-suites-harlingen,Marriott-HRLFI
HSNPF,Fairfield by Marriott Zhoushan Putuo,hsnpf-fairfield-by-marriott-zhoushan-putuo,Marriott-HSNPF
HSNZF,Fairfield by Marriott Zhoushan Daishan,hsnzf-fairfield-by-marriott-zhoushan-daishan,Marriott-HSNZF
HSVAK,"Trilogy Hotel Huntsville, Autograph Collection","hsvak-trilogy-hotel-huntsville,-autograph-collection",Marriott-HSVAK
HSVDF,Fairfield Inn & Suites Decatur,hsvdf-fairfield-inn-&-suites-decatur,Marriott-HSVDF
HSVFC,Fairfield Inn & Suites Cullman,hsvfc-fairfield-inn-&-suites-cullman,Marriott-HSVFC
HSVMF,Fairfield Inn & Suites Huntsville Madison,hsvmf-fairfield-inn-&-suites-huntsville-madison,Marriott-HSVMF
HSVMR,Residence Inn by Marriott Madison,hsvmr-residence-inn-by-marriott-madison,Marriott-HSVMR
HSVMY,Courtyard Madison,hsvmy-courtyard-madison,Marriott-HSVMY
HSVRG,Fairfield Inn & Suites Huntsville Redstone Gateway,hsvrg-fairfield-inn-&-suites-huntsville-redstone-gateway,Marriott-HSVRG
HUZCS,Courtyard Shanwei Haifeng,huzcs-courtyard-shanwei-haifeng,Marriott-HUZCS
HYNLU,Four Points by Sheraton Linhai,hynlu-four-points-by-sheraton-linhai,Marriott-HYNLU
IAGTR,TownePlace Suites Niagara Falls Canada,iagtr-towneplace-suites-niagara-falls-canada,Marriott-IAGTR
IBRUU,Four Points Flex by Sheraton Utsunomiya,ibruu-four-points-flex-by-sheraton-utsunomiya,Marriott-IBRUU
ICTAD,AC Hotel Wichita Downtown,ictad-ac-hotel-wichita-downtown,Marriott-ICTAD
IGRXE,City Falls Iguazu,igrxe-city-falls-iguazu,Marriott-IGRXE
ILGNR,"Residence Inn Newark, DE","ilgnr-residence-inn-newark,-de",Marriott-ILGNR
ILMEL,Element Wilmington,ilmel-element-wilmington,Marriott-ILMEL
ILMWB,Trailborn Surf & Sound,ilmwb-trailborn-surf-&-sound,Marriott-ILMWB
INCXF,Fairfield by Marriott Yinchuan Xingqing,incxf-fairfield-by-marriott-yinchuan-xingqing,Marriott-INCXF
INDAX,The Alexander,indax-the-alexander,Marriott-INDAX
INDCL,Element Indianapolis Carmel,indcl-element-indianapolis-carmel,Marriott-INDCL
INDCX,"The Tallison Hotel, a Tribute Portfolio Hotel","indcx-the-tallison-hotel,-a-tribute-portfolio-hotel",Marriott-INDCX
INDCY,Postcard Cabins Brown County,indcy-postcard-cabins-brown-county,Marriott-INDCY
INDFK,Fairfield Inn & Suites Kokomo,indfk-fairfield-inn-&-suites-kokomo,Marriott-INDFK
INDNR,Residence Inn Indianapolis Noblesville,indnr-residence-inn-indianapolis-noblesville,Marriott-INDNR
INDPF,Fairfield Inn & Suites Indianapolis Plainfield,indpf-fairfield-inn-&-suites-indianapolis-plainfield,Marriott-INDPF
INDPR,Residence Inn Indianapolis Plainfield,indpr-residence-inn-indianapolis-plainfield,Marriott-INDPR
INDWF,Fairfield Inn & Suites Whitestown Indianapolis NW,indwf-fairfield-inn-&-suites-whitestown-indianapolis-nw,Marriott-INDWF
INDWT,TownePlace Suites West Lafayette,indwt-towneplace-suites-west-lafayette,Marriott-INDWT
INNRW,"Rote Wand Gourmet Hotel, a Member of Design Hotels™","innrw-rote-wand-gourmet-hotel,-a-member-of-design-hotels™",Marriott-INNRW
IPHAC,AC Hotel Ipoh,iphac-ac-hotel-ipoh,Marriott-IPHAC
ISKFP,Four Points by Sheraton Nashik,iskfp-four-points-by-sheraton-nashik,Marriott-ISKFP
ISPMR,Residence Inn Melville,ispmr-residence-inn-melville,Marriott-ISPMR
ISTAG,"Orient Occident Hotel Istanbul, Autograph Collection","istag-orient-occident-hotel-istanbul,-autograph-collection",Marriott-ISTAG
ISTCF,"Casa Foscolo Hotel, Istanbul, a Member of Design Hotels™","istcf-casa-foscolo-hotel,-istanbul,-a-member-of-design-hotels™",Marriott-ISTCF
ISTDW,Delta Hotels Istanbul West,istdw-delta-hotels-istanbul-west,Marriott-ISTDW
ISTKA,Aloft Istanbul Karakoy,istka-aloft-istanbul-karakoy,Marriott-ISTKA
ISTLC,"Sanasaryan Han, a Luxury Collection Hotel, Istanbul","istlc-sanasaryan-han,-a-luxury-collection-hotel,-istanbul",Marriott-ISTLC
ISTOX,Moxy Istanbul Taksim,istox-moxy-istanbul-taksim,Marriott-ISTOX
ISTPF,Four Points by Sheraton Istanbul Pendik,istpf-four-points-by-sheraton-istanbul-pendik,Marriott-ISTPF
ISTTS,"Lokalist, Istanbul, a Tribute Portfolio Hotel","istts-lokalist,-istanbul,-a-tribute-portfolio-hotel",Marriott-ISTTS
ISTUT,Four Points Flex by Sheraton Istanbul Taksim Square,istut-four-points-flex-by-sheraton-istanbul-taksim-square,Marriott-ISTUT
ISTVV,Marriott Executive Apartments Istanbul Investvadi,istvv-marriott-executive-apartments-istanbul-investvadi,Marriott-ISTVV
IXJMC,Katra Marriott Resort & Spa,ixjmc-katra-marriott-resort-&-spa,Marriott-IXJMC
IXRCY,Courtyard Ranchi,ixrcy-courtyard-ranchi,Marriott-IXRCY
IZTXS,City Express by Marriott Salina Cruz,iztxs-city-express-by-marriott-salina-cruz,Marriott-IZTXS
JANMU,Postcard Cabins Homochitto,janmu-postcard-cabins-homochitto,Marriott-JANMU
JAXAT,TownePlace Suites Jacksonville Mayport,jaxat-towneplace-suites-jacksonville-mayport,Marriott-JAXAT
JAXFW,Fairfield Inn & Suites Waycross,jaxfw-fairfield-inn-&-suites-waycross,Marriott-JAXFW
JAXMT,TownePlace Suites Middleburg,jaxmt-towneplace-suites-middleburg,Marriott-JAXMT
JAXSC,AC Hotel St. Augustine,jaxsc-ac-hotel-st.-augustine,Marriott-JAXSC
JAXTX,"Hotel Amalga, St. Augustine, A Tribute Portfolio Hotel","jaxtx-hotel-amalga,-st.-augustine,-a-tribute-portfolio-hotel",Marriott-JAXTX
JDZWP,Four Points by Sheraton Wuyuan,jdzwp-four-points-by-sheraton-wuyuan,Marriott-JDZWP
JEDEB,The Jeddah EDITION,jedeb-the-jeddah-edition,Marriott-JEDEB
JEDKM,Courtyard Makkah,jedkm-courtyard-makkah,Marriott-JEDKM
JEDSP,Four Points by Sheraton Jeddah King Fahd Road,jedsp-four-points-by-sheraton-jeddah-king-fahd-road,Marriott-JEDSP
JGSJP,Four Points by Sheraton Ji’an,jgsjp-four-points-by-sheraton-ji’an,Marriott-JGSJP
JHBSJ,Sheraton Johor Bahru,jhbsj-sheraton-johor-bahru,Marriott-JHBSJ
JHGXP,Four Points by Sheraton Xishuangbanna,jhgxp-four-points-by-sheraton-xishuangbanna,Marriott-JHGXP
JIUSI,Sheraton Jiujiang,jiusi-sheraton-jiujiang,Marriott-JIUSI
JJNFF,Fairfield by Marriott Quanzhou Fengze,jjnff-fairfield-by-marriott-quanzhou-fengze,Marriott-JJNFF
JJNHP,Four Points by Sheraton Quanzhou Huian,jjnhp-four-points-by-sheraton-quanzhou-huian,Marriott-JJNHP
JKTBF,Fairfield by Marriott Bekasi,jktbf-fairfield-by-marriott-bekasi,Marriott-JKTBF
JKTBP,Four Points by Sheraton Bekasi,jktbp-four-points-by-sheraton-bekasi,Marriott-JKTBP
JKTKJ,Aloft Jakarta Kebon Jeruk,jktkj-aloft-jakarta-kebon-jeruk,Marriott-JKTKJ
JKTSA,Sheraton Jakarta Soekarno Hatta Airport,jktsa-sheraton-jakarta-soekarno-hatta-airport,Marriott-JKTSA
JMKMA,"Myconian Avaton, Mykonos, a Member of Design Hotels™","jmkma-myconian-avaton,-mykonos,-a-member-of-design-hotels™",Marriott-JMKMA
JMKMT,"Mykonos Theoxenia, a Member of Design Hotels","jmkmt-mykonos-theoxenia,-a-member-of-design-hotels",Marriott-JMKMT
JMKMY,"O by Myconian, Mykonos, a Member of Design Hotels™","jmkmy-o-by-myconian,-mykonos,-a-member-of-design-hotels™",Marriott-JMKMY
JTRST,"Domes Novos Santorini, Autograph Collection","jtrst-domes-novos-santorini,-autograph-collection",Marriott-JTRST
KBRBF,Fairfield by Marriott Kuala Besut,kbrbf-fairfield-by-marriott-kuala-besut,Marriott-KBRBF
KBRPP,Perhentian Marriott Resort & Spa,kbrpp-perhentian-marriott-resort-&-spa,Marriott-KBRPP
KCHSI,Sheraton Kuching Hotel,kchsi-sheraton-kuching-hotel,Marriott-KCHSI
KGSPI,"Patmos Aktis, a Luxury Collection Resort & Spa, Greece","kgspi-patmos-aktis,-a-luxury-collection-resort-&-spa,-greece",Marriott-KGSPI
KHHLC,"THE AMNIS, a Luxury Collection Hotel, Kaohsiung","khhlc-the-amnis,-a-luxury-collection-hotel,-kaohsiung",Marriott-KHHLC
KIVCY,Courtyard Chisinau,kivcy-courtyard-chisinau,Marriott-KIVCY
KLXMM,"MANNA, a Member of Design Hotels","klxmm-manna,-a-member-of-design-hotels",Marriott-KLXMM
KMGAP,Four Points by Sheraton Kunming Changshui International Airport,kmgap-four-points-by-sheraton-kunming-changshui-international-airport,Marriott-KMGAP
KMGDU,Four Points by Sheraton Kunming Dongfeng Square,kmgdu-four-points-by-sheraton-kunming-dongfeng-square,Marriott-KMGDU
KMGGU,Four Points by Sheraton Kunming Guandu,kmggu-four-points-by-sheraton-kunming-guandu,Marriott-KMGGU
KMGPD,"Four Points by Sheraton Kunming, Downtown","kmgpd-four-points-by-sheraton-kunming,-downtown",Marriott-KMGPD
KMJFI,Fairfield by Marriott Kumamoto Aso,kmjfi-fairfield-by-marriott-kumamoto-aso,Marriott-KMJFI
KMQKU,Four Points Flex by Sheraton Kanazawa,kmqku-four-points-flex-by-sheraton-kanazawa,Marriott-KMQKU
KRKHP,"H15 Palace, a Luxury Collection Hotel, Krakow","krkhp-h15-palace,-a-luxury-collection-hotel,-krakow",Marriott-KRKHP
KRLBR,Renaissance Hotel Korla,krlbr-renaissance-hotel-korla,Marriott-KRLBR
KRLCY,Courtyard Korla,krlcy-courtyard-korla,Marriott-KRLCY
KTMSK,"The Soaltee Kathmandu, Autograph Collection","ktmsk-the-soaltee-kathmandu,-autograph-collection",Marriott-KTMSK
KULCS,Courtyard Kuala Lumpur South,kulcs-courtyard-kuala-lumpur-south,Marriott-KULCS
KULEA,Marriott Executive Apartments Kuala Lumpur,kulea-marriott-executive-apartments-kuala-lumpur,Marriott-KULEA
KULOK,Moxy Kuala Lumpur Chinatown,kulok-moxy-kuala-lumpur-chinatown,Marriott-KULOK
KULOX,Moxy Putrajaya,kulox-moxy-putrajaya,Marriott-KULOX
KWEHP,Four Points by Sheraton Guiyang Huaxi Park,kwehp-four-points-by-sheraton-guiyang-huaxi-park,Marriott-KWEHP
KWLYF,Fairfield by Marriott Yangshuo,kwlyf-fairfield-by-marriott-yangshuo,Marriott-KWLYF
LANTC,TownePlace Suites Lansing North,lantc-towneplace-suites-lansing-north,Marriott-LANTC
LAPCY,Courtyard La Paz Baja California Sur,lapcy-courtyard-la-paz-baja-california-sur,Marriott-LAPCY
LAPXL,City Express by Marriott La Paz,lapxl-city-express-by-marriott-la-paz,Marriott-LAPXL
LASAR,"ARIA Resort & Casino, Autograph Collection","lasar-aria-resort-&-casino,-autograph-collection",Marriott-LASAR
LASBL,"Bellagio, a Luxury Collection Resort & Casino, Las Vegas","lasbl-bellagio,-a-luxury-collection-resort-&-casino,-las-vegas",Marriott-LASBL
LASDL,W Las Vegas,lasdl-w-las-vegas,Marriott-LASDL
LASEA,Element Las Vegas Airport,lasea-element-las-vegas-airport,Marriott-LASEA
LASEX,"Excalibur Hotel & Casino, MGM Collection","lasex-excalibur-hotel-&-casino,-mgm-collection",Marriott-LASEX
LASGM,MGM Grand Hotel & Casino,lasgm-mgm-grand-hotel-&-casino,Marriott-LASGM
LASLX,"Luxor Hotel & Casino, MGM Collection","laslx-luxor-hotel-&-casino,-mgm-collection",Marriott-LASLX
LASMB,"Mandalay Bay Resort and Casino, MGM Collection","lasmb-mandalay-bay-resort-and-casino,-mgm-collection",Marriott-LASMB
LASNY,"New York-New York Hotel & Casino, MGM Collection","lasny-new-york-new-york-hotel-&-casino,-mgm-collection",Marriott-LASNY
LASPA,AC Hotel Las Vegas Symphony Park,laspa-ac-hotel-las-vegas-symphony-park,Marriott-LASPA
LASPE,Element Las Vegas Symphony Park,laspe-element-las-vegas-symphony-park,Marriott-LASPE
LASPM,"Park MGM Las Vegas, a Tribute Portfolio Resort","laspm-park-mgm-las-vegas,-a-tribute-portfolio-resort",Marriott-LASPM
LASSG,The Signature at MGM Grand,lassg-the-signature-at-mgm-grand,Marriott-LASSG
LASVD,"Vdara Hotel & Spa, MGM Collection","lasvd-vdara-hotel-&-spa,-mgm-collection",Marriott-LASVD
LAXAC,Sonder The Craftsman Apartments Downtown LA,laxac-sonder-the-craftsman-apartments-downtown-la,Marriott-LAXAC
LAXAY,Sonder The Winfield Apartments Downtown LA,laxay-sonder-the-winfield-apartments-downtown-la,Marriott-LAXAY
LAXBN,"HOLLYWOOD VOLUME, a Tribute Portfolio Hotel","laxbn-hollywood-volume,-a-tribute-portfolio-hotel",Marriott-LAXBN
LAXEF,"Hotel 850 SVB, a Member of Design Hotels™","laxef-hotel-850-svb,-a-member-of-design-hotels™",Marriott-LAXEF
LAXHA,"City Center Hotel Long Beach, Sonder","laxha-city-center-hotel-long-beach,-sonder",Marriott-LAXHA
LAXHD,"The Crescent Hotel Beverly Hills, Sonder","laxhd-the-crescent-hotel-beverly-hills,-sonder",Marriott-LAXHD
LAXHE,"La Ensenada Hotel Laguna Beach, Sonder","laxhe-la-ensenada-hotel-laguna-beach,-sonder",Marriott-LAXHE
LAXHU,"Beverly Terrace Hotel Beverly Hills, Sonder","laxhu-beverly-terrace-hotel-beverly-hills,-sonder",Marriott-LAXHU
LAXHX,"Woods Cove Hotel Laguna Beach, Sonder","laxhx-woods-cove-hotel-laguna-beach,-sonder",Marriott-LAXHX
LAXNQ,The Resort at Pelican Hill,laxnq-the-resort-at-pelican-hill,Marriott-LAXNQ
LAXPP,TownePlace Suites Palmdale,laxpp-towneplace-suites-palmdale,Marriott-LAXPP
LAXTW,"Burton House, Beverly Hills, A Tribute Portfolio Hotel","laxtw-burton-house,-beverly-hills,-a-tribute-portfolio-hotel",Marriott-LAXTW
LBJLC,"TA’AKTANA, a Luxury Collection Resort & Spa, Labuan Bajo","lbjlc-ta’aktana,-a-luxury-collection-resort-&-spa,-labuan-bajo",Marriott-LBJLC
LCAAN,"Amyth of Nicosia, a Member of Design Hotels™","lcaan-amyth-of-nicosia,-a-member-of-design-hotels™",Marriott-LCAAN
LCANL,"The Landmark Nicosia, Autograph Collection","lcanl-the-landmark-nicosia,-autograph-collection",Marriott-LCANL
LEXSF,SpringHill Suites Lexington Frankfort,lexsf-springhill-suites-lexington-frankfort,Marriott-LEXSF
LGBMC,Marriott Long Beach Downtown,lgbmc-marriott-long-beach-downtown,Marriott-LGBMC
LHWAS,Sheraton Lanzhou Anning,lhwas-sheraton-lanzhou-anning,Marriott-LHWAS
LISAB,"Altis Belém Hotel & Spa, a Member of Design Hotels™","lisab-altis-belém-hotel-&-spa,-a-member-of-design-hotels™",Marriott-LISAB
LISEI,"Immerso Hotel, a Member of Design Hotels™","lisei-immerso-hotel,-a-member-of-design-hotels™",Marriott-LISEI
LISRI,Residence Inn Lisbon,lisri-residence-inn-lisbon,Marriott-LISRI
LISXA,Moxy Alfragide Lisboa,lisxa-moxy-alfragide-lisboa,Marriott-LISXA
LITNT,TownePlace Suites North Little Rock,litnt-towneplace-suites-north-little-rock,Marriott-LITNT
LJGFI,Fairfield by Marriott Lijiang Ancient Town,ljgfi-fairfield-by-marriott-lijiang-ancient-town,Marriott-LJGFI
LMMXL,City Express by Marriott Los Mochis,lmmxl-city-express-by-marriott-los-mochis,Marriott-LMMXL
LNKRD,Residence Inn Lincoln Downtown,lnkrd-residence-inn-lincoln-downtown,Marriott-LNKRD
LNSFF,Fairfield Inn & Suites Lancaster,lnsff-fairfield-inn-&-suites-lancaster,Marriott-LNSFF
LNSTS,TownePlace Suites Lancaster,lnsts-towneplace-suites-lancaster,Marriott-LNSTS
LONAB,Sonder The Bard Apartments Fitzrovia,lonab-sonder-the-bard-apartments-fitzrovia,Marriott-LONAB
LONAC,Sonder Oxford Circus Apartments,lonac-sonder-oxford-circus-apartments,Marriott-LONAC
LONAG,Sonder King Street Apartments Covent Garden,lonag-sonder-king-street-apartments-covent-garden,Marriott-LONAG
LONAH,Sonder Back Hill Apartments Clerkenwell,lonah-sonder-back-hill-apartments-clerkenwell,Marriott-LONAH
LONAR,Sonder Aird House Apartments Bayswater,lonar-sonder-aird-house-apartments-bayswater,Marriott-LONAR
LONAS,Sonder Sloane Square Apartments Chelsea,lonas-sonder-sloane-square-apartments-chelsea,Marriott-LONAS
LONAU,Sonder Museum House Apartments British Museum,lonau-sonder-museum-house-apartments-british-museum,Marriott-LONAU
LONBX,Four Points Flex Brighton,lonbx-four-points-flex-brighton,Marriott-LONBX
LONEU,Four Points Flex by Sheraton London Euston,loneu-four-points-flex-by-sheraton-london-euston,Marriott-LONEU
LONFB,Four Points Flex by Sheraton London Shoreditch East,lonfb-four-points-flex-by-sheraton-london-shoreditch-east,Marriott-LONFB
LONHC,"Chelsea Green Hotel, Sonder","lonhc-chelsea-green-hotel,-sonder",Marriott-LONHC
LONHG,"The Gilbert Hotel South Kensington, Sonder","lonhg-the-gilbert-hotel-south-kensington,-sonder",Marriott-LONHG
LONHH,"The Henry Hotel Bayswater, Sonder","lonhh-the-henry-hotel-bayswater,-sonder",Marriott-LONHH
LONHK,"Kensington Gardens Hotel, Sonder","lonhk-kensington-gardens-hotel,-sonder",Marriott-LONHK
LONHS,"The Prince Hotel Vauxhall, Sonder","lonhs-the-prince-hotel-vauxhall,-sonder",Marriott-LONHS
LONHV,"The Voyage Hotel Paddington, Sonder","lonhv-the-voyage-hotel-paddington,-sonder",Marriott-LONHV
LONIQ,"Inhabit Queen's Gardens, a Member of Design Hotels™","loniq-inhabit-queen's-gardens,-a-member-of-design-hotels™",Marriott-LONIQ
LONIS,"Inhabit Southwick Street, a Member of Design Hotels™","lonis-inhabit-southwick-street,-a-member-of-design-hotels™",Marriott-LONIS
LONMM,"Montcalm Mayfair, Autograph Collection","lonmm-montcalm-mayfair,-autograph-collection",Marriott-LONMM
LONPG,Park Grand London Kensington,lonpg-park-grand-london-kensington,Marriott-LONPG
LONPK,"St. Pancras London, Autograph Collection","lonpk-st.-pancras-london,-autograph-collection",Marriott-LONPK
LONSH,"The Stratford, Autograph Collection","lonsh-the-stratford,-autograph-collection",Marriott-LONSH
LONXP,Moxy London Piccadilly Circus,lonxp-moxy-london-piccadilly-circus,Marriott-LONXP
LOPIL,"Innit Lombok, a Member of Design Hotels","lopil-innit-lombok,-a-member-of-design-hotels",Marriott-LOPIL
LOPLC,"The Sira, a Luxury Collection Resort and Spa, Lombok","loplc-the-sira,-a-luxury-collection-resort-and-spa,-lombok",Marriott-LOPLC
LOPSL,"Somewhere Lombok, a Member of Design Hotels™","lopsl-somewhere-lombok,-a-member-of-design-hotels™",Marriott-LOPSL
LPASP,"Seaside Palm Beach, a Member of Design Hotels™","lpasp-seaside-palm-beach,-a-member-of-design-hotels™",Marriott-LPASP
LPBAH,"Atix Hotel, a Member of Design Hotels™","lpbah-atix-hotel,-a-member-of-design-hotels™",Marriott-LPBAH
LUXMC,Luxembourg Marriott Hotel Alfa,luxmc-luxembourg-marriott-hotel-alfa,Marriott-LUXMC
LUXOX,Moxy Luxembourg Airport,luxox-moxy-luxembourg-airport,Marriott-LUXOX
LWSCY,Courtyard Lewiston,lwscy-courtyard-lewiston,Marriott-LWSCY
LYAMC,Luoyang Marriott Hotel,lyamc-luoyang-marriott-hotel,Marriott-LYAMC
LYSYE,Courtyard Lyon Eurexpo Stadium,lysye-courtyard-lyon-eurexpo-stadium,Marriott-LYSYE
MAAFV,"Four Points by Sheraton Chennai, Velachery","maafv-four-points-by-sheraton-chennai,-velachery",Marriott-MAAFV
MADAF,Sonder Sofia Apartments Atocha,madaf-sonder-sofia-apartments-atocha,Marriott-MADAF
MADAM,Sonder Malasaña Apartments,madam-sonder-malasaña-apartments,Marriott-MADAM
MADAS,Sonder Santa Ana Apartments Las Letras,madas-sonder-santa-ana-apartments-las-letras,Marriott-MADAS
MADCL,"The Palace, a Luxury Collection Hotel, Madrid","madcl-the-palace,-a-luxury-collection-hotel,-madrid",Marriott-MADCL
MADCZ,The Westin Madrid Cuzco,madcz-the-westin-madrid-cuzco,Marriott-MADCZ
MADPA,"Hospes Puerta de Alcalá, a Member of Design Hotels™","madpa-hospes-puerta-de-alcalá,-a-member-of-design-hotels™",Marriott-MADPA
MADPP,Madrid Marriott Hotel Princesa Plaza,madpp-madrid-marriott-hotel-princesa-plaza,Marriott-MADPP
MADZM,"El Autor Hotel Madrid, Autograph Collection","madzm-el-autor-hotel-madrid,-autograph-collection",Marriott-MADZM
MAMXM,City Express by Marriott Matamoros,mamxm-city-express-by-marriott-matamoros,Marriott-MAMXM
MANSE,"Stock Exchange Hotel, Manchester, Autograph Collection","manse-stock-exchange-hotel,-manchester,-autograph-collection",Marriott-MANSE
MAOTX,"Tropical Hotel da Amazonia, a Tribute Portfolio Hotel","maotx-tropical-hotel-da-amazonia,-a-tribute-portfolio-hotel",Marriott-MAOTX
MCETH,SpringHill Suites Turlock,mceth-springhill-suites-turlock,Marriott-MCETH
MCIAD,AC Hotel Kansas City Downtown,mciad-ac-hotel-kansas-city-downtown,Marriott-MCIAD
MCIFL,Fairfield Inn & Suites Kansas City at The Legends,mcifl-fairfield-inn-&-suites-kansas-city-at-the-legends,Marriott-MCIFL
MCNPF,Fairfield Inn & Suites Perry,mcnpf-fairfield-inn-&-suites-perry,Marriott-MCNPF
MCNPT,TownePlace Suites Perry,mcnpt-towneplace-suites-perry,Marriott-MCNPT
MCOAU,"Villatel Orlando Resort, Apartments by Marriott Bonvoy","mcoau-villatel-orlando-resort,-apartments-by-marriott-bonvoy",Marriott-MCOAU
MCOAY,Sonder Vista Cay Apartments,mcoay-sonder-vista-cay-apartments,Marriott-MCOAY
MCOBU,Renaissance Orlando Resort – Disney Springs® Area,mcobu-renaissance-orlando-resort-–-disney-springs®-area,Marriott-MCOBU
MCOHW,"Wellborn Hotel Downtown, Sonder","mcohw-wellborn-hotel-downtown,-sonder",Marriott-MCOHW
MCOLT,TownePlace Suites By Marriott Lake City,mcolt-towneplace-suites-by-marriott-lake-city,Marriott-MCOLT
MCOMS,Fairfield Inn & Suites Orlando at Millenia,mcoms-fairfield-inn-&-suites-orlando-at-millenia,Marriott-MCOMS
MCTXR,The St. Regis Al Mouj Muscat Resort,mctxr-the-st.-regis-al-mouj-muscat-resort,Marriott-MCTXR
MDELG,"The Brown, Guatape, Autograph Collection","mdelg-the-brown,-guatape,-autograph-collection",Marriott-MDELG
MDEPM,City Express Plus by Marriott Medellin Colombia,mdepm-city-express-plus-by-marriott-medellin-colombia,Marriott-MDEPM
MDTPT,TownePlace Suites Pottsville,mdtpt-towneplace-suites-pottsville,Marriott-MDTPT
MEMAL,Aloft Memphis Downtown,memal-aloft-memphis-downtown,Marriott-MEMAL
MEMSF,Fairfield Inn & Suites Southaven Snowden Grove,memsf-fairfield-inn-&-suites-southaven-snowden-grove,Marriott-MEMSF
MEMTG,TownePlace Suites Memphis Germantown,memtg-towneplace-suites-memphis-germantown,Marriott-MEMTG
MEXCM,City Centro by Marriott Ciudad De México,mexcm-city-centro-by-marriott-ciudad-de-méxico,Marriott-MEXCM
MEXDD,"Downtown Mexico, a Member of Design Hotels","mexdd-downtown-mexico,-a-member-of-design-hotels",Marriott-MEXDD
MEXJS,City Express Junior by Marriott Ciudad de México Sullivan,mexjs-city-express-junior-by-marriott-ciudad-de-méxico-sullivan,Marriott-MEXJS
MEXPE,City Express Plus by Marriott Ciudad de México Santa Fe,mexpe-city-express-plus-by-marriott-ciudad-de-méxico-santa-fe,Marriott-MEXPE
MEXPG,City Express Plus by Marriott Ciudad de México Reforma El Ángel,mexpg-city-express-plus-by-marriott-ciudad-de-méxico-reforma-el-ángel,Marriott-MEXPG
MEXPI,City Express Plus by Marriott Ciudad de México Insurgentes Sur,mexpi-city-express-plus-by-marriott-ciudad-de-méxico-insurgentes-sur,Marriott-MEXPI
MEXPM,City Express Plus by Marriott Ciudad de México Mundo E,mexpm-city-express-plus-by-marriott-ciudad-de-méxico-mundo-e,Marriott-MEXPM
MEXPP,City Express Plus by Marriott Ciudad de México Periférico Sur Tlalpan,mexpp-city-express-plus-by-marriott-ciudad-de-méxico-periférico-sur-tlalpan,Marriott-MEXPP
MEXPT,City Express Plus by Marriott Ciudad de Mexico Interlomas,mexpt-city-express-plus-by-marriott-ciudad-de-mexico-interlomas,Marriott-MEXPT
MEXPU,City Express Plus by Marriott Ciudad de México Patio Universidad,mexpu-city-express-plus-by-marriott-ciudad-de-méxico-patio-universidad,Marriott-MEXPU
MEXSA,City Express Suites by Marriott Ciudad de México Anzures,mexsa-city-express-suites-by-marriott-ciudad-de-méxico-anzures,Marriott-MEXSA
MEXSE,City Express Suites by Marriott Ciudad de México Santa Fe,mexse-city-express-suites-by-marriott-ciudad-de-méxico-santa-fe,Marriott-MEXSE
MEXXA,City Express by Marriott Ciudad De México La Raza,mexxa-city-express-by-marriott-ciudad-de-méxico-la-raza,Marriott-MEXXA
MEXXB,City Express by Marriott Ciudad de México Tlalnepantla,mexxb-city-express-by-marriott-ciudad-de-méxico-tlalnepantla,Marriott-MEXXB
MEXXD,City Express by Marriott Ciudad De Mexico Alameda,mexxd-city-express-by-marriott-ciudad-de-mexico-alameda,Marriott-MEXXD
MEXXE,City Express by Marriott Ciudad de México EBC Reforma,mexxe-city-express-by-marriott-ciudad-de-méxico-ebc-reforma,Marriott-MEXXE
MEXXL,City Express by Marriott Ciudad de México Tlalpan,mexxl-city-express-by-marriott-ciudad-de-méxico-tlalpan,Marriott-MEXXL
MEXXO,City Express by Marriott Ciudad de México Aeropuerto,mexxo-city-express-by-marriott-ciudad-de-méxico-aeropuerto,Marriott-MEXXO
MEXXP,City Express by Marriott Tepotzotlan,mexxp-city-express-by-marriott-tepotzotlan,Marriott-MEXXP
MEXXU,City Express by Marriott Tula,mexxu-city-express-by-marriott-tula,Marriott-MEXXU
MEXXV,City Express by Marriott Ciudad de México La Villa,mexxv-city-express-by-marriott-ciudad-de-méxico-la-villa,Marriott-MEXXV
MEXXZ,City Express by Marriott Ciudad de México Plaza Central,mexxz-city-express-by-marriott-ciudad-de-méxico-plaza-central,Marriott-MEXXZ
MFEAL,Aloft McAllen,mfeal-aloft-mcallen,Marriott-MFEAL
MFMLC,"Londoner Grand, a Luxury Collection Hotel, Macao","mfmlc-londoner-grand,-a-luxury-collection-hotel,-macao",Marriott-MFMLC
MGACR,"City Centro by Marriott La Recoleccion, Nicaragua","mgacr-city-centro-by-marriott-la-recoleccion,-nicaragua",Marriott-MGACR
MGAEX,City Express by Marriott Esteli,mgaex-city-express-by-marriott-esteli,Marriott-MGAEX
MGAXE,City Express by Marriott Managua,mgaxe-city-express-by-marriott-managua,Marriott-MGAXE
MGMMT,TownePlace Suites Millbrook Prattville,mgmmt-towneplace-suites-millbrook-prattville,Marriott-MGMMT
MHGOU,Four Points Flex by Sheraton Östringen,mhgou-four-points-flex-by-sheraton-östringen,Marriott-MHGOU
MHTBP,Four Points by Sheraton Bedford Manchester Airport,mhtbp-four-points-by-sheraton-bedford-manchester-airport,Marriott-MHTBP
MHTEU,Postcard Cabins Blake Brook,mhteu-postcard-cabins-blake-brook,Marriott-MHTEU
MHTHF,Fairfield Inn & Suites Haverhill,mhthf-fairfield-inn-&-suites-haverhill,Marriott-MHTHF
MHTHT,TownePlace Suites Haverhill,mhtht-towneplace-suites-haverhill,Marriott-MHTHT
MHTTX,"The Artisan at Tuscan Village, a Tribute Portfolio Hotel","mhttx-the-artisan-at-tuscan-village,-a-tribute-portfolio-hotel",Marriott-MHTTX
MIAAY,Sonder 17WEST Apartments,miaay-sonder-17west-apartments,Marriott-MIAAY
MIABK,"Dua Miami, Autograph Collection","miabk-dua-miami,-autograph-collection",Marriott-MIABK
MIABS,"The Shelborne By Proper, a Member of Design Hotels™","miabs-the-shelborne-by-proper,-a-member-of-design-hotels™",Marriott-MIABS
MIAHA,The Abbey Hotel Miami Beach Sonder,miaha-the-abbey-hotel-miami-beach-sonder,Marriott-MIAHA
MIAHC,"The Circ Hotel Hollywood, Sonder","miahc-the-circ-hotel-hollywood,-sonder",Marriott-MIAHC
MIAON,Moxy Miami Wynwood,miaon-moxy-miami-wynwood,Marriott-MIAON
MIASX,"the goodtime hotel, Miami Beach, a Tribute Portfolio Hotel","miasx-the-goodtime-hotel,-miami-beach,-a-tribute-portfolio-hotel",Marriott-MIASX
MIATW,"Three Waters Resort and Marina, Islamorada, a Tribute Portfolio Resort","miatw-three-waters-resort-and-marina,-islamorada,-a-tribute-portfolio-resort",Marriott-MIATW
MIDJA,City Express Junior by Marriott Merida Altabrisa,midja-city-express-junior-by-marriott-merida-altabrisa,Marriott-MIDJA
MIDPM,City Express Plus by Marriott Mérida,midpm-city-express-plus-by-marriott-mérida,Marriott-MIDPM
MIDXM,City Express by Marriott Merida,midxm-city-express-by-marriott-merida,Marriott-MIDXM
MIGFP,Four Points by Sheraton Mianyang,migfp-four-points-by-sheraton-mianyang,Marriott-MIGFP
MILAA,Sonder Atelier Apartments Porta Romana,milaa-sonder-atelier-apartments-porta-romana,Marriott-MILAA
MILAC,Sonder Manzoni Apartments Torre Velasca,milac-sonder-manzoni-apartments-torre-velasca,Marriott-MILAC
MILCB,"Casa Brera, a Luxury Collection Hotel, Milan","milcb-casa-brera,-a-luxury-collection-hotel,-milan",Marriott-MILCB
MILCY,Courtyard Milano Linate,milcy-courtyard-milano-linate,Marriott-MILCY
MILGB,Gombit Hotel Bergamo,milgb-gombit-hotel-bergamo,Marriott-MILGB
MILHM,"Missori Hotel Piazza Missori, Sonder","milhm-missori-hotel-piazza-missori,-sonder",Marriott-MILHM
MKEBI,Residence Inn Milwaukee Brookfield at Poplar Creek,mkebi-residence-inn-milwaukee-brookfield-at-poplar-creek,Marriott-MKEBI
MKEBY,Courtyard Milwaukee Brookfield at Poplar Creek,mkeby-courtyard-milwaukee-brookfield-at-poplar-creek,Marriott-MKEBY
MLBIF,Fairfield Inn & Suites Melbourne,mlbif-fairfield-inn-&-suites-melbourne,Marriott-MLBIF
MLBOE,Element Melbourne Oceanfront,mlboe-element-melbourne-oceanfront,Marriott-MLBOE
MLBPS,SpringHill Suites West Melbourne Palm Bay,mlbps-springhill-suites-west-melbourne-palm-bay,Marriott-MLBPS
MLEFB,"Seaside Finolhu Baa Atoll Maldives, a Member of Design Hotels™","mlefb-seaside-finolhu-baa-atoll-maldives,-a-member-of-design-hotels™",Marriott-MLEFB
MLEJM,JW Marriott Maldives Kaafu Atoll Island Resort,mlejm-jw-marriott-maldives-kaafu-atoll-island-resort,Marriott-MLEJM
MLEPF,"Patina Maldives, Fari Islands, a Member of Design Hotels","mlepf-patina-maldives,-fari-islands,-a-member-of-design-hotels",Marriott-MLEPF
MLIBC,Courtyard Bettendorf,mlibc-courtyard-bettendorf,Marriott-MLIBC
MLIBH,SpringHill Suites Bettendorf,mlibh-springhill-suites-bettendorf,Marriott-MLIBH
MLOSS,"Stamna Sifnos, a Member of Design Hotels","mloss-stamna-sifnos,-a-member-of-design-hotels",Marriott-MLOSS
MPHBP,Four Points by Sheraton Boracay,mphbp-four-points-by-sheraton-boracay,Marriott-MPHBP
MRYMB,"Monterey Beach Hotel, a Tribute Portfolio Hotel","mrymb-monterey-beach-hotel,-a-tribute-portfolio-hotel",Marriott-MRYMB
MSLBR,Renaissance Shoals Resort & Spa,mslbr-renaissance-shoals-resort-&-spa,Marriott-MSLBR
MSNFS,Fairfield Inn & Suites Madison South,msnfs-fairfield-inn-&-suites-madison-south,Marriott-MSNFS
MSNOX,Moxy Madison Downtown,msnox-moxy-madison-downtown,Marriott-MSNOX
MSNSO,Madison Marriott South,msnso-madison-marriott-south,Marriott-MSNSO
MSPAF,Sonder The Fitz Apartments Downtown St Paul,mspaf-sonder-the-fitz-apartments-downtown-st-paul,Marriott-MSPAF
MSPAM,Sonder North Loop Green Apartments North Loop,mspam-sonder-north-loop-green-apartments-north-loop,Marriott-MSPAM
MSPMP,TownePlace Suites Mankato,mspmp-towneplace-suites-mankato,Marriott-MSPMP
MSPSD,Sheraton Minneapolis Downtown Convention Center,mspsd-sheraton-minneapolis-downtown-convention-center,Marriott-MSPSD
MSYAA,Sonder The Gallier Apartments CBD,msyaa-sonder-the-gallier-apartments-cbd,Marriott-MSYAA
MSYAG,Sonder Gravier Place Apartments Medical,msyag-sonder-gravier-place-apartments-medical,Marriott-MSYAG
MSYAS,Sonder The Schaeffer Apartments French Quarter,msyas-sonder-the-schaeffer-apartments-french-quarter,Marriott-MSYAS
MSYAU,Sonder The Louie Apartments CBD,msyau-sonder-the-louie-apartments-cbd,Marriott-MSYAU
MSYAV,Sonder The Vitascope Apartments French Quarter,msyav-sonder-the-vitascope-apartments-french-quarter,Marriott-MSYAV
MSYRF,"Hotel de la Poste – French Quarter, A Renaissance Hotel","msyrf-hotel-de-la-poste-–-french-quarter,-a-renaissance-hotel",Marriott-MSYRF
MSYTX,"Le Pavillon, New Orleans, a Tribute Portfolio Hotel","msytx-le-pavillon,-new-orleans,-a-tribute-portfolio-hotel",Marriott-MSYTX
MSYXE,City Express by Marriott New Orleans I-10,msyxe-city-express-by-marriott-new-orleans-i-10,Marriott-MSYXE
MTTXT,City Express by Marriott Minatitlan,mttxt-city-express-by-marriott-minatitlan,Marriott-MTTXT
MTYJD,SJ Grand Hotel,mtyjd-sj-grand-hotel,Marriott-MTYJD
MTYPC,City Express Plus by Marriott Monterrey Centro,mtypc-city-express-plus-by-marriott-monterrey-centro,Marriott-MTYPC
MTYPG,City Express Plus by Marriott Monterrey Galerias,mtypg-city-express-plus-by-marriott-monterrey-galerias,Marriott-MTYPG
MTYPS,City Express Plus by Marriott Monterrey Nuevo Sur,mtyps-city-express-plus-by-marriott-monterrey-nuevo-sur,Marriott-MTYPS
MTYXC,City Express by Marriott Monterrey Santa Catarina,mtyxc-city-express-by-marriott-monterrey-santa-catarina,Marriott-MTYXC
MTYXL,City Express by Marriott Saltillo Norte,mtyxl-city-express-by-marriott-saltillo-norte,Marriott-MTYXL
MTYXN,City Express by Marriott Monterrey Norte,mtyxn-city-express-by-marriott-monterrey-norte,Marriott-MTYXN
MTYXO,City Express by Marriott Monterrey Aeropuerto,mtyxo-city-express-by-marriott-monterrey-aeropuerto,Marriott-MTYXO
MTYXT,City Express by Marriott Monterrey Lindavista,mtyxt-city-express-by-marriott-monterrey-lindavista,Marriott-MTYXT
MTYXU,City Express by Marriott Monterrey Universidad,mtyxu-city-express-by-marriott-monterrey-universidad,Marriott-MTYXU
MTYXW,City Express by Marriott Saltillo Sur,mtyxw-city-express-by-marriott-saltillo-sur,Marriott-MTYXW
MUCLB,"Flesslers Lenggries, a Tribute Portfolio Hotel","muclb-flesslers-lenggries,-a-tribute-portfolio-hotel",Marriott-MUCLB
MUCLK,"Koenigshof, a Luxury Collection Hotel, Munich","muclk-koenigshof,-a-luxury-collection-hotel,-munich",Marriott-MUCLK
MUCMU,FOUR Munich Neue Messe,mucmu-four-munich-neue-messe,Marriott-MUCMU
MUCSB,"Arabella Alpenhotel am Spitzingsee, a Tribute Portfolio Hotel","mucsb-arabella-alpenhotel-am-spitzingsee,-a-tribute-portfolio-hotel",Marriott-MUCSB
MXLJM,City Express Junior by Marriott Mexicali,mxljm-city-express-junior-by-marriott-mexicali,Marriott-MXLJM
MXLPM,City Express Plus by Marriott Mexicali,mxlpm-city-express-plus-by-marriott-mexicali,Marriott-MXLPM
MXLXM,City Express by Marriott Mexicali,mxlxm-city-express-by-marriott-mexicali,Marriott-MXLXM
MZTPM,City Express Plus by Marriott Mazatlán,mztpm-city-express-plus-by-marriott-mazatlán,Marriott-MZTPM
MZTXM,City Express by Marriott Mazatlán,mztxm-city-express-by-marriott-mazatlán,Marriott-MZTXM
NAPCN,Plaza Caserta,napcn-plaza-caserta,Marriott-NAPCN
NAPMU,Four Points Flex by Sheraton Naples Marigliano,napmu-four-points-flex-by-sheraton-naples-marigliano,Marriott-NAPMU
NAPNN,Inn Naples Airport,napnn-inn-naples-airport,Marriott-NAPNN
NAVMC,Cappadocia Marriott Hotel,navmc-cappadocia-marriott-hotel,Marriott-NAVMC
NCEHC,"Hôtel du Couvent, a Luxury Collection Hotel, Nice, France","ncehc-hôtel-du-couvent,-a-luxury-collection-hotel,-nice,-france",Marriott-NCEHC
NCEHE,"Yelo Belle Epoque Hotel Festival Palace, Sonder","ncehe-yelo-belle-epoque-hotel-festival-palace,-sonder",Marriott-NCEHE
NCEHJ,"Yelo Jean Médecin Hotel, Sonder","ncehj-yelo-jean-médecin-hotel,-sonder",Marriott-NCEHJ
NCEHL,"Yelo Lumière Hotel Festival Palace, Sonder","ncehl-yelo-lumière-hotel-festival-palace,-sonder",Marriott-NCEHL
NCEHM,"Yelo Mozart Hotel Les Musiciens, Sonder","ncehm-yelo-mozart-hotel-les-musiciens,-sonder",Marriott-NCEHM
NCEHP,"Yelo Promenade Hotel Magnan, Sonder","ncehp-yelo-promenade-hotel-magnan,-sonder",Marriott-NCEHP
NCEHR,"Yelo Marengo Hotel Centre-Ville, Sonder","ncehr-yelo-marengo-hotel-centre-ville,-sonder",Marriott-NCEHR
NCEMB,"La Bastide de Mougins, a Tribute Portfolio Hotel","ncemb-la-bastide-de-mougins,-a-tribute-portfolio-hotel",Marriott-NCEMB
NCEOX,Moxy Nice,nceox-moxy-nice,Marriott-NCEOX
NCLNU,Four Points Flex by Sheraton Newcastle,nclnu-four-points-flex-by-sheraton-newcastle,Marriott-NCLNU
NGBYS,Sheraton Ningbo Yinzhou,ngbys-sheraton-ningbo-yinzhou,Marriott-NGBYS
NGOXF,Four Points Flex by Sheraton Nagoya Station,ngoxf-four-points-flex-by-sheraton-nagoya-station,Marriott-NGOXF
NGSMC,Nagasaki Marriott Hotel,ngsmc-nagasaki-marriott-hotel,Marriott-NGSMC
NKGCF,Fairfield by Marriott Chuzhou Railway Station,nkgcf-fairfield-by-marriott-chuzhou-railway-station,Marriott-NKGCF
NLDXN,City Express by Marriott Nuevo Laredo,nldxn-city-express-by-marriott-nuevo-laredo,Marriott-NLDXN
NNGCY,Courtyard by Marriott Nanning Wuxiang,nngcy-courtyard-by-marriott-nanning-wuxiang,Marriott-NNGCY
NNGFP,"Four Points by Sheraton Nanning, Wuxiang","nngfp-four-points-by-sheraton-nanning,-wuxiang",Marriott-NNGFP
NOGXC,City Express by Marriott Cananea,nogxc-city-express-by-marriott-cananea,Marriott-NOGXC
NOGXN,City Express by Marriott Nogales,nogxn-city-express-by-marriott-nogales,Marriott-NOGXN
NRNNT,"The Rebyl, Nijmegen, a Tribute Portfolio Hotel","nrnnt-the-rebyl,-nijmegen,-a-tribute-portfolio-hotel",Marriott-NRNNT
NTGCY,Courtyard Nantong,ntgcy-courtyard-nantong,Marriott-NTGCY
NTGMD,Le Meridien Nantong,ntgmd-le-meridien-nantong,Marriott-NTGMD
NYCAB,Sonder Battery Park Apartments Financial District,nycab-sonder-battery-park-apartments-financial-district,Marriott-NYCAB
NYCAD,"The Dutch Hotel Long Island City, Sonder","nycad-the-dutch-hotel-long-island-city,-sonder",Marriott-NYCAD
NYCAH,"Henri on 24 Hotel Chelsea, Sonder","nycah-henri-on-24-hotel-chelsea,-sonder",Marriott-NYCAH
NYCAN,Sonder The Nash Apartments Midtown East,nycan-sonder-the-nash-apartments-midtown-east,Marriott-NYCAN
NYCAQ,Sonder Court Square Apartments Long Island City,nycaq-sonder-court-square-apartments-long-island-city,Marriott-NYCAQ
NYCAT,Sonder One Platt Apartments Financial District,nycat-sonder-one-platt-apartments-financial-district,Marriott-NYCAT
NYCAW,"The William Hotel Midtown, Sonder","nycaw-the-william-hotel-midtown,-sonder",Marriott-NYCAW
NYCHC,"Chambers Hotel Central Park South, Sonder","nychc-chambers-hotel-central-park-south,-sonder",Marriott-NYCHC
NYCHF,"Flatiron Hotel, Sonder","nychf-flatiron-hotel,-sonder",Marriott-NYCHF
NYCHI,"The Industrialist Hotel Gowanus Brooklyn, Sonder","nychi-the-industrialist-hotel-gowanus-brooklyn,-sonder",Marriott-NYCHI
NYCHO,"The Merchant Hotel, Sonder","nycho-the-merchant-hotel,-sonder",Marriott-NYCHO
NYCHU,"Duane Street Hotel Tribeca, Sonder","nychu-duane-street-hotel-tribeca,-sonder",Marriott-NYCHU
NYCMR,"The Moore, a Member of Design Hotels","nycmr-the-moore,-a-member-of-design-hotels",Marriott-NYCMR
NYCMX,The Luxury Collection Hotel Manhattan Midtown,nycmx-the-luxury-collection-hotel-manhattan-midtown,Marriott-NYCMX
NYCWF,SpringHill Suites New York Manhattan Times Square,nycwf-springhill-suites-new-york-manhattan-times-square,Marriott-NYCWF
NYCWU,The Westin Flushing LaGuardia Airport,nycwu-the-westin-flushing-laguardia-airport,Marriott-NYCWU
OAKPC,Courtyard Antioch Pittsburg,oakpc-courtyard-antioch-pittsburg,Marriott-OAKPC
OAXCO,City Centro by Marriott Oaxaca,oaxco-city-centro-by-marriott-oaxaca,Marriott-OAXCO
OAXXO,City Express by Marriott Oaxaca,oaxxo-city-express-by-marriott-oaxaca,Marriott-OAXXO
OKCBH,"Bradford House, a Member of Design Hotels™","okcbh-bradford-house,-a-member-of-design-hotels™",Marriott-OKCBH
OKCMT,TownePlace Suites Midwest City,okcmt-towneplace-suites-midwest-city,Marriott-OKCMT
OKCNT,"NOUN Hotel, Norman, A Tribute Portfolio Hotel","okcnt-noun-hotel,-norman,-a-tribute-portfolio-hotel",Marriott-OKCNT
OKCTY,TownePlace Suites Oklahoma City Yukon,okcty-towneplace-suites-oklahoma-city-yukon,Marriott-OKCTY
OLBDE,Delta Hotels Olbia Sardinia,olbde-delta-hotels-olbia-sardinia,Marriott-OLBDE
OLBPQ,W Sardinia - Poltu Quatu,olbpq-w-sardinia---poltu-quatu,Marriott-OLBPQ
OMASW,Fairfield Inn & Suites Omaha at MH Landing,omasw-fairfield-inn-&-suites-omaha-at-mh-landing,Marriott-OMASW
ONTCC,Courtyard Chino Hills,ontcc-courtyard-chino-hills,Marriott-ONTCC
ONTRX,Postcard Cabins Big Bear,ontrx-postcard-cabins-big-bear,Marriott-ONTRX
ONTSB,Courtyard San Bernardino Loma Linda,ontsb-courtyard-san-bernardino-loma-linda,Marriott-ONTSB
ONTVF,Fairfield Inn & Suites Victorville,ontvf-fairfield-inn-&-suites-victorville,Marriott-ONTVF
OPOGT,"Origine Porto Gaia, a Tribute Portfolio Hotel","opogt-origine-porto-gaia,-a-tribute-portfolio-hotel",Marriott-OPOGT
ORKOX,Moxy Cork,orkox-moxy-cork,Marriott-ORKOX
ORKRI,Residence Inn Cork,orkri-residence-inn-cork,Marriott-ORKRI
OSAAK,"THE OSAKA STATION HOTEL, Autograph Collection","osaak-the-osaka-station-hotel,-autograph-collection",Marriott-OSAAK
OSAGK,"Genji Kyoto, a Member of Design Hotels™","osagk-genji-kyoto,-a-member-of-design-hotels™",Marriott-OSAGK
OSAHU,Four Points Flex by Sheraton Osaka Shinsaibashi,osahu-four-points-flex-by-sheraton-osaka-shinsaibashi,Marriott-OSAHU
OSAKS,Courtyard Kyoto Shijo Karasuma,osaks-courtyard-kyoto-shijo-karasuma,Marriott-OSAKS
OSAKU,Four Points Flex by Sheraton Osaka Kitahama,osaku-four-points-flex-by-sheraton-osaka-kitahama,Marriott-OSAKU
OSASU,Four Points Flex by Sheraton Shin Osaka,osasu-four-points-flex-by-sheraton-shin-osaka,Marriott-OSASU
OSAUU,Four Points Flex by Sheraton Osaka Umeda,osauu-four-points-flex-by-sheraton-osaka-umeda,Marriott-OSAUU
OSAYU,Four Points Flex by Sheraton Kyoto Oike,osayu-four-points-flex-by-sheraton-kyoto-oike,Marriott-OSAYU
PARAE,"L'Edmond Hotel Parc Monceau, Sonder","parae-l'edmond-hotel-parc-monceau,-sonder",Marriott-PARAE
PARAQ,"Quintinie Hotel 15th Arrondissement, Sonder","paraq-quintinie-hotel-15th-arrondissement,-sonder",Marriott-PARAQ
PARCX,Moxy Paris Clamart,parcx-moxy-paris-clamart,Marriott-PARCX
PARHA,"Atala Hotel Champs Elysées, Sonder","parha-atala-hotel-champs-elysées,-sonder",Marriott-PARHA
PARHF,"Le Frochot Hotel Pigalle, Sonder","parhf-le-frochot-hotel-pigalle,-sonder",Marriott-PARHF
PARLP,"Le Pigalle, a Member of Design Hotels™","parlp-le-pigalle,-a-member-of-design-hotels™",Marriott-PARLP
PASPP,"Parilio, a Member of Design Hotels","paspp-parilio,-a-member-of-design-hotels",Marriott-PASPP
PAZXT,City Express by Marriott Tuxpan,pazxt-city-express-by-marriott-tuxpan,Marriott-PAZXT
PBCDE,Gran Hotel de Puebla by HNF,pbcde-gran-hotel-de-puebla-by-hnf,Marriott-PBCDE
PBCJA,City Express Junior by Marriott Puebla Angelopolis,pbcja-city-express-junior-by-marriott-puebla-angelopolis,Marriott-PBCJA
PBCJF,City Express Junior by Marriott Puebla Finsa,pbcjf-city-express-junior-by-marriott-puebla-finsa,Marriott-PBCJF
PBCSF,City Express Suites Puebla Finsa,pbcsf-city-express-suites-puebla-finsa,Marriott-PBCSF
PBCXA,City Express by Marriott Puebla Angelopolis,pbcxa-city-express-by-marriott-puebla-angelopolis,Marriott-PBCXA
PBCXC,City Express by Marriott Puebla Centro,pbcxc-city-express-by-marriott-puebla-centro,Marriott-PBCXC
PBCXP,City Express by Marriott Puebla Finsa,pbcxp-city-express-by-marriott-puebla-finsa,Marriott-PBCXP
PBCXT,City Express by Marriott Tehuacan,pbcxt-city-express-by-marriott-tehuacan,Marriott-PBCXT
PBCXX,City Express by Marriott Apizaco,pbcxx-city-express-by-marriott-apizaco,Marriott-PBCXX
PBIDE,Delta Hotels by Marriott West Palm Beach,pbide-delta-hotels-by-marriott-west-palm-beach,Marriott-PBIDE
PBILW,"GULFSTREAM HOTEL, Lake Worth Beach, a Tribute Portfolio Hotel","pbilw-gulfstream-hotel,-lake-worth-beach,-a-tribute-portfolio-hotel",Marriott-PBILW
PBIWK,"The Belgrove Resort & Spa, West Palm Beach, Autograph Collection","pbiwk-the-belgrove-resort-&-spa,-west-palm-beach,-autograph-collection",Marriott-PBIWK
PDLDE,Delta Hotels Azores,pdlde-delta-hotels-azores,Marriott-PDLDE
PDSXP,City Express by Marriott Piedras Negras,pdsxp-city-express-by-marriott-piedras-negras,Marriott-PDSXP
PDXGU,Postcard Cabins Mount Adams,pdxgu-postcard-cabins-mount-adams,Marriott-PDXGU
PDXLA,AC Hotel Portland Lake Oswego,pdxla-ac-hotel-portland-lake-oswego,Marriott-PDXLA
PDXNF,Fairfield Inn & Suites Portland Newberg,pdxnf-fairfield-inn-&-suites-portland-newberg,Marriott-PDXNF
PDXTA,TownePlace Suites Portland Airport,pdxta-towneplace-suites-portland-airport,Marriott-PDXTA
PDXWL,"Woodlark Hotel Portland, a Tribute Portfolio Hotel","pdxwl-woodlark-hotel-portland,-a-tribute-portfolio-hotel",Marriott-PDXWL
PENMH,"Iconic Marjorie Hotel, Penang, a Tribute Portfolio Hotel","penmh-iconic-marjorie-hotel,-penang,-a-tribute-portfolio-hotel",Marriott-PENMH
PENTM,"The Millen Penang, Autograph Collection","pentm-the-millen-penang,-autograph-collection",Marriott-PENTM
PERMC,"Courtyard Perth, Murdoch","permc-courtyard-perth,-murdoch",Marriott-PERMC
PFOPA,"Almyra, a Member of Design Hotels","pfopa-almyra,-a-member-of-design-hotels",Marriott-PFOPA
PGAKS,SpringHill Suites Kanab,pgaks-springhill-suites-kanab,Marriott-PGAKS
PGVWF,Fairfield Inn & Suites Weldon,pgvwf-fairfield-inn-&-suites-weldon,Marriott-PGVWF
PHFNA,TownePlace Suites Newport News Airport,phfna-towneplace-suites-newport-news-airport,Marriott-PHFNA
PHLAE,Sonder The Edison Apartments Old City,phlae-sonder-the-edison-apartments-old-city,Marriott-PHLAE
PHLAH,Sonder The Heid Apartments Loft District,phlah-sonder-the-heid-apartments-loft-district,Marriott-PHLAH
PHLAO,Sonder Ovation Apartments Avenue of the Arts,phlao-sonder-ovation-apartments-avenue-of-the-arts,Marriott-PHLAO
PHLAW,Sonder The Witherspoon Apartments Center City,phlaw-sonder-the-witherspoon-apartments-center-city,Marriott-PHLAW
PHLHA,"The Arco Hotel Midtown Village, Sonder","phlha-the-arco-hotel-midtown-village,-sonder",Marriott-PHLHA
PHLHQ,"The Queen Hotel Queen Village, Sonder","phlhq-the-queen-hotel-queen-village,-sonder",Marriott-PHLHQ
PHLKR,Residence Inn King of Prussia,phlkr-residence-inn-king-of-prussia,Marriott-PHLKR
PHLQC,AC Hotel Newtown Square,phlqc-ac-hotel-newtown-square,Marriott-PHLQC
PHLTX,The Warwick Hotel Rittenhouse Square Philadelphia,phltx-the-warwick-hotel-rittenhouse-square-philadelphia,Marriott-PHLTX
PHLYD,Courtyard Philadelphia Downtown,phlyd-courtyard-philadelphia-downtown,Marriott-PHLYD
PHXAI,Sonder Ida Apartments Downtown,phxai-sonder-ida-apartments-downtown,Marriott-PHXAI
PHXAM,Sonder Mill Ave Apartments Tempe,phxam-sonder-mill-ave-apartments-tempe,Marriott-PHXAM
PHXDA,"The REMI Scottsdale, Autograph Collection","phxda-the-remi-scottsdale,-autograph-collection",Marriott-PHXDA
PHXDF,Fairfield Inn & Suites Scottsdale Old Town,phxdf-fairfield-inn-&-suites-scottsdale-old-town,Marriott-PHXDF
PHXFE,Fairfield Inn & Suites Tempe,phxfe-fairfield-inn-&-suites-tempe,Marriott-PHXFE
PHXFO,Fairfield Inn & Suites Phoenix South Mountain Area,phxfo-fairfield-inn-&-suites-phoenix-south-mountain-area,Marriott-PHXFO
PHXHC,AC Hotel Phoenix North Norterra,phxhc-ac-hotel-phoenix-north-norterra,Marriott-PHXHC
PHXHE,Element Phoenix North Norterra,phxhe-element-phoenix-north-norterra,Marriott-PHXHE
PHXPE,TownePlace Suites Tempe,phxpe-towneplace-suites-tempe,Marriott-PHXPE
PHXSU,SpringHill Suites Surprise,phxsu-springhill-suites-surprise,Marriott-PHXSU
PHXSV,SpringHill Suites Phoenix West/Avondale,phxsv-springhill-suites-phoenix-west/avondale,Marriott-PHXSV
PHXZF,Fairfield Inn & Suites Surprise Prasada,phxzf-fairfield-inn-&-suites-surprise-prasada,Marriott-PHXZF
PHXZT,TownePlace Suites Surprise Prasada,phxzt-towneplace-suites-surprise-prasada,Marriott-PHXZT
PITHA,SpringHill Suites Pittsburgh Airport,pitha-springhill-suites-pittsburgh-airport,Marriott-PITHA
PITLU,Postcard Cabins Beaver Creek,pitlu-postcard-cabins-beaver-creek,Marriott-PITLU
PITYU,Courtyard Pittsburgh University Center,pityu-courtyard-pittsburgh-university-center,Marriott-PITYU
PLQKR,"Reja, a Member of Design Hotels™","plqkr-reja,-a-member-of-design-hotels™",Marriott-PLQKR
PNKFP,Four Points by Sheraton Pontianak,pnkfp-four-points-by-sheraton-pontianak,Marriott-PNKFP
PNSFO,Fairfield Inn & Suites Foley,pnsfo-fairfield-inn-&-suites-foley,Marriott-PNSFO
POMEA,Marriott Executive Apartments Port Moresby,pomea-marriott-executive-apartments-port-moresby,Marriott-POMEA
PPEXC,City Express by Marriott Caborca,ppexc-city-express-by-marriott-caborca,Marriott-PPEXC
PPSFP,Four Points by Sheraton Palawan Puerto Princesa,ppsfp-four-points-by-sheraton-palawan-puerto-princesa,Marriott-PPSFP
PRGSP,"Sir Prague, a Member Design Hotels","prgsp-sir-prague,-a-member-design-hotels",Marriott-PRGSP
PRGWH,W Prague,prgwh-w-prague,Marriott-PRGWH
PRNCY,Courtyard Prishtina,prncy-courtyard-prishtina,Marriott-PRNCY
PSPDH,"Drift Palm Springs, a Member of Design Hotels™","pspdh-drift-palm-springs,-a-member-of-design-hotels™",Marriott-PSPDH
PTYRH,Renaissance Panama City Hotel,ptyrh-renaissance-panama-city-hotel,Marriott-PTYRH
PUJRX,The Residences at The St. Regis Cap Cana Resort,pujrx-the-residences-at-the-st.-regis-cap-cana-resort,Marriott-PUJRX
PUJSM,"Marriott Miches Beach, An All-Inclusive Resort","pujsm-marriott-miches-beach,-an-all-inclusive-resort",Marriott-PUJSM
PUJWH,"W Punta Cana, Adult All-Inclusive","pujwh-w-punta-cana,-adult-all-inclusive",Marriott-PUJWH
PUJXR,The St. Regis Cap Cana Resort,pujxr-the-st.-regis-cap-cana-resort,Marriott-PUJXR
PVRPP,City Express Plus by Marriott Puerto Vallarta,pvrpp-city-express-plus-by-marriott-puerto-vallarta,Marriott-PVRPP
PVRWA,"The Westin Playa Vallarta, an All-Inclusive Resort","pvrwa-the-westin-playa-vallarta,-an-all-inclusive-resort",Marriott-PVRWA
PWMFH,SpringHill Suites Freeport Brunswick,pwmfh-springhill-suites-freeport-brunswick,Marriott-PWMFH
PXMHH,"Hotel Humano, a Member of Design Hotels","pxmhh-hotel-humano,-a-member-of-design-hotels",Marriott-PXMHH
QROSQ,City Express Suites by Marriott Querétaro,qrosq-city-express-suites-by-marriott-querétaro,Marriott-QROSQ
QROXJ,City Express by Marriott Querétaro Juríca,qroxj-city-express-by-marriott-querétaro-juríca,Marriott-QROXJ
QROXQ,City Express by Marriott Queretaro,qroxq-city-express-by-marriott-queretaro,Marriott-QROXQ
RDUFF,Fairfield by Marriott Inn & Suites Durham,rduff-fairfield-by-marriott-inn-&-suites-durham,Marriott-RDUFF
RDUGS,SpringHill Suites Raleigh Garner,rdugs-springhill-suites-raleigh-garner,Marriott-RDUGS
REFMC,Marriott Corrientes,refmc-marriott-corrientes,Marriott-REFMC
REPCY,Courtyard Siem Reap Resort,repcy-courtyard-siem-reap-resort,Marriott-REPCY
REXXO,City Express by Marriott Reynosa Aeropuerto,rexxo-city-express-by-marriott-reynosa-aeropuerto,Marriott-REXXO
REXXR,City Express by Marriott Reynosa,rexxr-city-express-by-marriott-reynosa,Marriott-REXXR
RFDDF,Fairfield Inn & Suites Dixon,rfddf-fairfield-inn-&-suites-dixon,Marriott-RFDDF
RHOPA,"Amoh, a Luxury Collection Resort, Rhodes","rhopa-amoh,-a-luxury-collection-resort,-rhodes",Marriott-RHOPA
RICAR,Residence Inn Richmond Airport,ricar-residence-inn-richmond-airport,Marriott-RICAR
RICTX,"The Publisher, Downtown Fredericksburg, a Tribute Portfolio Hotel","rictx-the-publisher,-downtown-fredericksburg,-a-tribute-portfolio-hotel",Marriott-RICTX
RIZFP,Four Points by Sheraton Rizhao,rizfp-four-points-by-sheraton-rizhao,Marriott-RIZFP
RIZPC,Four Points by Sheraton Rizhao Central Activities Zone,rizpc-four-points-by-sheraton-rizhao-central-activities-zone,Marriott-RIZPC
RJKCK,"The Isolano, Cres, Autograph Collection","rjkck-the-isolano,-cres,-autograph-collection",Marriott-RJKCK
RJKOM,Opatija Marriott Resort & Spa,rjkom-opatija-marriott-resort-&-spa,Marriott-RJKOM
RMUCP,AC Hotel Cartagena,rmucp-ac-hotel-cartagena,Marriott-RMUCP
RNOCS,Courtyard Reno Sparks,rnocs-courtyard-reno-sparks,Marriott-RNOCS
ROARS,SpringHill Suites Roanoke North,roars-springhill-suites-roanoke-north,Marriott-ROARS
ROMAA,Sonder Antinoo Apartments Piazza del Parlamento,romaa-sonder-antinoo-apartments-piazza-del-parlamento,Marriott-ROMAA
ROMAI,Sonder Barberini Apartments Piazza Barberini,romai-sonder-barberini-apartments-piazza-barberini,Marriott-ROMAI
ROMAL,Sonder San Lorenzo Apartments,romal-sonder-san-lorenzo-apartments,Marriott-ROMAL
ROMAP,Sonder Piazza San Pietro Apartments Vaticano,romap-sonder-piazza-san-pietro-apartments-vaticano,Marriott-ROMAP
ROMAR,Sonder Trastevere Apartments Piazza Trilussa,romar-sonder-trastevere-apartments-piazza-trilussa,Marriott-ROMAR
ROMAT,Sonder Palazzo Taverna Apartments Piazza Navona,romat-sonder-palazzo-taverna-apartments-piazza-navona,Marriott-ROMAT
ROMAV,Sonder Piazza Venezia Apartments,romav-sonder-piazza-venezia-apartments,Marriott-ROMAV
ROMCA,AC Hotel Clodio Roma,romca-ac-hotel-clodio-roma,Marriott-ROMCA
ROMHS,"Piazza Di Spagna Hotel, Sonder","romhs-piazza-di-spagna-hotel,-sonder",Marriott-ROMHS
ROMHT,"Testaccio Hotel Monte dei Cocci, Sonder","romht-testaccio-hotel-monte-dei-cocci,-sonder",Marriott-ROMHT
RSWSP,TownePlace Suites Fort Myers Gulf Coast,rswsp-towneplace-suites-fort-myers-gulf-coast,Marriott-RSWSP
RSWSR,StudioRes Fort Myers,rswsr-studiores-fort-myers,Marriott-RSWSR
RSWTE,TownePlace Suites Fort Myers Southeast,rswte-towneplace-suites-fort-myers-southeast,Marriott-RSWTE
RTMHM,"The Middelland Hotel, Sonder","rtmhm-the-middelland-hotel,-sonder",Marriott-RTMHM
RTMHR,"Rose Hotel Het Park, Sonder","rtmhr-rose-hotel-het-park,-sonder",Marriott-RTMHR
RUHFK,Four Points by Sheraton King Abdulaziz Road,ruhfk-four-points-by-sheraton-king-abdulaziz-road,Marriott-RUHFK
RUHLC,"Bab Samhan, a Luxury Collection Hotel, Diriyah","ruhlc-bab-samhan,-a-luxury-collection-hotel,-diriyah",Marriott-RUHLC
RUHXR,The St. Regis Riyadh,ruhxr-the-st.-regis-riyadh,Marriott-RUHXR
SANBD,"Alma San Diego Downtown, a Tribute Portfolio Hotel","sanbd-alma-san-diego-downtown,-a-tribute-portfolio-hotel",Marriott-SANBD
SANDY,The Little Italy Hotel Downtown San Diego,sandy-the-little-italy-hotel-downtown-san-diego,Marriott-SANDY
SANGH,"Granger Hotel Gaslamp Quarter, a Member of Design Hotels","sangh-granger-hotel-gaslamp-quarter,-a-member-of-design-hotels",Marriott-SANGH
SANSU,SpringHill Suites Chula Vista Eastlake,sansu-springhill-suites-chula-vista-eastlake,Marriott-SANSU
SAOWH,W São Paulo,saowh-w-são-paulo,Marriott-SAOWH
SAOWI,The Westin Sao Paulo,saowi-the-westin-sao-paulo,Marriott-SAOWI
SATWO,Residence Inn San Antonio SeaWorld® /Westover Hills,satwo-residence-inn-san-antonio-seaworld®-/westover-hills,Marriott-SATWO
SATXN,"Sol Cypress, San Antonio, A Tribute Portfolio Hotel","satxn-sol-cypress,-san-antonio,-a-tribute-portfolio-hotel",Marriott-SATXN
SAVAC,AC Hotel Savannah Historic District,savac-ac-hotel-savannah-historic-district,Marriott-SAVAC
SAVAG,Sonder The Broughton Apartments Historic District,savag-sonder-the-broughton-apartments-historic-district,Marriott-SAVAG
SAVAY,Sonder The Drayton Apartments Historic District,savay-sonder-the-drayton-apartments-historic-district,Marriott-SAVAY
SAVDR,"The Ann Savannah, Apartments by Marriott Bonvoy","savdr-the-ann-savannah,-apartments-by-marriott-bonvoy",Marriott-SAVDR
SAVEM,Element Savannah Midtown,savem-element-savannah-midtown,Marriott-SAVEM
SAVPS,TownePlace Suites Savannah South,savps-towneplace-suites-savannah-south,Marriott-SAVPS
SBADH,"Drift Santa Barbara, a Member of Design Hotels™","sbadh-drift-santa-barbara,-a-member-of-design-hotels™",Marriott-SBADH
SBAHS,"Corque Hotel, Solvang, A Tribute Portfolio Hotel","sbahs-corque-hotel,-solvang,-a-tribute-portfolio-hotel",Marriott-SBAHS
SBAOT,TownePlace Suites Ventura Oxnard,sbaot-towneplace-suites-ventura-oxnard,Marriott-SBAOT
SBAVR,Residence Inn by Marriott Ventura Beach,sbavr-residence-inn-by-marriott-ventura-beach,Marriott-SBAVR
SBPAF,Fairfield Inn & Suites Atascadero,sbpaf-fairfield-inn-&-suites-atascadero,Marriott-SBPAF
SBPOH,SpringHill Suites By Marriott San Luis Obispo,sbpoh-springhill-suites-by-marriott-san-luis-obispo,Marriott-SBPOH
SBPOR,Residence Inn By Marriott San Luis Obispo,sbpor-residence-inn-by-marriott-san-luis-obispo,Marriott-SBPOR
SCKLR,Residence Inn Lodi Stockton,scklr-residence-inn-lodi-stockton,Marriott-SCKLR
SCKTT,TownePlace Suites Tracy,scktt-towneplace-suites-tracy,Marriott-SCKTT
SCLXO,City Express by Marriott Santiago Aeropuerto Chile,sclxo-city-express-by-marriott-santiago-aeropuerto-chile,Marriott-SCLXO
SDFVF,Fairfield Inn & Suites Shelbyville,sdfvf-fairfield-inn-&-suites-shelbyville,Marriott-SDFVF
SDQFP,Four Points by Sheraton Santo Domingo,sdqfp-four-points-by-sheraton-santo-domingo,Marriott-SDQFP
SEAAA,Skybridge Seattle Airport Hotel,seaaa-skybridge-seattle-airport-hotel,Marriott-SEAAA
SEAAP,Sonder Pivot Apartments Capitol Hill,seaap-sonder-pivot-apartments-capitol-hill,Marriott-SEAAP
SEAAU,Sonder RailSpur Apartments Pioneer Square,seaau-sonder-railspur-apartments-pioneer-square,Marriott-SEAAU
SEADA,AC Hotel Seattle Downtown,seada-ac-hotel-seattle-downtown,Marriott-SEADA
SEAEN,Element Seattle Downtown,seaen-element-seattle-downtown,Marriott-SEAEN
SEAHB,"The Boylston Hotel Capitol Hill, Sonder","seahb-the-boylston-hotel-capitol-hill,-sonder",Marriott-SEAHB
SEAOF,Fairfield  Inn & Suites Olympia,seaof-fairfield--inn-&-suites-olympia,Marriott-SEAOF
SEARN,Residence Inn Seattle Northgate Station,searn-residence-inn-seattle-northgate-station,Marriott-SEARN
SEAWK,"The SOMM Hotel & Spa, Autograph Collection","seawk-the-somm-hotel-&-spa,-autograph-collection",Marriott-SEAWK
SELGA,AC Hotel Seoul Geumjeong,selga-ac-hotel-seoul-geumjeong,Marriott-SELGA
SELTX,"The Link Seoul, a Tribute Portfolio Hotel","seltx-the-link-seoul,-a-tribute-portfolio-hotel",Marriott-SELTX
SELWG,The Westin Seoul Parnas,selwg-the-westin-seoul-parnas,Marriott-SELWG
SFOKD,"The Jay, Autograph Collection","sfokd-the-jay,-autograph-collection",Marriott-SFOKD
SGFOU,Postcard Cabins Ozark Highlands,sgfou-postcard-cabins-ozark-highlands,Marriott-SGFOU
SGFOX,Moxy Springfield Downtown,sgfox-moxy-springfield-downtown,Marriott-SGFOX
SGNBS,"Bach Suites Saigon, a Member of Design Hotels™","sgnbs-bach-suites-saigon,-a-member-of-design-hotels™",Marriott-SGNBS
SGNJS,JW Marriott Hotel & Suites Saigon,sgnjs-jw-marriott-hotel-&-suites-saigon,Marriott-SGNJS
SGNJT,"JW Marriott Hotel & Suites Saigon, The Apartments","sgnjt-jw-marriott-hotel-&-suites-saigon,-the-apartments",Marriott-SGNJT
SGUZB,"The Red Cliffs Lodge Zion, a Tribute Portfolio Hotel","sguzb-the-red-cliffs-lodge-zion,-a-tribute-portfolio-hotel",Marriott-SGUZB
SHAFG,Four Points by Sheraton Shanghai Fengjing,shafg-four-points-by-sheraton-shanghai-fengjing,Marriott-SHAFG
SHAFL,Fairfield by Marriott Shanghai Lingang Special Area,shafl-fairfield-by-marriott-shanghai-lingang-special-area,Marriott-SHAFL
SHAHA,Aloft Shanghai Hongqiao,shaha-aloft-shanghai-hongqiao,Marriott-SHAHA
SHAHF,Fairfield by Marriott Shanghai Hongqiao,shahf-fairfield-by-marriott-shanghai-hongqiao,Marriott-SHAHF
SHAIP,Four Points by Sheraton Shanghai International Tourism and Resorts Zone,shaip-four-points-by-sheraton-shanghai-international-tourism-and-resorts-zone,Marriott-SHAIP
SHAKA,Aloft Kunshan Dianshan Lake,shaka-aloft-kunshan-dianshan-lake,Marriott-SHAKA
SHAKH,Sheraton Kunshan Dianshan Lake,shakh-sheraton-kunshan-dianshan-lake,Marriott-SHAKH
SHAKP,Four Points by Sheraton Kunshan,shakp-four-points-by-sheraton-kunshan,Marriott-SHAKP
SHAPI,Fairfield by Marriott Shanghai Pudong South,shapi-fairfield-by-marriott-shanghai-pudong-south,Marriott-SHAPI
SHAXB,"The St. Regis on the Bund, Shanghai","shaxb-the-st.-regis-on-the-bund,-shanghai",Marriott-SHAXB
SHAXX,Moxy Shanghai Putuo,shaxx-moxy-shanghai-putuo,Marriott-SHAXX
SHAYM,Shanghai Marriott Hotel Yangpu Riverside,shaym-shanghai-marriott-hotel-yangpu-riverside,Marriott-SHAYM
SHDBU,Postcard Cabins Shenandoah North,shdbu-postcard-cabins-shenandoah-north,Marriott-SHDBU
SINEB,The Singapore EDITION,sineb-the-singapore-edition,Marriott-SINEB
SINSL,"The Laurus, a Luxury Collection Resort, Singapore","sinsl-the-laurus,-a-luxury-collection-resort,-singapore",Marriott-SINSL
SINTC,"21 Carpenter, Singapore, a Member of Design Hotels","sintc-21-carpenter,-singapore,-a-member-of-design-hotels",Marriott-SINTC
SJCTD,TownePlace Suites San Jose Downtown,sjctd-towneplace-suites-san-jose-downtown,Marriott-SJCTD
SJCYA,Courtyard San Jose Airport,sjcya-courtyard-san-jose-airport,Marriott-SJCYA
SJDDH,"Drift San Jose del Cabo, a Member of Design Hotels™","sjddh-drift-san-jose-del-cabo,-a-member-of-design-hotels™",Marriott-SJDDH
SJDHA,"Hacienda del Mar Los Cabos, An Autograph Collection All-Inclusive Resort","sjdha-hacienda-del-mar-los-cabos,-an-autograph-collection-all-inclusive-resort",Marriott-SJDHA
SJDPC,City Express Plus by Marriott Cabo San Lucas,sjdpc-city-express-plus-by-marriott-cabo-san-lucas,Marriott-SJDPC
SJDSC,City Express Suites by Marriott Cabo San Lucas,sjdsc-city-express-suites-by-marriott-cabo-san-lucas,Marriott-SJDSC
SJODE,Delta Hotels by Marriott San Jose Aurola,sjode-delta-hotels-by-marriott-san-jose-aurola,Marriott-SJODE
SJOFP,Four Points by Sheraton San Jose Costa Rica,sjofp-four-points-by-sheraton-san-jose-costa-rica,Marriott-SJOFP
SJOPH,D Sabana Hotel San José,sjoph-d-sabana-hotel-san-josé,Marriott-SJOPH
SJOXC,City Express by Marriott San Jose Costa Rica,sjoxc-city-express-by-marriott-san-jose-costa-rica,Marriott-SJOXC
SJULC,"La Concha Resort, Puerto Rico, Autograph Collection","sjulc-la-concha-resort,-puerto-rico,-autograph-collection",Marriott-SJULC
SJULU,Fairfield by Marriott Luquillo Beach,sjulu-fairfield-by-marriott-luquillo-beach,Marriott-SJULU
SJUTJ,"Casa Costera, Isla Verde Beach, Apartments by Marriott Bonvoy","sjutj-casa-costera,-isla-verde-beach,-apartments-by-marriott-bonvoy",Marriott-SJUTJ
SJUTX,"Hotel Rumbao, a Tribute Portfolio Hotel","sjutx-hotel-rumbao,-a-tribute-portfolio-hotel",Marriott-SJUTX
SJWDU,Four Points by Sheraton Shijiazhuang Downtown,sjwdu-four-points-by-sheraton-shijiazhuang-downtown,Marriott-SJWDU
SJWFF,Fairfield by Marriott Shijiazhuang Station,sjwff-fairfield-by-marriott-shijiazhuang-station,Marriott-SJWFF
SKBKT,Marriott's St. Kitts Beach Club,skbkt-marriott's-st.-kitts-beach-club,Marriott-SKBKT
SKBRB,"St. Kitts Marriott Beach Resort, Casino & Spa","skbrb-st.-kitts-marriott-beach-resort,-casino-&-spa",Marriott-SKBRB
SLCAU,"Asher Adams, Autograph Collection","slcau-asher-adams,-autograph-collection",Marriott-SLCAU
SLCFS,Fairfield Inn & Suites Salt Lake City Southwest,slcfs-fairfield-inn-&-suites-salt-lake-city-southwest,Marriott-SLCFS
SLCOP,Courtyard Orem University Place,slcop-courtyard-orem-university-place,Marriott-SLCOP
SLCTB,"Hotel Thaynes, Park City, a Tribute Portfolio Hotel","slctb-hotel-thaynes,-park-city,-a-tribute-portfolio-hotel",Marriott-SLCTB
SLPCL,City Centro by Marriott San Luis Potosi,slpcl-city-centro-by-marriott-san-luis-potosi,Marriott-SLPCL
SLPJC,City Express Junior by Marriott San Luis Potosi Carranza,slpjc-city-express-junior-by-marriott-san-luis-potosi-carranza,Marriott-SLPJC
SLPJI,City Express Junior by Marriott San Luis Potosí Zona Industrial,slpji-city-express-junior-by-marriott-san-luis-potosí-zona-industrial,Marriott-SLPJI
SLPPS,City Express Plus by Marriott San Luis Potosí,slpps-city-express-plus-by-marriott-san-luis-potosí,Marriott-SLPPS
SLPXI,City Express by Marriott San Luis Potosí Zona Industrial,slpxi-city-express-by-marriott-san-luis-potosí-zona-industrial,Marriott-SLPXI
SLPXU,City Express by Marriott San Luis Potosi Zona Universitaria,slpxu-city-express-by-marriott-san-luis-potosi-zona-universitaria,Marriott-SLPXU
SMFCE,Residence Inn Sacramento Cal Expo,smfce-residence-inn-sacramento-cal-expo,Marriott-SMFCE
SMFWC,Courtyard Woodland,smfwc-courtyard-woodland,Marriott-SMFWC
SNALT,"Tiller House, Laguna Hills, A Tribute Portfolio Hotel","snalt-tiller-house,-laguna-hills,-a-tribute-portfolio-hotel",Marriott-SNALT
SOCOX,Moxy Solo,socox-moxy-solo,Marriott-SOCOX
SOFBS,Four Points by Sheraton Bansko,sofbs-four-points-by-sheraton-bansko,Marriott-SOFBS
SPIFW,Fairfield Inn & Suites Springfield Southwest,spifw-fairfield-inn-&-suites-springfield-southwest,Marriott-SPIFW
SRQLS,The St. Regis Longboat Key Resort,srqls-the-st.-regis-longboat-key-resort,Marriott-SRQLS
SRQPM,Palmetto Marriott Resort & Spa,srqpm-palmetto-marriott-resort-&-spa,Marriott-SRQPM
STIAC,AC Hotel Santiago de los Caballeros,stiac-ac-hotel-santiago-de-los-caballeros,Marriott-STIAC
STIRI,Residence Inn By Marriott Santiago de los Caballeros,stiri-residence-inn-by-marriott-santiago-de-los-caballeros,Marriott-STIRI
STLAC,AC Hotel St. Louis Clayton,stlac-ac-hotel-st.-louis-clayton,Marriott-STLAC
STLAD,AC Hotel St. Louis Downtown,stlad-ac-hotel-st.-louis-downtown,Marriott-STLAD
STLBU,Postcard Cabins St Francois,stlbu-postcard-cabins-st-francois,Marriott-STLBU
STLSU,SpringHill Suites St. Louis Chesterfield,stlsu-springhill-suites-st.-louis-chesterfield,Marriott-STLSU
STLWT,TownePlace Suites Wentzville,stlwt-towneplace-suites-wentzville,Marriott-STLWT
STNDE,Delta Hotels Colchester,stnde-delta-hotels-colchester,Marriott-STNDE
STORP,"Hagastrand, Autograph Collection","storp-hagastrand,-autograph-collection",Marriott-STORP
STRFK,"DAS AFFALTERBACH, Stuttgart, Autograph Collection","strfk-das-affalterbach,-stuttgart,-autograph-collection",Marriott-STRFK
STRKH,Moxy Kupferzell Hohenlohe,strkh-moxy-kupferzell-hohenlohe,Marriott-STRKH
STROO,Moxy Outletcity Metzingen,stroo-moxy-outletcity-metzingen,Marriott-STROO
STSNR,Residence Inn Novato Sonoma,stsnr-residence-inn-novato-sonoma,Marriott-STSNR
SUBAL,Aloft Surabaya Pakuwon City,subal-aloft-surabaya-pakuwon-city,Marriott-SUBAL
SUXSF,Fairfield Inn & Suites Sioux Center,suxsf-fairfield-inn-&-suites-sioux-center,Marriott-SUXSF
SVQPB,"Hospes Palacio del Bailío, a Member of Design Hotels™","svqpb-hospes-palacio-del-bailío,-a-member-of-design-hotels™",Marriott-SVQPB
SWAJM,Jieyang Marriott Hotel,swajm-jieyang-marriott-hotel,Marriott-SWAJM
SWFHR,Inn at Bellefield / Hyde Park,swfhr-inn-at-bellefield-/-hyde-park,Marriott-SWFHR
SWFTK,"Hotel Kinsley, a Member of Design Hotels™","swftk-hotel-kinsley,-a-member-of-design-hotels™",Marriott-SWFTK
SXMDB,JW Marriott St. Maarten Beach Resort & Spa,sxmdb-jw-marriott-st.-maarten-beach-resort-&-spa,Marriott-SXMDB
SYRFR,Fairfield Inn & Suites Rome NY,syrfr-fairfield-inn-&-suites-rome-ny,Marriott-SYRFR
SZGGG,Hotel MAXIMILIAN,szggg-hotel-maximilian,Marriott-SZGGG
SZGJF,"Arabella Jagdhof Resort am Fuschlsee, a Tribute Portfolio Hotel","szgjf-arabella-jagdhof-resort-am-fuschlsee,-a-tribute-portfolio-hotel",Marriott-SZGJF
SZGTH,"The Passenger, a Tribute Portfolio Hotel","szgth-the-passenger,-a-tribute-portfolio-hotel",Marriott-SZGTH
SZXDF,Fairfield by Marriott Shenzhen Dameisha,szxdf-fairfield-by-marriott-shenzhen-dameisha,Marriott-SZXDF
SZXDM,Dongguan Marriott Hotel,szxdm-dongguan-marriott-hotel,Marriott-SZXDM
SZXGU,Four Points by Sheraton Shenzhen Guangming,szxgu-four-points-by-sheraton-shenzhen-guangming,Marriott-SZXGU
SZXLP,Four Points by Sheraton Shenzhen Longhua,szxlp-four-points-by-sheraton-shenzhen-longhua,Marriott-SZXLP
SZXMD,"Le Méridien Shenzhen, Bao'an","szxmd-le-méridien-shenzhen,-bao'an",Marriott-SZXMD
SZXNB,"The Mercury Garden Shenzhen Nanshan, A Tribute Portfolio Hotel","szxnb-the-mercury-garden-shenzhen-nanshan,-a-tribute-portfolio-hotel",Marriott-SZXNB
SZXPB,Four Points by Sheraton Shenzhen Bay,szxpb-four-points-by-sheraton-shenzhen-bay,Marriott-SZXPB
SZXXS,The St. Regis Shenzhen Bao'an,szxxs-the-st.-regis-shenzhen-bao'an,Marriott-SZXXS
TAMPT,City Express Plus by Marriott Tampico,tampt-city-express-plus-by-marriott-tampico,Marriott-TAMPT
TAMXA,City Express by Marriott Tampico Altamira,tamxa-city-express-by-marriott-tampico-altamira,Marriott-TAMXA
TAMXT,City Express by Marriott Tampico,tamxt-city-express-by-marriott-tampico,Marriott-TAMXT
TAOBR,Renaissance Qingdao Hotel,taobr-renaissance-qingdao-hotel,Marriott-TAOBR
TAOCE,"Four Points by Sheraton Qingdao, Chengyang East","taoce-four-points-by-sheraton-qingdao,-chengyang-east",Marriott-TAOCE
TAOCF,Fairfield by Marriott Qingdao West Coast,taocf-fairfield-by-marriott-qingdao-west-coast,Marriott-TAOCF
TAOEL,Element Qingdao,taoel-element-qingdao,Marriott-TAOEL
TAOMC,Qingdao Marriott Hotel Jiaozhou,taomc-qingdao-marriott-hotel-jiaozhou,Marriott-TAOMC
TAPXT,City Express by Marriott Tapachula,tapxt-city-express-by-marriott-tapachula,Marriott-TAPXT
TBSKR,"Rooms Kazbegi, a Member of Design Hotels™","tbskr-rooms-kazbegi,-a-member-of-design-hotels™",Marriott-TBSKR
TGZJP,City Express Junior by Marriott Tuxtla Gutiérrez Poliforum,tgzjp-city-express-junior-by-marriott-tuxtla-gutiérrez-poliforum,Marriott-TGZJP
TGZXC,City Express by Marriott Comitan,tgzxc-city-express-by-marriott-comitan,Marriott-TGZXC
TGZXT,City Express by Marriott Tuxtla Gutierrez,tgzxt-city-express-by-marriott-tuxtla-gutierrez,Marriott-TGZXT
THQFP,Four Points by Sheraton Tianshui,thqfp-four-points-by-sheraton-tianshui,Marriott-THQFP
TIJJO,City Express Junior by Marriott Tijuana Otay,tijjo-city-express-junior-by-marriott-tijuana-otay,Marriott-TIJJO
TIJPE,City Express Plus by Marriott Ensenada,tijpe-city-express-plus-by-marriott-ensenada,Marriott-TIJPE
TIJPT,City Express Plus by Marriott Tijuana,tijpt-city-express-plus-by-marriott-tijuana,Marriott-TIJPT
TIJSR,City Express Suites by Marriott Tijuana Rio,tijsr-city-express-suites-by-marriott-tijuana-rio,Marriott-TIJSR
TIJXE,City Express by Marriott Ensenada,tijxe-city-express-by-marriott-ensenada,Marriott-TIJXE
TIJXF,City Express by Marriott Tijuana El Florido,tijxf-city-express-by-marriott-tijuana-el-florido,Marriott-TIJXF
TIJXI,City Express by Marriott Tijuana Insurgentes,tijxi-city-express-by-marriott-tijuana-insurgentes,Marriott-TIJXI
TIJXO,City Express by Marriott Tijuana Otay,tijxo-city-express-by-marriott-tijuana-otay,Marriott-TIJXO
TIJXR,City Express by Marriott Tijuana Río,tijxr-city-express-by-marriott-tijuana-río,Marriott-TIJXR
TIJXS,City Express by Marriott Rosarito,tijxs-city-express-by-marriott-rosarito,Marriott-TIJXS
TKGMC,Lampung Marriott Resort & Spa,tkgmc-lampung-marriott-resort-&-spa,Marriott-TKGMC
TLCJI,City Express Junior by Marriott Toluca Zona Industrial,tlcji-city-express-junior-by-marriott-toluca-zona-industrial,Marriott-TLCJI
TLCJO,City Express Junior by Marriott Toluca Aeropuerto,tlcjo-city-express-junior-by-marriott-toluca-aeropuerto,Marriott-TLCJO
TLCST,City Express Suites by Marriott Toluca,tlcst-city-express-suites-by-marriott-toluca,Marriott-TLCST
TLCXT,City Express by Marriott Toluca,tlcxt-city-express-by-marriott-toluca,Marriott-TLCXT
TLVTX,"Gymnasia Isrotel, a Tribute Portfolio Hotel","tlvtx-gymnasia-isrotel,-a-tribute-portfolio-hotel",Marriott-TLVTX
TMCCK,"Cap Karoso, a Member of Design Hotels™","tmcck-cap-karoso,-a-member-of-design-hotels™",Marriott-TMCCK
TNAPH,"Four Points by Sheraton Jinan, High-Tech Zone","tnaph-four-points-by-sheraton-jinan,-high-tech-zone",Marriott-TNAPH
TNAZZ,Four Points by Sheraton Zibo Zichuan,tnazz-four-points-by-sheraton-zibo-zichuan,Marriott-TNAZZ
TPEMT,"Madison Taipei, a Tribute Portfolio Hotel","tpemt-madison-taipei,-a-tribute-portfolio-hotel",Marriott-TPEMT
TPEPJ,Four Points by Sheraton Yilan Jiaoxi,tpepj-four-points-by-sheraton-yilan-jiaoxi,Marriott-TPEPJ
TPESC,"Suz & Catorze Taipei, a Tribute Portfolio Hotel","tpesc-suz-&-catorze-taipei,-a-tribute-portfolio-hotel",Marriott-TPESC
TPESX,Sheraton New Taipei Xinzhuang,tpesx-sheraton-new-taipei-xinzhuang,Marriott-TPESX
TPQXT,City Express by Marriott Tepic,tpqxt-city-express-by-marriott-tepic,Marriott-TPQXT
TQOBA,Bloom Tulum Apartments,tqoba-bloom-tulum-apartments,Marriott-TQOBA
TQOOX,Moxy Tulum,tqoox-moxy-tulum,Marriott-TQOOX
TQOXT,"XELA Tulum, a Member of Design Hotels™","tqoxt-xela-tulum,-a-member-of-design-hotels™",Marriott-TQOXT
TRCXT,City Express by Marriott Torreón,trcxt-city-express-by-marriott-torreón,Marriott-TRCXT
TRNCA,"Le Geant, Courmayeur, Apartments by Marriott Bonvoy","trnca-le-geant,-courmayeur,-apartments-by-marriott-bonvoy",Marriott-TRNCA
TSNJP,Four Points by Sheraton Tianjin Jiefang Bridge,tsnjp-four-points-by-sheraton-tianjin-jiefang-bridge,Marriott-TSNJP
TUSTT,TownePlace Suites Thatcher,tustt-towneplace-suites-thatcher,Marriott-TUSTT
TVCFT,Fairfield Inn & Suites Traverse City,tvcft-fairfield-inn-&-suites-traverse-city,Marriott-TVCFT
TVCRI,Residence Inn Traverse City,tvcri-residence-inn-traverse-city,Marriott-TVCRI
TXKPF,Fairfield Inn & Suites Paris,txkpf-fairfield-inn-&-suites-paris,Marriott-TXKPF
TXKPT,TownePlace Suites Paris,txkpt-towneplace-suites-paris,Marriott-TXKPT
TYOEB,"The Tokyo EDITION, Ginza","tyoeb-the-tokyo-edition,-ginza",Marriott-TYOEB
TYOHU,Four Points Flex by Sheraton Tokyo Higashi Kanda,tyohu-four-points-flex-by-sheraton-tokyo-higashi-kanda,Marriott-TYOHU
TYOJW,JW Marriott Hotel Tokyo,tyojw-jw-marriott-hotel-tokyo,Marriott-TYOJW
TYOUU,Four Points Flex by Sheraton Tokyo Ueno,tyouu-four-points-flex-by-sheraton-tokyo-ueno,Marriott-TYOUU
TYOYU,Four Points Flex by Sheraton Yokohama West,tyoyu-four-points-flex-by-sheraton-yokohama-west,Marriott-TYOYU
TYRLU,Postcard Cabins Piney Woods,tyrlu-postcard-cabins-piney-woods,Marriott-TYRLU
TYSHC,"Hotel Cleo, Knoxville Downtown, a Tribute Portfolio Hotel","tyshc-hotel-cleo,-knoxville-downtown,-a-tribute-portfolio-hotel",Marriott-TYSHC
TYSKY,Courtyard Kodak Sevierville,tysky-courtyard-kodak-sevierville,Marriott-TYSKY
TYSOE,StudioRes Oak Ridge,tysoe-studiores-oak-ridge,Marriott-TYSOE
TYSPP,TownePlace Suites Pigeon Forge,tyspp-towneplace-suites-pigeon-forge,Marriott-TYSPP
UDRMC,Udaipur Marriott Hotel,udrmc-udaipur-marriott-hotel,Marriott-UDRMC
UIODS,"Carlota, a Member of Design Hotels™","uiods-carlota,-a-member-of-design-hotels™",Marriott-UIODS
UKBXF,Four Points Flex by Sheraton Kobe Sannomiya,ukbxf-four-points-flex-by-sheraton-kobe-sannomiya,Marriott-UKBXF
UTPJB,Pattaya Marriott Resort and Spa,utpjb-pattaya-marriott-resort-and-spa,Marriott-UTPJB
VERJO,City Express Junior by Marriott Veracruz Aeropuerto,verjo-city-express-junior-by-marriott-veracruz-aeropuerto,Marriott-VERJO
VERJT,City Express Junior by Marriott Tuxtepec,verjt-city-express-junior-by-marriott-tuxtepec,Marriott-VERJT
VERXV,City Express by Marriott Veracruz,verxv-city-express-by-marriott-veracruz,Marriott-VERXV
VERXX,City Express by Marriott Xalapa,verxx-city-express-by-marriott-xalapa,Marriott-VERXX
VNOEL,"Esperanza Lake Resort, a Member of Design Hotels","vnoel-esperanza-lake-resort,-a-member-of-design-hotels",Marriott-VNOEL
VPSAK,"Hotel Effie Sandestin, Autograph Collection","vpsak-hotel-effie-sandestin,-autograph-collection",Marriott-VPSAK
VPSDT,TownePlace Suites by Marriott Miramar Beach Destin,vpsdt-towneplace-suites-by-marriott-miramar-beach-destin,Marriott-VPSDT
VPSWF,Fairfield Inn & Suites Fort Walton Beach Hurlburt Area,vpswf-fairfield-inn-&-suites-fort-walton-beach-hurlburt-area,Marriott-VPSWF
VSAJV,City Express Junior by Marriott Villahermosa,vsajv-city-express-junior-by-marriott-villahermosa,Marriott-VSAJV
VSAXP,City Express by Marriott Paraiso,vsaxp-city-express-by-marriott-paraiso,Marriott-VSAXP
VSAXV,City Express by Marriott Villahermosa,vsaxv-city-express-by-marriott-villahermosa,Marriott-VSAXV
WASAH,Sonder Georgetown C&O Apartments Georgetown,wasah-sonder-georgetown-c&o-apartments-georgetown,Marriott-WASAH
WASFX,"Visitation Hotel Frederick, a Tribute Portfolio Hotel","wasfx-visitation-hotel-frederick,-a-tribute-portfolio-hotel",Marriott-WASFX
WASGM,MGM National Harbor,wasgm-mgm-national-harbor,Marriott-WASGM
WASGX,"Canal House of Georgetown, a Tribute Portfolio Hotel","wasgx-canal-house-of-georgetown,-a-tribute-portfolio-hotel",Marriott-WASGX
WASNL,AC Hotel Arlington National Landing,wasnl-ac-hotel-arlington-national-landing,Marriott-WASNL
WASOA,AC Hotel Reston,wasoa-ac-hotel-reston,Marriott-WASOA
WASOR,Residence Inn Reston,wasor-residence-inn-reston,Marriott-WASOR
WASRJ,JW Marriott Reston Station,wasrj-jw-marriott-reston-station,Marriott-WASRJ
WASWC,The Westin DC Downtown,waswc-the-westin-dc-downtown,Marriott-WASWC
WHAXP,"Four Points by Sheraton Xuancheng, Jingxian","whaxp-four-points-by-sheraton-xuancheng,-jingxian",Marriott-WHAXP
WUHHC,Courtyard Wuhan Hankou,wuhhc-courtyard-wuhan-hankou,Marriott-WUHHC
WUHHF,Fairfield by Marriott Wuhan Hankou,wuhhf-fairfield-by-marriott-wuhan-hankou,Marriott-WUHHF
WUHPG,Four Points by Sheraton Wuhan Optics Valley,wuhpg-four-points-by-sheraton-wuhan-optics-valley,Marriott-WUHPG
WUTXF,Fairfield Inn by Marriott Xinzhou Xinfu,wutxf-fairfield-inn-by-marriott-xinzhou-xinfu,Marriott-WUTXF
WUXCF,Fairfield by Marriott Changshu Hi-Tech Zone,wuxcf-fairfield-by-marriott-changshu-hi-tech-zone,Marriott-WUXCF
WUXHM,Huzhou Marriott Hotel Nanxun,wuxhm-huzhou-marriott-hotel-nanxun,Marriott-WUXHM
WUXHP,Four Points by Sheraton Huzhou,wuxhp-four-points-by-sheraton-huzhou,Marriott-WUXHP
WUXNP,"Four Points by Sheraton Huzhou, Nanxun","wuxnp-four-points-by-sheraton-huzhou,-nanxun",Marriott-WUXNP
WUXOX,Moxy Suzhou City Centre,wuxox-moxy-suzhou-city-centre,Marriott-WUXOX
WUXSJ,Fairfield by Marriott Suzhou Jinji Lake,wuxsj-fairfield-by-marriott-suzhou-jinji-lake,Marriott-WUXSJ
WUXSK,AC Hotel Suzhou Industrial Park,wuxsk-ac-hotel-suzhou-industrial-park,Marriott-WUXSK
WUXSP,Four Points by Sheraton Suzhou Gusu,wuxsp-four-points-by-sheraton-suzhou-gusu,Marriott-WUXSP
WUXSR,Marriott Executive Apartments Suzhou,wuxsr-marriott-executive-apartments-suzhou,Marriott-WUXSR
WUXSS,Sheraton Suzhou Yangcheng Lake,wuxss-sheraton-suzhou-yangcheng-lake,Marriott-WUXSS
WUXTX,"Suzhou, a Tribute Portfolio Hotel","wuxtx-suzhou,-a-tribute-portfolio-hotel",Marriott-WUXTX
XIYCW,Courtyard Xi'an West,xiycw-courtyard-xi'an-west,Marriott-XIYCW
XIYDP,Four Points by Sheraton Xi'an Dayan Pagoda,xiydp-four-points-by-sheraton-xi'an-dayan-pagoda,Marriott-XIYDP
XIYFY,Fairfield by Marriott Xi'an Yanta,xiyfy-fairfield-by-marriott-xi'an-yanta,Marriott-XIYFY
XIYJS,JW Marriott Hotel Xi'an Southwest,xiyjs-jw-marriott-hotel-xi'an-southwest,Marriott-XIYJS
XIYMH,Xi'an Marriott Hotel High-Tech Zone,xiymh-xi'an-marriott-hotel-high-tech-zone,Marriott-XIYMH
XIYPH,Four Points by Sheraton Xi’an High-Tech Zone,xiyph-four-points-by-sheraton-xi’an-high-tech-zone,Marriott-XIYPH
XMNCX,Courtyard Xiamen Xiang’an,xmncx-courtyard-xiamen-xiang’an,Marriott-XMNCX
XMNSJ,Sheraton Grand Xiamen Jimei,xmnsj-sheraton-grand-xiamen-jimei,Marriott-XMNSJ
XNABC,AC Hotel Bentonville,xnabc-ac-hotel-bentonville,Marriott-XNABC
XNAFX,Moxy Fayetteville,xnafx-moxy-fayetteville,Marriott-XNAFX
XSCLC,"Salterra, a Luxury Collection Resort & Spa, Turks & Caicos","xsclc-salterra,-a-luxury-collection-resort-&-spa,-turks-&-caicos",Marriott-XSCLC
YBPCY,Courtyard Yibin,ybpcy-courtyard-yibin,Marriott-YBPCY
YEGRW,Residence Inn by Marriott Edmonton West,yegrw-residence-inn-by-marriott-edmonton-west,Marriott-YEGRW
YEIBG,Four Points Flex by Sheraton Bursa Nilufer,yeibg-four-points-flex-by-sheraton-bursa-nilufer,Marriott-YEIBG
YEIUM,"Ceylan Splend'Or Uludag, Autograph Collection","yeium-ceylan-splend'or-uludag,-autograph-collection",Marriott-YEIUM
YGKMC,Kingston Marriott,ygkmc-kingston-marriott,Marriott-YGKMC
YHZDD,Delta Hotels Halifax Downtown,yhzdd-delta-hotels-halifax-downtown,Marriott-YHZDD
YHZLC,"Muir, a Luxury Collection Hotel, Halifax","yhzlc-muir,-a-luxury-collection-hotel,-halifax",Marriott-YHZLC
YIHWI,The Westin Yichang,yihwi-the-westin-yichang,Marriott-YIHWI
YINFI,Fairfield by Marriott Yining,yinfi-fairfield-by-marriott-yining,Marriott-YINFI
YINFP,Four Points by Sheraton Yining,yinfp-four-points-by-sheraton-yining,Marriott-YINFP
YIWFI,Fairfield by Marriott Pujiang,yiwfi-fairfield-by-marriott-pujiang,Marriott-YIWFI
YIWHF,Fairfield by Marriott Hengdian,yiwhf-fairfield-by-marriott-hengdian,Marriott-YIWHF
YIWLE,Element Lishui,yiwle-element-lishui,Marriott-YIWLE
YIWLM,Lishui Marriott Hotel,yiwlm-lishui-marriott-hotel,Marriott-YIWLM
YIWSI,Sheraton Pujiang,yiwsi-sheraton-pujiang,Marriott-YIWSI
YIWYF,Fairfield by Marriott Yiwu,yiwyf-fairfield-by-marriott-yiwu,Marriott-YIWYF
YIWZF,Fairfield by Marriott Zhuji,yiwzf-fairfield-by-marriott-zhuji,Marriott-YIWZF
YNTFH,Fairfield by Marriott Yantai,yntfh-fairfield-by-marriott-yantai,Marriott-YNTFH
YNTFP,Four Points by Sheraton Yantai,yntfp-four-points-by-sheraton-yantai,Marriott-YNTFP
YNTZP,Four Points by Sheraton Yantai Zhifu,yntzp-four-points-by-sheraton-yantai-zhifu,Marriott-YNTZP
YNZFP,"Four Points by Sheraton Yancheng, Jianhu","ynzfp-four-points-by-sheraton-yancheng,-jianhu",Marriott-YNZFP
YOWAA,Sonder Arlo Apartments Downtown,yowaa-sonder-arlo-apartments-downtown,Marriott-YOWAA
YOWAC,AC Hotel Ottawa Downtown,yowac-ac-hotel-ottawa-downtown,Marriott-YOWAC
YOWAO,Sonder The O'Connor Apartments Downtown,yowao-sonder-the-o'connor-apartments-downtown,Marriott-YOWAO
YOWAR,Sonder Rideau Apartments Downtown,yowar-sonder-rideau-apartments-downtown,Marriott-YOWAR
YQAGF,Fairfield Inn & Suites Gravenhurst Muskoka,yqagf-fairfield-inn-&-suites-gravenhurst-muskoka,Marriott-YQAGF
YQGFS,Four Points by Sheraton Point Edward Sarnia,yqgfs-four-points-by-sheraton-point-edward-sarnia,Marriott-YQGFS
YQGTT,TownePlace Suites Tecumseh Windsor,yqgtt-towneplace-suites-tecumseh-windsor,Marriott-YQGTT
YQRCY,Courtyard Regina Downtown,yqrcy-courtyard-regina-downtown,Marriott-YQRCY
YTYSF,Fairfield by Marriott Yangzhou Slender West Lake,ytysf-fairfield-by-marriott-yangzhou-slender-west-lake,Marriott-YTYSF
YTYYC,Courtyard Yangzhou,ytyyc-courtyard-yangzhou,Marriott-YTYYC
YULAA,Sonder Apollon Apartments Old Montreal,yulaa-sonder-apollon-apartments-old-montreal,Marriott-YULAA
YULAD,Sonder Gare Saint Denis Apartments Downtown,yulad-sonder-gare-saint-denis-apartments-downtown,Marriott-YULAD
YULAG,Sonder Le Guerin Apartments Le Plateau-Mont-Royal,yulag-sonder-le-guerin-apartments-le-plateau-mont-royal,Marriott-YULAG
YULAM,Sonder Maisonneuve Apartments Downtown,yulam-sonder-maisonneuve-apartments-downtown,Marriott-YULAM
YULAN,Sonder Penny Lane Apartments Old Montreal,yulan-sonder-penny-lane-apartments-old-montreal,Marriott-YULAN
YULAR,Sonder Lambert Apartments Old Montreal,yular-sonder-lambert-apartments-old-montreal,Marriott-YULAR
YULAV,Sonder Le Victoria Apartments Old Montreal,yulav-sonder-le-victoria-apartments-old-montreal,Marriott-YULAV
YULHP,"La Galerie Hotel Old Montreal, Sonder","yulhp-la-galerie-hotel-old-montreal,-sonder",Marriott-YULHP
YULOM,AC Hotel Old Montreal,yulom-ac-hotel-old-montreal,Marriott-YULOM
YULOX,Moxy Montreal Downtown,yulox-moxy-montreal-downtown,Marriott-YULOX
YULSB,"Mont Gabriel, Sainte-Adèle, a Tribute Portfolio Resort","yulsb-mont-gabriel,-sainte-adèle,-a-tribute-portfolio-resort",Marriott-YULSB
YUMRI,Residence Inn Yuma,yumri-residence-inn-yuma,Marriott-YUMRI
YVRAR,Sonder Revival Apartments English Bay,yvrar-sonder-revival-apartments-english-bay,Marriott-YVRAR
YVRAS,"The Sunset Hotel West End, Sonder","yvras-the-sunset-hotel-west-end,-sonder",Marriott-YVRAS
YXXCF,Fairfield Inn & Suites Chilliwack,yxxcf-fairfield-inn-&-suites-chilliwack,Marriott-YXXCF
YXXCT,TownePlace Suites Chilliwack,yxxct-towneplace-suites-chilliwack,Marriott-YXXCT
YYCAD,Fairfield Inn & Suites Airdrie,yycad-fairfield-inn-&-suites-airdrie,Marriott-YYCAD
YYCED,Element Calgary Downtown,yyced-element-calgary-downtown,Marriott-YYCED
YYZAB,Sonder Artesa Apartments West Queen West,yyzab-sonder-artesa-apartments-west-queen-west,Marriott-YYZAB
YYZAK,Sonder The Nealon Apartments,yyzak-sonder-the-nealon-apartments,Marriott-YYZAK
YYZAM,Sonder The Elm Apartments Downtown,yyzam-sonder-the-elm-apartments-downtown,Marriott-YYZAM
YYZAY,Sonder The Liberty Apartments Liberty Village,yyzay-sonder-the-liberty-apartments-liberty-village,Marriott-YYZAY
YYZFO,Fairfield Inn & Suites Newmarket,yyzfo-fairfield-inn-&-suites-newmarket,Marriott-YYZFO
YYZHB,"The Beverley Hotel Queen West, Sonder","yyzhb-the-beverley-hotel-queen-west,-sonder",Marriott-YYZHB
YYZHS,"The Slate Hotel Downtown, Sonder","yyzhs-the-slate-hotel-downtown,-sonder",Marriott-YYZHS
YYZLD,"BISHA, a Luxury Collection Hotel, Toronto","yyzld-bisha,-a-luxury-collection-hotel,-toronto",Marriott-YYZLD
ZCLXZ,City Express by Marriott Zacatecas,zclxz-city-express-by-marriott-zacatecas,Marriott-ZCLXZ
ZIHXL,City Express by Marriott Lazaro Cardenas,zihxl-city-express-by-marriott-lazaro-cardenas,Marriott-ZIHXL
ZLOXM,City Express by Marriott Manzanillo,zloxm-city-express-by-marriott-manzanillo,Marriott-ZLOXM
ZUHCY,Courtyard Zhuhai,zuhcy-courtyard-zhuhai,Marriott-ZUHCY
ZUHEH,Element Yangjiang Hailing Island,zuheh-element-yangjiang-hailing-island,Marriott-ZUHEH
ZUHMZ,Zhuhai Dong'ao Island Marriott Resort and Spa,zuhmz-zhuhai-dong'ao-island-marriott-resort-and-spa,Marriott-ZUHMZ
ZUHYP,Four Points by Sheraton Yangjiang City Center,zuhyp-four-points-by-sheraton-yangjiang-city-center,Marriott-ZUHYP
