hotel_id,hotel_name,combined,hotel_site_id
yycza,Hyatt Place Calgary Airport,yycza-Hyatt Place Calgary Airport,Hyatt-yycza
yegzw,Hyatt Place Edmonton-West,yegzw-Hyatt Place Edmonton-West,Hyatt-yegzw
calrc,Hyatt Regency Calgary,calrc-Hyatt Regency Calgary,Hyatt-calrc
ylwzk,Hyatt Place Kelowna,ylwzk-Hyatt Place Kelowna,Hyatt-ylwzk
yxszp,Hyatt Place Prince George,yxszp-Hyatt Place Prince George,Hyatt-yxszp
yvrrv,Hyatt Regency Vancouver,yvrrv-Hyatt Regency Vancouver,Hyatt-yvrrv
ylwub,Spirit Ridge,ylwub-Spirit Ridge,Hyatt-ylwub
ywgxw,Hyatt House Winnipeg-South/Outlet Collection,ywgxw-Hyatt House Winnipeg-South/Outlet Collection,Hyatt-ywgxw
yqmzm,Hyatt Place Moncton / Downtown,yqmzm-Hyatt Place Moncton / Downtown,Hyatt-yqmzm
yowaz,Andaz Ottawa ByWard Market,yowaz-Andaz Ottawa ByWard Market,Hyatt-yowaz
yowzo,Hyatt Place Ottawa - West,yowzo-Hyatt Place Ottawa - West,Hyatt-yowzo
yyzzb,Hyatt Place Toronto / Brampton,yyzzb-Hyatt Place Toronto / Brampton,Hyatt-yyzzb
yyzzm,Hyatt Place Toronto/Mississauga Centre,yyzzm-Hyatt Place Toronto/Mississauga Centre,Hyatt-yyzzm
torrt,Hyatt Regency Toronto,torrt-Hyatt Regency Toronto,Hyatt-torrt
torph,Park Hyatt Toronto,torph-Park Hyatt Toronto,Hyatt-torph
torjd,The Anndore House,torjd-The Anndore House,Hyatt-torjd
yyzjd,The Walper Hotel,yyzjd-The Walper Hotel,Hyatt-yyzjd
yulct,Hyatt Centric Montreal,yulct-Hyatt Centric Montreal,Hyatt-yulct
yulzm,Hyatt Place Montreal - Downtown,yulzm-Hyatt Place Montreal - Downtown,Hyatt-yulzm
bhmzh,Hyatt Place Birmingham/Hoover,bhmzh-Hyatt Place Birmingham/Hoover,Hyatt-bhmzh
hsvzh,Hyatt Place Huntsville / Research Park / Redstone,hsvzh-Hyatt Place Huntsville / Research Park / Redstone,Hyatt-hsvzh
bhmhr,Hyatt Regency Birmingham - The Wynfrey Hotel,bhmhr-Hyatt Regency Birmingham - The Wynfrey Hotel,Hyatt-bhmhr
ancxa,Hyatt House Anchorage,ancxa-Hyatt House Anchorage,Hyatt-ancxa
ancza,Hyatt Place Anchorage-Midtown,ancza-Hyatt Place Anchorage-Midtown,Hyatt-ancza
faizf,Hyatt Place Fairbanks,faizf-Hyatt Place Fairbanks,Hyatt-faizf
phxaz,Andaz Scottsdale Resort & Bungalows,phxaz-Andaz Scottsdale Resort & Bungalows,Hyatt-phxaz
phxxn,Hyatt House North Scottsdale,phxxn-Hyatt House North Scottsdale,Hyatt-phxxn
phxxs,Hyatt House Scottsdale/Old Town,phxxs-Hyatt House Scottsdale/Old Town,Hyatt-phxxs
phxxt,Hyatt House Tempe / Phoenix / University,phxxt-Hyatt House Tempe / Phoenix / University,Hyatt-phxxt
phxzf,Hyatt Place Flagstaff,phxzf-Hyatt Place Flagstaff,Hyatt-phxzf
pgazp,Hyatt Place Page / Lake Powell,pgazp-Hyatt Place Page / Lake Powell,Hyatt-pgazp
phxzd,Hyatt Place Phoenix / Downtown,phxzd-Hyatt Place Phoenix / Downtown,Hyatt-phxzd
phxzn,Hyatt Place Phoenix-North,phxzn-Hyatt Place Phoenix-North,Hyatt-phxzn
phxzc,Hyatt Place Phoenix/Chandler-Fashion Center,phxzc-Hyatt Place Phoenix/Chandler-Fashion Center,Hyatt-phxzc
phxzg,Hyatt Place Phoenix/Gilbert,phxzg-Hyatt Place Phoenix/Gilbert,Hyatt-phxzg
phxzm,Hyatt Place Phoenix/Mesa,phxzm-Hyatt Place Phoenix/Mesa,Hyatt-phxzm
phxzs,Hyatt Place Scottsdale - North,phxzs-Hyatt Place Scottsdale - North,Hyatt-phxzs
scozo,Hyatt Place Scottsdale/Old Town,scozo-Hyatt Place Scottsdale/Old Town,Hyatt-scozo
phxzt,Hyatt Place Tempe / Phoenix / University,phxzt-Hyatt Place Tempe / Phoenix / University,Hyatt-phxzt
phxza,Hyatt Place Tempe/Phoenix Airport,phxza-Hyatt Place Tempe/Phoenix Airport,Hyatt-phxza
tuszt,Hyatt Place Tucson-Central,tuszt-Hyatt Place Tucson-Central,Hyatt-tuszt
phxrp,Hyatt Regency Phoenix,phxrp-Hyatt Regency Phoenix,Hyatt-phxrp
scott,Grand Hyatt Scottsdale Resort,scott-Grand Hyatt Scottsdale Resort,Hyatt-scott
sedsh,Hyatt Vacation Club at Piñon Pointe,sedsh-Hyatt Vacation Club at Piñon Pointe,Hyatt-sedsh
tusob,Miraval Arizona Resort and Spa,tusob-Miraval Arizona Resort and Spa,Hyatt-tusob
phxub,Royal Palms Resort and Spa,phxub-Royal Palms Resort and Spa,Hyatt-phxub
phxdt,Tempe Mission Palms,phxdt-Tempe Mission Palms,Hyatt-phxdt
rogxb,Hyatt House Bentonville / Rogers,rogxb-Hyatt House Bentonville / Rogers,Hyatt-rogxb
xnazf,Hyatt Place Fayetteville / Springdale,xnazf-Hyatt Place Fayetteville / Springdale,Hyatt-xnazf
rogzb,Hyatt Place Bentonville/Rogers,rogzb-Hyatt Place Bentonville/Rogers,Hyatt-rogzb
sanen,Alila Marea Beach Resort Encinitas,sanen-Alila Marea Beach Resort Encinitas,Hyatt-sanen
apcal,Alila Napa Valley,apcal-Alila Napa Valley,Hyatt-apcal
sjcal,Alila Ventana Big Sur,sjcal-Alila Ventana Big Sur,Hyatt-sjcal
apcrn,Andaz Napa,apcrn-Andaz Napa,Hyatt-apcrn
sanas,Andaz San Diego,sanas-Andaz San Diego,Hyatt-sanas
laxss,Andaz West Hollywood,laxss-Andaz West Hollywood,Hyatt-laxss
sjcjc,Carmel Valley Ranch,sjcjc-Carmel Valley Ranch,Hyatt-sjcjc
pspsh,Hyatt Vacation Club at Desert Oasis,pspsh-Hyatt Vacation Club at Desert Oasis,Hyatt-pspsh
laxdz,Dream Hollywood,laxdz-Dream Hollywood,Hyatt-laxdz
rnodh," Everline Resort and Spa, Lake Tahoe","rnodh- Everline Resort and Spa, Lake Tahoe",Hyatt-rnodh
sfogh,Grand Hyatt at SFO,sfogh-Grand Hyatt at SFO,Hyatt-sfogh
sfous,Grand Hyatt San Francisco,sfous-Grand Hyatt San Francisco,Hyatt-sfous
sjcja,Hotel Avante,sjcja-Hotel Avante,Hyatt-sjcja
sjcdh,Hotel De Anza,sjcdh-Hotel De Anza,Hyatt-sjcdh
laxuf,Hotel Figueroa,laxuf-Hotel Figueroa,Hyatt-laxuf
sfojd,Hotel Kabuki,sfojd-Hotel Kabuki,Hyatt-sfojd
higph,Hyatt Carmel Highlands,higph-Hyatt Carmel Highlands,Hyatt-higph
smfct,Hyatt Centric Downtown Sacramento,smfct-Hyatt Centric Downtown Sacramento,Hyatt-smfct
sfofw,Hyatt Centric Fisherman's Wharf San Francisco,sfofw-Hyatt Centric Fisherman's Wharf San Francisco,Hyatt-sfofw
sjcct,Hyatt Centric Mountain View,sjcct-Hyatt Centric Mountain View,Hyatt-sjcct
sjccs,Hyatt Centric Santa Clara Silicon Valley,sjccs-Hyatt Centric Santa Clara Silicon Valley,Hyatt-sjccs
lgbrp,Hyatt Centric The Pike Long Beach,lgbrp-Hyatt Centric The Pike Long Beach,Hyatt-lgbrp
anaxa,Hyatt House at Anaheim Resort/Convention Center,anaxa-Hyatt House at Anaheim Resort/Convention Center,Hyatt-anaxa
sfoxs,Hyatt House Belmont/Redwood Shores,sfoxs-Hyatt House Belmont/Redwood Shores,Hyatt-sfoxs
snaxc,Hyatt House Cypress/Anaheim,snaxc-Hyatt House Cypress/Anaheim,Hyatt-snaxc
smfxd,Hyatt House Davis,smfxd-Hyatt House Davis,Hyatt-smfxd
oakxe,Hyatt House Emeryville/San Francisco Bay Area,oakxe-Hyatt House Emeryville/San Francisco Bay Area,Hyatt-oakxe
snaxi,Hyatt House Irvine/John Wayne Airport,snaxi-Hyatt House Irvine/John Wayne Airport,Hyatt-snaxi
laxxu,Hyatt House LA - University Medical Center,laxxu-Hyatt House LA - University Medical Center,Hyatt-laxxu
laxxl,Hyatt House LAX / Century Blvd,laxxl-Hyatt House LAX / Century Blvd,Hyatt-laxxl
laxxe,Hyatt House Los Angeles/LAX/Manhattan Beach,laxxe-Hyatt House Los Angeles/LAX/Manhattan Beach,Hyatt-laxxe
oakxh,Hyatt House Pleasant Hill,oakxh-Hyatt House Pleasant Hill,Hyatt-oakxh
oakxp,Hyatt House Pleasanton,oakxp-Hyatt House Pleasanton,Hyatt-oakxp
sacxs,Hyatt House Sacramento / Midtown,sacxs-Hyatt House Sacramento / Midtown,Hyatt-sacxs
sacxn,Hyatt House Sacramento Airport / Natomas,sacxn-Hyatt House Sacramento Airport / Natomas,Hyatt-sacxn
sanxs,Hyatt House San Diego/Sorrento Mesa,sanxs-Hyatt House San Diego/Sorrento Mesa,Hyatt-sanxs
sjcxs,Hyatt House San Jose / Cupertino,sjcxs-Hyatt House San Jose / Cupertino,Hyatt-sjcxs
sjcxa,Hyatt House San Jose Airport,sjcxa-Hyatt House San Jose Airport,Hyatt-sjcxa
sjcxj,Hyatt House San Jose/Silicon Valley,sjcxj-Hyatt House San Jose/Silicon Valley,Hyatt-sjcxj
oakxs,Hyatt House San Ramon,oakxs-Hyatt House San Ramon,Hyatt-oakxs
sjcxc,Hyatt House Santa Clara,sjcxc-Hyatt House Santa Clara,Hyatt-sjcxc
oakxv,Hyatt House Vacaville,oakxv-Hyatt House Vacaville,Hyatt-oakxv
palms,Hyatt Palm Springs,palms-Hyatt Palm Springs,Hyatt-palms
anaza,Hyatt Place at Anaheim Resort/Convention Center,anaza-Hyatt Place at Anaheim Resort/Convention Center,Hyatt-anaza
bflzb,Hyatt Place Bakersfield,bflzb-Hyatt Place Bakersfield,Hyatt-bflzb
fatzd,Hyatt Place Delano,fatzd-Hyatt Place Delano,Hyatt-fatzd
sfozb,Hyatt Place Dublin/Pleasanton,sfozb-Hyatt Place Dublin/Pleasanton,Hyatt-sfozb
oakze,Hyatt Place Emeryville/San Francisco Bay Area,oakze-Hyatt Place Emeryville/San Francisco Bay Area,Hyatt-oakze
sfozf,Hyatt Place Fremont/Silicon Valley,sfozf-Hyatt Place Fremont/Silicon Valley,Hyatt-sfozf
fchzn,Hyatt Place Fresno,fchzn-Hyatt Place Fresno,Hyatt-fchzn
laxzg,Hyatt Place Glendale / Los Angeles,laxzg-Hyatt Place Glendale / Los Angeles,Hyatt-laxzg
laxzl,Hyatt Place LAX / Century Blvd,laxzl-Hyatt Place LAX / Century Blvd,Hyatt-laxzl
laxze,Hyatt Place Los Angeles/LAX/El Segundo,laxze-Hyatt Place Los Angeles/LAX/El Segundo,Hyatt-laxze
sfozn,Hyatt Place Newark / Silicon Valley,sfozn-Hyatt Place Newark / Silicon Valley,Hyatt-sfozn
ontzo,Hyatt Place Ontario/Rancho Cucamonga,ontzo-Hyatt Place Ontario/Rancho Cucamonga,Hyatt-ontzo
laczp,Hyatt Place Pasadena,laczp-Hyatt Place Pasadena,Hyatt-laczp
ralzr,Hyatt Place Riverside/Downtown,ralzr-Hyatt Place Riverside/Downtown,Hyatt-ralzr
saczn,Hyatt Place Sacramento International Airport,saczn-Hyatt Place Sacramento International Airport,Hyatt-saczn
saczr,Hyatt Place Sacramento/Rancho Cordova,saczr-Hyatt Place Sacramento/Rancho Cordova,Hyatt-saczr
saczv,Hyatt Place Sacramento/Roseville,saczv-Hyatt Place Sacramento/Roseville,Hyatt-saczv
crqzs,Hyatt Place San Diego/Vista-Carlsbad,crqzs-Hyatt Place San Diego/Vista-Carlsbad,Hyatt-crqzs
sfozs,Hyatt Place San Francisco / Downtown,sfozs-Hyatt Place San Francisco / Downtown,Hyatt-sfozs
sjcza,Hyatt Place San Jose Airport,sjcza-Hyatt Place San Jose Airport,Hyatt-sjcza
sjczj,Hyatt Place San Jose/Downtown,sjczj-Hyatt Place San Jose/Downtown,Hyatt-sjczj
sbazs,Hyatt Place Santa Barbara,sbazs-Hyatt Place Santa Barbara,Hyatt-sbazs
sjczs,Hyatt Place Santa Cruz,sjczs-Hyatt Place Santa Cruz,Hyatt-sjczs
smfzu,Hyatt Place UC Davis,smfzu-Hyatt Place UC Davis,Hyatt-smfzu
oakzv,Hyatt Place Vacaville,oakzv-Hyatt Place Vacaville,Hyatt-oakzv
hunrh,Hyatt Regency Huntington Beach Resort and Spa,hunrh-Hyatt Regency Huntington Beach Resort and Spa,Hyatt-hunrh
champ,Grand Hyatt Indian Wells Resort & Villas,champ-Grand Hyatt Indian Wells Resort & Villas,Hyatt-champ
snarj,Hyatt Regency Newport Beach West,snarj-Hyatt Regency Newport Beach West,Hyatt-snarj
jolla,Hyatt Regency La Jolla at Aventine,jolla-Hyatt Regency La Jolla at Aventine,Hyatt-jolla
lgbrl,Hyatt Regency Long Beach,lgbrl-Hyatt Regency Long Beach,Hyatt-lgbrl
laxla,Hyatt Regency Los Angeles International Airport,laxla-Hyatt Regency Los Angeles International Airport,Hyatt-laxla
sanis,Hyatt Regency Mission Bay Spa and Marina,sanis-Hyatt Regency Mission Bay Spa and Marina,Hyatt-sanis
mrydm,Hyatt Regency Monterey Hotel and Spa on Del Monte Golf Course,mrydm-Hyatt Regency Monterey Hotel and Spa on Del Monte Golf Course,Hyatt-mrydm
newpo,Hyatt Regency Newport Beach,newpo-Hyatt Regency Newport Beach,Hyatt-newpo
alica,Hyatt Regency Orange County,alica-Hyatt Regency Orange County,Hyatt-alica
sacra,Hyatt Regency Sacramento,sacra-Hyatt Regency Sacramento,Hyatt-sacra
sfors,Hyatt Regency San Francisco,sfors-Hyatt Regency San Francisco,Hyatt-sfors
sfobu,Hyatt Regency San Francisco Airport,sfobu-Hyatt Regency San Francisco Airport,Hyatt-sfobu
sford,Hyatt Regency San Francisco Downtown SOMA,sford-Hyatt Regency San Francisco Downtown SOMA,Hyatt-sford
clara,Hyatt Regency Santa Clara,clara-Hyatt Regency Santa Clara,Hyatt-clara
sonom,Hyatt Regency Sonoma Wine Country,sonom-Hyatt Regency Sonoma Wine Country,Hyatt-sonom
valen,Hyatt Regency Valencia,valen-Hyatt Regency Valencia,Hyatt-valen
westl,Hyatt Regency Westlake,westl-Hyatt Regency Westlake,Hyatt-westl
oakub,Kissel Uptown Oakland,oakub-Kissel Uptown Oakland,Hyatt-oakub
sanrs,Manchester Grand Hyatt San Diego,sanrs-Manchester Grand Hyatt San Diego,Hyatt-sanrs
sfojg,Galleria Park Hotel,sfojg-Galleria Park Hotel,Hyatt-sfojg
sbpzp,Hyatt Place Paso Robles,sbpzp-Hyatt Place Paso Robles,Hyatt-sbpzp
sfozc,Hyatt Place San Carlos,sfozc-Hyatt Place San Carlos,Hyatt-sfozc
snari,Hyatt Regency Irvine,snari-Hyatt Regency Irvine,Hyatt-snari
sbars,Mar Monte Hotel,sbars-Mar Monte Hotel,Hyatt-sbars
sanjo,Mission Pacific Beach Resort,sanjo-Mission Pacific Beach Resort,Hyatt-sanjo
tvlsn,Hyatt Vacation Club at Northstar Lodge,tvlsn-Hyatt Vacation Club at Northstar Lodge,Hyatt-tvlsn
tvlsv,One Village Place Residences,tvlsv-One Village Place Residences,Hyatt-tvlsv
sanpa,"Park Hyatt Aviara Resort, Golf Club & Spa","sanpa-Park Hyatt Aviara Resort, Golf Club & Spa",Hyatt-sanpa
lacph,Park Hyatt Los Angeles at Oceanwide Plaza,lacph-Park Hyatt Los Angeles at Oceanwide Plaza,Hyatt-lacph
sfojl,The Laurel Inn,sfojl-The Laurel Inn,Hyatt-sfojl
sando,The Seabird Ocean Resort & Spa,sando-The Seabird Ocean Resort & Spa,Hyatt-sando
laxdi,The Shay,laxdi-The Shay,Hyatt-laxdi
sansw,Hyatt Vacation Club at The Welk,sansw-Hyatt Vacation Club at The Welk,Hyatt-sansw
laxth,Thompson Hollywood,laxth-Thompson Hollywood,Hyatt-laxth
pspaz,Thompson Palm Springs,pspaz-Thompson Palm Springs,Hyatt-pspaz
laxte,tommie Hollywood,laxte-tommie Hollywood,Hyatt-laxte
sjcac,Ventana Campground,sjcac-Ventana Campground,Hyatt-sjcac
sfojw,Waterfront Hotel,sfojw-Waterfront Hotel,Hyatt-sfojw
sjcjw,Wild Palms Hotel,sjcjw-Wild Palms Hotel,Hyatt-sjcjw
denoa,"Aspenwood, A Destination by Hyatt Residence","denoa-Aspenwood, A Destination by Hyatt Residence",Hyatt-denoa
denda,Austria Haus,denda-Austria Haus,Hyatt-denda
denoc,"Capitol Peak Lodge, A Destination by Hyatt Residence","denoc-Capitol Peak Lodge, A Destination by Hyatt Residence",Hyatt-denoc
dendd,"Christiania Condominiums, A Destination by Hyatt Residence","dendd-Christiania Condominiums, A Destination by Hyatt Residence",Hyatt-dendd
dendl,Christiania Lodge,dendl-Christiania Lodge,Hyatt-dendl
denoy,"Countryside at Snowmass, A Destination by Hyatt Residence","denoy-Countryside at Snowmass, A Destination by Hyatt Residence",Hyatt-denoy
denoz,"Enzian, A Destination by Hyatt Residence","denoz-Enzian, A Destination by Hyatt Residence",Hyatt-denoz
denrd,Grand Hyatt Denver,denrd-Grand Hyatt Denver,Hyatt-denrd
egegh,Grand Hyatt Vail,egegh-Grand Hyatt Vail,Hyatt-egegh
denct,Hyatt Centric Downtown Denver,denct-Hyatt Centric Downtown Denver,Hyatt-denct
denxb,Hyatt House Boulder/Broomfield,denxb-Hyatt House Boulder/Broomfield,Hyatt-denxb
cosxa,Hyatt House Colorado Springs Airport,cosxa-Hyatt House Colorado Springs Airport,Hyatt-cosxa
denxo,Hyatt House Denver / Aurora,denxo-Hyatt House Denver / Aurora,Hyatt-denxo
denxa,Hyatt House Denver Airport,denxa-Hyatt House Denver Airport,Hyatt-denxa
denxt,Hyatt House Denver Tech Center,denxt-Hyatt House Denver Tech Center,Hyatt-denxt
denxd,Hyatt House Denver/Downtown,denxd-Hyatt House Denver/Downtown,Hyatt-denxd
denxl,Hyatt House Denver/Lakewood at Belmar,denxl-Hyatt House Denver/Lakewood at Belmar,Hyatt-denxl
denzb,Hyatt Place Boulder/Pearl Street,denzb-Hyatt Place Boulder/Pearl Street,Hyatt-denzb
denzp,Hyatt Place Colorado Springs / Downtown,denzp-Hyatt Place Colorado Springs / Downtown,Hyatt-denzp
coszc,Hyatt Place Colorado Springs/Garden of the Gods,coszc-Hyatt Place Colorado Springs/Garden of the Gods,Hyatt-coszc
denzw,Hyatt Place Denver / Westminster,denzw-Hyatt Place Denver / Westminster,Hyatt-denzw
denza,Hyatt Place Denver Airport,denza-Hyatt Place Denver Airport,Hyatt-denza
denzt,Hyatt Place Denver Tech Center,denzt-Hyatt Place Denver Tech Center,Hyatt-denzt
denzs,Hyatt Place Denver-South/Park Meadows,denzs-Hyatt Place Denver-South/Park Meadows,Hyatt-denzs
denzc,Hyatt Place Denver/Cherry Creek,denzc-Hyatt Place Denver/Cherry Creek,Hyatt-denzc
denzd,Hyatt Place Denver/Downtown,denzd-Hyatt Place Denver/Downtown,Hyatt-denzd
denzk,Hyatt Place Keystone / Dillon,denzk-Hyatt Place Keystone / Dillon,Hyatt-denzk
denzn,Hyatt Place Peña Station / Denver Airport,denzn-Hyatt Place Peña Station / Denver Airport,Hyatt-denzn
denhy,Hyatt Regency Aurora-Denver Conference Center,denhy-Hyatt Regency Aurora-Denver Conference Center,Hyatt-denhy
dencc,Hyatt Regency Denver at Colorado Convention Center,dencc-Hyatt Regency Denver at Colorado Convention Center,Hyatt-dencc
denve,Hyatt Regency Denver Tech Center,denve-Hyatt Regency Denver Tech Center,Hyatt-denve
beavc,The Residences at Park Hyatt Beaver Creek,beavc-The Residences at Park Hyatt Beaver Creek,Hyatt-beavc
beash,The Residences at Mountain Lodge,beash-The Residences at Mountain Lodge,Hyatt-beash
bresh,The Residences at Main Street Station,bresh-The Residences at Main Street Station,Hyatt-bresh
denoh,"Lichenhearth, A Destination by Hyatt Residence","denoh-Lichenhearth, A Destination by Hyatt Residence",Hyatt-denoh
denom,"Montaneros in Vail, A Destination by Hyatt Residence","denom-Montaneros in Vail, A Destination by Hyatt Residence",Hyatt-denom
beave,Park Hyatt Beaver Creek Resort and Spa,beave-Park Hyatt Beaver Creek Resort and Spa,Hyatt-beave
denok,"Shadowbrook, A Destination by Hyatt Residence","denok-Shadowbrook, A Destination by Hyatt Residence",Hyatt-denok
dendo,"Snowmass Homes Collection, A Destination by Hyatt Residence","dendo-Snowmass Homes Collection, A Destination by Hyatt Residence",Hyatt-dendo
dends,Stonebridge Inn,dends-Stonebridge Inn,Hyatt-dends
denot,"Tamarack Townhomes, A Destination by Hyatt Residence","denot-Tamarack Townhomes, A Destination by Hyatt Residence",Hyatt-denot
denoe,"Terracehouse, A Destination by Hyatt Residence","denoe-Terracehouse, A Destination by Hyatt Residence",Hyatt-denoe
denol,"The Landmark, A Destination by Hyatt Residence","denol-The Landmark, A Destination by Hyatt Residence",Hyatt-denol
bresr,Hyatt Vacation Club at The Ranahan,bresr-Hyatt Vacation Club at The Ranahan,Hyatt-bresr
denth,Thompson Denver,denth-Thompson Denver,Hyatt-denth
denoq,"Top of the Village, A Destination by Hyatt Residence","denoq-Top of the Village, A Destination by Hyatt Residence",Hyatt-denoq
denox,"Vail 21, A Destination by Hyatt Residence","denox-Vail 21, A Destination by Hyatt Residence",Hyatt-denox
dendv,Vail Residences at Cascade Village,dendv-Vail Residences at Cascade Village,Hyatt-dendv
denog,"Vantage Point, A Destination by Hyatt Residence","denog-Vantage Point, A Destination by Hyatt Residence",Hyatt-denog
denos,"Villas at Snowmass Club, A Destination by Hyatt Residence","denos-Villas at Snowmass Club, A Destination by Hyatt Residence",Hyatt-denos
denou,"Westwind, A Destination by Hyatt Residence","denou-Westwind, A Destination by Hyatt Residence",Hyatt-denou
dendw,"Willows, A Destination by Hyatt Residence","dendw-Willows, A Destination by Hyatt Residence",Hyatt-dendw
denop,"Woodrun Place, a Destination by Hyatt Residence","denop-Woodrun Place, a Destination by Hyatt Residence",Hyatt-denop
bdlxw,Hyatt House Hartford North/Windsor,bdlxw-Hyatt House Hartford North/Windsor,Hyatt-bdlxw
ispxs,Hyatt House Shelton,ispxs-Hyatt House Shelton,Hyatt-ispxs
bdlzm,Hyatt Place Milford / New Haven,bdlzm-Hyatt Place Milford / New Haven,Hyatt-bdlzm
bdlzy,Hyatt Place Mystic,bdlzy-Hyatt Place Mystic,Hyatt-bdlzy
bdrzu,Hyatt Place Uncasville / Casino Area,bdrzu-Hyatt Place Uncasville / Casino Area,Hyatt-bdrzu
gwich,Hyatt Regency Greenwich,gwich-Hyatt Regency Greenwich,Hyatt-gwich
wasgh,Grand Hyatt Washington,wasgh-Grand Hyatt Washington,Hyatt-wasgh
wasxs,Hyatt House Washington DC / The Wharf,wasxs-Hyatt House Washington DC / The Wharf,Hyatt-wasxs
waszm,Hyatt Place Washington DC/Georgetown/West End,waszm-Hyatt Place Washington DC/Georgetown/West End,Hyatt-waszm
waszc,Hyatt Place Washington DC/National Mall,waszc-Hyatt Place Washington DC/National Mall,Hyatt-waszc
waszd,Hyatt Place Washington DC/US Capitol,waszd-Hyatt Place Washington DC/US Capitol,Hyatt-waszd
waszw,Hyatt Place Washington DC/White House,waszw-Hyatt Place Washington DC/White House,Hyatt-waszw
wasrw,Hyatt Regency Washington on Capitol Hill,wasrw-Hyatt Regency Washington on Capitol Hill,Hyatt-wasrw
wasph,Park Hyatt Washington D.C.,wasph-Park Hyatt Washington D.C.,Hyatt-wasph
iadth,Thompson Washington D.C.,iadth-Thompson Washington D.C.,Hyatt-iadth
ilgxl,Hyatt House Lewes / Rehoboth Beach,ilgxl-Hyatt House Lewes / Rehoboth Beach,Hyatt-ilgxl
ilgzd,Hyatt Place Dewey Beach,ilgzd-Hyatt Place Dewey Beach,Hyatt-ilgzd
ilgzn,Hyatt Place Newark / Main Street,ilgzn-Hyatt Place Newark / Main Street,Hyatt-ilgzn
phlzw,Hyatt Place Wilmington Riverfront,phlzw-Hyatt Place Wilmington Riverfront,Hyatt-phlzw
pbidh,Banyan Cay Resort and Golf,pbidh-Banyan Cay Resort and Golf,Hyatt-pbidh
miadz,Dream South Beach,miadz-Dream South Beach,Hyatt-miadz
tparw,Grand Hyatt Tampa Bay,tparw-Grand Hyatt Tampa Bay,Hyatt-tparw
fllyh,Hillsboro Beach Resort,fllyh-Hillsboro Beach Resort,Hyatt-fllyh
miact,Hyatt Centric Brickell Miami,miact-Hyatt Centric Brickell Miami,Hyatt-miact
kwest,Hyatt Centric Key West Resort & Spa,kwest-Hyatt Centric Key West Resort & Spa,Hyatt-kwest
fllct,Hyatt Centric Las Olas Fort Lauderdale,fllct-Hyatt Centric Las Olas Fort Lauderdale,Hyatt-fllct
miahs,Hyatt Centric South Beach Miami,miahs-Hyatt Centric South Beach Miami,Hyatt-miahs
mcoxu,Hyatt House across from Universal Orlando Resort™,mcoxu-Hyatt House across from Universal Orlando Resort™,Hyatt-mcoxu
fllxd,Hyatt House Fort Lauderdale Airport - South & Cruise Port,fllxd-Hyatt House Fort Lauderdale Airport - South & Cruise Port,Hyatt-fllxd
miaxm,Hyatt House Miami Airport,miaxm-Hyatt House Miami Airport,Hyatt-miaxm
napxn,Hyatt House Naples/5th Avenue,napxn-Hyatt House Naples/5th Avenue,Hyatt-napxn
mcoxi,Hyatt House Orlando / International Drive,mcoxi-Hyatt House Orlando / International Drive,Hyatt-mcoxi
orlxa,Hyatt House Orlando Airport,orlxa-Hyatt House Orlando Airport,Hyatt-orlxa
tlhxt,Hyatt House Tallahassee Capitol - University,tlhxt-Hyatt House Tallahassee Capitol - University,Hyatt-tlhxt
tpaxw,Hyatt House Tampa Airport / Westshore,tpaxw-Hyatt House Tampa Airport / Westshore,Hyatt-tpaxw
tpaxd,Hyatt House Tampa Downtown,tpaxd-Hyatt House Tampa Downtown,Hyatt-tpaxd
orlzu,Hyatt Place across from Universal Orlando Resort™,orlzu-Hyatt Place across from Universal Orlando Resort™,Hyatt-orlzu
fllzb,Hyatt Place Boca Raton/Downtown,fllzb-Hyatt Place Boca Raton/Downtown,Hyatt-fllzb
napzc,Hyatt Place Coconut Point,napzc-Hyatt Place Coconut Point,Hyatt-napzc
dabzd,Hyatt Place Daytona Beach - Oceanfront,dabzd-Hyatt Place Daytona Beach - Oceanfront,Hyatt-dabzd
pbizd,Hyatt Place Delray Beach,pbizd-Hyatt Place Delray Beach,Hyatt-pbizd
fllzd,Hyatt Place Fort Lauderdale Airport - South & Cruise Port,fllzd-Hyatt Place Fort Lauderdale Airport - South & Cruise Port,Hyatt-fllzd
fllza,Hyatt Place Fort Lauderdale Cruise Port & Convention Center,fllza-Hyatt Place Fort Lauderdale Cruise Port & Convention Center,Hyatt-fllza
fllzp,Hyatt Place Fort Lauderdale/Plantation,fllzp-Hyatt Place Fort Lauderdale/Plantation,Hyatt-fllzp
rswzf,Hyatt Place Fort Myers/at The Forum,rswzf-Hyatt Place Fort Myers/at The Forum,Hyatt-rswzf
gnvzg,Hyatt Place Gainesville Downtown,gnvzg-Hyatt Place Gainesville Downtown,Hyatt-gnvzg
jaxzs,Hyatt Place Jacksonville / St. Johns Town Center,jaxzs-Hyatt Place Jacksonville / St. Johns Town Center,Hyatt-jaxzs
jaxzj,Hyatt Place Jacksonville Airport,jaxzj-Hyatt Place Jacksonville Airport,Hyatt-jaxzj
mcozl,Hyatt Place Lake Mary/Orlando-North,mcozl-Hyatt Place Lake Mary/Orlando-North,Hyatt-mcozl
tpazl,Hyatt Place Lakeland Center,tpazl-Hyatt Place Lakeland Center,Hyatt-tpazl
mcozm,Hyatt Place Melbourne / Palm Bay / I-95,mcozm-Hyatt Place Melbourne / Palm Bay / I-95,Hyatt-mcozm
mcoza,Hyatt Place Melbourne Airport,mcoza-Hyatt Place Melbourne Airport,Hyatt-mcoza
miaze,Hyatt Place Miami Airport-East,miaze-Hyatt Place Miami Airport-East,Hyatt-miaze
miazd,Hyatt Place Miami Airport-West/Doral,miazd-Hyatt Place Miami Airport-West/Doral,Hyatt-miazd
orlzl,Hyatt Place Orlando / I-Drive / Convention Center,orlzl-Hyatt Place Orlando / I-Drive / Convention Center,Hyatt-orlzl
orlza,Hyatt Place Orlando Airport,orlza-Hyatt Place Orlando Airport,Hyatt-orlza
orlzb,Hyatt Place Orlando/Lake Buena Vista,orlzb-Hyatt Place Orlando/Lake Buena Vista,Hyatt-orlzb
ecpzp,Hyatt Place Panama City Beach / Beachfront,ecpzp-Hyatt Place Panama City Beach / Beachfront,Hyatt-ecpzp
pnszp,Hyatt Place Pensacola Airport,pnszp-Hyatt Place Pensacola Airport,Hyatt-pnszp
ecpzs,Hyatt Place Sandestin/at Grand Boulevard,ecpzs-Hyatt Place Sandestin/at Grand Boulevard,Hyatt-ecpzs
srqzl,Hyatt Place Sarasota / Lakewood Ranch,srqzl-Hyatt Place Sarasota / Lakewood Ranch,Hyatt-srqzl
srqza,Hyatt Place Sarasota/Bradenton Airport,srqza-Hyatt Place Sarasota/Bradenton Airport,Hyatt-srqza
jaxza,Hyatt Place St. Augustine / Vilano Beach,jaxza-Hyatt Place St. Augustine / Vilano Beach,Hyatt-jaxza
piezd,Hyatt Place St. Petersburg / Downtown,piezd-Hyatt Place St. Petersburg / Downtown,Hyatt-piezd
tpazw,Hyatt Place Tampa Airport/Westshore,tpazw-Hyatt Place Tampa Airport/Westshore,Hyatt-tpazw
tpazd,Hyatt Place Tampa Downtown,tpazd-Hyatt Place Tampa Downtown,Hyatt-tpazd
tpazc,Hyatt Place Tampa Wesley Chapel,tpazc-Hyatt Place Tampa Wesley Chapel,Hyatt-tpazc
tpazb,Hyatt Place Tampa/Busch Gardens,tpazb-Hyatt Place Tampa/Busch Gardens,Hyatt-tpazb
mcozt,Hyatt Place Titusville / Kennedy Space Center,mcozt-Hyatt Place Titusville / Kennedy Space Center,Hyatt-mcozt
pbizw,Hyatt Place West Palm Beach/Downtown,pbizw-Hyatt Place West Palm Beach/Downtown,Hyatt-pbizw
pierc,Hyatt Regency Clearwater Beach Resort and Spa,pierc-Hyatt Regency Clearwater Beach Resort and Spa,Hyatt-pierc
naprn,Hyatt Regency Coconut Point Resort and Spa,naprn-Hyatt Regency Coconut Point Resort and Spa,Hyatt-naprn
coral,Hyatt Regency Coral Gables,coral-Hyatt Regency Coral Gables,Hyatt-coral
vista,Hyatt Regency Grand Cypress Resort,vista-Hyatt Regency Grand Cypress Resort,Hyatt-vista
jaxrj,Hyatt Regency Jacksonville Riverfront,jaxrj-Hyatt Regency Jacksonville Riverfront,Hyatt-jaxrj
miarm,Hyatt Regency Miami,miarm-Hyatt Regency Miami,Hyatt-miarm
mcoro,Hyatt Regency Orlando,mcoro-Hyatt Regency Orlando,Hyatt-mcoro
orlan,Hyatt Regency Orlando International Airport,orlan-Hyatt Regency Orlando International Airport,Hyatt-orlan
srqss,Hyatt Regency Sarasota,srqss-Hyatt Regency Sarasota,Hyatt-srqss
napsh,Hyatt Vacation Club at Coconut Cove,napsh-Hyatt Vacation Club at Coconut Cove,Hyatt-napsh
keysh,"Hyatt Vacation Club at Beach House, Key West","keysh-Hyatt Vacation Club at Beach House, Key West",Hyatt-keysh
kwesh,Hyatt Vacation Club at Sunset Harbor,kwesh-Hyatt Vacation Club at Sunset Harbor,Hyatt-kwesh
winsh,Hyatt Vacation Club at Windward Pointe,winsh-Hyatt Vacation Club at Windward Pointe,Hyatt-winsh
fiesh,The Residences on Siesta Key Beach,fiesh-The Residences on Siesta Key Beach,Hyatt-fiesh
miaob,Andaz Miami Beach,miaob-Andaz Miami Beach,Hyatt-miaob
savrd,Andaz Savannah,savrd-Andaz Savannah,Hyatt-savrd
atlgh,Grand Hyatt Atlanta in Buckhead,atlgh-Grand Hyatt Atlanta in Buckhead,Hyatt-atlgh
atlct,Hyatt Centric Buckhead Atlanta,atlct-Hyatt Centric Buckhead Atlanta,Hyatt-atlct
atlhm,Hyatt Centric Midtown Atlanta,atlhm-Hyatt Centric Midtown Atlanta,Hyatt-atlhm
atlxp,Hyatt House Atlanta / Perimeter Center,atlxp-Hyatt House Atlanta / Perimeter Center,Hyatt-atlxp
atlxg,Hyatt House Atlanta/Cobb Galleria,atlxg-Hyatt House Atlanta/Cobb Galleria,Hyatt-atlxg
atlxd,Hyatt House Atlanta/Downtown,atlxd-Hyatt House Atlanta/Downtown,Hyatt-atlxd
agsxa,Hyatt House Augusta / Downtown,agsxa-Hyatt House Augusta / Downtown,Hyatt-agsxa
ahnza,Hyatt Place Athens / Downtown,ahnza-Hyatt Place Athens / Downtown,Hyatt-ahnza
atlzt,Hyatt Place Atlanta / Centennial Park,atlzt-Hyatt Place Atlanta / Centennial Park,Hyatt-atlzt
atlzy,Hyatt Place Atlanta / Perimeter Center,atlzy-Hyatt Place Atlanta / Perimeter Center,Hyatt-atlzy
atlza,Hyatt Place Atlanta Airport-North,atlza-Hyatt Place Atlanta Airport-North,Hyatt-atlza
atlzs,Hyatt Place Atlanta Airport-South,atlzs-Hyatt Place Atlanta Airport-South,Hyatt-atlzs
atlzm,Hyatt Place Atlanta/Alpharetta/North Point Mall,atlzm-Hyatt Place Atlanta/Alpharetta/North Point Mall,Hyatt-atlzm
atlzi,Hyatt Place Atlanta/Alpharetta/Windward Parkway,atlzi-Hyatt Place Atlanta/Alpharetta/Windward Parkway,Hyatt-atlzi
atlzb,Hyatt Place Atlanta/Buckhead,atlzb-Hyatt Place Atlanta/Buckhead,Hyatt-atlzb
atlzg,Hyatt Place Atlanta/Cobb Galleria,atlzg-Hyatt Place Atlanta/Cobb Galleria,Hyatt-atlzg
atlzd,Hyatt Place Atlanta/Downtown,atlzd-Hyatt Place Atlanta/Downtown,Hyatt-atlzd
atlzj,Hyatt Place Atlanta/Duluth/Johns Creek,atlzj-Hyatt Place Atlanta/Duluth/Johns Creek,Hyatt-atlzj
atlzn,Hyatt Place Atlanta/Norcross/Peachtree,atlzn-Hyatt Place Atlanta/Norcross/Peachtree,Hyatt-atlzn
agsza,Hyatt Place Augusta,agsza-Hyatt Place Augusta,Hyatt-agsza
csgzc,Hyatt Place Columbus-North,csgzc-Hyatt Place Columbus-North,Hyatt-csgzc
savza,Hyatt Place Savannah Airport,savza-Hyatt Place Savannah Airport,Hyatt-savza
atlra,Hyatt Regency Atlanta,atlra-Hyatt Regency Atlanta,Hyatt-atlra
atlhs,Hyatt Regency Atlanta Perimeter at Villa Christina,atlhs-Hyatt Regency Atlanta Perimeter at Villa Christina,Hyatt-atlhs
savrs,Hyatt Regency Savannah,savrs-Hyatt Regency Savannah,Hyatt-savrs
atlrs,Hyatt Regency Suites Atlanta Northwest,atlrs-Hyatt Regency Suites Atlanta Northwest,Hyatt-atlrs
atlth,Thompson Atlanta – Buckhead,atlth-Thompson Atlanta – Buckhead,Hyatt-atlth
savth,Thompson Savannah,savth-Thompson Savannah,Hyatt-savth
oggaw,Andaz Maui at Wailea Resort,oggaw-Andaz Maui at Wailea Resort,Hyatt-oggaw
kauai,Grand Hyatt Kauai Resort & Spa,kauai-Grand Hyatt Kauai Resort & Spa,Hyatt-kauai
oggal,Hana-Maui Resort,oggal-Hana-Maui Resort,Hyatt-oggal
oggoh,"Ho'olei Residences, a Destination by Hyatt Residence","oggoh-Ho'olei Residences, a Destination by Hyatt Residence",Hyatt-oggoh
hnlct,Hyatt Centric Waikiki Beach,hnlct-Hyatt Centric Waikiki Beach,Hyatt-hnlct
hnlzw,Hyatt Place Waikiki Beach,hnlzw-Hyatt Place Waikiki Beach,Hyatt-hnlzw
oggrm,Hyatt Regency Maui Resort and Spa,oggrm-Hyatt Regency Maui Resort and Spa,Hyatt-oggrm
hnlrw,Hyatt Regency Waikiki Beach Resort and Spa,hnlrw-Hyatt Regency Waikiki Beach Resort and Spa,Hyatt-hnlrw
oggsk,Hyatt Vacation Club at Ka’anapali Beach,oggsk-Hyatt Vacation Club at Ka’anapali Beach,Hyatt-oggsk
jhmob,"Kaanapali Alii, a Destination by Hyatt Residence","jhmob-Kaanapali Alii, a Destination by Hyatt Residence",Hyatt-jhmob
lihov,"Kauai Luxury Vacation Villas, a Destination by Hyatt Residence","lihov-Kauai Luxury Vacation Villas, a Destination by Hyatt Residence",Hyatt-lihov
jhmol,"Lahaina Shores Beach Resort, a Destination by Hyatt Residence","jhmol-Lahaina Shores Beach Resort, a Destination by Hyatt Residence",Hyatt-jhmol
oggom,"Makena Surf, a Destination by Hyatt Residence","oggom-Makena Surf, a Destination by Hyatt Residence",Hyatt-oggom
koaoh,"Mauna Lani Luxury Vacation Villas, a Destination by Hyatt Residence","koaoh-Mauna Lani Luxury Vacation Villas, a Destination by Hyatt Residence",Hyatt-koaoh
koaol,"Mauna Lani Point, a Destination by Hyatt Residence","koaol-Mauna Lani Point, a Destination by Hyatt Residence",Hyatt-koaol
oggoc,"Polo Beach Club, a Destination by Hyatt Residence","oggoc-Polo Beach Club, a Destination by Hyatt Residence",Hyatt-oggoc
jhmop,"Puunoa Beach Estates, a Destination by Hyatt Residence","jhmop-Puunoa Beach Estates, a Destination by Hyatt Residence",Hyatt-jhmop
koaoc,"The Islands at Mauna Lani, a Destination by Hyatt Residence","koaoc-The Islands at Mauna Lani, a Destination by Hyatt Residence",Hyatt-koaoc
lihob,The Lodge at Kukui’ula,lihob-The Lodge at Kukui’ula,Hyatt-lihob
oggdh,"Wailea Beach Villas, a Destination by Hyatt Residence","oggdh-Wailea Beach Villas, a Destination by Hyatt Residence",Hyatt-oggdh
oggoi,"Wailea Ekahi Village, a Destination by Hyatt Residence","oggoi-Wailea Ekahi Village, a Destination by Hyatt Residence",Hyatt-oggoi
oggou,"Wailea Ekolu Village, a Destination by Hyatt Residence","oggou-Wailea Ekolu Village, a Destination by Hyatt Residence",Hyatt-oggou
oggow,"Wailea Elua Village, a Destination by Hyatt Residence","oggow-Wailea Elua Village, a Destination by Hyatt Residence",Hyatt-oggow
oggog,"Wailea Grand Champions Villas, a Destination by Hyatt Residence","oggog-Wailea Grand Champions Villas, a Destination by Hyatt Residence",Hyatt-oggog
oggop,"Wailea Point, a Destination by Hyatt Residence","oggop-Wailea Point, a Destination by Hyatt Residence",Hyatt-oggop
boizm,Hyatt Place Boise / Meridian,boizm-Hyatt Place Boise / Meridian,Hyatt-boizm
boizb,Hyatt Place Boise/Downtown,boizb-Hyatt Place Boise/Downtown,Hyatt-boizb
boizt,Hyatt Place Boise/Towne Square,boizt-Hyatt Place Boise/Towne Square,Hyatt-boizt
chija,Ambassador Chicago,chija-Ambassador Chicago,Hyatt-chija
chiub,Chicago Athletic Association,chiub-Chicago Athletic Association,Hyatt-chiub
chijl,Hotel Lincoln,chijl-Hotel Lincoln,Hyatt-chijl
chimm,Hyatt Centric Chicago Magnificent Mile,chimm-Hyatt Centric Chicago Magnificent Mile,Hyatt-chimm
chihl,Hyatt Centric The Loop Chicago,chihl-Hyatt Centric The Loop Chicago,Hyatt-chihl
chixt,Hyatt House Chicago - Medical / University District,chixt-Hyatt House Chicago - Medical / University District,Hyatt-chixt
chixo,Hyatt House Chicago / Oak Brook,chixo-Hyatt House Chicago / Oak Brook,Hyatt-chixo
chixl,Hyatt House Chicago / West Loop-Fulton Market,chixl-Hyatt House Chicago / West Loop-Fulton Market,Hyatt-chixl
chixe,Hyatt House Chicago/Evanston,chixe-Hyatt House Chicago/Evanston,Hyatt-chixe
chixw,Hyatt House Chicago/Naperville/Warrenville,chixw-Hyatt House Chicago/Naperville/Warrenville,Hyatt-chixw
chixs,Hyatt House Chicago/Schaumburg,chixs-Hyatt House Chicago/Schaumburg,Hyatt-chixs
mlixe,Hyatt House East Moline / Quad Cities,mlixe-Hyatt House East Moline / Quad Cities,Hyatt-mlixe
chilo,Hyatt Lodge Oak Brook Chicago,chilo-Hyatt Lodge Oak Brook Chicago,Hyatt-chilo
piazn,Hyatt Place Bloomington/Normal,piazn-Hyatt Place Bloomington/Normal,Hyatt-piazn
cmizc,Hyatt Place Champaign/Urbana,cmizc-Hyatt Place Champaign/Urbana,Hyatt-cmizc
chizt,Hyatt Place Chicago – Medical / University District,chizt-Hyatt Place Chicago – Medical / University District,Hyatt-chizt
chizk,Hyatt Place Chicago / Wicker Park,chizk-Hyatt Place Chicago / Wicker Park,Hyatt-chizk
chizu,Hyatt Place Chicago-South/University Medical Center,chizu-Hyatt Place Chicago-South/University Medical Center,Hyatt-chizu
chizp,Hyatt Place Chicago/Downtown-The Loop,chizp-Hyatt Place Chicago/Downtown-The Loop,Hyatt-chizp
chizh,Hyatt Place Chicago/Hoffman Estates,chizh-Hyatt Place Chicago/Hoffman Estates,Hyatt-chizh
chizi,Hyatt Place Chicago/Itasca,chizi-Hyatt Place Chicago/Itasca,Hyatt-chizi
chizl,Hyatt Place Chicago/Lombard/Oak Brook,chizl-Hyatt Place Chicago/Lombard/Oak Brook,Hyatt-chizl
chizm,Hyatt Place Chicago/Midway Airport,chizm-Hyatt Place Chicago/Midway Airport,Hyatt-chizm
chizw,Hyatt Place Chicago/Naperville/Warrenville,chizw-Hyatt Place Chicago/Naperville/Warrenville,Hyatt-chizw
chizo,Hyatt Place Chicago/O'Hare Airport,chizo-Hyatt Place Chicago/O'Hare Airport,Hyatt-chizo
chizd,Hyatt Place Chicago/River North,chizd-Hyatt Place Chicago/River North,Hyatt-chizd
chizs,Hyatt Place Chicago/Schaumburg,chizs-Hyatt Place Chicago/Schaumburg,Hyatt-chizs
mlize,Hyatt Place East Moline / Quad Cities,mlize-Hyatt Place East Moline / Quad Cities,Hyatt-mlize
chirc,Hyatt Regency Chicago,chirc-Hyatt Regency Chicago,Hyatt-chirc
deerf,Hyatt Regency Deerfield,deerf-Hyatt Regency Deerfield,Hyatt-deerf
lisle,Hyatt Regency Lisle near Naperville,lisle-Hyatt Regency Lisle near Naperville,Hyatt-lisle
chimc,Hyatt Regency McCormick Place Chicago,chimc-Hyatt Regency McCormick Place Chicago,Hyatt-chimc
chiro,Hyatt Regency O'Hare Chicago,chiro-Hyatt Regency O'Hare Chicago,Hyatt-chiro
chirw,"Hyatt Regency Schaumburg, Chicago","chirw-Hyatt Regency Schaumburg, Chicago",Hyatt-chirw
rosem,Hyatt Centric Chicago O’Hare,rosem-Hyatt Centric Chicago O’Hare,Hyatt-rosem
chiph,Park Hyatt Chicago,chiph-Park Hyatt Chicago,Hyatt-chiph
chizf,The Forester a Hyatt Place Hotel,chizf-The Forester a Hyatt Place Hotel,Hyatt-chizf
chith,Thompson Chicago,chith-Thompson Chicago,Hyatt-chith
indxi,Hyatt House Indianapolis / Downtown,indxi-Hyatt House Indianapolis / Downtown,Hyatt-indxi
indxf,Hyatt House Indianapolis / Fishers,indxf-Hyatt House Indianapolis / Fishers,Hyatt-indxf
bmgzb,Hyatt Place Bloomington,bmgzb-Hyatt Place Bloomington,Hyatt-bmgzb
sdfzv,Hyatt Place Evansville / Downtown,sdfzv-Hyatt Place Evansville / Downtown,Hyatt-sdfzv
fwazn,Hyatt Place Fort Wayne – Northwest,fwazn-Hyatt Place Fort Wayne – Northwest,Hyatt-fwazn
indzc,Hyatt Place Indianapolis / Carmel,indzc-Hyatt Place Indianapolis / Carmel,Hyatt-indzc
indzi,Hyatt Place Indianapolis / Downtown,indzi-Hyatt Place Indianapolis / Downtown,Hyatt-indzi
indzf,Hyatt Place Indianapolis / Fishers,indzf-Hyatt Place Indianapolis / Fishers,Hyatt-indzf
indza,Hyatt Place Indianapolis Airport,indza-Hyatt Place Indianapolis Airport,Hyatt-indza
munzm,Hyatt Place Munster,munzm-Hyatt Place Munster,Hyatt-munzm
sbnzm,Hyatt Place South Bend/Mishawaka,sbnzm-Hyatt Place South Bend/Mishawaka,Hyatt-sbnzm
indri,Hyatt Regency Indianapolis,indri-Hyatt Regency Indianapolis,Hyatt-indri
dsmza,Hyatt Place Altoona / Des Moines,dsmza-Hyatt Place Altoona / Des Moines,Hyatt-dsmza
dsmzd,Hyatt Place Des Moines/Downtown,dsmzd-Hyatt Place Des Moines/Downtown,Hyatt-dsmzd
iowzi,Hyatt Place Iowa City Downtown,iowzi-Hyatt Place Iowa City Downtown,Hyatt-iowzi
dsmzw,Hyatt Place West Des Moines/Jordan Creek,dsmzw-Hyatt Place West Des Moines/Jordan Creek,Hyatt-dsmzw
iowrc,Hyatt Regency Coralville Hotel & Conference Center,iowrc-Hyatt Regency Coralville Hotel & Conference Center,Hyatt-iowrc
ictzw,Hyatt Place at Wichita State University,ictzw-Hyatt Place at Wichita State University,Hyatt-ictzw
mkczl,Hyatt Place Kansas City/Lenexa City Center,mkczl-Hyatt Place Kansas City/Lenexa City Center,Hyatt-mkczl
mkczc,Hyatt Place Kansas City/Overland Park/Convention Center,mkczc-Hyatt Place Kansas City/Overland Park/Convention Center,Hyatt-mkczc
mkczm,Hyatt Place Kansas City/Overland Park/Metcalf,mkczm-Hyatt Place Kansas City/Overland Park/Metcalf,Hyatt-mkczm
topzt,Hyatt Place Topeka,topzt-Hyatt Place Topeka,Hyatt-topzt
wicrw,Hyatt Regency Wichita,wicrw-Hyatt Regency Wichita,Hyatt-wicrw
sdfxl,Hyatt House Louisville - East,sdfxl-Hyatt House Louisville - East,Hyatt-sdfxl
bnazg,Hyatt Place Bowling Green,bnazg-Hyatt Place Bowling Green,Hyatt-bnazg
cinza,Hyatt Place Cincinnati Airport/Florence,cinza-Hyatt Place Cincinnati Airport/Florence,Hyatt-cinza
lexzl,Hyatt Place Lexington,lexzl-Hyatt Place Lexington,Hyatt-lexzl
sdfze,Hyatt Place Louisville-East,sdfze-Hyatt Place Louisville-East,Hyatt-sdfze
lexrl,Hyatt Regency Lexington,lexrl-Hyatt Regency Lexington,Hyatt-lexrl
sdfrl,Hyatt Regency Louisville,sdfrl-Hyatt Regency Louisville,Hyatt-sdfrl
msyrf,Hyatt Centric French Quarter New Orleans,msyrf-Hyatt Centric French Quarter New Orleans,Hyatt-msyrf
msyxd,Hyatt House New Orleans/Downtown,msyxd-Hyatt House New Orleans/Downtown,Hyatt-msyxd
btrzs,Hyatt Place Baton Rouge/I-10,btrzs-Hyatt Place Baton Rouge/I-10,Hyatt-btrzs
msyzc,Hyatt Place New Orleans/Convention Center,msyzc-Hyatt Place New Orleans/Convention Center,Hyatt-msyzc
msyrn,Hyatt Regency New Orleans,msyrn-Hyatt Regency New Orleans,Hyatt-msyrn
msyub,The Eliza Jane,msyub-The Eliza Jane,Hyatt-msyub
pwmzp,Hyatt Place Portland Downtown-Old Port Square,pwmzp-Hyatt Place Portland Downtown-Old Port Square,Hyatt-pwmzp
bwiza,Hyatt Place Baltimore/BWI Airport,bwiza-Hyatt Place Baltimore/BWI Airport,Hyatt-bwiza
bwizh,Hyatt Place Baltimore/Inner Harbor,bwizh-Hyatt Place Baltimore/Inner Harbor,Hyatt-bwizh
bwizo,Hyatt Place Baltimore/Owings Mills,bwizo-Hyatt Place Baltimore/Owings Mills,Hyatt-bwizo
bwizk,Hyatt Place Kent Narrows & Marina,bwizk-Hyatt Place Kent Narrows & Marina,Hyatt-bwizk
iadzr,Hyatt Place National Harbor,iadzr-Hyatt Place National Harbor,Hyatt-iadzr
oxbzo,Hyatt Place Ocean City / Oceanfront,oxbzo-Hyatt Place Ocean City / Oceanfront,Hyatt-oxbzo
bwirb,Hyatt Regency Baltimore Inner Harbor,bwirb-Hyatt Regency Baltimore Inner Harbor,Hyatt-bwirb
bethe,Hyatt Regency Bethesda,bethe-Hyatt Regency Bethesda,Hyatt-bethe
chesa,"Hyatt Regency Chesapeake Bay Golf Resort, Spa and Marina","chesa-Hyatt Regency Chesapeake Bay Golf Resort, Spa and Marina",Hyatt-chesa
bosct,Hyatt Centric Faneuil Hall Boston,bosct-Hyatt Centric Faneuil Hall Boston,Hyatt-bosct
bosxb,Hyatt House Boston/Burlington,bosxb-Hyatt House Boston/Burlington,Hyatt-bosxb
bosxw,Hyatt House Boston/Waltham,bosxw-Hyatt House Boston/Waltham,Hyatt-bosxw
boszs,Hyatt Place Boston / Seaport District,boszs-Hyatt Place Boston / Seaport District,Hyatt-boszs
boszb,Hyatt Place Boston/Braintree,boszb-Hyatt Place Boston/Braintree,Hyatt-boszb
boszm,Hyatt Place Boston/Medford,boszm-Hyatt Place Boston/Medford,Hyatt-boszm
boszr,Hyatt Place Marlborough / Apex Center,boszr-Hyatt Place Marlborough / Apex Center,Hyatt-boszr
bosto,Hyatt Regency Boston,bosto-Hyatt Regency Boston,Hyatt-bosto
bosrc,Hyatt Regency Boston / Cambridge,bosrc-Hyatt Regency Boston / Cambridge,Hyatt-bosrc
bosha,Hyatt Regency Boston Harbor,bosha-Hyatt Regency Boston Harbor,Hyatt-bosha
albob,Miraval Berkshires Resort and Spa,albob-Miraval Berkshires Resort and Spa,Hyatt-albob
lanxl,Hyatt House Lansing / University Area,lanxl-Hyatt House Lansing / University Area,Hyatt-lanxl
dtwza,Hyatt Place Ann Arbor,dtwza-Hyatt Place Ann Arbor,Hyatt-dtwza
dtwzr,Hyatt Place Detroit / Royal Oak,dtwzr-Hyatt Place Detroit / Royal Oak,Hyatt-dtwzr
detza,Hyatt Place Detroit/Auburn Hills,detza-Hyatt Place Detroit/Auburn Hills,Hyatt-detza
detzl,Hyatt Place Detroit/Livonia,detzl-Hyatt Place Detroit/Livonia,Hyatt-detzl
dttzh,Hyatt Place Detroit/Novi,dttzh-Hyatt Place Detroit/Novi,Hyatt-dttzh
detzu,Hyatt Place Detroit/Utica,detzu-Hyatt Place Detroit/Utica,Hyatt-detzu
fntzf,Hyatt Place Flint / Grand Blanc,fntzf-Hyatt Place Flint / Grand Blanc,Hyatt-fntzf
grrzw,Hyatt Place Grand Rapids-South,grrzw-Hyatt Place Grand Rapids-South,Hyatt-grrzw
grrzd,Hyatt Place Grand Rapids/Downtown,grrzd-Hyatt Place Grand Rapids/Downtown,Hyatt-grrzd
lanzl,Hyatt Place Lansing – East,lanzl-Hyatt Place Lansing – East,Hyatt-lanzl
mspct,Hyatt Centric Downtown Minneapolis,mspct-Hyatt Centric Downtown Minneapolis,Hyatt-mspct
mspxm,Hyatt House Mall of America / MSP Airport,mspxm-Hyatt House Mall of America / MSP Airport,Hyatt-mspxm
rstxr,Hyatt House Rochester / Mayo Clinic Area,rstxr-Hyatt House Rochester / Mayo Clinic Area,Hyatt-rstxr
mspza,Hyatt Place Minneapolis Airport-South,mspza-Hyatt Place Minneapolis Airport-South,Hyatt-mspza
mspzd,Hyatt Place Minneapolis/Downtown,mspzd-Hyatt Place Minneapolis/Downtown,Hyatt-mspzd
mspze,Hyatt Place Minneapolis/Eden Prairie,mspze-Hyatt Place Minneapolis/Eden Prairie,Hyatt-mspze
mspzs,Hyatt Place St. Paul/Downtown,mspzs-Hyatt Place St. Paul/Downtown,Hyatt-mspzs
msprb,Hyatt Regency Bloomington - Minneapolis,msprb-Hyatt Regency Bloomington - Minneapolis,Hyatt-msprb
msprm,Hyatt Regency Minneapolis,msprm-Hyatt Regency Minneapolis,Hyatt-msprm
gptzb,Hyatt Place Biloxi,gptzb-Hyatt Place Biloxi,Hyatt-gptzb
ubszc,Hyatt Place Columbus,ubszc-Hyatt Place Columbus,Hyatt-ubszc
janzr,Hyatt Place Jackson/Ridgeland,janzr-Hyatt Place Jackson/Ridgeland,Hyatt-janzr
mcijd,Hotel Kansas City,mcijd-Hotel Kansas City,Hyatt-mcijd
stlzc,Hyatt Place St. Louis/Chesterfield,stlzc-Hyatt Place St. Louis/Chesterfield,Hyatt-stlzc
stlrs,Hyatt Regency St. Louis at The Arch,stlrs-Hyatt Regency St. Louis at The Arch,Hyatt-stlrs
mcidh,The Elms Hotel & Spa,mcidh-The Elms Hotel & Spa,Hyatt-mcidh
sgfsl,Hyatt Vacation Club at The Lodges at Timber Ridge,sgfsl-Hyatt Vacation Club at The Lodges at Timber Ridge,Hyatt-sgfsl
lnkzl,Hyatt Place Lincoln/Downtown-Haymarket,lnkzl-Hyatt Place Lincoln/Downtown-Haymarket,Hyatt-lnkzl
omazo,Hyatt Place Omaha/Downtown-Old Market,omazo-Hyatt Place Omaha/Downtown-Old Market,Hyatt-omazo
laszl,Hyatt Place Las Vegas,laszl-Hyatt Place Las Vegas,Hyatt-laszl
laszs,Hyatt Place Las Vegas at Silverton Village,laszs-Hyatt Place Las Vegas at Silverton Village,Hyatt-laszs
rnoza,Hyatt Place Reno-Tahoe Airport,rnoza-Hyatt Place Reno-Tahoe Airport,Hyatt-rnoza
tvllt,"Hyatt Regency Lake Tahoe Resort, Spa and Casino","tvllt-Hyatt Regency Lake Tahoe Resort, Spa and Casino",Hyatt-tvllt
tahsh,Hyatt Vacation Club at High Sierra Lodge,tahsh-Hyatt Vacation Club at High Sierra Lodge,Hyatt-tahsh
erwxa,Hyatt House Branchburg / Bridgewater,erwxa-Hyatt House Branchburg / Bridgewater,Hyatt-erwxa
lgaxj,Hyatt House Jersey City,lgaxj-Hyatt House Jersey City,Hyatt-lgaxj
morxm,Hyatt House Morristown,morxm-Hyatt House Morristown,Hyatt-morxm
phlxm,Hyatt House Mt. Laurel,phlxm-Hyatt House Mt. Laurel,Hyatt-phlxm
ewrxm,Hyatt House Parsippany-East,ewrxm-Hyatt House Parsippany-East,Hyatt-ewrxm
ewrxp,Hyatt House Parsippany/Whippany,ewrxp-Hyatt House Parsippany/Whippany,Hyatt-ewrxp
ewrzf,Hyatt Place Fair Lawn/Paramus,ewrzf-Hyatt Place Fair Lawn/Paramus,Hyatt-ewrzf
ewrzl,Hyatt Place Fort Lee / George Washington Bridge,ewrzl-Hyatt Place Fort Lee / George Washington Bridge,Hyatt-ewrzl
phlzm,Hyatt Place Mt. Laurel,phlzm-Hyatt Place Mt. Laurel,Hyatt-phlzm
ewrzp,Hyatt Place Princeton,ewrzp-Hyatt Place Princeton,Hyatt-ewrzp
ewrzs,Hyatt Place Secaucus/Meadowlands,ewrzs-Hyatt Place Secaucus/Meadowlands,Hyatt-ewrzs
newjp,Hyatt Regency Jersey City on the Hudson,newjp-Hyatt Regency Jersey City on the Hudson,Hyatt-newjp
morrm,Hyatt Regency Morristown,morrm-Hyatt Regency Morristown,Hyatt-morrm
ewrrn,Hyatt Regency New Brunswick,ewrrn-Hyatt Regency New Brunswick,Hyatt-ewrrn
princ,Hyatt Regency Princeton,princ-Hyatt Regency Princeton,Hyatt-princ
cnmxc,Hyatt House Carlsbad,cnmxc-Hyatt House Carlsbad,Hyatt-cnmxc
abqza,Hyatt Place Albuquerque Airport,abqza-Hyatt Place Albuquerque Airport,Hyatt-abqza
abqzu,Hyatt Place Albuquerque/Uptown,abqzu-Hyatt Place Albuquerque/Uptown,Hyatt-abqzu
safzs,Hyatt Place Santa Fe,safzs-Hyatt Place Santa Fe,Hyatt-safzs
tamay,Hyatt Regency Tamaya Resort and Spa,tamay-Hyatt Regency Tamaya Resort and Spa,Hyatt-tamay
nycam,Andaz 5th Avenue,nycam-Andaz 5th Avenue,Hyatt-nycam
nycdd,Dream Downtown,nycdd-Dream Downtown,Hyatt-nycdd
nycdm,Dream Midtown,nycdm-Dream Midtown,Hyatt-nycdm
lgatg,"Gild Hall, A Thompson Hotel","lgatg-Gild Hall, A Thompson Hotel",Hyatt-lgatg
nycub,Grayson Hotel,nycub-Grayson Hotel,Hyatt-nycub
lgajd,Hotel 50 Bowery,lgajd-Hotel 50 Bowery,Hyatt-lgajd
lgajn,Hotel Nyack,lgajn-Hotel Nyack,Hyatt-lgajn
nycct,Hyatt Centric Midtown 5th Avenue New York,nycct-Hyatt Centric Midtown 5th Avenue New York,Hyatt-nycct
nycts,Hyatt Centric Times Square New York,nycts-Hyatt Centric Times Square New York,Hyatt-nycts
nycaw,Hyatt Centric Wall Street New York,nycaw-Hyatt Centric Wall Street New York,Hyatt-nycaw
nycgh,Hyatt Grand Central New York,nycgh-Hyatt Grand Central New York,Hyatt-nycgh
nychh,Hyatt Herald Square New York,nychh-Hyatt Herald Square New York,Hyatt-nychh
swfxf,Hyatt House Fishkill/Poughkeepsie,swfxf-Hyatt House Fishkill/Poughkeepsie,Hyatt-swfxf
nycxc,Hyatt House New York/Chelsea,nycxc-Hyatt House New York/Chelsea,Hyatt-nycxc
lgaxw,Hyatt House White Plains,lgaxw-Hyatt House White Plains,Hyatt-lgaxw
albza,Hyatt Place Albany/Downtown,albza-Hyatt Place Albany/Downtown,Hyatt-albza
bufza,Hyatt Place Buffalo/Amherst,bufza-Hyatt Place Buffalo/Amherst,Hyatt-bufza
nyczf,Hyatt Place Flushing/LaGuardia Airport,nyczf-Hyatt Place Flushing/LaGuardia Airport,Hyatt-nyczf
ispzg,Hyatt Place Garden City,ispzg-Hyatt Place Garden City,Hyatt-ispzg
lgazl,Hyatt Place Long Island City / New York City,lgazl-Hyatt Place Long Island City / New York City,Hyatt-lgazl
ispzr,Hyatt Place Long Island/East End,ispzr-Hyatt Place Long Island/East End,Hyatt-ispzr
lgazc,Hyatt Place New York / Chelsea,lgazc-Hyatt Place New York / Chelsea,Hyatt-lgazc
nyczt,Hyatt Place New York City / Times Square,nyczt-Hyatt Place New York City / Times Square,Hyatt-nyczt
nyczm,Hyatt Place New York/Midtown-South,nyczm-Hyatt Place New York/Midtown-South,Hyatt-nyczm
lgazy,Hyatt Place New York/Yonkers,lgazy-Hyatt Place New York/Yonkers,Hyatt-lgazy
iagzn,Hyatt Place Niagara Falls,iagzn-Hyatt Place Niagara Falls,Hyatt-iagzn
swfzp,Hyatt Place Poughkeepsie / Hudson Valley,swfzp-Hyatt Place Poughkeepsie / Hudson Valley,Hyatt-swfzp
albzs,Hyatt Place Saratoga/Malta,albzs-Hyatt Place Saratoga/Malta,Hyatt-albzs
buffa,Hyatt Regency Buffalo / Hotel and Conference Center,buffa-Hyatt Regency Buffalo / Hotel and Conference Center,Hyatt-buffa
jfkrj,Hyatt Regency JFK Airport at Resorts World New York,jfkrj-Hyatt Regency JFK Airport at Resorts World New York,Hyatt-jfkrj
haupp,Hyatt Regency Long Island,haupp-Hyatt Regency Long Island,Hyatt-haupp
roche,Hyatt Regency Rochester,roche-Hyatt Regency Rochester,Hyatt-roche
nycus,Hyatt Union Square New York,nycus-Hyatt Union Square New York,Hyatt-nycus
nycph,Park Hyatt New York,nycph-Park Hyatt New York,Hyatt-nycph
lgajp,Park South Hotel,lgajp-Park South Hotel,Hyatt-lgajp
lgath,"The Beekman, A Thompson Hotel","lgath-The Beekman, A Thompson Hotel",Hyatt-lgath
nycuc,The Chatwal,nycuc-The Chatwal,Hyatt-nycuc
swfuc,The Chatwal Lodge,swfuc-The Chatwal Lodge,Hyatt-swfuc
lgajt,The Time New York,lgajt-The Time New York,Hyatt-lgajt
lgatp,Thompson Central Park New York,lgatp-Thompson Central Park New York,Hyatt-lgatp
cltct,Hyatt Centric Charlotte SouthPark,cltct-Hyatt Centric Charlotte SouthPark,Hyatt-cltct
cltxr,Hyatt House Charlotte / Rea Farms,cltxr-Hyatt House Charlotte / Rea Farms,Hyatt-cltxr
cltxc,Hyatt House Charlotte Airport,cltxc-Hyatt House Charlotte Airport,Hyatt-cltxc
cltxd,Hyatt House Charlotte/Center City,cltxd-Hyatt House Charlotte/Center City,Hyatt-cltxd
rduxr,Hyatt House Raleigh / RDU / Brier Creek,rduxr-Hyatt House Raleigh / RDU / Brier Creek,Hyatt-rduxr
rduxm,Hyatt House Raleigh Durham Airport,rduxm-Hyatt House Raleigh Durham Airport,Hyatt-rduxm
rduxn,Hyatt House Raleigh North Hills,rduxn-Hyatt House Raleigh North Hills,Hyatt-rduxn
gspzp,Hyatt Place Asheville Airport,gspzp-Hyatt Place Asheville Airport,Hyatt-gspzp
rduzc,Hyatt Place Chapel Hill / Southern Village,rduzc-Hyatt Place Chapel Hill / Southern Village,Hyatt-rduzc
cltzv,Hyatt Place Charlotte / University Research Park,cltzv-Hyatt Place Charlotte / University Research Park,Hyatt-cltzv
cltzo,Hyatt Place Charlotte Airport / Billy Graham Parkway,cltzo-Hyatt Place Charlotte Airport / Billy Graham Parkway,Hyatt-cltzo
cltzt,Hyatt Place Charlotte Airport/Lake Pointe,cltzt-Hyatt Place Charlotte Airport/Lake Pointe,Hyatt-cltzt
cltzu,Hyatt Place Charlotte Downtown,cltzu-Hyatt Place Charlotte Downtown,Hyatt-cltzu
cltzc,Hyatt Place Charlotte/Arrowood,cltzc-Hyatt Place Charlotte/Arrowood,Hyatt-cltzc
rduzd,Hyatt Place Durham/Southpoint,rduzd-Hyatt Place Durham/Southpoint,Hyatt-rduzd
gsozg,Hyatt Place Greensboro,gsozg-Hyatt Place Greensboro,Hyatt-gsozg
gsozd,Hyatt Place Greensboro / Downtown,gsozd-Hyatt Place Greensboro / Downtown,Hyatt-gsozd
rduzh,Hyatt Place Raleigh / Cary,rduzh-Hyatt Place Raleigh / Cary,Hyatt-rduzh
rduzr,Hyatt Place Raleigh-Durham Airport,rduzr-Hyatt Place Raleigh-Durham Airport,Hyatt-rduzr
rdudh,Rizzo Center,rdudh-Rizzo Center,Hyatt-rdudh
rdudc,The Carolina Inn,rdudc-The Carolina Inn,Hyatt-rdudc
rdujd,Unscripted Durham,rdujd-Unscripted Durham,Hyatt-rdujd
motxm,Hyatt House Minot,motxm-Hyatt House Minot,Hyatt-motxm
cmhxo,Hyatt House Columbus OSU / Short North,cmhxo-Hyatt House Columbus OSU / Short North,Hyatt-cmhxo
cakzn,Hyatt Place Canton,cakzn-Hyatt Place Canton,Hyatt-cakzn
cvgzs,Hyatt Place Cincinnati / Sharonville Convention Center,cvgzs-Hyatt Place Cincinnati / Sharonville Convention Center,Hyatt-cvgzs
cinzb,Hyatt Place Cincinnati/Blue Ash,cinzb-Hyatt Place Cincinnati/Blue Ash,Hyatt-cinzb
clezl,Hyatt Place Cleveland/Lyndhurst/Legacy Village,clezl-Hyatt Place Cleveland/Lyndhurst/Legacy Village,Hyatt-clezl
clezc,Hyatt Place Cleveland/Westlake/Crocker Park,clezc-Hyatt Place Cleveland/Westlake/Crocker Park,Hyatt-clezc
cmhzp,Hyatt Place Columbus / Polaris,cmhzp-Hyatt Place Columbus / Polaris,Hyatt-cmhzp
cmhzd,Hyatt Place Columbus/Dublin,cmhzd-Hyatt Place Columbus/Dublin,Hyatt-cmhzd
cmhzg,Hyatt Place Columbus/OSU,cmhzg-Hyatt Place Columbus/OSU,Hyatt-cmhzg
cmhzw,Hyatt Place Columbus/Worthington,cmhzw-Hyatt Place Columbus/Worthington,Hyatt-cmhzw
cinci,Hyatt Regency Cincinnati,cinci-Hyatt Regency Cincinnati,Hyatt-cinci
clerc,Hyatt Regency Cleveland at The Arcade,clerc-Hyatt Regency Cleveland at The Arcade,Hyatt-clerc
cmhrc,Hyatt Regency Columbus,cmhrc-Hyatt Regency Columbus,Hyatt-cmhrc
okczd,Hyatt Place Oklahoma City / Bricktown,okczd-Hyatt Place Oklahoma City / Bricktown,Hyatt-okczd
tulzt,Hyatt Place Tulsa / Downtown,tulzt-Hyatt Place Tulsa / Downtown,Hyatt-tulzt
tulrt,Hyatt Regency Tulsa Downtown,tulrt-Hyatt Regency Tulsa Downtown,Hyatt-tulrt
pdxct,Hyatt Centric Downtown Portland,pdxct-Hyatt Centric Downtown Portland,Hyatt-pdxct
pdxxb,Hyatt House Portland / Beaverton,pdxxb-Hyatt House Portland / Beaverton,Hyatt-pdxxb
pdxxd,Hyatt House Portland/Downtown,pdxxd-Hyatt House Portland/Downtown,Hyatt-pdxxd
eugzo,Hyatt Place Eugene / Oakway Center,eugzo-Hyatt Place Eugene / Oakway Center,Hyatt-eugzo
pdxza,Hyatt Place Portland Airport/Cascade Station,pdxza-Hyatt Place Portland Airport/Cascade Station,Hyatt-pdxza
pdxrp,Hyatt Regency Portland at the Oregon Convention Center,pdxrp-Hyatt Regency Portland at the Oregon Convention Center,Hyatt-pdxrp
phlct,Hyatt Centric Center City Philadelphia,phlct-Hyatt Centric Center City Philadelphia,Hyatt-phlct
abexa,Hyatt House Allentown / Lehigh Valley,abexa-Hyatt House Allentown / Lehigh Valley,Hyatt-abexa
phlxk,Hyatt House Philadelphia/King of Prussia,phlxk-Hyatt House Philadelphia/King of Prussia,Hyatt-phlxk
phlxp,Hyatt House Philadelphia/Plymouth Meeting,phlxp-Hyatt House Philadelphia/Plymouth Meeting,Hyatt-phlxp
pitxs,Hyatt House Pittsburgh-South Side,pitxs-Hyatt House Pittsburgh-South Side,Hyatt-pitxs
pitxp,Hyatt House Pittsburgh/Bloomfield/Shadyside,pitxp-Hyatt House Pittsburgh/Bloomfield/Shadyside,Hyatt-pitxp
abeza,Hyatt Place Allentown / Lehigh Valley,abeza-Hyatt Place Allentown / Lehigh Valley,Hyatt-abeza
pitzm,Hyatt Place at The Hollywood Casino / Pittsburgh - South,pitzm-Hyatt Place at The Hollywood Casino / Pittsburgh - South,Hyatt-pitzm
abezb,Hyatt Place Bethlehem,abezb-Hyatt Place Bethlehem,Hyatt-abezb
phlzk,Hyatt Place Philadelphia/King of Prussia,phlzk-Hyatt Place Philadelphia/King of Prussia,Hyatt-phlzk
pitza,Hyatt Place Pittsburgh Airport / Robinson Mall,pitza-Hyatt Place Pittsburgh Airport / Robinson Mall,Hyatt-pitza
pitzn,Hyatt Place Pittsburgh-North Shore,pitzn-Hyatt Place Pittsburgh-North Shore,Hyatt-pitzn
scezs,Hyatt Place State College,scezs-Hyatt Place State College,Hyatt-scezs
pitap,Hyatt Regency Pittsburgh International Airport,pitap-Hyatt Regency Pittsburgh International Airport,Hyatt-pitap
phlph,The Bellevue Hotel,phlph-The Bellevue Hotel,Hyatt-phlph
sjuxs,Hyatt House San Juan,sjuxs-Hyatt House San Juan,Hyatt-sjuxs
sjuzb,Hyatt Place Bayamón,sjuzb-Hyatt Place Bayamón,Hyatt-sjuzb
sjuzm,Hyatt Place Manatí,sjuzm-Hyatt Place Manatí,Hyatt-sjuzm
sjuzs,Hyatt Place San Juan,sjuzs-Hyatt Place San Juan,Hyatt-sjuzs
sjurc,Hyatt Regency Grand Reserve Puerto Rico,sjurc-Hyatt Regency Grand Reserve Puerto Rico,Hyatt-sjurc
hacsh,Hyatt Vacation Club at Hacienda del Mar,hacsh-Hyatt Vacation Club at Hacienda del Mar,Hyatt-hacsh
pvdzw,Hyatt Place Warwick Providence Airport,pvdzw-Hyatt Place Warwick Providence Airport,Hyatt-pvdzw
pvdjd,The Pell,pvdjd-The Pell,Hyatt-pvdjd
chsxm,Hyatt House Charleston / Mount Pleasant,chsxm-Hyatt House Charleston / Mount Pleasant,Hyatt-chsxm
chsxh,Hyatt House Charleston/Historic District,chsxh-Hyatt House Charleston/Historic District,Hyatt-chsxh
chszc,Hyatt Place Charleston Airport/Convention Center,chszc-Hyatt Place Charleston Airport/Convention Center,Hyatt-chszc
chszh,Hyatt Place Charleston/Historic District,chszh-Hyatt Place Charleston/Historic District,Hyatt-chszh
caezv,Hyatt Place Columbia/Downtown/The Vista,caezv-Hyatt Place Columbia/Downtown/The Vista,Hyatt-caezv
caezh,Hyatt Place Columbia/Harbison,caezh-Hyatt Place Columbia/Harbison,Hyatt-caezh
flozf,Hyatt Place Florence / Downtown,flozf-Hyatt Place Florence / Downtown,Hyatt-flozf
gspzg,Hyatt Place Greenville Downtown,gspzg-Hyatt Place Greenville Downtown,Hyatt-gspzg
pgvzg,Hyatt Place Greenville/Haywood,pgvzg-Hyatt Place Greenville/Haywood,Hyatt-pgvzg
chszp,Hyatt Place Mount Pleasant Towne Centre,chszp-Hyatt Place Mount Pleasant Towne Centre,Hyatt-chszp
chszn,Hyatt Place North Charleston,chszn-Hyatt Place North Charleston,Hyatt-chszn
sumzs,Hyatt Place Sumter / Downtown,sumzs-Hyatt Place Sumter / Downtown,Hyatt-sumzs
gsprg,Hyatt Regency Greenville,gsprg-Hyatt Regency Greenville,Hyatt-gsprg
chsdv,Wild Dunes Resort - Sweetgrass Inn and Boardwalk Inn,chsdv-Wild Dunes Resort - Sweetgrass Inn and Boardwalk Inn,Hyatt-chsdv
chsdb,Wild Dunes Resort - Sweetgrass Inn and Boardwalk Inn,chsdb-Wild Dunes Resort - Sweetgrass Inn and Boardwalk Inn,Hyatt-chsdb
fsdzs,Hyatt Place Sioux Falls – South,fsdzs-Hyatt Place Sioux Falls – South,Hyatt-fsdzs
memcp,Caption by Hyatt Beale Street Memphis,memcp-Caption by Hyatt Beale Street Memphis,Hyatt-memcp
bnadz,Dream Nashville,bnadz-Dream Nashville,Hyatt-bnadz
bnarn,Grand Hyatt Nashville,bnarn-Grand Hyatt Nashville,Hyatt-bnarn
bnaub,Holston House Nashville,bnaub-Holston House Nashville,Hyatt-bnaub
memct,Hyatt Centric Beale Street Memphis,memct-Hyatt Centric Beale Street Memphis,Hyatt-memct
bnact,Hyatt Centric Downtown Nashville,bnact-Hyatt Centric Downtown Nashville,Hyatt-bnact
bnaxf,Hyatt House Nashville / Franklin - Cool Springs,bnaxf-Hyatt House Nashville / Franklin - Cool Springs,Hyatt-bnaxf
bnaxa,Hyatt House Nashville Airport,bnaxa-Hyatt House Nashville Airport,Hyatt-bnaxa
bnaxw,Hyatt House Nashville at Vanderbilt,bnaxw-Hyatt House Nashville at Vanderbilt,Hyatt-bnaxw
bnaxd,Hyatt House Nashville Downtown / Convention Center,bnaxd-Hyatt House Nashville Downtown / Convention Center,Hyatt-bnaxd
tyszd,Hyatt Place Knoxville / Downtown,tyszd-Hyatt Place Knoxville / Downtown,Hyatt-tyszd
memzg,Hyatt Place Memphis/Germantown,memzg-Hyatt Place Memphis/Germantown,Hyatt-memzg
memzp,Hyatt Place Memphis/Primacy Parkway,memzp-Hyatt Place Memphis/Primacy Parkway,Hyatt-memzp
memzw,Hyatt Place Memphis/Wolfchase Galleria,memzw-Hyatt Place Memphis/Wolfchase Galleria,Hyatt-memzw
bnazm,Hyatt Place Murfreesboro,bnazm-Hyatt Place Murfreesboro,Hyatt-bnazm
bnazb,Hyatt Place Nashville / Brentwood,bnazb-Hyatt Place Nashville / Brentwood,Hyatt-bnazb
bnazl,Hyatt Place Nashville / Green Hills,bnazl-Hyatt Place Nashville / Green Hills,Hyatt-bnazl
bnaza,Hyatt Place Nashville Airport,bnaza-Hyatt Place Nashville Airport,Hyatt-bnaza
bnazd,Hyatt Place Nashville Downtown,bnazd-Hyatt Place Nashville Downtown,Hyatt-bnazd
bnazf,Hyatt Place Nashville/Franklin/Cool Springs,bnazf-Hyatt Place Nashville/Franklin/Cool Springs,Hyatt-bnazf
bnazh,Hyatt Place Nashville/Hendersonville,bnazh-Hyatt Place Nashville/Hendersonville,Hyatt-bnazh
bnazo,Hyatt Place Nashville/Opryland,bnazo-Hyatt Place Nashville/Opryland,Hyatt-bnazo
bnath,Thompson Nashville,bnath-Thompson Nashville,Hyatt-bnath
dfwgh,Grand Hyatt DFW,dfwgh-Grand Hyatt DFW,Hyatt-dfwgh
ausct,Hyatt Centric Congress Avenue Austin,ausct-Hyatt Centric Congress Avenue Austin,Hyatt-ausct
hourw,Hyatt Centric The Woodlands,hourw-Hyatt Centric The Woodlands,Hyatt-hourw
ausxd,Hyatt House Austin/Downtown,ausxd-Hyatt House Austin/Downtown,Hyatt-ausxd
iahxb,Hyatt House Bryan / College Station,iahxb-Hyatt House Bryan / College Station,Hyatt-iahxb
dfwxa,Hyatt House Dallas/Addison,dfwxa-Hyatt House Dallas/Addison,Hyatt-dfwxa
dfwxf,Hyatt House Dallas/Frisco,dfwxf-Hyatt House Dallas/Frisco,Hyatt-dfwxf
dfwxl,Hyatt House Dallas/Las Colinas,dfwxl-Hyatt House Dallas/Las Colinas,Hyatt-dfwxl
dfwxp,Hyatt House Dallas/Lincoln Park,dfwxp-Hyatt House Dallas/Lincoln Park,Hyatt-dfwxp
dfwxu,Hyatt House Dallas/Uptown,dfwxu-Hyatt House Dallas/Uptown,Hyatt-dfwxu
houxm,Hyatt House Houston Medical Center,houxm-Hyatt House Houston Medical Center,Hyatt-houxm
houxw,Hyatt House Houston/Energy Corridor,houxw-Hyatt House Houston/Energy Corridor,Hyatt-houxw
houxg,Hyatt House Houston/Galleria,houxg-Hyatt House Houston/Galleria,Hyatt-houxg
iahxw,Hyatt House The Woodlands / Shenandoah,iahxw-Hyatt House The Woodlands / Shenandoah,Hyatt-iahxw
amaza,Hyatt Place Amarillo - West,amaza-Hyatt Place Amarillo - West,Hyatt-amaza
ausza,Hyatt Place Austin / Arboretum,ausza-Hyatt Place Austin / Arboretum,Hyatt-ausza
auszc,Hyatt Place Austin / Cedar Park,auszc-Hyatt Place Austin / Cedar Park,Hyatt-auszc
auszl,Hyatt Place Austin / Lake Travis / Four Points,auszl-Hyatt Place Austin / Lake Travis / Four Points,Hyatt-auszl
auszi,Hyatt Place Austin Airport,auszi-Hyatt Place Austin Airport,Hyatt-auszi
auszd,Hyatt Place Austin Downtown,auszd-Hyatt Place Austin Downtown,Hyatt-auszd
auszr,Hyatt Place Austin/Round Rock,auszr-Hyatt Place Austin/Round Rock,Hyatt-auszr
cllzc,Hyatt Place College Station,cllzc-Hyatt Place College Station,Hyatt-cllzc
crpzc,Hyatt Place Corpus Christi,crpzc-Hyatt Place Corpus Christi,Hyatt-crpzc
dfwzw,Hyatt Place Dallas / Las Colinas,dfwzw-Hyatt Place Dallas / Las Colinas,Hyatt-dfwzw
dfwzr,Hyatt Place Dallas / Rockwall,dfwzr-Hyatt Place Dallas / Rockwall,Hyatt-dfwzr
dfwzn,Hyatt Place Dallas-North/by the Galleria,dfwzn-Hyatt Place Dallas-North/by the Galleria,Hyatt-dfwzn
dfwzo,Hyatt Place Dallas/Allen,dfwzo-Hyatt Place Dallas/Allen,Hyatt-dfwzo
dfwza,Hyatt Place Dallas/Arlington,dfwza-Hyatt Place Dallas/Arlington,Hyatt-dfwza
dfwzb,Hyatt Place Dallas/Garland/Richardson,dfwzb-Hyatt Place Dallas/Garland/Richardson,Hyatt-dfwzb
dfwzd,Hyatt Place Dallas/Grapevine,dfwzd-Hyatt Place Dallas/Grapevine,Hyatt-dfwzd
dfwzg,Hyatt Place Dallas/North Arlington/Grand Prairie,dfwzg-Hyatt Place Dallas/North Arlington/Grand Prairie,Hyatt-dfwzg
dfwze,Hyatt Place Dallas/Park Central,dfwze-Hyatt Place Dallas/Park Central,Hyatt-dfwze
dfwzp,Hyatt Place Dallas/Plano,dfwzp-Hyatt Place Dallas/Plano,Hyatt-dfwzp
dfwzt,Hyatt Place Dallas/The Colony,dfwzt-Hyatt Place Dallas/The Colony,Hyatt-dfwzt
dfwzi,Hyatt Place DFW,dfwzi-Hyatt Place DFW,Hyatt-dfwzi
elpza,Hyatt Place El Paso Airport,elpza-Hyatt Place El Paso Airport,Hyatt-elpza
dfwzy,Hyatt Place Fort Worth / Alliance Town Center,dfwzy-Hyatt Place Fort Worth / Alliance Town Center,Hyatt-dfwzy
dfwzu,Hyatt Place Fort Worth / TCU,dfwzu-Hyatt Place Fort Worth / TCU,Hyatt-dfwzu
dfwzf,Hyatt Place Fort Worth Historic Stockyards,dfwzf-Hyatt Place Fort Worth Historic Stockyards,Hyatt-dfwzf
dfwzc,Hyatt Place Fort Worth/Cityview,dfwzc-Hyatt Place Fort Worth/Cityview,Hyatt-dfwzc
dfwzh,Hyatt Place Fort Worth/Hurst,dfwzh-Hyatt Place Fort Worth/Hurst,Hyatt-dfwzh
iahzh,Hyatt Place Houston / Downtown,iahzh-Hyatt Place Houston / Downtown,Hyatt-iahzh
houzm,Hyatt Place Houston Medical Center,houzm-Hyatt Place Houston Medical Center,Hyatt-houzm
houzv,Hyatt Place Houston NW Vintage Park,houzv-Hyatt Place Houston NW Vintage Park,Hyatt-houzv
houza,Hyatt Place Houston-North,houza-Hyatt Place Houston-North,Hyatt-houza
houzn,Hyatt Place Houston-Northwest / Cy-Fair,houzn-Hyatt Place Houston-Northwest / Cy-Fair,Hyatt-houzn
houzg,Hyatt Place Houston/Galleria,houzg-Hyatt Place Houston/Galleria,Hyatt-houzg
houzk,Hyatt Place Houston/Katy,houzk-Hyatt Place Houston/Katy,Hyatt-houzk
houzs,Hyatt Place Houston/Sugar Land,houzs-Hyatt Place Houston/Sugar Land,Hyatt-houzs
houzw,Hyatt Place Houston/The Woodlands,houzw-Hyatt Place Houston/The Woodlands,Hyatt-houzw
lbbzl,Hyatt Place Lubbock,lbbzl-Hyatt Place Lubbock,Hyatt-lbbzl
satza,Hyatt Place San Antonio Airport/Quarry Market,satza-Hyatt Place San Antonio Airport/Quarry Market,Hyatt-satza
satzs,Hyatt Place San Antonio-North/Stone Oak,satzs-Hyatt Place San Antonio-North/Stone Oak,Hyatt-satzs
satzn,Hyatt Place San Antonio-Northwest/Medical Center,satzn-Hyatt Place San Antonio-Northwest/Medical Center,Hyatt-satzn
satzr,Hyatt Place San Antonio/Riverwalk,satzr-Hyatt Place San Antonio/Riverwalk,Hyatt-satzr
auszw,Hyatt Place Waco - South,auszw-Hyatt Place Waco - South,Hyatt-auszw
ausra,Hyatt Regency Austin,ausra-Hyatt Regency Austin,Hyatt-ausra
iahrb,Hyatt Regency Baytown – Houston,iahrb-Hyatt Regency Baytown – Houston,Hyatt-iahrb
iahrc,Hyatt Regency Conroe,iahrc-Hyatt Regency Conroe,Hyatt-iahrc
dfwrd,Hyatt Regency Dallas,dfwrd-Hyatt Regency Dallas,Hyatt-dfwrd
dfwap,Hyatt Regency DFW International Airport,dfwap-Hyatt Regency DFW International Airport,Hyatt-dfwap
dfwro,Hyatt Regency Frisco - Dallas,dfwro-Hyatt Regency Frisco - Dallas,Hyatt-dfwro
sanhc,Hyatt Regency Hill Country Resort and Spa,sanhc-Hyatt Regency Hill Country Resort and Spa,Hyatt-sanhc
hourh,Hyatt Regency Houston Downtown,hourh-Hyatt Regency Houston Downtown,Hyatt-hourh
hounh,Hyatt Regency Houston Intercontinental Airport,hounh-Hyatt Regency Houston Intercontinental Airport,Hyatt-hounh
houro,Hyatt Regency Houston West,houro-Hyatt Regency Houston West,Hyatt-houro
hourg,Hyatt Regency Houston/Galleria,hourg-Hyatt Regency Houston/Galleria,Hyatt-hourg
auslp,Hyatt Regency Lost Pines Resort and Spa,auslp-Hyatt Regency Lost Pines Resort and Spa,Hyatt-auslp
satrs,Hyatt Regency San Antonio Riverwalk,satrs-Hyatt Regency San Antonio Riverwalk,Hyatt-satrs
sansh,Hyatt Vacation Club at Wild Oak Ranch,sansh-Hyatt Vacation Club at Wild Oak Ranch,Hyatt-sansh
ausob,Miraval Austin Resort and Spa,ausob-Miraval Austin Resort and Spa,Hyatt-ausob
aushd,The Driskill,aushd-The Driskill,Hyatt-aushd
austh,Thompson Austin,austh-Thompson Austin,Hyatt-austh
dfwth,Thompson Dallas,dfwth-Thompson Dallas,Hyatt-dfwth
iahth,Thompson Houston,iahth-Thompson Houston,Hyatt-iahth
satth,Thompson San Antonio – Riverwalk,satth-Thompson San Antonio – Riverwalk,Hyatt-satth
auste,tommie Austin,auste-tommie Austin,Hyatt-auste
slcpc,Hyatt Centric Park City,slcpc-Hyatt Centric Park City,Hyatt-slcpc
pvuxp,Hyatt House Provo / Pleasant Grove,pvuxp-Hyatt House Provo / Pleasant Grove,Hyatt-pvuxp
slcxd,Hyatt House Salt Lake City/Downtown,slcxd-Hyatt House Salt Lake City/Downtown,Hyatt-slcxd
slcxs,Hyatt House Salt Lake City/Sandy,slcxs-Hyatt House Salt Lake City/Sandy,Hyatt-slcxs
slczm,Hyatt Place Moab,slczm-Hyatt Place Moab,Hyatt-slczm
slczp,Hyatt Place Park City,slczp-Hyatt Place Park City,Hyatt-slczp
pvuzp,Hyatt Place Provo,pvuzp-Hyatt Place Provo,Hyatt-pvuzp
slcza,Hyatt Place Salt Lake City Airport,slcza-Hyatt Place Salt Lake City Airport,Hyatt-slcza
slczc,Hyatt Place Salt Lake City/Cottonwood,slczc-Hyatt Place Salt Lake City/Cottonwood,Hyatt-slczc
slczd,Hyatt Place Salt Lake City/Downtown/The Gateway,slczd-Hyatt Place Salt Lake City/Downtown/The Gateway,Hyatt-slczd
slczs,Hyatt Place Salt Lake City/Farmington/Station Park,slczs-Hyatt Place Salt Lake City/Farmington/Station Park,Hyatt-slczs
slczt,Hyatt Place Salt Lake City/Lehi,slczt-Hyatt Place Salt Lake City/Lehi,Hyatt-slczt
sguzs,Hyatt Place St. George / Convention Center,sguzs-Hyatt Place St. George / Convention Center,Hyatt-sguzs
slcrs,Hyatt Regency Salt Lake City,slcrs-Hyatt Regency Salt Lake City,Hyatt-slcrs
btvdh,The Lodge at Spruce Peak,btvdh-The Lodge at Spruce Peak,Hyatt-btvdh
wasar,Hyatt Centric Arlington,wasar-Hyatt Centric Arlington,Hyatt-wasar
iadct,Hyatt Centric Old Town Alexandria,iadct-Hyatt Centric Old Town Alexandria,Hyatt-iadct
iadxh,Hyatt House Herndon/Reston,iadxh-Hyatt House Herndon/Reston,Hyatt-iadxh
ricxr,Hyatt House Richmond / Short Pump,ricxr-Hyatt House Richmond / Short Pump,Hyatt-ricxr
iadxd,Hyatt House Sterling/Dulles Airport-North,iadxd-Hyatt House Sterling/Dulles Airport-North,Hyatt-iadxd
orfxv,Hyatt House Virginia Beach / Oceanfront,orfxv-Hyatt House Virginia Beach / Oceanfront,Hyatt-orfxv
wasza,Hyatt Place Arlington/Courthouse Plaza,wasza-Hyatt Place Arlington/Courthouse Plaza,Hyatt-wasza
cltzb,Hyatt Place Blacksburg/University,cltzb-Hyatt Place Blacksburg/University,Hyatt-cltzb
iadzs,Hyatt Place Chantilly/Dulles Airport-South,iadzs-Hyatt Place Chantilly/Dulles Airport-South,Hyatt-iadzs
chozc,Hyatt Place Charlottesville,chozc-Hyatt Place Charlottesville,Hyatt-chozc
orfzc,Hyatt Place Chesapeake/Greenbrier,orfzc-Hyatt Place Chesapeake/Greenbrier,Hyatt-orfzc
ezfzm,Hyatt Place Fredericksburg-Mary Washington,ezfzm-Hyatt Place Fredericksburg-Mary Washington,Hyatt-ezfzm
orfzh,Hyatt Place Hampton Convention Center,orfzh-Hyatt Place Hampton Convention Center,Hyatt-orfzh
chozh,Hyatt Place Harrisonburg,chozh-Hyatt Place Harrisonburg,Hyatt-chozh
iadzh,Hyatt Place Herndon/Dulles Airport-East,iadzh-Hyatt Place Herndon/Dulles Airport-East,Hyatt-iadzh
riczv,Hyatt Place Richmond Airport,riczv-Hyatt Place Richmond Airport,Hyatt-riczv
ricza,Hyatt Place Richmond/Arboretum,ricza-Hyatt Place Richmond/Arboretum,Hyatt-ricza
riczc,Hyatt Place Richmond/Chester,riczc-Hyatt Place Richmond/Chester,Hyatt-riczc
riczi,Hyatt Place Richmond/Innsbrook,riczi-Hyatt Place Richmond/Innsbrook,Hyatt-riczi
roazr,Hyatt Place Roanoke Airport/Valley View Mall,roazr-Hyatt Place Roanoke Airport/Valley View Mall,Hyatt-roazr
iadzn,Hyatt Place Sterling/Dulles Airport-North,iadzn-Hyatt Place Sterling/Dulles Airport-North,Hyatt-iadzn
orfzo,Hyatt Place Virginia Beach / Oceanfront ,orfzo-Hyatt Place Virginia Beach / Oceanfront,Hyatt-orfzo
orfzv,Hyatt Place Virginia Beach Town Center,orfzv-Hyatt Place Virginia Beach Town Center,Hyatt-orfzv
wasrc,Hyatt Regency Crystal City at Reagan National Airport,wasrc-Hyatt Regency Crystal City at Reagan National Airport,Hyatt-wasrc
dulle,Hyatt Regency Dulles,dulle-Hyatt Regency Dulles,Hyatt-dulle
resto,Hyatt Regency Reston,resto-Hyatt Regency Reston,Hyatt-resto
iadrt,Hyatt Regency Tysons Corner Center,iadrt-Hyatt Regency Tysons Corner Center,Hyatt-iadrt
seagh,Grand Hyatt Seattle,seagh-Grand Hyatt Seattle,Hyatt-seagh
seahs,Hyatt at Olive 8,seahs-Hyatt at Olive 8,Hyatt-seahs
seaxb,Hyatt House Seattle/Bellevue,seaxb-Hyatt House Seattle/Bellevue,Hyatt-seaxb
seaxd,Hyatt House Seattle/Downtown,seaxd-Hyatt House Seattle/Downtown,Hyatt-seaxd
seaxr,Hyatt House Seattle/Redmond,seaxr-Hyatt House Seattle/Redmond,Hyatt-seaxr
seazd,Hyatt Place Seattle/Downtown,seazd-Hyatt Place Seattle/Downtown,Hyatt-seazd
belle,Hyatt Regency Bellevue on Seattle's Eastside,belle-Hyatt Regency Bellevue on Seattle's Eastside,Hyatt-belle
searl,Hyatt Regency Lake Washington at Seattle's Southport,searl-Hyatt Regency Lake Washington at Seattle's Southport,Hyatt-searl
sears,Hyatt Regency Seattle,sears-Hyatt Regency Seattle,Hyatt-sears
seadl,Suncadia Resort,seadl-Suncadia Resort,Hyatt-seadl
seath,Thompson Seattle,seath-Thompson Seattle,Hyatt-seath
seada,Vacation Homes at Suncadia Resort,seada-Vacation Homes at Suncadia Resort,Hyatt-seada
msnzv,Hyatt Place Madison / Verona,msnzv-Hyatt Place Madison / Verona,Hyatt-msnzv
msnzd,Hyatt Place Madison/Downtown,msnzd-Hyatt Place Madison/Downtown,Hyatt-msnzd
mkeza,Hyatt Place Milwaukee Airport,mkeza-Hyatt Place Milwaukee Airport,Hyatt-mkeza
mkezd,Hyatt Place Milwaukee Downtown,mkezd-Hyatt Place Milwaukee Downtown,Hyatt-mkezd
mkezw,Hyatt Place Milwaukee-West,mkezw-Hyatt Place Milwaukee-West,Hyatt-mkezw
grbrg,Hyatt Regency Green Bay,grbrg-Hyatt Regency Green Bay,Hyatt-grbrg
mkerm,Hyatt Regency Milwaukee,mkerm-Hyatt Regency Milwaukee,Hyatt-mkerm
auaza,Hyatt Place Aruba Airport,auaza-Hyatt Place Aruba Airport,Hyatt-auaza
aruba,Hyatt Regency Aruba Resort Spa and Casino,aruba-Hyatt Regency Aruba Resort Spa and Casino,Hyatt-aruba
drcur,"Dreams Curaçao Resort, Spa & Casino","drcur-Dreams Curaçao Resort, Spa & Casino",Hyatt-drcur
sucur,"Sunscape Curaçao Resort, Spa & Casino","sucur-Sunscape Curaçao Resort, Spa & Casino",Hyatt-sucur
zocur,Zoëtry Curaçao Resort & Spa,zocur-Zoëtry Curaçao Resort & Spa,Hyatt-zocur
brepc,Breathless Punta Cana Resort & Spa,brepc-Breathless Punta Cana Resort & Spa,Hyatt-brepc
dredl,Dreams Dominicus La Romana,dredl-Dreams Dominicus La Romana,Hyatt-dredl
drfpc,Dreams Flora Resort & Spa,drfpc-Dreams Flora Resort & Spa,Hyatt-drfpc
drmpc,Dreams Macao Beach Punta Cana,drmpc-Dreams Macao Beach Punta Cana,Hyatt-drmpc
dropc,Dreams Onyx Resort & Spa,dropc-Dreams Onyx Resort & Spa,Hyatt-dropc
drrpc,Dreams Royal Beach Punta Cana,drrpc-Dreams Royal Beach Punta Cana,Hyatt-drrpc
pujia,Hyatt Zilara Cap Cana,pujia-Hyatt Zilara Cap Cana,Hyatt-pujia
pujif,Hyatt Ziva Cap Cana,pujif-Hyatt Ziva Cap Cana,Hyatt-pujif
seccc,Secrets Cap Cana Resort & Spa,seccc-Secrets Cap Cana Resort & Spa,Hyatt-seccc
serpc,Secrets Royal Beach Punta Cana,serpc-Secrets Royal Beach Punta Cana,Hyatt-serpc
supop,Sunscape Puerto Plata Dominican Republic,supop-Sunscape Puerto Plata Dominican Republic,Hyatt-supop
zoapc,Zoëtry Agua Punta Cana,zoapc-Zoëtry Agua Punta Cana,Hyatt-zoapc
bremb,Breathless Montego Bay Resort & Spa,bremb-Breathless Montego Bay Resort & Spa,Hyatt-bremb
mbjia,Hyatt Zilara Rose Hall,mbjia-Hyatt Zilara Rose Hall,Hyatt-mbjia
mbjif,Hyatt Ziva Rose Hall,mbjif-Hyatt Ziva Rose Hall,Hyatt-mbjif
sesmb,Secrets St. James Montego Bay,sesmb-Secrets St. James Montego Bay,Hyatt-sesmb
sewmb,Secrets Wild Orchid Montego Bay,sewmb-Secrets Wild Orchid Montego Bay,Hyatt-sewmb
zombj,Zoëtry Montego Bay Jamaica,zombj-Zoëtry Montego Bay Jamaica,Hyatt-zombj
skbph,Park Hyatt St. Kitts Christophe Harbour,skbph-Park Hyatt St. Kitts Christophe Harbour,Hyatt-skbph
zomsl,Zoëtry Marigot Bay St. Lucia,zomsl-Zoëtry Marigot Bay St. Lucia,Hyatt-zomsl
sesxm,Secrets St. Martin Resort & Spa,sesxm-Secrets St. Martin Resort & Spa,Hyatt-sesxm
nasgh,Grand Hyatt Baha Mar,nasgh-Grand Hyatt Baha Mar,Hyatt-nasgh
trirt,Hyatt Regency Trinidad,trirt-Hyatt Regency Trinidad,Hyatt-trirt
bueph,Palacio Duhau - Park Hyatt Buenos Aires,bueph-Palacio Duhau - Park Hyatt Buenos Aires,Hyatt-bueph
menph,Park Hyatt Mendoza,menph-Park Hyatt Mendoza,Hyatt-menph
riogh,Grand Hyatt Rio de Janeiro,riogh-Grand Hyatt Rio de Janeiro,Hyatt-riogh
saogh,Grand Hyatt São Paulo,saogh-Grand Hyatt São Paulo,Hyatt-saogh
gigzm,Hyatt Place Macaé,gigzm-Hyatt Place Macaé,Hyatt-gigzm
sjpzs,Hyatt Place Sao Jose do Rio Preto,sjpzs-Hyatt Place Sao Jose do Rio Preto,Hyatt-sjpzs
sclzv,Hyatt Place Santiago/Vitacura,sclzv-Hyatt Place Santiago/Vitacura,Hyatt-sclzv
drctg,Dreams Karibana Cartagena Golf & Spa Resort,drctg-Dreams Karibana Cartagena Golf & Spa Resort,Hyatt-drctg
boggh,Grand Hyatt Bogotá,boggh-Grand Hyatt Bogotá,Hyatt-boggh
bogzb,Hyatt Place Bogota / Convention Center,bogzb-Hyatt Place Bogota / Convention Center,Hyatt-bogzb
ctgrc,Hyatt Regency Cartagena,ctgrc-Hyatt Regency Cartagena,Hyatt-ctgrc
liraz,"Andaz Peninsula Papagayo Resort, Costa Rica","liraz-Andaz Peninsula Papagayo Resort, Costa Rica",Hyatt-liraz
drelm,Dreams Las Mareas Costa Rica,drelm-Dreams Las Mareas Costa Rica,Hyatt-drelm
sjozp,Hyatt Place San Jose/Pinares,sjozp-Hyatt Place San Jose/Pinares,Hyatt-sjozp
sepcr,Secrets Papagayo Costa Rica,sepcr-Secrets Papagayo Costa Rica,Hyatt-sepcr
gyeyk,M/Y Kontiki Wayra - Toquilla Expedition,gyeyk-M/Y Kontiki Wayra - Toquilla Expedition,Hyatt-gyeyk
sapzs,Hyatt Place San Pedro Sula,sapzs-Hyatt Place San Pedro Sula,Hyatt-sapzs
tguzt,Hyatt Place Tegucigalpa,tguzt-Hyatt Place Tegucigalpa,Hyatt-tguzt
cunam,Alila Mayakoba,cunam-Alila Mayakoba,Hyatt-cunam
mexaz,Andaz Mexico City Condesa,mexaz-Andaz Mexico City Condesa,Hyatt-mexaz
brcsl,Breathless Cabo San Lucas Resort & Spa,brcsl-Breathless Cabo San Lucas Resort & Spa,Hyatt-brcsl
brecu,Breathless Cancún Soul Resort & Spa,brecu-Breathless Cancún Soul Resort & Spa,Hyatt-brecu
brerc,Breathless Riviera Cancun Resort & Spa,brerc-Breathless Riviera Cancun Resort & Spa,Hyatt-brerc
draca,Dreams Acapulco Resort & Spa,draca-Dreams Acapulco Resort & Spa,Hyatt-draca
drepa,Dreams Aventuras Riviera Maya,drepa-Dreams Aventuras Riviera Maya,Hyatt-drepa
drbmi,Dreams Bahia Mita Surf & Spa Resort,drbmi-Dreams Bahia Mita Surf & Spa Resort,Hyatt-drbmi
drczm,Dreams Cozumel Cape Resort & Spa,drczm-Dreams Cozumel Cape Resort & Spa,Hyatt-drczm
drehu,Dreams Huatulco Resort & Spa,drehu-Dreams Huatulco Resort & Spa,Hyatt-drehu
drjrc,Dreams Jade Resort & Spa,drjrc-Dreams Jade Resort & Spa,Hyatt-drjrc
drelc,Dreams Los Cabos Suites Golf Resort & Spa,drelc-Dreams Los Cabos Suites Golf Resort & Spa,Hyatt-drelc
drena,Dreams Natura Resort & Spa,drena-Dreams Natura Resort & Spa,Hyatt-drena
drepm,Dreams Playa Mujeres Golf & Spa Resort,drepm-Dreams Playa Mujeres Golf & Spa Resort,Hyatt-drepm
drerc,Dreams Riviera Cancun Resort & Spa,drerc-Dreams Riviera Cancun Resort & Spa,Hyatt-drerc
dresc,Dreams Sands Cancun Resort & Spa,dresc-Dreams Sands Cancun Resort & Spa,Hyatt-dresc
drsrc,Dreams Sapphire Resort & Spa,drsrc-Dreams Sapphire Resort & Spa,Hyatt-drsrc
dretu,Dreams Tulum Resort & Spa,dretu-Dreams Tulum Resort & Spa,Hyatt-dretu
drvpv,Dreams Vallarta Bay Resort & Spa,drvpv-Dreams Vallarta Bay Resort & Spa,Hyatt-drvpv
drevc,Dreams Vista Cancun Golf & Spa Resort,drevc-Dreams Vista Cancun Golf & Spa Resort,Hyatt-drevc
cangh,Grand Hyatt Cancun Beach Resort,cangh-Grand Hyatt Cancun Beach Resort,Hyatt-cangh
cunpc,Grand Hyatt Playa del Carmen Resort,cunpc-Grand Hyatt Playa del Carmen Resort,Hyatt-cunpc
mexxs,Hyatt House Mexico City/Santa Fe,mexxs-Hyatt House Mexico City/Santa Fe,Hyatt-mexxs
mtyxm,Hyatt House Monterrey Valle / San Pedro,mtyxm-Hyatt House Monterrey Valle / San Pedro,Hyatt-mtyxm
aguza,Hyatt Place Aguascalientes/Bonaterra,aguza-Hyatt Place Aguascalientes/Bonaterra,Hyatt-aguza
qrozc,Hyatt Place Celaya,qrozc-Hyatt Place Celaya,Hyatt-qrozc
cmezc,Hyatt Place Ciudad del Carmen,cmezc-Hyatt Place Ciudad del Carmen,Hyatt-cmezc
lapzl,Hyatt Place La Paz,lapzl-Hyatt Place La Paz,Hyatt-lapzl
sjdzs,Hyatt Place Los Cabos,sjdzs-Hyatt Place Los Cabos,Hyatt-sjdzs
mtyzm,Hyatt Place Monterrey Valle,mtyzm-Hyatt Place Monterrey Valle,Hyatt-mtyzm
slwzs,Hyatt Place Saltillo,slwzs-Hyatt Place Saltillo,Hyatt-slwzs
tijzt,Hyatt Place Tijuana,tijzt-Hyatt Place Tijuana,Hyatt-tijzt
gdlrg,Hyatt Regency Andares Guadalajara,gdlrg-Hyatt Regency Andares Guadalajara,Hyatt-gdlrg
merid,Hyatt Regency Merida,merid-Hyatt Regency Merida,Hyatt-merid
mexhr,Hyatt Regency Mexico City,mexhr-Hyatt Regency Mexico City,Hyatt-mexhr
mexrm,Hyatt Regency Mexico City Insurgentes,mexrm-Hyatt Regency Mexico City Insurgentes,Hyatt-mexrm
slprs,Hyatt Regency San Luis Potosí,slprs-Hyatt Regency San Luis Potosí,Hyatt-slprs
villa,Hyatt Regency Villahermosa,villa-Hyatt Regency Villahermosa,Hyatt-villa
cunia,Hyatt Zilara Cancun,cunia-Hyatt Zilara Cancun,Hyatt-cunia
cania,Hyatt Zilara Riviera Maya,cania-Hyatt Zilara Riviera Maya,Hyatt-cania
canif,Hyatt Ziva Cancun,canif-Hyatt Ziva Cancun,Hyatt-canif
sjdif,Hyatt Ziva Los Cabos,sjdif-Hyatt Ziva Los Cabos,Hyatt-sjdif
pvrif,Hyatt Ziva Puerto Vallarta,pvrif-Hyatt Ziva Puerto Vallarta,Hyatt-pvrif
cunif,Hyatt Ziva Riviera Maya,cunif-Hyatt Ziva Riviera Maya,Hyatt-cunif
noecu,Now Emerald Cancun,noecu-Now Emerald Cancun,Hyatt-noecu
bjxub,Numu Boutique Hotel San Miguel de Allende,bjxub-Numu Boutique Hotel San Miguel de Allende,Hyatt-bjxub
searm,Secrets Akumal Riviera Maya,searm-Secrets Akumal Riviera Maya,Hyatt-searm
seacz,Secrets Aura Cozumel,seacz-Secrets Aura Cozumel,Hyatt-seacz
sebmi,Secrets Bahia Mita Surf & Spa Resort,sebmi-Secrets Bahia Mita Surf & Spa Resort,Hyatt-sebmi
sechu,Secrets Huatulco Resort & Spa,sechu-Secrets Huatulco Resort & Spa,Hyatt-sechu
seiim,Impression Isla Mujeres by Secrets,seiim-Impression Isla Mujeres by Secrets,Hyatt-seiim
secim,Impression Moxché by Secrets,secim-Impression Moxché by Secrets,Hyatt-secim
semrc,Secrets Maroma Beach Riviera Cancun,semrc-Secrets Maroma Beach Riviera Cancun,Hyatt-semrc
sepdc,Secrets Moxché Playa del Carmen ,sepdc-Secrets Moxché Playa del Carmen,Hyatt-sepdc
secpm,Secrets Playa Mujeres Golf & Spa Resort,secpm-Secrets Playa Mujeres Golf & Spa Resort,Hyatt-secpm
seplc,Secrets Puerto Los Cabos Golf & Spa Resort,seplc-Secrets Puerto Los Cabos Golf & Spa Resort,Hyatt-seplc
secun,Secrets Riviera Cancun Resort & Spa,secun-Secrets Riviera Cancun Resort & Spa,Hyatt-secun
sevcu,Secrets The Vine Cancun,sevcu-Secrets The Vine Cancun,Hyatt-sevcu
sectu,Secrets Tulum Resort & Beach Club,sectu-Secrets Tulum Resort & Beach Club,Hyatt-sectu
sevpv,Secrets Vallarta Bay Puerto Vallarta,sevpv-Secrets Vallarta Bay Puerto Vallarta,Hyatt-sevpv
cslsh,Hyatt Vacation Club at Sirena del Mar,cslsh-Hyatt Vacation Club at Sirena del Mar,Hyatt-cslsh
sudix,Sunscape Dorado Pacifico Ixtapa,sudix-Sunscape Dorado Pacifico Ixtapa,Hyatt-sudix
sunpv,Sunscape Puerto Vallarta Resort & Spa,sunpv-Sunscape Puerto Vallarta Resort & Spa,Hyatt-sunpv
suscz,Sunscape Sabor Cozumel Resort & Spa,suscz-Sunscape Sabor Cozumel Resort & Spa,Hyatt-suscz
cslth,"The Cape, A Thompson Hotel","cslth-The Cape, A Thompson Hotel",Hyatt-cslth
canbh,Thompson Playa Del Carmen Beach House,canbh-Thompson Playa Del Carmen Beach House,Hyatt-canbh
canth,Hyatt Centric Playa del Carmen,canth-Hyatt Centric Playa del Carmen,Hyatt-canth
zihth,Thompson Zihuatanejo,zihth-Thompson Zihuatanejo,Hyatt-zihth
zopdb,Zoëtry Paraiso de la Bonita Riviera Maya,zopdb-Zoëtry Paraiso de la Bonita Riviera Maya,Hyatt-zopdb
zvrim,Zoëtry Villa Rolandi Isla Mujeres Cancun,zvrim-Zoëtry Villa Rolandi Isla Mujeres Cancun,Hyatt-zvrim
mgazm,Hyatt Place Managua,mgazm-Hyatt Place Managua,Hyatt-mgazm
ddpbp,Dreams Playa Bonita Panama,ddpbp-Dreams Playa Bonita Panama,Hyatt-ddpbp
ptyub,Hotel La Compañia,ptyub-Hotel La Compañia,Hyatt-ptyub
vieaz,Andaz Vienna Am Belvedere,vieaz-Andaz Vienna Am Belvedere,Hyatt-vieaz
viejv,Lindner Hotel Vienna Am Belvedere,viejv-Lindner Hotel Vienna Am Belvedere,Hyatt-viejv
vieph,Park Hyatt Vienna,vieph-Park Hyatt Vienna,Hyatt-vieph
anrja,Lindner Hotel Antwerp,anrja-Lindner Hotel Antwerp,Hyatt-anrja
alheb,Alua Helios Bay,alheb-Alua Helios Bay,Hyatt-alheb
asheb,AluaSun Helios Beach,asheb-AluaSun Helios Beach,Hyatt-asheb
drsun,Dreams Sunny Beach Resort & Spa,drsun-Dreams Sunny Beach Resort & Spa,Hyatt-drsun
sofrp,Hyatt Regency Pravets Resort,sofrp-Hyatt Regency Pravets Resort,Hyatt-sofrp
sofrs,Hyatt Regency Sofia,sofrs-Hyatt Regency Sofia,Hyatt-sofrs
sesun,Secrets Sunny Beach Resort & Spa,sesun-Secrets Sunny Beach Resort & Spa,Hyatt-sesun
prgaz,Andaz Prague,prgaz-Andaz Prague,Hyatt-prgaz
prgjp,Lindner Hotel Prague Castle,prgjp-Lindner Hotel Prague Castle,Hyatt-prgjp
cmfyc,Hôtel Le Strato,cmfyc-Hôtel Le Strato,Hyatt-cmfyc
biayd,Domaine Misincu,biayd-Domaine Misincu,Hyatt-biayd
biayg,Hotel des Gouverneurs,biayg-Hotel des Gouverneurs,Hyatt-biayg
cdgyc,Château de Fère Hotel & Spa,cdgyc-Château de Fère Hotel & Spa,Hyatt-cdgyc
paraz,Hôtel du Louvre,paraz-Hôtel du Louvre,Hyatt-paraz
cdgxp,Hyatt House Paris Charles de Gaulle Airport,cdgxp-Hyatt House Paris Charles de Gaulle Airport,Hyatt-cdgxp
madel,Hyatt Paris Madeleine,madel-Hyatt Paris Madeleine,Hyatt-madel
cdgzp,Hyatt Place Paris Charles de Gaulle Airport,cdgzp-Hyatt Place Paris Charles de Gaulle Airport,Hyatt-cdgzp
parhr,Hyatt Regency Paris Étoile,parhr-Hyatt Regency Paris Étoile,Hyatt-parhr
parph,Park Hyatt Paris-Vendôme,parph-Park Hyatt Paris-Vendôme,Hyatt-parph
cfryc,Château La Chenevière,cfryc-Château La Chenevière,Hyatt-cfryc
angym,Domaine des Etangs,angym-Domaine des Etangs,Hyatt-angym
bodjd,FirstName Bordeaux,bodjd-FirstName Bordeaux,Hyatt-bodjd
biqub,Hôtel du Palais Biarritz,biqub-Hôtel du Palais Biarritz,Hyatt-biqub
tlnya,Althoff Hotel Villa Belrose,tlnya-Althoff Hotel Villa Belrose,Hyatt-tlnya
jcagh,Hôtel Martinez,jcagh-Hôtel Martinez,Hyatt-jcagh
ncehr,Hyatt Regency Nice Palais de la Méditerranée,ncehr-Hyatt Regency Nice Palais de la Méditerranée,Hyatt-ncehr
mucaz,Andaz Munich Schwabinger Tor,mucaz-Andaz Munich Schwabinger Tor,Hyatt-mucaz
bergh,Grand Hyatt Berlin,bergh-Grand Hyatt Berlin,Hyatt-bergh
fraxf,Hyatt House Frankfurt Eschborn,fraxf-Hyatt House Frankfurt Eschborn,Hyatt-fraxf
frazf,Hyatt Place Frankfurt Airport,frazf-Hyatt Place Frankfurt Airport,Hyatt-frazf
colog,Hyatt Regency Cologne,colog-Hyatt Regency Cologne,Hyatt-colog
dusse,Hyatt Regency Dusseldorf,dusse-Hyatt Regency Dusseldorf,Hyatt-dusse
mainz,Hyatt Regency Mainz,mainz-Hyatt Regency Mainz,Hyatt-mainz
fraub,Kennedy 89,fraub-Kennedy 89,Hyatt-fraub
cgnjc,Lindner Hotel Cottbus,cgnjc-Lindner Hotel Cottbus,Hyatt-cgnjc
dusjd,Lindner Hotel Dusseldorf Seestern,dusjd-Lindner Hotel Dusseldorf Seestern,Hyatt-dusjd
frajf,Lindner Hotel Frankfurt Hochst,frajf-Lindner Hotel Frankfurt Hochst,Hyatt-frajf
frajr,Lindner Hotel Frankfurt Main Plaza,frajr-Lindner Hotel Frankfurt Main Plaza,Hyatt-frajr
mhgjs,Lindner Hotel Speyer,mhgjs-Lindner Hotel Speyer,Hyatt-mhgjs
cgnjw,Lindner Hotel Wiesensee,cgnjw-Lindner Hotel Wiesensee,Hyatt-cgnjw
frajs,Lindner Hotel Frankfurt Sportpark,frajs-Lindner Hotel Frankfurt Sportpark,Hyatt-frajs
dusja,Lindner Hotel Dusseldorf Airport,dusja-Lindner Hotel Dusseldorf Airport,Hyatt-dusja
berjb,Lindner Hotel Berlin Ku'damm,berjb-Lindner Hotel Berlin Ku'damm,Hyatt-berjb
hamjh,Lindner Hotel Hamburg Am Michel,hamjh-Lindner Hotel Hamburg Am Michel,Hyatt-hamjh
cgnjl,Lindner Hotel Leverkusen BayArena,cgnjl-Lindner Hotel Leverkusen BayArena,Hyatt-cgnjl
cgnjd,Lindner Hotel Cologne City Plaza,cgnjd-Lindner Hotel Cologne City Plaza,Hyatt-cgnjd
cgnjr,Lindner Hotel Cologne Am Dom,cgnjr-Lindner Hotel Cologne Am Dom,Hyatt-cgnjr
hamjp,Lindner Hotel Hamburg Hagenbeck,hamjp-Lindner Hotel Hamburg Hagenbeck,Hyatt-hamjp
fdhjo,Lindner Hotel Oberstaufen Parkhotel,fdhjo-Lindner Hotel Oberstaufen Parkhotel,Hyatt-fdhjo
gwtjs,Lindner Hotel Sylt,gwtjs-Lindner Hotel Sylt,Hyatt-gwtjs
dusjm,Me and All Hotel Dusseldorf,dusjm-Me and All Hotel Dusseldorf,Hyatt-dusjm
dusjo,Me and All Hotel Dusseldorf Oberkassel,dusjo-Me and All Hotel Dusseldorf Oberkassel,Hyatt-dusjo
hajjh,Me and All Hotel Hanover,hajjh-Me and All Hotel Hanover,Hyatt-hajjh
keljk,Me and All Hotel Kiel,keljk-Me and All Hotel Kiel,Hyatt-keljk
frajm,Me and All Hotel Mainz,frajm-Me and All Hotel Mainz,Hyatt-frajm
strju,Me and All Hotel Ulm,strju-Me and All Hotel Ulm,Hyatt-strju
hhnjd,Lindner Hotel Nurburgring Ferienpark,hhnjd-Lindner Hotel Nurburgring Ferienpark,Hyatt-hhnjd
hhnjm,Lindner Hotel Nurburgring Motorsport,hhnjm-Lindner Hotel Nurburgring Motorsport,Hyatt-hhnjm
hhnjn,Lindner Hotel Nurburgring Congress,hhnjn-Lindner Hotel Nurburgring Congress,Hyatt-hhnjn
dusxd,"The Wellem, Dusseldorf","dusxd-The Wellem, Dusseldorf",Hyatt-dusxd
aszak,AluaSoul Zakynthos,aszak-AluaSoul Zakynthos,Hyatt-aszak
jmkyc,Casa del Mar,jmkyc-Casa del Mar,Hyatt-jmkyc
drcfu,Dreams Corfu Resort & Spa,drcfu-Dreams Corfu Resort & Spa,Hyatt-drcfu
athgh,Grand Hyatt Athens,athgh-Grand Hyatt Athens,Hyatt-athgh
thess,Hyatt Regency Thessaloniki,thess-Hyatt Regency Thessaloniki,Hyatt-thess
jtrub,Magma Resort Santorini,jtrub-Magma Resort Santorini,Hyatt-jtrub
jtrys,San Antonio,jtrys-San Antonio,Hyatt-jtrys
budub,Párisi Udvar Hotel Budapest,budub-Párisi Udvar Hotel Budapest,Hyatt-budub
fcoya,Maalot Roma,fcoya-Maalot Roma,Hyatt-fcoya
romjd,The Tribune,romjd-The Tribune,Hyatt-romjd
mxpct,Hyatt Centric Milan Centrale,mxpct-Hyatt Centric Milan Centrale,Hyatt-mxpct
milph,Park Hyatt Milan,milph-Park Hyatt Milan,Hyatt-milph
sardh,7Pines Resort Sardinia,sardh-7Pines Resort Sardinia,Hyatt-sardh
flrub,IL Tornabuoni Hotel,flrub-IL Tornabuoni Hotel,Hyatt-flrub
vcect,Hyatt Centric Murano Venice,vcect-Hyatt Centric Murano Venice,Hyatt-vcect
mlarm,Hyatt Regency Malta,mlarm-Hyatt Regency Malta,Hyatt-mlarm
tivym,Boutique Hotel Villa Geba,tivym-Boutique Hotel Villa Geba,Hyatt-tivym
tivrk,Hyatt Regency Kotor Bay Resort,tivrk-Hyatt Regency Kotor Bay Resort,Hyatt-tivrk
amsaz,Andaz Amsterdam Prinsengracht,amsaz-Andaz Amsterdam Prinsengracht,Hyatt-amsaz
amsza,Hyatt Place Amsterdam Airport,amsza-Hyatt Place Amsterdam Airport,Hyatt-amsza
amsra,Hyatt Regency Amsterdam,amsra-Hyatt Regency Amsterdam,Hyatt-amsra
krkzk,Hyatt Place Krakow,krkzk-Hyatt Place Krakow,Hyatt-krkzk
lishr,Hyatt Regency Lisbon,lishr-Hyatt Regency Lisbon,Hyatt-lishr
belgr,Hyatt Regency Belgrade,belgr-Hyatt Regency Belgrade,Hyatt-belgr
btsjb,Lindner Hotel Bratislava,btsjb-Lindner Hotel Bratislava,Hyatt-btsjb
ibzdh,7Pines Resort Ibiza,ibzdh-7Pines Resort Ibiza,Hyatt-ibzdh
alatg,Alua Atlántico Golf Resort,alatg-Alua Atlántico Golf Resort,Hyatt-alatg
alboc,Alua Boccaccio,alboc-Alua Boccaccio,Hyatt-alboc
alcma,Alua Calas de Mallorca Resort,alcma-Alua Calas de Mallorca Resort,Hyatt-alcma
algtr,Alua Golf Trinidad,algtr-Alua Golf Trinidad,Hyatt-algtr
alcdm,Alua Gran Camp de Mar,alcdm-Alua Gran Camp de Mar,Hyatt-alcdm
alime,Alua Illa de Menorca,alime-Alua Illa de Menorca,Hyatt-alime
alroc,Alua Suites Las Rocas,alroc-Alua Suites Las Rocas,Hyatt-alroc
alleo,Alua Leo,alleo-Alua Leo,Hyatt-alleo
alsfu,Alua Suites Fuerteventura,alsfu-Alua Suites Fuerteventura,Hyatt-alsfu
alten,Alua Tenerife,alten-Alua Tenerife,Hyatt-alten
asalc,AluaSoul Alcudia Bay,asalc-AluaSoul Alcudia Bay,Hyatt-asalc
ascar,AluaSoul Carolina,ascar-AluaSoul Carolina,Hyatt-ascar
ascma,AluaSoul Costa Málaga,ascma-AluaSoul Costa Málaga,Hyatt-ascma
asibz,AluaSoul Ibiza,asibz-AluaSoul Ibiza,Hyatt-asibz
asmal,AluaSoul Mallorca Resort,asmal-AluaSoul Mallorca Resort,Hyatt-asmal
asmen,AluaSoul Menorca,asmen-AluaSoul Menorca,Hyatt-asmen
asora,AluaSoul Orotava Valley,asora-AluaSoul Orotava Valley,Hyatt-asora
aspmi,AluaSoul Palma,aspmi-AluaSoul Palma,Hyatt-aspmi
aucan,AluaSun Cala Antena,aucan-AluaSun Cala Antena,Hyatt-aucan
aucnp,AluaSun Continental Park,aucnp-AluaSun Continental Park,Hyatt-aucnp
auctp,AluaSun Costa Park,auctp-AluaSun Costa Park,Hyatt-auctp
audbl,AluaSun Doblemar,audbl-AluaSun Doblemar,Hyatt-audbl
aufam,AluaSun Far Menorca,aufam-AluaSun Far Menorca,Hyatt-aufam
aulgp,AluaSun Lago Park,aulgp-AluaSun Lago Park,Hyatt-aulgp
aulgr,AluaSun Lago Rojo,aulgr-AluaSun Lago Rojo,Hyatt-aulgr
aumap,AluaSun Marbella Park,aumap-AluaSun Marbella Park,Hyatt-aumap
aumed,AluaSun Mediterraneo,aumed-AluaSun Mediterraneo,Hyatt-aumed
autor,AluaSun Torrenova,autor-AluaSun Torrenova,Hyatt-autor
alvfu,AluaVillage Fuerteventura,alvfu-AluaVillage Fuerteventura,Hyatt-alvfu
drcam,Dreams Calvia,drcam-Dreams Calvia,Hyatt-drcam
drjtf,Dreams Jardin Tropical Resort & Spa,drjtf-Dreams Jardin Tropical Resort & Spa,Hyatt-drjtf
drepd,Dreams Lanzarote Playa Dorada,drepd-Dreams Lanzarote Playa Dorada,Hyatt-drepd
rmugh,Grand Hyatt La Manga Club Golf & Spa,rmugh-Grand Hyatt La Manga Club Golf & Spa,Hyatt-rmugh
wlpsa,Hotel Parque San Antonio,wlpsa-Hotel Parque San Antonio,Hyatt-wlpsa
bcnub,Grand Hyatt Barcelona,bcnub-Grand Hyatt Barcelona,Hyatt-bcnub
bcnrb,Hyatt Regency Barcelona Tower,bcnrb-Hyatt Regency Barcelona Tower,Hyatt-bcnrb
madrm,Hyatt Regency Hesperia Madrid,madrm-Hyatt Regency Hesperia Madrid,Hyatt-madrm
madra,Hyatt Regency Madrid Residences,madra-Hyatt Regency Madrid Residences,Hyatt-madra
agpub,La Zambra Resort,agpub-La Zambra Resort,Hyatt-agpub
wllin,Linda Hotel,wllin-Linda Hotel,Hyatt-wllin
pmijc,Lindner Hotel Mallorca Portals Nous,pmijc-Lindner Hotel Mallorca Portals Nous,Hyatt-pmijc
wlopk,Oasis Park Apartments,wlopk-Oasis Park Apartments,Hyatt-wlopk
wlobe,Hotel Oberoy,wlobe-Hotel Oberoy,Hyatt-wlobe
secbr,Secrets Bahía Real Resort & Spa,secbr-Secrets Bahía Real Resort & Spa,Hyatt-secbr
seclz,Secrets Lanzarote Resort and Spa,seclz-Secrets Lanzarote Resort and Spa,Hyatt-seclz
secvm,Secrets Mallorca Villamil,secvm-Secrets Mallorca Villamil,Hyatt-secvm
madrp,Thompson Madrid,madrp-Thompson Madrid,Hyatt-madrp
zoehm,Zoëtry Mallorca,zoehm-Zoëtry Mallorca,Hyatt-zoehm
arnub,Hôtel Reisen,arnub-Hôtel Reisen,Hyatt-arnub
arnjd,Story Hotel Riddargatan,arnjd-Story Hotel Riddargatan,Hyatt-arnjd
arnjs,Story Hotel Signalfabriken,arnjs-Story Hotel Signalfabriken,Hyatt-arnjs
mmxjd,Story Hotel Studio Malmö,mmxjd-Story Hotel Studio Malmö,Hyatt-mmxjd
davub,Hotel Flüela Davos,davub-Hotel Flüela Davos,Hyatt-davub
zrhzz,Hyatt Place Zurich Airport The Circle,zrhzz-Hyatt Place Zurich Airport The Circle,Hyatt-zrhzz
zrhrz,Hyatt Regency Zurich Airport The Circle,zrhrz-Hyatt Regency Zurich Airport The Circle,Hyatt-zrhrz
brnji,Lindner Hotel Interlaken Beau Rivage,brnji-Lindner Hotel Interlaken Beau Rivage,Hyatt-brnji
zurph,Park Hyatt Zurich,zurph-Park Hyatt Zurich,Hyatt-zurph
istan,Grand Hyatt Istanbul,istan-Grand Hyatt Istanbul,Hyatt-istan
istxg,Hyatt House Gebze,istxg-Hyatt House Gebze,Hyatt-istxg
isthr,Hyatt Regency Istanbul Ataköy,isthr-Hyatt Regency Istanbul Ataköy,Hyatt-isthr
adbri,Hyatt Regency İzmir İstinyePark,adbri-Hyatt Regency İzmir İstinyePark,Hyatt-adbri
istph,Park Hyatt Istanbul - Macka Palas,istph-Park Hyatt Istanbul - Macka Palas,Hyatt-istph
kievh,Hyatt Regency Kyiv,kievh-Hyatt Regency Kyiv,Hyatt-kievh
longe,Andaz London Liverpool Street,longe-Andaz London Liverpool Street,Hyatt-longe
lhrub,Great Scotland Yard Hotel,lhrub-Great Scotland Yard Hotel,Hyatt-lhrub
stnct,Hyatt Centric Cambridge,stnct-Hyatt Centric Cambridge,Hyatt-stnct
lhrxs,Hyatt House London Stratford,lhrxs-Hyatt House London Stratford,Hyatt-lhrxs
manxm,Hyatt House Manchester,manxm-Hyatt House Manchester,Hyatt-manxm
lhrzc,Hyatt Place London City East,lhrzc-Hyatt Place London City East,Hyatt-lhrzc
lhrza,Hyatt Place London Heathrow Airport,lhrza-Hyatt Place London Heathrow Airport,Hyatt-lhrza
birmi,Hyatt Regency Birmingham,birmi-Hyatt Regency Birmingham,Hyatt-birmi
lonch,Hyatt Regency London - The Churchill,lonch-Hyatt Regency London - The Churchill,Hyatt-lonch
lonre,Hyatt Regency London Albert Embankment,lonre-Hyatt Regency London Albert Embankment,Hyatt-lonre
lonrb,Hyatt Regency London Blackfriars,lonrb-Hyatt Regency London Blackfriars,Hyatt-lonrb
lhrrs,Hyatt Regency London Stratford,lhrrs-Hyatt Regency London Stratford,Hyatt-lhrrs
manrm,Hyatt Regency Manchester,manrm-Hyatt Regency Manchester,Hyatt-manrm
lhrph,Park Hyatt London River Thames,lhrph-Park Hyatt London River Thames,Hyatt-lhrph
lhrys,Stoke Park,lhrys-Stoke Park,Hyatt-lhrys
lhryc,The Capital Hotel & Apartments - London,lhryc-The Capital Hotel & Apartments - London,Hyatt-lhryc
edidr,SCHLOSS Roxburghe,edidr-SCHLOSS Roxburghe,Hyatt-edidr
algra,Hyatt Regency Algiers Airport,algra-Hyatt Regency Algiers Airport,Hyatt-algra
hberc,Hyatt Regency Cairo West,hberc-Hyatt Regency Cairo West,Hyatt-hberc
addra,Hyatt Regency Addis Ababa,addra-Hyatt Regency Addis Ababa,Hyatt-addra
agazt,Hyatt Place Taghazout Bay,agazt-Hyatt Place Taghazout Bay,Hyatt-agazt
casab,Hyatt Regency Casablanca,casab-Hyatt Regency Casablanca,Hyatt-casab
agart,Hyatt Regency Taghazout,agart-Hyatt Regency Taghazout,Hyatt-agart
marph,Park Hyatt Marrakech,marph-Park Hyatt Marrakech,Hyatt-marph
johxr,Hyatt House Johannesburg Rosebank,johxr-Hyatt House Johannesburg Rosebank,Hyatt-johxr
johxs,Hyatt House Johannesburg Sandton,johxs-Hyatt House Johannesburg Sandton,Hyatt-johxs
cptrc,Hyatt Regency Cape Town,cptrc-Hyatt Regency Cape Town,Hyatt-cptrc
johph,Hyatt Regency Johannesburg,johph-Hyatt Regency Johannesburg,Hyatt-johph
johpj,Park Hyatt Johannesburg,johpj-Park Hyatt Johannesburg,Hyatt-johpj
darhr,"Hyatt Regency Dar es Salaam, The Kilimanjaro","darhr-Hyatt Regency Dar es Salaam, The Kilimanjaro",Hyatt-darhr
znzph,Park Hyatt Zanzibar,znzph-Park Hyatt Zanzibar,Hyatt-znzph
ammgh,Grand Hyatt Amman,ammgh-Grand Hyatt Amman,Hyatt-ammgh
aqjra,Hyatt Regency Aqaba Ayla,aqjra-Hyatt Regency Aqaba Ayla,Hyatt-aqjra
kwigh,Grand Hyatt Kuwait,kwigh-Grand Hyatt Kuwait,Hyatt-kwigh
kwirk,Hyatt Regency Al Kout Mall,kwirk-Hyatt Regency Al Kout Mall,Hyatt-kwirk
sllal,Alila Hinu Bay,sllal-Alila Hinu Bay,Hyatt-sllal
mctal,Alila Jabal Akhdar,mctal-Alila Jabal Akhdar,Hyatt-mctal
musca,Grand Hyatt Muscat,musca-Grand Hyatt Muscat,Hyatt-musca
dohaz,Andaz Doha,dohaz-Andaz Doha,Hyatt-dohaz
dohgh,Grand Hyatt Doha Hotel & Villas,dohgh-Grand Hyatt Doha Hotel & Villas,Hyatt-dohgh
dohrd,Hyatt Regency Oryx Doha,dohrd-Hyatt Regency Oryx Doha,Hyatt-dohrd
dohph,Park Hyatt Doha,dohph-Park Hyatt Doha,Hyatt-dohph
dmmgh,Grand Hyatt Al Khobar Hotel and Residences,dmmgh-Grand Hyatt Al Khobar Hotel and Residences,Hyatt-dmmgh
jedxr,Hyatt House Jeddah Sari Street,jedxr-Hyatt House Jeddah Sari Street,Hyatt-jedxr
ruhzs,Hyatt Place Riyadh Al Sulaimania,ruhzs-Hyatt Place Riyadh Al Sulaimania,Hyatt-ruhzs
ruhhr,Hyatt Regency Riyadh Olaya,ruhhr-Hyatt Regency Riyadh Olaya,Hyatt-ruhhr
jedhr,Jabal Omar Hyatt Regency Makkah,jedhr-Jabal Omar Hyatt Regency Makkah,Hyatt-jedhr
jedph,"Park Hyatt Jeddah – Marina, Club and Spa","jedph-Park Hyatt Jeddah – Marina, Club and Spa",Hyatt-jedph
abdcc,"Andaz Capital Gate, Abu Dhabi","abdcc-Andaz Capital Gate, Abu Dhabi",Hyatt-abdcc
dxbct,Andaz Dubai The Palm,dxbct-Andaz Dubai The Palm,Hyatt-dxbct
auhgh,Grand Hyatt Abu Dhabi Hotel & Residences Emirates Pearl,auhgh-Grand Hyatt Abu Dhabi Hotel & Residences Emirates Pearl,Hyatt-auhgh
dxbgh,Grand Hyatt Dubai,dxbgh-Grand Hyatt Dubai,Hyatt-dxbgh
dxbzd,Hyatt Place Dubai Al Rigga,dxbzd-Hyatt Place Dubai Al Rigga,Hyatt-dxbzd
dxbzb,Hyatt Place Dubai Baniyas Square,dxbzb-Hyatt Place Dubai Baniyas Square,Hyatt-dxbzb
dxbza,Hyatt Place Dubai Jumeirah,dxbza-Hyatt Place Dubai Jumeirah,Hyatt-dxbza
dxbzm,Hyatt Place Dubai Wasl District,dxbzm-Hyatt Place Dubai Wasl District,Hyatt-dxbzm
dxbrd,Hyatt Regency Dubai,dxbrd-Hyatt Regency Dubai,Hyatt-dxbrd
dxbhc,Hyatt Regency Dubai Creek Heights,dxbhc-Hyatt Regency Dubai Creek Heights,Hyatt-dxbhc
abuph,Park Hyatt Abu Dhabi Hotel and Villas,abuph-Park Hyatt Abu Dhabi Hotel and Villas,Hyatt-abuph
dxbph,Park Hyatt Dubai,dxbph-Park Hyatt Dubai,Hyatt-dxbph
bakph,Hyatt Regency Baku,bakph-Hyatt Regency Baku,Hyatt-bakph
pnhrp,Hyatt Regency Phnom Penh,pnhrp-Hyatt Regency Phnom Penh,Hyatt-pnhrp
repph,Park Hyatt Siem Reap,repph-Park Hyatt Siem Reap,Hyatt-repph
ixcct,Hyatt Centric Sector 17 Chandigarh,ixcct-Hyatt Centric Sector 17 Chandigarh,Hyatt-ixcct
ixchr,Hyatt Regency Chandigarh,ixchr-Hyatt Regency Chandigarh,Hyatt-ixchr
rprhy,Hyatt Raipur,rprhy-Hyatt Raipur,Hyatt-rprhy
delaz,Andaz Delhi,delaz-Andaz Delhi,Hyatt-delaz
delct,Hyatt Centric Janakpuri New Delhi,delct-Hyatt Centric Janakpuri New Delhi,Hyatt-delct
delaa,"Hyatt Delhi Residences, Aerocity","delaa-Hyatt Delhi Residences, Aerocity",Hyatt-delaa
delrd,Hyatt Regency Delhi,delrd-Hyatt Regency Delhi,Hyatt-delrd
goial,Alila Diwa Goa,goial-Alila Diwa Goa,Hyatt-goial
goagh,Grand Hyatt Goa,goagh-Grand Hyatt Goa,Hyatt-goagh
goazc,Hyatt Centric Candolim Goa,goazc-Hyatt Centric Candolim Goa,Hyatt-goazc
goiac,The Diwa Club by Alila,goiac-The Diwa Club by Alila,Hyatt-goiac
amdhy,Hyatt Ahmedabad,amdhy-Hyatt Ahmedabad,Hyatt-amdhy
stvzb,Hyatt Place Bharuch,stvzb-Hyatt Place Bharuch,Hyatt-stvzb
bdqzv,Hyatt Place Vadodara,bdqzv-Hyatt Place Vadodara,Hyatt-bdqzv
amdhr,Hyatt Regency Ahmedabad,amdhr-Hyatt Regency Ahmedabad,Hyatt-amdhr
grggh,Grand Hyatt Gurgaon,grggh-Grand Hyatt Gurgaon,Hyatt-grggh
delzo,Hyatt Place Gurgaon Udyog Vihar,delzo-Hyatt Place Gurgaon Udyog Vihar,Hyatt-delzo
delrg,Hyatt Regency Gurgaon,delrg-Hyatt Regency Gurgaon,Hyatt-delrg
dhmrm,Hyatt Regency Dharamshala Resort,dhmrm-Hyatt Regency Dharamshala Resort,Hyatt-dhmrm
blrhy,Hyatt Centric MG Road Bangalore,blrhy-Hyatt Centric MG Road Bangalore,Hyatt-blrhy
hbxzh,Hyatt Place Hampi,hbxzh-Hyatt Place Hampi,Hyatt-hbxzh
cokgh,Grand Hyatt Kochi Bolgatty,cokgh-Grand Hyatt Kochi Bolgatty,Hyatt-cokgh
cokrt,Hyatt Regency Thrissur,cokrt-Hyatt Regency Thrissur,Hyatt-cokrt
trvrt,Hyatt Regency Trivandrum,trvrt-Hyatt Regency Trivandrum,Hyatt-trvrt
mumgh,Grand Hyatt Mumbai Hotel & Residences,mumgh-Grand Hyatt Mumbai Hotel & Residences,Hyatt-mumgh
mumct,Hyatt Centric Juhu Mumbai,mumct-Hyatt Centric Juhu Mumbai,Hyatt-mumct
pnqzp,Hyatt Place Pune Hinjawadi,pnqzp-Hyatt Place Pune Hinjawadi,Hyatt-pnqzp
pnqhy,Hyatt Pune,pnqhy-Hyatt Pune,Hyatt-pnqhy
mumba,Hyatt Regency Mumbai,mumba-Hyatt Regency Mumbai,Hyatt-mumba
punhr,Hyatt Regency Pune & Residences,punhr-Hyatt Regency Pune & Residences,Hyatt-punhr
atqhy,Hyatt Regency Amritsar Hotel & Spa,atqhy-Hyatt Regency Amritsar Hotel & Spa,Hyatt-atqhy
luhrl,Hyatt Regency Ludhiana,luhrl-Hyatt Regency Ludhiana,Hyatt-luhrl
jaial,Alila Fort Bishangarh,jaial-Alila Fort Bishangarh,Hyatt-jaial
jaizm,Hyatt Place Jaipur Malviya Nagar,jaizm-Hyatt Place Jaipur Malviya Nagar,Hyatt-jaizm
jairj,Hyatt Regency Jaipur Mansarovar,jairj-Hyatt Regency Jaipur Mansarovar,Hyatt-jairj
chenn,Hyatt Regency Chennai,chenn-Hyatt Regency Chennai,Hyatt-chenn
cheph,Park Hyatt Chennai,cheph-Park Hyatt Chennai,Hyatt-cheph
hydhy,Hyatt Hyderabad Gachibowli,hydhy-Hyatt Hyderabad Gachibowli,Hyatt-hydhy
hydzh,Hyatt Place Hyderabad Banjara Hills,hydzh-Hyatt Place Hyderabad Banjara Hills,Hyatt-hydzh
hydph,Park Hyatt Hyderabad,hydph-Park Hyatt Hyderabad,Hyatt-hydph
lkorl,Hyatt Regency Lucknow,lkorl-Hyatt Regency Lucknow,Hyatt-lkorl
dedzd,Hyatt Centric Rajpur Road Dehradun,dedzd-Hyatt Centric Rajpur Road Dehradun,Hyatt-dedzd
delrh,Hyatt Regency Dehradun Resort and Spa,delrh-Hyatt Regency Dehradun Resort and Spa,Hyatt-delrh
kolka,Hyatt Regency Kolkata,kolka-Hyatt Regency Kolkata,Hyatt-kolka
dpsak,Alila Manggis,dpsak-Alila Manggis,Hyatt-dpsak
dpaal,Alila Purnama,dpaal-Alila Purnama,Hyatt-dpaal
cgkas,Alila SCBD Jakarta,cgkas-Alila SCBD Jakarta,Hyatt-cgkas
dpsas,Alila Seminyak,dpsas-Alila Seminyak,Hyatt-dpsas
socal,Alila Solo,socal-Alila Solo,Hyatt-socal
dpsau,Alila Ubud,dpsau-Alila Ubud,Hyatt-dpsau
dpsav,Alila Villas Uluwatu,dpsav-Alila Villas Uluwatu,Hyatt-dpsav
dpsaz,Andaz Bali,dpsaz-Andaz Bali,Hyatt-dpsaz
balgh,Grand Hyatt Bali,balgh-Grand Hyatt Bali,Hyatt-balgh
jakgh,Grand Hyatt Jakarta,jakgh-Grand Hyatt Jakarta,Hyatt-jakgh
dpsbl,Hyatt Regency Bali,dpsbl-Hyatt Regency Bali,Hyatt-dpsbl
yogya,Hyatt Regency Yogyakarta,yogya-Hyatt Regency Yogyakarta,Hyatt-yogya
cgkph,Park Hyatt Jakarta,cgkph-Park Hyatt Jakarta,Hyatt-cgkph
dpsat,KLEO Seminyak,dpsat-KLEO Seminyak,Hyatt-dpsat
tyoaz,Andaz Tokyo Toranomon Hills,tyoaz-Andaz Tokyo Toranomon Hills,Hyatt-tyoaz
fswub,Fuji Speedway Hotel,fswub-Fuji Speedway Hotel,Hyatt-fswub
fukgh,Grand Hyatt Fukuoka,fukgh-Grand Hyatt Fukuoka,Hyatt-fukgh
tyogh,Grand Hyatt Tokyo,tyogh-Grand Hyatt Tokyo,Hyatt-tyogh
tyoub,Hotel Toranomon Hills,tyoub-Hotel Toranomon Hills,Hyatt-tyoub
kmqxk,Hyatt House Kanazawa,kmqxk-Hyatt House Kanazawa,Hyatt-kmqxk
tyoxs,Hyatt House Tokyo Shibuya,tyoxs-Hyatt House Tokyo Shibuya,Hyatt-tyoxs
kyozk,Hyatt Place Kyoto,kyozk-Hyatt Place Kyoto,Hyatt-kyozk
hakhr,Hyatt Regency Hakone Resort and Spa,hakhr-Hyatt Regency Hakone Resort and Spa,Hyatt-hakhr
kyoto,Hyatt Regency Kyoto,kyoto-Hyatt Regency Kyoto,Hyatt-kyoto
okarn,"Hyatt Regency Naha, Okinawa","okarn-Hyatt Regency Naha, Okinawa",Hyatt-okarn
okaro,"Hyatt Regency Seragaki Island, Okinawa","okaro-Hyatt Regency Seragaki Island, Okinawa",Hyatt-okaro
tyoty,Hyatt Regency Tokyo,tyoty-Hyatt Regency Tokyo,Hyatt-tyoty
nrtzt,Hyatt Regency Tokyo Bay,nrtzt-Hyatt Regency Tokyo Bay,Hyatt-nrtzt
hndry,Hyatt Regency Yokohama,hndry-Hyatt Regency Yokohama,Hyatt-hndry
itmph,Park Hyatt Kyoto,itmph-Park Hyatt Kyoto,Hyatt-itmph
ctsph,Park Hyatt Niseko Hanazono,ctsph-Park Hyatt Niseko Hanazono,Hyatt-ctsph
tyoph,Park Hyatt Tokyo,tyoph-Park Hyatt Tokyo,Hyatt-tyoph
bishk,Hyatt Regency Bishkek,bishk-Hyatt Regency Bishkek,Hyatt-bishk
kulal,Alila Bangsar Kuala Lumpur,kulal-Alila Bangsar Kuala Lumpur,Hyatt-kulal
kuagh,Grand Hyatt Kuala Lumpur,kuagh-Grand Hyatt Kuala Lumpur,Hyatt-kuagh
kulxk,"Hyatt House Kuala Lumpur, Mont Kiara","kulxk-Hyatt House Kuala Lumpur, Mont Kiara",Hyatt-kulxk
bkiki,Hyatt Regency Kinabalu,bkiki-Hyatt Regency Kinabalu,Hyatt-bkiki
kuakt,Hyatt Regency Kuantan Resort,kuakt-Hyatt Regency Kuantan Resort,Hyatt-kuakt
mldal,Alila Kothaifaru Maldives,mldal-Alila Kothaifaru Maldives,Hyatt-mldal
mldph,Park Hyatt Maldives Hadahaa,mldph-Park Hyatt Maldives Hadahaa,Hyatt-mldph
ktmzk,Hyatt Centric Soalteemode Kathmandu,ktmzk-Hyatt Centric Soalteemode Kathmandu,Hyatt-ktmzk
kathm,Hyatt Regency Kathmandu,kathm-Hyatt Regency Kathmandu,Hyatt-kathm
mangh,Grand Hyatt Manila,mangh-Grand Hyatt Manila,Hyatt-mangh
mnlhy,"Hyatt Regency Manila, City of Dreams","mnlhy-Hyatt Regency Manila, City of Dreams",Hyatt-mnlhy
sinaz,Andaz Singapore,sinaz-Andaz Singapore,Hyatt-sinaz
sinrs,Grand Hyatt Singapore,sinrs-Grand Hyatt Singapore,Hyatt-sinrs
sinyt,Hotel Telegraph,sinyt-Hotel Telegraph,Hyatt-sinyt
selaz,Andaz Seoul Gangnam,selaz-Andaz Seoul Gangnam,Hyatt-selaz
inche,Grand Hyatt Incheon,inche-Grand Hyatt Incheon,Hyatt-inche
cjugh,Grand Hyatt Jeju,cjugh-Grand Hyatt Jeju,Hyatt-cjugh
selrs,Grand Hyatt Seoul,selrs-Grand Hyatt Seoul,Hyatt-selrs
busph,Park Hyatt Busan,busph-Park Hyatt Busan,Hyatt-busph
selph,Park Hyatt Seoul,selph-Park Hyatt Seoul,Hyatt-selph
dushr,Hyatt Regency Dushanbe,dushr-Hyatt Regency Dushanbe,Hyatt-dushr
bangh,Grand Hyatt Erawan Bangkok,bangh-Grand Hyatt Erawan Bangkok,Hyatt-bangh
bkkzs,Hyatt Place Bangkok Sukhumvit 24,bkkzs-Hyatt Place Bangkok Sukhumvit 24,Hyatt-bkkzs
bkkhr,Hyatt Regency Bangkok Sukhumvit,bkkhr-Hyatt Regency Bangkok Sukhumvit,Hyatt-bkkhr
bkkph,Park Hyatt Bangkok,bkkph-Park Hyatt Bangkok,Hyatt-bkkph
utpaz,Andaz Pattaya Jomtien Beach,utpaz-Andaz Pattaya Jomtien Beach,Hyatt-utpaz
phuhr,Hyatt Regency Phuket Resort,phuhr-Hyatt Regency Phuket Resort,Hyatt-phuhr
huahi,Hyatt Regency Hua Hin,huahi-Hyatt Regency Hua Hin,Hyatt-huahi
usmrk,Hyatt Regency Koh Samui,usmrk-Hyatt Regency Koh Samui,Hyatt-usmrk
guamh,Hyatt Regency Guam,guamh-Hyatt Regency Guam,Hyatt-guamh
spnrs,Hyatt Regency Saipan,spnrs-Hyatt Regency Saipan,Hyatt-spnrs
tasrt,Hyatt Regency Tashkent,tasrt-Hyatt Regency Tashkent,Hyatt-tasrt
danhr,Hyatt Regency Danang Resort and Spa,danhr-Hyatt Regency Danang Resort and Spa,Hyatt-danhr
cxrrn,Hyatt Regency Nha Trang,cxrrn-Hyatt Regency Nha Trang,Hyatt-cxrrn
hanrh,Hyatt Regency West Hanoi,hanrh-Hyatt Regency West Hanoi,Hyatt-hanrh
saiph,Park Hyatt Saigon,saiph-Park Hyatt Saigon,Hyatt-saiph
suzal,Alila Taihu Suzhou,suzal-Alila Taihu Suzhou,Hyatt-suzal
hghaw,Alila Wuzhen,hghaw-Alila Wuzhen,Hyatt-hghaw
nkgaz,Andaz Nanjing Hexi,nkgaz-Andaz Nanjing Hexi,Hyatt-nkgaz
szxaz,Andaz Shenzhen Bay,szxaz-Andaz Shenzhen Bay,Hyatt-szxaz
xmnaz,Andaz Xiamen,xmnaz-Andaz Xiamen,Hyatt-xmnaz
shaaz,"Andaz Xintiandi, Shanghai","shaaz-Andaz Xintiandi, Shanghai",Hyatt-shaaz
pekal,BEI Zhaolong Hotel,pekal-BEI Zhaolong Hotel,Hyatt-pekal
pekub,Commune By The Great Wall,pekub-Commune By The Great Wall,Hyatt-pekub
beigh,Grand Hyatt Beijing,beigh-Grand Hyatt Beijing,Hyatt-beigh
csxgh,Grand Hyatt Changsha,csxgh-Grand Hyatt Changsha,Hyatt-csxgh
ctugh,Grand Hyatt Chengdu,ctugh-Grand Hyatt Chengdu,Hyatt-ctugh
dalgh,Grand Hyatt Dalian,dalgh-Grand Hyatt Dalian,Hyatt-dalgh
guagh,Grand Hyatt Guangzhou,guagh-Grand Hyatt Guangzhou,Hyatt-guagh
hangz,Grand Hyatt Hangzhou,hangz-Grand Hyatt Hangzhou,Hyatt-hangz
hfegh,Grand Hyatt Hefei,hfegh-Grand Hyatt Hefei,Hyatt-hfegh
syxgh,Grand Hyatt Sanya Haitang Bay Resort and Spa,syxgh-Grand Hyatt Sanya Haitang Bay Resort and Spa,Hyatt-syxgh
shagh,Grand Hyatt Shanghai,shagh-Grand Hyatt Shanghai,Hyatt-shagh
shegs,Grand Hyatt Shenyang,shegs-Grand Hyatt Shenyang,Hyatt-shegs
shegh,Grand Hyatt Shenzhen,shegh-Grand Hyatt Shenzhen,Hyatt-shegh
shhgh,Grand Hyatt Shenzhou Peninsula,shhgh-Grand Hyatt Shenzhou Peninsula,Hyatt-shhgh
xiygh,Grand Hyatt Xi'an,xiygh-Grand Hyatt Xi'an,Hyatt-xiygh
nkgub,Grand WUJI Hotel,nkgub-Grand WUJI Hotel,Hyatt-nkgub
pekye,Hotel Éclat Beijing,pekye-Hotel Éclat Beijing,Hyatt-pekye
xiyct,Hyatt Centric Gaoxin Xi’an,xiyct-Hyatt Centric Gaoxin Xi’an,Hyatt-xiyct
ctuxc,Hyatt House Chengdu Pebble Walk,ctuxc-Hyatt House Chengdu Pebble Walk,Hyatt-ctuxc
shaxh,Hyatt House Shanghai Hongqiao CBD,shaxh-Hyatt House Shanghai Hongqiao CBD,Hyatt-shaxh
shaxn,Hyatt House Shanghai New Hongqiao,shaxn-Hyatt House Shanghai New Hongqiao,Hyatt-shaxn
szxxa,Hyatt House Shenzhen Airport,szxxa-Hyatt House Shenzhen Airport,Hyatt-szxxa
incxd,Hyatt House Yinchuan Yuecaicheng,incxd-Hyatt House Yinchuan Yuecaicheng,Hyatt-incxd
shang,"Hyatt on the Bund, Shanghai","shang-Hyatt on the Bund, Shanghai",Hyatt-shang
nayzd,Hyatt Place Beijing Daxing,nayzd-Hyatt Place Beijing Daxing,Hyatt-nayzd
pekzs,Hyatt Place Beijing Shiyuan,pekzs-Hyatt Place Beijing Shiyuan,Hyatt-pekzs
cgqzc,Hyatt Place Changchun Jingyue,cgqzc-Hyatt Place Changchun Jingyue,Hyatt-cgqzc
csxza,Hyatt Place Changsha Airport,csxza-Hyatt Place Changsha Airport,Hyatt-csxza
ctuzb,Hyatt Place Chengdu Bio-Town,ctuzb-Hyatt Place Chengdu Bio-Town,Hyatt-ctuzb
ctuzc,Hyatt Place Chengdu Pebble Walk,ctuzc-Hyatt Place Chengdu Pebble Walk,Hyatt-ctuzc
pekzc,Hyatt Place Chongli,pekzc-Hyatt Place Chongli,Hyatt-pekzc
hghzm,Hyatt Place Deqing,hghzm-Hyatt Place Deqing,Hyatt-hghzm
canzf,Hyatt Place Foshan Lishui,canzf-Hyatt Place Foshan Lishui,Hyatt-canzf
hghzh,Hyatt Place Hangzhou International Airport,hghzh-Hyatt Place Hangzhou International Airport,Hyatt-hghzh
txnzt,Hyatt Place Huangshan Train Station,txnzt-Hyatt Place Huangshan Train Station,Hyatt-txnzt
jdzzj,Hyatt Place Jingdezhen Taoxichuan,jdzzj-Hyatt Place Jingdezhen Taoxichuan,Hyatt-jdzzj
lzhzl,Hyatt Place Liuzhou,lzhzl-Hyatt Place Liuzhou,Hyatt-lzhzl
naozn,Hyatt Place Nanchong Gaoping,naozn-Hyatt Place Nanchong Gaoping,Hyatt-naozn
syxzs,Hyatt Place Sanya City Center,syxzs-Hyatt Place Sanya City Center,Hyatt-syxzs
shazh,Hyatt Place Shanghai Hongqiao CBD,shazh-Hyatt Place Shanghai Hongqiao CBD,Hyatt-shazh
shazn,Hyatt Place Shanghai New Hongqiao,shazn-Hyatt Place Shanghai New Hongqiao,Hyatt-shazn
shazc,Hyatt Place Shanghai Tianshan Plaza,shazc-Hyatt Place Shanghai Tianshan Plaza,Hyatt-shazc
szxza,Hyatt Place Shenzhen Airport,szxza-Hyatt Place Shenzhen Airport,Hyatt-szxza
szxzs,Hyatt Place Shenzhen Dongmen,szxzs-Hyatt Place Shenzhen Dongmen,Hyatt-szxzs
tnyzt,Hyatt Place Taiyuan Longcheng,tnyzt-Hyatt Place Taiyuan Longcheng,Hyatt-tnyzt
inczd,Hyatt Place Yinchuan Yuecaicheng,inczd-Hyatt Place Yinchuan Yuecaicheng,Hyatt-inczd
zuhzj,Hyatt Place Zhuhai Jinshi,zuhzj-Hyatt Place Zhuhai Jinshi,Hyatt-zuhzj
nayrs,Hyatt Regency Beijing Shiyuan,nayrs-Hyatt Regency Beijing Shiyuan,Hyatt-nayrs
nayrw,Hyatt Regency Beijing Wangjing,nayrw-Hyatt Regency Beijing Wangjing,Hyatt-nayrw
nbshr,Hyatt Regency Changbaishan,nbshr-Hyatt Regency Changbaishan,Hyatt-nbshr
cgqhr,Hyatt Regency Changchun,cgqhr-Hyatt Regency Changchun,Hyatt-cgqhr
shacr,Hyatt Regency Chongming,shacr-Hyatt Regency Chongming,Hyatt-shacr
chong,Hyatt Regency Chongqing,chong-Hyatt Regency Chongqing,Hyatt-chong
dongg,Hyatt Regency Dongguan,dongg-Hyatt Regency Dongguan,Hyatt-dongg
fochr,Hyatt Regency Fuzhou Cangshan,fochr-Hyatt Regency Fuzhou Cangshan,Hyatt-fochr
canhr,Hyatt Regency Guangzhou Zengcheng,canhr-Hyatt Regency Guangzhou Zengcheng,Hyatt-canhr
guihr,Hyatt Regency Guiyang,guihr-Hyatt Regency Guiyang,Hyatt-guihr
hakrh,Hyatt Regency Hainan Ocean Paradise Resort,hakrh-Hyatt Regency Hainan Ocean Paradise Resort,Hyatt-hakrh
hghrh,Hyatt Regency Hangzhou International Airport,hghrh-Hyatt Regency Hangzhou International Airport,Hyatt-hghrh
mfmrh,Hyatt Regency Hengqin,mfmrh-Hyatt Regency Hengqin,Hyatt-mfmrh
jinhr,Hyatt Regency Jinan,jinhr-Hyatt Regency Jinan,Hyatt-jinhr
lhwrl,Hyatt Regency Lanzhou,lhwrl-Hyatt Regency Lanzhou,Hyatt-lhwrl
ckgro,Hyatt Regency Metropolitan Chongqing,ckgro-Hyatt Regency Metropolitan Chongqing,Hyatt-ckgro
ngbrn,Hyatt Regency Ningbo Hangzhou Bay,ngbrn-Hyatt Regency Ningbo Hangzhou Bay,Hyatt-ngbrn
qinhr,Hyatt Regency Qingdao,qinhr-Hyatt Regency Qingdao,Hyatt-qinhr
syxrs,Hyatt Regency Sanya Tianli Bay,syxrs-Hyatt Regency Sanya Tianli Bay,Hyatt-syxrs
shapr,Hyatt Regency Shanghai Global Harbor,shapr-Hyatt Regency Shanghai Global Harbor,Hyatt-shapr
sharj,Hyatt Regency Shanghai Jiading,sharj-Hyatt Regency Shanghai Jiading,Hyatt-sharj
shars,Hyatt Regency Shanghai Songjiang,shars-Hyatt Regency Shanghai Songjiang,Hyatt-shars
shwhr,"Hyatt Regency Shanghai, Wujiaochang","shwhr-Hyatt Regency Shanghai, Wujiaochang",Hyatt-shwhr
szxra,Hyatt Regency Shenzhen Airport,szxra-Hyatt Regency Shenzhen Airport,Hyatt-szxra
szxry,Hyatt Regency Shenzhen Yantian,szxry-Hyatt Regency Shenzhen Yantian,Hyatt-szxry
suzhr,Hyatt Regency Suzhou,suzhr-Hyatt Regency Suzhou,Hyatt-suzhr
etihr,Hyatt Regency Tianjin East,etihr-Hyatt Regency Tianjin East,Hyatt-etihr
wuhrw,Hyatt Regency Wuhan Optics Valley,wuhrw-Hyatt Regency Wuhan Optics Valley,Hyatt-wuhrw
wuxhr,Hyatt Regency Wuxi,wuxhr-Hyatt Regency Wuxi,Hyatt-wuxhr
xiyhr,Hyatt Regency Xi'an,xiyhr-Hyatt Regency Xi'an,Hyatt-xiyhr
xmnrw,Hyatt Regency Xiamen Wuyuanwan,xmnrw-Hyatt Regency Xiamen Wuyuanwan,Hyatt-xmnrw
xuzrx,Hyatt Regency Xuzhou,xuzrx-Hyatt Regency Xuzhou,Hyatt-xuzrx
czxrz,Hyatt Regency Zhenjiang,czxrz-Hyatt Regency Zhenjiang,Hyatt-czxrz
csxrz,Hyatt Regency Zhuzhou,csxrz-Hyatt Regency Zhuzhou,Hyatt-csxrz
ljggh,Jinmao Purelax Lijiang,ljggh-Jinmao Purelax Lijiang,Hyatt-ljggh
beiph,Park Hyatt Beijing,beiph-Park Hyatt Beijing,Hyatt-beiph
nbsph,Park Hyatt Changbaishan,nbsph-Park Hyatt Changbaishan,Hyatt-nbsph
guaph,Park Hyatt Guangzhou,guaph-Park Hyatt Guangzhou,Hyatt-guaph
hanph,Park Hyatt Hangzhou,hanph-Park Hyatt Hangzhou,Hyatt-hanph
ninph,Park Hyatt Ningbo Resort and Spa,ninph-Park Hyatt Ningbo Resort and Spa,Hyatt-ninph
sanph,Park Hyatt Sanya Sunny Bay Resort,sanph-Park Hyatt Sanya Sunny Bay Resort,Hyatt-sanph
shaph,Park Hyatt Shanghai,shaph-Park Hyatt Shanghai,Hyatt-shaph
szxph,Park Hyatt Shenzhen,szxph-Park Hyatt Shenzhen,Hyatt-szxph
suzph,Park Hyatt Suzhou,suzph-Park Hyatt Suzhou,Hyatt-suzph
jdzub,Taoxichuan Hotel,jdzub-Taoxichuan Hotel,Hyatt-jdzub
ctuub,The Langbo Chengdu,ctuub-The Langbo Chengdu,Hyatt-ctuub
ckgub,The Lixury Hotel,ckgub-The Lixury Hotel,Hyatt-ckgub
tczub,The Lost Stone Villas & Spa,tczub-The Lost Stone Villas & Spa,Hyatt-tczub
uc047,UrCove Beijing Forbidden City ,uc047-UrCove Beijing Forbidden City,Hyatt-uc047
uc003,UrCove Beijing International Exhibition Center,uc003-UrCove Beijing International Exhibition Center,Hyatt-uc003
uc008,UrCove Chengdu Yulin Road Sichuan Gymnasium,uc008-UrCove Chengdu Yulin Road Sichuan Gymnasium,Hyatt-uc008
uc067,UrCove Dongguan Fenggang,uc067-UrCove Dongguan Fenggang,Hyatt-uc067
uc011,UrCove Hangzhou Riverside CBD,uc011-UrCove Hangzhou Riverside CBD,Hyatt-uc011
uc022,UrCove Hangzhou Westlake,uc022-UrCove Hangzhou Westlake,Hyatt-uc022
uc041,UrCove Jiashan Center ,uc041-UrCove Jiashan Center,Hyatt-uc041
uc018,UrCove Nanjing Downtown,uc018-UrCove Nanjing Downtown,Hyatt-uc018
uc006,UrCove Nanjing South Railway Station,uc006-UrCove Nanjing South Railway Station,Hyatt-uc006
uc009,UrCove Nyingchi,uc009-UrCove Nyingchi,Hyatt-uc009
uc048,UrCove Qingchengshan Hot Spring Resort,uc048-UrCove Qingchengshan Hot Spring Resort,Hyatt-uc048
uc002,UrCove Shanghai Jing'an,uc002-UrCove Shanghai Jing'an,Hyatt-uc002
uc060,UrCove Shanghai Jinqiao Center,uc060-UrCove Shanghai Jinqiao Center,Hyatt-uc060
uc001,UrCove Shanghai Lujiazui EXPO,uc001-UrCove Shanghai Lujiazui EXPO,Hyatt-uc001
uc005,UrCove Shanghai Wujiaochang,uc005-UrCove Shanghai Wujiaochang,Hyatt-uc005
uc019,UrCove Shenzhen Bay Futian Port,uc019-UrCove Shenzhen Bay Futian Port,Hyatt-uc019
uc031,UrCove Shenzhen Futian CBD,uc031-UrCove Shenzhen Futian CBD,Hyatt-uc031
uc035,UrCove Shenzhen Luohu,uc035-UrCove Shenzhen Luohu,Hyatt-uc035
uc025,UrCove Shenzhen Nanshan Science and Technology Park,uc025-UrCove Shenzhen Nanshan Science and Technology Park,Hyatt-uc025
uc013,UrCove Shigatse,uc013-UrCove Shigatse,Hyatt-uc013
uc050,UrCove Tianjin Eye,uc050-UrCove Tianjin Eye,Hyatt-uc050
uc012,UrCove Weifang,uc012-UrCove Weifang,Hyatt-uc012
uc040,UrCove Xi'an Yanta Hi-Tech,uc040-UrCove Xi'an Yanta Hi-Tech,Hyatt-uc040
uc017,UrCove Xi’an North,uc017-UrCove Xi’an North,Hyatt-uc017
hkggh,Grand Hyatt Hong Kong,hkggh-Grand Hyatt Hong Kong,Hyatt-hkggh
shahr,"Hyatt Regency Hong Kong, Sha Tin","shahr-Hyatt Regency Hong Kong, Sha Tin",Hyatt-shahr
honhr,"Hyatt Regency Hong Kong, Tsim Sha Tsui","honhr-Hyatt Regency Hong Kong, Tsim Sha Tsui",Hyatt-honhr
macgh,Grand Hyatt Macau,macgh-Grand Hyatt Macau,Hyatt-macgh
hsujd,EPISODE Hsinchu,hsujd-EPISODE Hsinchu,Hyatt-hsujd
taigh,Grand Hyatt Taipei,taigh-Grand Hyatt Taipei,Hyatt-taigh
tpezn,Hyatt Place New Taipei City Xinzhuang,tpezn-Hyatt Place New Taipei City Xinzhuang,Hyatt-tpezn
canbe,Hyatt Hotel Canberra - A Park Hyatt Hotel,canbe-Hyatt Hotel Canberra - A Park Hyatt Hotel,Hyatt-canbe
sydrs,Hyatt Regency Sydney,sydrs-Hyatt Regency Sydney,Hyatt-sydrs
sydph,Park Hyatt Sydney,sydph-Park Hyatt Sydney,Hyatt-sydph
bnerb,Hyatt Regency Brisbane,bnerb-Hyatt Regency Brisbane,Hyatt-bnerb
melbo,Grand Hyatt Melbourne,melbo-Grand Hyatt Melbourne,Hyatt-melbo
melct,Hyatt Centric Melbourne,melct-Hyatt Centric Melbourne,Hyatt-melct
melzc,Hyatt Place Melbourne Caribbean Park,melzc-Hyatt Place Melbourne Caribbean Park,Hyatt-melzc
melze,Hyatt Place Melbourne Essendon Fields,melze-Hyatt Place Melbourne Essendon Fields,Hyatt-melze
melph,Park Hyatt Melbourne,melph-Park Hyatt Melbourne,Hyatt-melph
perth,Hyatt Regency Perth,perth-Hyatt Regency Perth,Hyatt-perth
aitya,Pacific Resort Aitutaki,aitya-Pacific Resort Aitutaki,Hyatt-aitya
aklph,Park Hyatt Auckland,aklph-Park Hyatt Auckland,Hyatt-aklph
sclct,Hyatt Centric Las Condes Santiago,sclct-Hyatt Centric Las Condes Santiago,Hyatt-sclct
salct,Hyatt Centric San Salvador,salct-Hyatt Centric San Salvador,Hyatt-salct
guact,Hyatt Centric Guatemala City,guact-Hyatt Centric Guatemala City,Hyatt-guact
bjxct,Hyatt Centric Campestre León,bjxct-Hyatt Centric Campestre León,Hyatt-bjxct
limct,Hyatt Centric San Isidro Lima,limct-Hyatt Centric San Isidro Lima,Hyatt-limct
mvdhy,Hyatt Centric Montevideo,mvdhy-Hyatt Centric Montevideo,Hyatt-mvdhy
dubct,Hyatt Centric The Liberties Dublin,dubct-Hyatt Centric The Liberties Dublin,Hyatt-dubct
madct,Hyatt Centric Gran Via Madrid,madct-Hyatt Centric Gran Via Madrid,Hyatt-madct
istct,Hyatt Centric Levent Istanbul,istct-Hyatt Centric Levent Istanbul,Hyatt-istct
dxbcl,Hyatt Centric Jumeirah Dubai,dxbcl-Hyatt Centric Jumeirah Dubai,Hyatt-dxbcl
tyoct,Hyatt Centric Ginza Tokyo,tyoct-Hyatt Centric Ginza Tokyo,Hyatt-tyoct
kmqct,Hyatt Centric Kanazawa,kmqct-Hyatt Centric Kanazawa,Hyatt-kmqct
bkict,Hyatt Centric Kota Kinabalu,bkict-Hyatt Centric Kota Kinabalu,Hyatt-bkict
ngbct,Hyatt Centric Lakeside Ningbo,ngbct-Hyatt Centric Lakeside Ningbo,Hyatt-ngbct
hkgct,Hyatt Centric Victoria Harbour Hong Kong,hkgct-Hyatt Centric Victoria Harbour Hong Kong,Hyatt-hkgct
osacp,Caption by Hyatt Namba Osaka,osacp-Caption by Hyatt Namba Osaka,Hyatt-osacp
lyizl,Hyatt Place Linyi People's Square,lyizl-Hyatt Place Linyi People's Square,Hyatt-lyizl
yntzy,Hyatt Place Yantai Development Zone,yntzy-Hyatt Place Yantai Development Zone,Hyatt-yntzy
stsjd,Calistoga Motor Lodge & Spa,stsjd-Calistoga Motor Lodge & Spa,Hyatt-stsjd
rnozs,Hyatt Place Reno,rnozs-Hyatt Place Reno,Hyatt-rnozs
lasdh,Rio Hotel & Casino,lasdh-Rio Hotel & Casino,Hyatt-lasdh
okcub,Fordson Hotel,okcub-Fordson Hotel,Hyatt-okcub
setpc,Secrets Tides Punta Cana,setpc-Secrets Tides Punta Cana,Hyatt-setpc
sucdp,Sunscape Coco Punta Cana,sucdp-Sunscape Coco Punta Cana,Hyatt-sucdp
sudlr,Sunscape Dominicus La Romana,sudlr-Sunscape Dominicus La Romana,Hyatt-sudlr
drmzt,Dreams Estrella del Mar Mazatlán Golf & Spa Resort,drmzt-Dreams Estrella del Mar Mazatlán Golf & Spa Resort,Hyatt-drmzt
cabph,Park Hyatt Los Cabos at Cabo Del Sol,cabph-Park Hyatt Los Cabos at Cabo Del Sol,Hyatt-cabph
sepbc,Secrets Playa Blanca Costa Mujeres,sepbc-Secrets Playa Blanca Costa Mujeres,Hyatt-sepbc
lbcjb,Lindner Hotel Boltenhagen,lbcjb-Lindner Hotel Boltenhagen,Hyatt-lbcjb
nborn,Hyatt Regency Nairobi Westlands,nborn-Hyatt Regency Nairobi Westlands,Hyatt-nborn
kwiga,Grand Hyatt Kuwait Residences,kwiga-Grand Hyatt Kuwait Residences,Hyatt-kwiga
vgazv,Hyatt Place Vijayawada,vgazv-Hyatt Place Vijayawada,Hyatt-vgazv
gayzb,Hyatt Place Bodh Gaya,gayzb-Hyatt Place Bodh Gaya,Hyatt-gayzb
goazg,Hyatt Place Goa Candolim,goazg-Hyatt Place Goa Candolim,Hyatt-goazg
goajd,Ronil Goa,goajd-Ronil Goa,Hyatt-goajd
dedzh,Hyatt Place Haridwar,dedzh-Hyatt Place Haridwar,Hyatt-dedzh
jhbzj,Hyatt Place Johor Bahru Paradigm Mall,jhbzj-Hyatt Place Johor Bahru Paradigm Mall,Hyatt-jhbzj
kulzk,Hyatt Place Kuala Lumpur Bukit Jalil,kulzk-Hyatt Place Kuala Lumpur Bukit Jalil,Hyatt-kulzk
suzrc,Hyatt Regency Changshu Kuncheng Lake,suzrc-Hyatt Regency Changshu Kuncheng Lake,Hyatt-suzrc
dluyd,The Dawn of Yihe Luxury Hotel,dluyd-The Dawn of Yihe Luxury Hotel,Hyatt-dluyd
uc069,UrCove Cangzhou Grand Canal,uc069-UrCove Cangzhou Grand Canal,Hyatt-uc069
uc065,UrCove Foshan Downtown,uc065-UrCove Foshan Downtown,Hyatt-uc065
uc027,UrCove Hangzhou Xiaoshan Jiangnan Technology City,uc027-UrCove Hangzhou Xiaoshan Jiangnan Technology City,Hyatt-uc027
uc058,UrCove Hangzhou North Grand Canal,uc058-UrCove Hangzhou North Grand Canal,Hyatt-uc058
uc076,UrCove Hefei Eco-Tech Development Area,uc076-UrCove Hefei Eco-Tech Development Area,Hyatt-uc076
uc090,UrCove Shanghai Pudong East,uc090-UrCove Shanghai Pudong East,Hyatt-uc090
uc033,UrCove Shenzhen Bay Eco-Tech Park,uc033-UrCove Shenzhen Bay Eco-Tech Park,Hyatt-uc033
uc073,UrCove Tianjin West Railway Station,uc073-UrCove Tianjin West Railway Station,Hyatt-uc073
uc085,UrCove Xi'an Hi-Tech Software Park,uc085-UrCove Xi'an Hi-Tech Software Park,Hyatt-uc085
macaz,Andaz Macau,macaz-Andaz Macau,Hyatt-macaz
dolzr,Hyatt Place Rouen,dolzr-Hyatt Place Rouen,Hyatt-dolzr
uc079,UrCove Beijing Changping,uc079-UrCove Beijing Changping,Hyatt-uc079
uc072,UrCove Chengdu Wenshu Monastery Taikoo Li,uc072-UrCove Chengdu Wenshu Monastery Taikoo Li,Hyatt-uc072
higsh,Hyatt Vacation Club at Highlands Inn,higsh-Hyatt Vacation Club at Highlands Inn,Hyatt-higsh
bwixa,Hyatt House BWI Airport / Baltimore,bwixa-Hyatt House BWI Airport / Baltimore,Hyatt-bwixa
detxa,Hyatt House Auburn Hills / Detroit,detxa-Hyatt House Auburn Hills / Detroit,Hyatt-detxa
dtwxr,Hyatt House Royal Oak / Birmingham,dtwxr-Hyatt House Royal Oak / Birmingham,Hyatt-dtwxr
ispjd,The Bentley Hotel Southampton,ispjd-The Bentley Hotel Southampton,Hyatt-ispjd
rduxd,Hyatt House Raleigh Downtown / Seaboard Station,rduxd-Hyatt House Raleigh Downtown / Seaboard Station,Hyatt-rduxd
slcgp,Grand Hyatt Deer Valley,slcgp-Grand Hyatt Deer Valley,Hyatt-slcgp
hyvgi,Hyatt Vivid Grand Island,hyvgi-Hyatt Vivid Grand Island,Hyatt-hyvgi
ptyrp,Hyatt Regency Panama City,ptyrp-Hyatt Regency Panama City,Hyatt-ptyrp
berje,Me and All Hotel Berlin East Side,berje-Me and All Hotel Berlin East Side,Hyatt-berje
zoeha,Zélia Halkidiki,zoeha-Zélia Halkidiki,Hyatt-zoeha
lbaxl,Hyatt House Leeds,lbaxl-Hyatt House Leeds,Hyatt-lbaxl
lbazl,Hyatt Place Leeds,lbazl-Hyatt Place Leeds,Hyatt-lbazl
hrerh,Hyatt Regency Harare The Meikles ,hrerh-Hyatt Regency Harare The Meikles,Hyatt-hrerh
kolct,Hyatt Centric Ballygunge Kolkata,kolct-Hyatt Centric Ballygunge Kolkata,Hyatt-kolct
upgzm,Hyatt Place Makassar,upgzm-Hyatt Place Makassar,Hyatt-upgzm
uc052, UrCove Quzhou Changshan,uc052- UrCove Quzhou Changshan,Hyatt-uc052
shacp,Caption by Hyatt Zhongshan Park Shanghai,shacp-Caption by Hyatt Zhongshan Park Shanghai,Hyatt-shacp
shact,Hyatt Centric Zhongshan Park Shanghai,shact-Hyatt Centric Zhongshan Park Shanghai,Hyatt-shact
uc053,UrCove Aksu Century Square,uc053-UrCove Aksu Century Square,Hyatt-uc053
uc101,UrCove Beijing Guomao Sanlitun,uc101-UrCove Beijing Guomao Sanlitun,Hyatt-uc101
uc074,UrCove Lhasa Potala Palace,uc074-UrCove Lhasa Potala Palace,Hyatt-uc074
uc064,UrCove Nanjing Confucius Temple,uc064-UrCove Nanjing Confucius Temple,Hyatt-uc064
uc078,UrCove Shenzhen Shekou Cruise Center,uc078-UrCove Shenzhen Shekou Cruise Center,Hyatt-uc078
dremp,"Dreams Madeira Resort, Spa & Marina","dremp-Dreams Madeira Resort, Spa & Marina",Hyatt-dremp
m0957,Cœur de Megève,m0957-Cœur de Megève,Hyatt-m0957
m0820,Merrill House,m0820-Merrill House,Hyatt-m0820
yyzxa,Hyatt House Mississauga / Airport Corporate Centre,yyzxa-Hyatt House Mississauga / Airport Corporate Centre,Hyatt-yyzxa
yyzza,Hyatt Place Mississauga / Airport Corporate Centre,yyzza-Hyatt Place Mississauga / Airport Corporate Centre,Hyatt-yyzza
yqgzw,Hyatt Place Windsor,yqgzw-Hyatt Place Windsor,Hyatt-yqgzw
m0952,Hotel San Luis Obispo,m0952-Hotel San Luis Obispo,Hyatt-m0952
m0628,Berkshires Untold,m0628-Berkshires Untold,Hyatt-m0628
m0643,Rancho Caymus Inn,m0643-Rancho Caymus Inn,Hyatt-m0643
m0488,San Luis Creek Lodge,m0488-San Luis Creek Lodge,Hyatt-m0488
m0494,The Inn at Newport Ranch,m0494-The Inn at Newport Ranch,Hyatt-m0494
m0830,White Water,m0830-White Water,Hyatt-m0830
m0810,Cambria Beach Lodge,m0810-Cambria Beach Lodge,Hyatt-m0810
m0811,Casa Laguna Hotel & Spa,m0811-Casa Laguna Hotel & Spa,Hyatt-m0811
m0435,Olema House,m0435-Olema House,Hyatt-m0435
m0536,Pioneertown Motel,m0536-Pioneertown Motel,Hyatt-m0536
m0707,The Estate Yountville,m0707-The Estate Yountville,Hyatt-m0707
m0774,The Pacific Motel,m0774-The Pacific Motel,Hyatt-m0774
m0188,Dunton Hot Springs,m0188-Dunton Hot Springs,Hyatt-m0188
m0325,Dunton Town House,m0325-Dunton Town House,Hyatt-m0325
m0335,Eleven Taylor River Lodge,m0335-Eleven Taylor River Lodge,Hyatt-m0335
m0336,Eleven Scarp Ridge Lodge,m0336-Eleven Scarp Ridge Lodge,Hyatt-m0336
m0701,Surf Hotel & Chateau,m0701-Surf Hotel & Chateau,Hyatt-m0701
m0719,Vaquera House,m0719-Vaquera House,Hyatt-m0719
m0722,Ette Hotel,m0722-Ette Hotel,Hyatt-m0722
miath,Thompson Miami Beach,miath-Thompson Miami Beach,Hyatt-miath
m0720,Yacht Club at The Boca Raton,m0720-Yacht Club at The Boca Raton,Hyatt-m0720
m0718,Kennebunkport Captains Collection,m0718-Kennebunkport Captains Collection,Hyatt-m0718
m0611,Blue Iris by Life House,m0611-Blue Iris by Life House,Hyatt-m0611
m0482,"Life House, Nantucket","m0482-Life House, Nantucket",Hyatt-m0482
m0697,The Christopher,m0697-The Christopher,Hyatt-m0697
m0741,The Edgartown Inn,m0741-The Edgartown Inn,Hyatt-m0741
m0739,The Richard,m0739-The Richard,Hyatt-m0739
m0698,The Sydney,m0698-The Sydney,Hyatt-m0698
m0398,Tourists,m0398-Tourists,Hyatt-m0398
m0715,Bluebird Sunapee,m0715-Bluebird Sunapee,Hyatt-m0715
m0465,Asbury Ocean Club,m0465-Asbury Ocean Club,Hyatt-m0465
m0318,The Asbury Hotel,m0318-The Asbury Hotel,Hyatt-m0318
m0727,Bluebird Lake Placid,m0727-Bluebird Lake Placid,Hyatt-m0727
m0629,Callicoon Hills,m0629-Callicoon Hills,Hyatt-m0629
m0692,Hotel Lilien,m0692-Hotel Lilien,Hyatt-m0692
m0748,Sound View Greenport,m0748-Sound View Greenport,Hyatt-m0748
m0670,The Lake House on Canandaigua,m0670-The Lake House on Canandaigua,Hyatt-m0670
m0690,The Shoals Suites & Slips,m0690-The Shoals Suites & Slips,Hyatt-m0690
m0780,Blind Tiger Asheville,m0780-Blind Tiger Asheville,Hyatt-m0780
m0687,Elevation Lofts Hotel,m0687-Elevation Lofts Hotel,Hyatt-m0687
m0568,Flat Mountain Farm,m0568-Flat Mountain Farm,Hyatt-m0568
m0793,Zelda Dearest,m0793-Zelda Dearest,Hyatt-m0793
m0653,Post House Inn,m0653-Post House Inn,Hyatt-m0653
m0256,Zero George Street,m0256-Zero George Street,Hyatt-m0256
rapzr,Hyatt Place Rapid City / Downtown,rapzr-Hyatt Place Rapid City / Downtown,Hyatt-rapzr
mklzj,Hyatt Place Jackson / West Tennessee ,mklzj-Hyatt Place Jackson / West Tennessee,Hyatt-mklzj
egpze,Hyatt Place Eagle Pass,egpze-Hyatt Place Eagle Pass,Hyatt-egpze
m0402,Caldera House,m0402-Caldera House,Hyatt-m0402
m0271,Malliouhana,m0271-Malliouhana,Hyatt-m0271
m0140,Hermitage Bay,m0140-Hermitage Bay,Hyatt-m0140
m0824,Tamarind Hills Antigua,m0824-Tamarind Hills Antigua,Hyatt-m0824
m0144,Blancaneaux Lodge,m0144-Blancaneaux Lodge,Hyatt-m0144
m0143,Turtle Inn,m0143-Turtle Inn,Hyatt-m0143
sdqct,Hyatt Centric Santo Domingo,sdqct-Hyatt Centric Santo Domingo,Hyatt-sdqct
m0351,Awasi Iguazú,m0351-Awasi Iguazú,Hyatt-m0351
m0597,Explora El Chaltén,m0597-Explora El Chaltén,Hyatt-m0597
m0813,Finca Valentina,m0813-Finca Valentina,Hyatt-m0813
m0353,Cobblers Cove Barbados,m0353-Cobblers Cove Barbados,Hyatt-m0353
m0146,Little Good Harbour,m0146-Little Good Harbour,Hyatt-m0146
m0958,Met Hotel La Paz,m0958-Met Hotel La Paz,Hyatt-m0958
m0624,Golden Rock Dive & Nature Resort,m0624-Golden Rock Dive & Nature Resort,Hyatt-m0624
m0714,Ka Bru 1100 Boutique Hotel,m0714-Ka Bru 1100 Boutique Hotel,Hyatt-m0714
m0705,Ka Bru Beach Boutique Hotel,m0705-Ka Bru Beach Boutique Hotel,Hyatt-m0705
m0782,Kenoa Resort,m0782-Kenoa Resort,Hyatt-m0782
m0177,Ponta dos Ganchos,m0177-Ponta dos Ganchos,Hyatt-m0177
m0268,Txai Itacaré,m0268-Txai Itacaré,Hyatt-m0268
m0158,Uxua Casa Hotel & Spa,m0158-Uxua Casa Hotel & Spa,Hyatt-m0158
m0818,Le Soleil d'Or,m0818-Le Soleil d'Or,Hyatt-m0818
m0307,AndBeyond Vira Vira,m0307-AndBeyond Vira Vira,Hyatt-m0307
m0337,Awasi Atacama,m0337-Awasi Atacama,Hyatt-m0337
m0292,Awasi Patagonia,m0292-Awasi Patagonia,Hyatt-m0292
m0315,Explora Atacama,m0315-Explora Atacama,Hyatt-m0315
m0781,Explora Patagonia National Park,m0781-Explora Patagonia National Park,Hyatt-m0781
m0316,Explora Rapa Nui,m0316-Explora Rapa Nui,Hyatt-m0316
m0314,Explora Torres del Paine,m0314-Explora Torres del Paine,Hyatt-m0314
m0478,Futangue Hotel & Spa,m0478-Futangue Hotel & Spa,Hyatt-m0478
m0419,Hotel Alaia,m0419-Hotel Alaia,Hyatt-m0419
m0363,Hotel Awa,m0363-Hotel Awa,Hyatt-m0363
m0310,The Singular Patagonia,m0310-The Singular Patagonia,Hyatt-m0310
m0311,Tierra Atacama Hotel & Spa,m0311-Tierra Atacama Hotel & Spa,Hyatt-m0311
m0313,Refugia Chiloe Hotel & Spa,m0313-Refugia Chiloe Hotel & Spa,Hyatt-m0313
m0312,Tierra Patagonia Hotel & Spa,m0312-Tierra Patagonia Hotel & Spa,Hyatt-m0312
m0910,Vik Chile,m0910-Vik Chile,Hyatt-m0910
m0667,Cannúa,m0667-Cannúa,Hyatt-m0667
m0764,Casa Yahri,m0764-Casa Yahri,Hyatt-m0764
m0816,Las Islas,m0816-Las Islas,Hyatt-m0816
m0436,One Santuario Natural,m0436-One Santuario Natural,Hyatt-m0436
m0501,Amor Arenal,m0501-Amor Arenal,Hyatt-m0501
m0219,El Silencio Lodge & Spa,m0219-El Silencio Lodge & Spa,Hyatt-m0219
m0541,Hotel Aguas Claras,m0541-Hotel Aguas Claras,Hyatt-m0541
sjoct,Hyatt Centric San José Escazú,sjoct-Hyatt Centric San José Escazú,Hyatt-sjoct
m0236,Kurà,m0236-Kurà,Hyatt-m0236
m0605,Ocio Villas by Casa Chameleon,m0605-Ocio Villas by Casa Chameleon,Hyatt-m0605
m0677,Origins Lodge,m0677-Origins Lodge,Hyatt-m0677
m0220,Oxygen Jungle Villas,m0220-Oxygen Jungle Villas,Hyatt-m0220
m0251,Secret Bay,m0251-Secret Bay,Hyatt-m0251
m0949,Casa Gangotena,m0949-Casa Gangotena,Hyatt-m0949
m0706,Hacienda La Danesa,m0706-Hacienda La Danesa,Hyatt-m0706
m0950,Mashpi Lodge,m0950-Mashpi Lodge,Hyatt-m0950
m0274,Tanusas,m0274-Tanusas,Hyatt-m0274
m0802,Calabash Hotel,m0802-Calabash Hotel,Hyatt-m0802
m0616,Casa Palopó,m0616-Casa Palopó,Hyatt-m0616
m0145,La Lancha,m0145-La Lancha,Hyatt-m0145
m0613,Villa Bokéh,m0613-Villa Bokéh,Hyatt-m0613
m0397,Ibagari Boutique Hotel,m0397-Ibagari Boutique Hotel,Hyatt-m0397
m0489,Aldea Kuká,m0489-Aldea Kuká,Hyatt-m0489
m0808,Amomoxtli,m0808-Amomoxtli,Hyatt-m0808
m0573,Casa Hormiga,m0573-Casa Hormiga,Hyatt-m0573
m0712,Casa Muuch,m0712-Casa Muuch,Hyatt-m0712
m0321,Chablé Yucatán,m0321-Chablé Yucatán,Hyatt-m0321
m0393,Cinco Rodavento,m0393-Cinco Rodavento,Hyatt-m0393
m0749,Colima 71 - Casa de Arte Hotel,m0749-Colima 71 - Casa de Arte Hotel,Hyatt-m0749
m0649,Coqui Coqui Casa de los Santos,m0649-Coqui Coqui Casa de los Santos,Hyatt-m0649
m0217,Coqui Coqui Coba Residence & Spa,m0217-Coqui Coqui Coba Residence & Spa,Hyatt-m0217
esedz,Dream Valle de Guadalupe,esedz-Dream Valle de Guadalupe,Hyatt-esedz
m0382,Hotel Rodavento,m0382-Hotel Rodavento,Hyatt-m0382
m0381,La Casa Rodavento,m0381-La Casa Rodavento,Hyatt-m0381
m0610,Taller de Juan Casa-Hotel,m0610-Taller de Juan Casa-Hotel,Hyatt-m0610
m0290,Jicaro Island Lodge,m0290-Jicaro Island Lodge,Hyatt-m0290
m0822,Morgan's Rock Hacienda and Ecolodge,m0822-Morgan's Rock Hacienda and Ecolodge,Hyatt-m0822
m0519,Isla Palenque,m0519-Isla Palenque,Hyatt-m0519
m0612,Villa Nai 3.3,m0612-Villa Nai 3.3,Hyatt-m0612
m0723,Zori Timeless Hotel,m0723-Zori Timeless Hotel,Hyatt-m0723
m0233,Almyra,m0233-Almyra,Hyatt-m0233
m0385,Annabelle,m0385-Annabelle,Hyatt-m0385
m0627,Cap St Georges Hotel & Resort,m0627-Cap St Georges Hotel & Resort,Hyatt-m0627
m0377,Gillham Vineyard Hotel,m0377-Gillham Vineyard Hotel,Hyatt-m0377
m0693,Minthis,m0693-Minthis,Hyatt-m0693
m0688,The Agora Hotel,m0688-The Agora Hotel,Hyatt-m0688
m0476,Hotel Skt. Annæ,m0476-Hotel Skt. Annæ,Hyatt-m0476
m0756,The Darling,m0756-The Darling,Hyatt-m0756
m0414,Arctic Treehouse Hotel,m0414-Arctic Treehouse Hotel,Hyatt-m0414
m0574,Capelongue,m0574-Capelongue,Hyatt-m0574
m0408,Château de Fonscolombe,m0408-Château de Fonscolombe,Hyatt-m0408
m0165,Château de Saint Paterne,m0165-Château de Saint Paterne,Hyatt-m0165
m0112,Château les Merles,m0112-Château les Merles,Hyatt-m0112
m0242,Domaine les Roullets,m0242-Domaine les Roullets,Hyatt-m0242
m0608,Hôtel de Toiras,m0608-Hôtel de Toiras,Hyatt-m0608
m0113,Jardins Secrets,m0113-Jardins Secrets,Hyatt-m0113
m0178,L'Alpaga,m0178-L'Alpaga,Hyatt-m0178
m0413,La Divine Comédie,m0413-La Divine Comédie,Hyatt-m0413
m0172,La Villa Gallici,m0172-La Villa Gallici,Hyatt-m0172
m0171,Le Mas de la Rose,m0171-Le Mas de la Rose,Hyatt-m0171
m0817,Le Relais de Chambord,m0817-Le Relais de Chambord,Hyatt-m0817
m0540,Le Val Thorens,m0540-Le Val Thorens,Hyatt-m0540
m0564,Les Hautes Mers,m0564-Les Hautes Mers,Hyatt-m0564
m0622,M Lodge,m0622-M Lodge,Hyatt-m0622
m0213,Portetta,m0213-Portetta,Hyatt-m0213
m0438,Royal Champagne Hotel & Spa,m0438-Royal Champagne Hotel & Spa,Hyatt-m0438
m0607,Villa Clarisse,m0607-Villa Clarisse,Hyatt-m0607
m0330,Villa Marie Saint Tropez,m0330-Villa Marie Saint Tropez,Hyatt-m0330
m0566,Armancette,m0566-Armancette,Hyatt-m0566
m0565,La Mourra Hôtel Village,m0565-La Mourra Hôtel Village,Hyatt-m0565
m0422,Le Fitz Roy,m0422-Le Fitz Roy,Hyatt-m0422
m0210,Le Lodge Park,m0210-Le Lodge Park,Hyatt-m0210
m0659,Villa Maïa,m0659-Villa Maïa,Hyatt-m0659
m0359,Zannier Le Chalet,m0359-Zannier Le Chalet,Hyatt-m0359
m0303,Château de la Resle,m0303-Château de la Resle,Hyatt-m0303
m0443,Château de Sacy,m0443-Château de Sacy,Hyatt-m0443
m0295,Castelbrac,m0295-Castelbrac,Hyatt-m0295
m0286,No 38 The Park,m0286-No 38 The Park,Hyatt-m0286
m0711,"No. 42 by Guesthouse, Margate","m0711-No. 42 by Guesthouse, Margate",Hyatt-m0711
m0301,"No.15 by Guesthouse, Bath","m0301-No.15 by Guesthouse, Bath",Hyatt-m0301
m0222,Number Thirty Eight,m0222-Number Thirty Eight,Hyatt-m0222
m0167,Queensberry Hotel,m0167-Queensberry Hotel,Hyatt-m0167
m0623,Retreat East,m0623-Retreat East,Hyatt-m0623
m0908,Southampton Harbour Hotel,m0908-Southampton Harbour Hotel,Hyatt-m0908
m0410,St Mawes Hotel,m0410-St Mawes Hotel,Hyatt-m0410
m0631,Temple Guiting Manor & Barns,m0631-Temple Guiting Manor & Barns,Hyatt-m0631
m0486,The Bath Arms at Longleat,m0486-The Bath Arms at Longleat,Hyatt-m0486
m0175,The Beckford Arms,m0175-The Beckford Arms,Hyatt-m0175
m0484,"The Bird, Bath","m0484-The Bird, Bath",Hyatt-m0484
m0583,The Blonde Hedgehog,m0583-The Blonde Hedgehog,Hyatt-m0583
m0549,The Bradley Hare,m0549-The Bradley Hare,Hyatt-m0549
m0517,The Bull & Last,m0517-The Bull & Last,Hyatt-m0517
m0694,The Collective at Woolsery,m0694-The Collective at Woolsery,Hyatt-m0694
m0765,The Cotley Inn,m0765-The Cotley Inn,Hyatt-m0765
m0369,The Cow,m0369-The Cow,Hyatt-m0369
m0148,The Crab & Lobster,m0148-The Crab & Lobster,Hyatt-m0148
m0247,The Crown,m0247-The Crown,Hyatt-m0247
m0893,The Duncombe Arms,m0893-The Duncombe Arms,Hyatt-m0893
m0760,The Falstaff,m0760-The Falstaff,Hyatt-m0760
m0196,The Gallivant,m0196-The Gallivant,Hyatt-m0196
m0132,The George in Rye,m0132-The George in Rye,Hyatt-m0132
m0906,The Grandtully Hotel by Ballintaggart,m0906-The Grandtully Hotel by Ballintaggart,Hyatt-m0906
m0510,The Grosvenor Stockbridge,m0510-The Grosvenor Stockbridge,Hyatt-m0510
m0635,The Grove,m0635-The Grove,Hyatt-m0635
m0775,The Harper,m0775-The Harper,Hyatt-m0775
m0827,The Lakes by Yoo Hotel & Residences,m0827-The Lakes by Yoo Hotel & Residences,Hyatt-m0827
m0276,The Laslett,m0276-The Laslett,Hyatt-m0276
m0352,The Lygon Arms,m0352-The Lygon Arms,Hyatt-m0352
m0745,The Old Bell Hotel,m0745-The Old Bell Hotel,Hyatt-m0745
m0111,The Peacock at Rowsley,m0111-The Peacock at Rowsley,Hyatt-m0111
m0485,The Pheasant Inn,m0485-The Pheasant Inn,Hyatt-m0485
m0261,The Portobello Hotel,m0261-The Portobello Hotel,Hyatt-m0261
m0584,"The Princess Royal, Notting Hill","m0584-The Princess Royal, Notting Hill",Hyatt-m0584
m0136,The Rectory Hotel,m0136-The Rectory Hotel,Hyatt-m0136
m0121,The Royal Crescent Hotel & Spa,m0121-The Royal Crescent Hotel & Spa,Hyatt-m0121
m0401,The Swan Southwold,m0401-The Swan Southwold,Hyatt-m0401
m0456,The Talbot,m0456-The Talbot,Hyatt-m0456
m0244,The Talbot Inn,m0244-The Talbot Inn,Hyatt-m0244
m0209,The Wheatsheaf Inn,m0209-The Wheatsheaf Inn,Hyatt-m0209
m0535,The Yard in Bath,m0535-The Yard in Bath,Hyatt-m0535
m0556,Three Mile Beach,m0556-Three Mile Beach,Hyatt-m0556
m0661,Sansara Surf & Yoga Resort,m0661-Sansara Surf & Yoga Resort,Hyatt-m0661
m0472,Cirqa,m0472-Cirqa,Hyatt-m0472
m0405,Explora Sacred Valley,m0405-Explora Sacred Valley,Hyatt-m0405
m0358,Inkaterra Hacienda Urubamba,m0358-Inkaterra Hacienda Urubamba,Hyatt-m0358
m0592,Inkaterra Machu Picchu Pueblo,m0592-Inkaterra Machu Picchu Pueblo,Hyatt-m0592
m0815,KiChic,m0815-KiChic,Hyatt-m0815
m0740,Las Qolqas,m0740-Las Qolqas,Hyatt-m0740
m0823,Sol y Luna,m0823-Sol y Luna,Hyatt-m0823
piodh,The Legend Paracas Resort,piodh-The Legend Paracas Resort,Hyatt-piodh
m0223,Titilaka,m0223-Titilaka,Hyatt-m0223
m0322,Gyp Sea Saint Barth,m0322-Gyp Sea Saint Barth,Hyatt-m0322
m0257,Hotel Christopher,m0257-Hotel Christopher,Hyatt-m0257
m0269,Hotel Le Toiny,m0269-Hotel Le Toiny,Hyatt-m0269
m0346,Bahia Vik José Ignacio,m0346-Bahia Vik José Ignacio,Hyatt-m0346
m0773,Comarca Las Liebres,m0773-Comarca Las Liebres,Hyatt-m0773
m0179,Estancia Vik José Ignacio,m0179-Estancia Vik José Ignacio,Hyatt-m0179
m0552,Luz Culinary Wine Lodge,m0552-Luz Culinary Wine Lodge,Hyatt-m0552
m0354,Playa Vik José Ignacio,m0354-Playa Vik José Ignacio,Hyatt-m0354
m0543,Long Bay Beach Resort,m0543-Long Bay Beach Resort,Hyatt-m0543
m0799,The Aerial BVI,m0799-The Aerial BVI,Hyatt-m0799
m0668,The Hideout White Bay,m0668-The Hideout White Bay,Hyatt-m0668
m0479,L'Ovella Negra,m0479-L'Ovella Negra,Hyatt-m0479
m0572,Les Pardines 1819,m0572-Les Pardines 1819,Hyatt-m0572
m0345,1898 The Post,m0345-1898 The Post,Hyatt-m0345
m0439,Boutique Hotel Sablon,m0439-Boutique Hotel Sablon,Hyatt-m0439
m0769,Château de Vignée,m0769-Château de Vignée,Hyatt-m0769
m0927,Pillows Grand Boutique Hotel Reylof Ghent,m0927-Pillows Grand Boutique Hotel Reylof Ghent,Hyatt-m0927
m0755,The Notary,m0755-The Notary,Hyatt-m0755
m0809,Briig Boutique Hotel,m0809-Briig Boutique Hotel,Hyatt-m0809
m0434,Hotel Bellevue Dubrovnik,m0434-Hotel Bellevue Dubrovnik,Hyatt-m0434
m0956,Hotel Kompas,m0956-Hotel Kompas,Hyatt-m0956
m0658,Hotel Supetar,m0658-Hotel Supetar,Hyatt-m0658
m0511,Maslina Resort,m0511-Maslina Resort,Hyatt-m0511
m0620,Meneghetti Wine Hotel & Winery,m0620-Meneghetti Wine Hotel & Winery,Hyatt-m0620
m0453,Amara,m0453-Amara,Hyatt-m0453
m0232,Anassa,m0232-Anassa,Hyatt-m0232
m0492,Domaine de Primard,m0492-Domaine de Primard,Hyatt-m0492
m0588,A Casa Reale,m0588-A Casa Reale,Hyatt-m0588
m0516,Aethos Corsica,m0516-Aethos Corsica,Hyatt-m0516
m0241,La Signoria,m0241-La Signoria,Hyatt-m0241
m0744,Les Regalia,m0744-Les Regalia,Hyatt-m0744
m0267,Hôtel Les Dames du Panthéon,m0267-Hôtel Les Dames du Panthéon,Hyatt-m0267
m0394,Hôtel Monte Cristo Paris,m0394-Hôtel Monte Cristo Paris,Hyatt-m0394
m0942,Hôtel Walla​​ce,m0942-Hôtel Walla​​ce,Hyatt-m0942
m0487,Maison Breguet,m0487-Maison Breguet,Hyatt-m0487
m0464,Experimental Marais,m0464-Experimental Marais,Hyatt-m0464
m0348,Manoir de Surville,m0348-Manoir de Surville,Hyatt-m0348
m0421,Hôtel Chais Monnet & Spa,m0421-Hôtel Chais Monnet & Spa,Hyatt-m0421
m0767,La Nauve Hôtel & Jardin,m0767-La Nauve Hôtel & Jardin,Hyatt-m0767
m0604,Le Domaine de Sirius,m0604-Le Domaine de Sirius,Hyatt-m0604
m0390,Manoir de Plaisance,m0390-Manoir de Plaisance,Hyatt-m0390
m0598,Château Capitoul,m0598-Château Capitoul,Hyatt-m0598
m0542,Loire Valley Lodges,m0542-Loire Valley Lodges,Hyatt-m0542
m0761,Bastide du Mourre,m0761-Bastide du Mourre,Hyatt-m0761
m0763,Domaine de Chalamon,m0763-Domaine de Chalamon,Hyatt-m0763
m0308,Domaine de Fontenille,m0308-Domaine de Fontenille,Hyatt-m0308
m0234,Hostellerie de l'Abbaye de la Celle,m0234-Hostellerie de l'Abbaye de la Celle,Hyatt-m0234
m0560,Hôtel La Ponche,m0560-Hôtel La Ponche,Hyatt-m0560
m0115,La Maison du Frêne,m0115-La Maison du Frêne,Hyatt-m0115
m0571,Le Moulin,m0571-Le Moulin,Hyatt-m0571
m0170,Le Saint Paul,m0170-Le Saint Paul,Hyatt-m0170
m0329,Les Roches Rouges,m0329-Les Roches Rouges,Hyatt-m0329
m0474,Lily of the Valley,m0474-Lily of the Valley,Hyatt-m0474
m0370,Mougins Luxury Hotel,m0370-Mougins Luxury Hotel,Hyatt-m0370
m0182,Tiara Yaktsa,m0182-Tiara Yaktsa,Hyatt-m0182
m0709,Toile Blanche,m0709-Toile Blanche,Hyatt-m0709
m0473,Villa Saint-Ange,m0473-Villa Saint-Ange,Hyatt-m0473
m0652,Cora Apartments,m0652-Cora Apartments,Hyatt-m0652
m0380,Abaton Island Resort & Spa,m0380-Abaton Island Resort & Spa,Hyatt-m0380
m0514,Acro Suites,m0514-Acro Suites,Hyatt-m0514
m0477,Acron Villas,m0477-Acron Villas,Hyatt-m0477
m0235,"Amirandes, A Grecotel Resort","m0235-Amirandes, A Grecotel Resort",Hyatt-m0235
m0640,Amyth of Mykonos,m0640-Amyth of Mykonos,Hyatt-m0640
m0237,Anemi Folegandros,m0237-Anemi Folegandros,Hyatt-m0237
m0546,Aristide Hotel,m0546-Aristide Hotel,Hyatt-m0546
m0752,Ayiopetra,m0752-Ayiopetra,Hyatt-m0752
m0619,Azade Chania,m0619-Azade Chania,Hyatt-m0619
m0134,Bill & Coo Mykonos,m0134-Bill & Coo Mykonos,Hyatt-m0134
m0545,Bonzoe Suites & Villas,m0545-Bonzoe Suites & Villas,Hyatt-m0545
m0350,Branco Mykonos,m0350-Branco Mykonos,Hyatt-m0350
m0638,Cali Mykonos,m0638-Cali Mykonos,Hyatt-m0638
m0532,Casa Cook Rhodes,m0532-Casa Cook Rhodes,Hyatt-m0532
m0596,Casa Cook Samos,m0596-Casa Cook Samos,Hyatt-m0596
m0794,Casa Mediterraneo,m0794-Casa Mediterraneo,Hyatt-m0794
m0657,Castro Hotel Syros,m0657-Castro Hotel Syros,Hyatt-m0657
m0680,Celestial All Suites Kefalonia,m0680-Celestial All Suites Kefalonia,Hyatt-m0680
m0383,Cressa Suites,m0383-Cressa Suites,Hyatt-m0383
m0226,Daios Cove,m0226-Daios Cove,Hyatt-m0226
m0526,Dexamenes Seaside Hotel,m0526-Dexamenes Seaside Hotel,Hyatt-m0526
m0750,Domes Noruz Mykonos,m0750-Domes Noruz Mykonos,Hyatt-m0750
m0278,Eagles Palace,m0278-Eagles Palace,Hyatt-m0278
m0674,Eliamos Villas Hotel & Spa,m0674-Eliamos Villas Hotel & Spa,Hyatt-m0674
m0440,Elivi Skiathos,m0440-Elivi Skiathos,Hyatt-m0440
m0505,Elix,m0505-Elix,Hyatt-m0505
m0133,Grace Mykonos,m0133-Grace Mykonos,Hyatt-m0133
m0664,Ios Grand Pool Suites,m0664-Ios Grand Pool Suites,Hyatt-m0664
m0497,Kalesma Mykonos,m0497-Kalesma Mykonos,Hyatt-m0497
m0185,Kapsaliana Village Hotel,m0185-Kapsaliana Village Hotel,Hyatt-m0185
m0920,Kove Mykonos,m0920-Kove Mykonos,Hyatt-m0920
m0207,Kinsterna Hotel,m0207-Kinsterna Hotel,Hyatt-m0207
m0409,Lango Design Hotel & Spa,m0409-Lango Design Hotel & Spa,Hyatt-m0409
m0737,Mandraki Beach Resort,m0737-Mandraki Beach Resort,Hyatt-m0737
m0525,Meraviglia Slow Living,m0525-Meraviglia Slow Living,Hyatt-m0525
m0426,My Mykonos Hotel,m0426-My Mykonos Hotel,Hyatt-m0426
m0389,Naxian on the Beach,m0389-Naxian on the Beach,Hyatt-m0389
m0500,Nomad Mykonos,m0500-Nomad Mykonos,Hyatt-m0500
m0791,Nós Hotel & Villas,m0791-Nós Hotel & Villas,Hyatt-m0791
m0787,Nostos Serifos,m0787-Nostos Serifos,Hyatt-m0787
m0529,Numo Ierapetra Beach Resort,m0529-Numo Ierapetra Beach Resort,Hyatt-m0529
m0491,Oku Kos,m0491-Oku Kos,Hyatt-m0491
m0726,Onar Andros,m0726-Onar Andros,Hyatt-m0726
m0187,Paradise Island Villas,m0187-Paradise Island Villas,Hyatt-m0187
m0914,The Patrick & Joan Leigh Fermor House,m0914-The Patrick & Joan Leigh Fermor House,Hyatt-m0914
m0798,Pnoé Breathing Life,m0798-Pnoé Breathing Life,Hyatt-m0798
m0947,Pnoēs Tinos,m0947-Pnoēs Tinos,Hyatt-m0947
m0225,Poseidonion Grand Hotel,m0225-Poseidonion Grand Hotel,Hyatt-m0225
m0281,Rocabella Mykonos,m0281-Rocabella Mykonos,Hyatt-m0281
m0522,Saluti da Stampalia Suites,m0522-Saluti da Stampalia Suites,Hyatt-m0522
m0528,Santorini Sky,m0528-Santorini Sky,Hyatt-m0528
m0587,Skinopi Lodge Milos,m0587-Skinopi Lodge Milos,Hyatt-m0587
m0280,The Danai,m0280-The Danai,Hyatt-m0280
m0518,The Island Concept,m0518-The Island Concept,Hyatt-m0518
m0561,Yayaki Spetses,m0561-Yayaki Spetses,Hyatt-m0561
m0334,Eleven Deplar Farm,m0334-Eleven Deplar Farm,Hyatt-m0334
m0373,Kvosin Hotel,m0373-Kvosin Hotel,Hyatt-m0373
m0326,Sandhotel,m0326-Sandhotel,Hyatt-m0326
m0365,The Retreat at Blue Lagoon,m0365-The Retreat at Blue Lagoon,Hyatt-m0365
m0618,The Cashel Palace,m0618-The Cashel Palace,Hyatt-m0618
m0512,Aethos Saragano,m0512-Aethos Saragano,Hyatt-m0512
m0606,Lupaia,m0606-Lupaia,Hyatt-m0606
m0523,Nordelaia,m0523-Nordelaia,Hyatt-m0523
m0594,Palazzo Presta,m0594-Palazzo Presta,Hyatt-m0594
m0770,Podere San Filippo,m0770-Podere San Filippo,Hyatt-m0770
m0272,Prati Palai,m0272-Prati Palai,Hyatt-m0272
m0184,Sextantio Albergo Diffuso,m0184-Sextantio Albergo Diffuso,Hyatt-m0184
m0376,Borgo Canonica,m0376-Borgo Canonica,Hyatt-m0376
m0230,Borgo Egnazia,m0230-Borgo Egnazia,Hyatt-m0230
m0678,Casa a Corte,m0678-Casa a Corte,Hyatt-m0678
m0735,Castello di Ugento,m0735-Castello di Ugento,Hyatt-m0735
m0660,Castle Elvira,m0660-Castle Elvira,Hyatt-m0660
m0275,Don Ferrante,m0275-Don Ferrante,Hyatt-m0275
m0338,Don Totu,m0338-Don Totu,Hyatt-m0338
m0601,I Tre Bacili,m0601-I Tre Bacili,Hyatt-m0601
m0716,Il Giardino Grande,m0716-Il Giardino Grande,Hyatt-m0716
m0387,La Peschiera,m0387-La Peschiera,Hyatt-m0387
m0493,Masseria Calderisi,m0493-Masseria Calderisi,Hyatt-m0493
m0672,Masseria Le Carrube,m0672-Masseria Le Carrube,Hyatt-m0672
m0122,Masseria Torre Coccaro,m0122-Masseria Torre Coccaro,Hyatt-m0122
m0508,Palais Gentile,m0508-Palais Gentile,Hyatt-m0508
m0429,Palazzo Daniele,m0429-Palazzo Daniele,Hyatt-m0429
m0732,Palazzo Maresgallo,m0732-Palazzo Maresgallo,Hyatt-m0732
m0483,Paragon 700 Boutique Hotel & Spa,m0483-Paragon 700 Boutique Hotel & Spa,Hyatt-m0483
m0181,Sextantio le Grotte della Civita,m0181-Sextantio le Grotte della Civita,Hyatt-m0181
m0221,Torre Fiore Hotel Masseria,m0221-Torre Fiore Hotel Masseria,Hyatt-m0221
m0785,Artemisia Domus Giardino,m0785-Artemisia Domus Giardino,Hyatt-m0785
m0197,Bellevue Syrene,m0197-Bellevue Syrene,Hyatt-m0197
m0227,Capri Tiberio Palace,m0227-Capri Tiberio Palace,Hyatt-m0227
m0758,Faro Punta Imperatore,m0758-Faro Punta Imperatore,Hyatt-m0758
m0790,Furore Grand Hotel,m0790-Furore Grand Hotel,Hyatt-m0790
m0195,Hotel Capo La Gala and Wellness,m0195-Hotel Capo La Gala and Wellness,Hyatt-m0195
m0137,JK Place Capri,m0137-JK Place Capri,Hyatt-m0137
m0609,Marina Piccola 73,m0609-Marina Piccola 73,Hyatt-m0609
m0332,Palazzo Avino,m0332-Palazzo Avino,Hyatt-m0332
m0753,Roncolo 1888,m0753-Roncolo 1888,Hyatt-m0753
romrt,Hyatt Regency Rome Central,romrt-Hyatt Regency Rome Central,Hyatt-romrt
m0200,Villa Rosmarino,m0200-Villa Rosmarino,Hyatt-m0200
m0254,BellaRiva,m0254-BellaRiva,Hyatt-m0254
m0562,Casa Olea Hotel,m0562-Casa Olea Hotel,Hyatt-m0562
m0224,L'Albereta,m0224-L'Albereta,Hyatt-m0224
m0470,Palazzo Albricci Peregrini,m0470-Palazzo Albricci Peregrini,Hyatt-m0470
m0255,Relais Villa Vittoria,m0255-Relais Villa Vittoria,Hyatt-m0255
m0198,Villa Arcadio,m0198-Villa Arcadio,Hyatt-m0198
m0116,La Villa Hotel,m0116-La Villa Hotel,Hyatt-m0116
m0524,Laqua by the Lake,m0524-Laqua by the Lake,Hyatt-m0524
m0699,Asmundo di Gisira,m0699-Asmundo di Gisira,Hyatt-m0699
m0150,Azienda Agricola Mandranova,m0150-Azienda Agricola Mandranova,Hyatt-m0150
m0152,Casa Talia,m0152-Casa Talia,Hyatt-m0152
m0803,Country House Villadorata,m0803-Country House Villadorata,Hyatt-m0803
m0371,Dimora delle Balze,m0371-Dimora delle Balze,Hyatt-m0371
m0285,Donna Coraly Country Boutique Hotel,m0285-Donna Coraly Country Boutique Hotel,Hyatt-m0285
m0104,Hotel Signum,m0104-Hotel Signum,Hyatt-m0104
m0151,Le Lumie,m0151-Le Lumie,Hyatt-m0151
m0651,Lùme,m0651-Lùme,Hyatt-m0651
m0248,Monaci delle Terre Nere,m0248-Monaci delle Terre Nere,Hyatt-m0248
m0347,Principe di Salina,m0347-Principe di Salina,Hyatt-m0347
m0212,Seven Rooms Villadorata,m0212-Seven Rooms Villadorata,Hyatt-m0212
m0771,Susafa,m0771-Susafa,Hyatt-m0771
m0591,Zash Country Boutique Hotel & Spa,m0591-Zash Country Boutique Hotel & Spa,Hyatt-m0591
m0776,1477 Reichhalter,m0776-1477 Reichhalter,Hyatt-m0776
m0772,Fink Restaurant & Suites,m0772-Fink Restaurant & Suites,Hyatt-m0772
m0502,Forestis,m0502-Forestis,Hyatt-m0502
m0801,Hotel Schwarzschmied,m0801-Hotel Schwarzschmied,Hyatt-m0801
m0779,Parkhotel Mondschein,m0779-Parkhotel Mondschein,Hyatt-m0779
m0777,Villa Arnica,m0777-Villa Arnica,Hyatt-m0777
m0253,Vivere Suites and Rooms,m0253-Vivere Suites and Rooms,Hyatt-m0253
m0449,Badia di Pomaio,m0449-Badia di Pomaio,Hyatt-m0449
m0475,Borgo 69,m0475-Borgo 69,Hyatt-m0475
m0327,Borgo Pignano,m0327-Borgo Pignano,Hyatt-m0327
m0142,Castello di Vicarello,m0142-Castello di Vicarello,Hyatt-m0142
m0173,Conti di San Bonifacio Wine Resort,m0173-Conti di San Bonifacio Wine Resort,Hyatt-m0173
m0807,Follonico,m0807-Follonico,Hyatt-m0807
m0192,Locanda al Colle,m0192-Locanda al Colle,Hyatt-m0192
m0356,Locanda in Tuscany,m0356-Locanda in Tuscany,Hyatt-m0356
m0284,Locanda Rossa,m0284-Locanda Rossa,Hyatt-m0284
m0239,Monteverdi Tuscany,m0239-Monteverdi Tuscany,Hyatt-m0239
m0551,Oasyhotel,m0551-Oasyhotel,Hyatt-m0551
m0733,Palazzo Belvedere,m0733-Palazzo Belvedere,Hyatt-m0733
m0757,Pieve Aldina,m0757-Pieve Aldina,Hyatt-m0757
m0246,Poggio Piglia,m0246-Poggio Piglia,Hyatt-m0246
m0751,Precise Tale Poggio Alla Sala,m0751-Precise Tale Poggio Alla Sala,Hyatt-m0751
m0662,Villa Lena,m0662-Villa Lena,Hyatt-m0662
m0199,Borgo della Marmotta,m0199-Borgo della Marmotta,Hyatt-m0199
m0174,Palazzo Seneca,m0174-Palazzo Seneca,Hyatt-m0174
m0602,Butterfly Verona,m0602-Butterfly Verona,Hyatt-m0602
m0806,Hotel de Len,m0806-Hotel de Len,Hyatt-m0806
m0193,Maison Matilda,m0193-Maison Matilda,Hyatt-m0193
m0557,The Moorings,m0557-The Moorings,Hyatt-m0557
m0366,Cugo Gran Macina Malta,m0366-Cugo Gran Macina Malta,Hyatt-m0366
mlact,Hyatt Centric Malta,mlact-Hyatt Centric Malta,Hyatt-mlact
m0937,Iniala Harbour House,m0937-Iniala Harbour House,Hyatt-m0937
m0437,Rosselli,m0437-Rosselli,Hyatt-m0437
m0342,The Saint John,m0342-The Saint John,Hyatt-m0342
m0825,The Chedi Lustica Bay,m0825-The Chedi Lustica Bay,Hyatt-m0825
m0907,Pillows Grand Boutique Hotel Ter Borch,m0907-Pillows Grand Boutique Hotel Ter Borch,Hyatt-m0907
m0641,Bergen Børs Hotel,m0641-Bergen Børs Hotel,Hyatt-m0641
m0468,Hotel Brosundet,m0468-Hotel Brosundet,Hyatt-m0468
m0469,Storfjord Hotel,m0469-Storfjord Hotel,Hyatt-m0469
m0625,Aethos Ericeira,m0625-Aethos Ericeira,Hyatt-m0625
m0202,Areias do Seixo,m0202-Areias do Seixo,Hyatt-m0202
m0575,Areias do Seixo Villas,m0575-Areias do Seixo Villas,Hyatt-m0575
m0784,Artsy Cascais,m0784-Artsy Cascais,Hyatt-m0784
m0953,Canto de Luz,m0953-Canto de Luz,Hyatt-m0953
m0446,Casa das Penhas Douradas,m0446-Casa das Penhas Douradas,Hyatt-m0446
m0451,Casa de São Lourenço,m0451-Casa de São Lourenço,Hyatt-m0451
m0731,Casa do Conto,m0731-Casa do Conto,Hyatt-m0731
m0444,Cocorico,m0444-Cocorico,Hyatt-m0444
m0621,Colegio Charm House,m0621-Colegio Charm House,Hyatt-m0621
m0452,Conversas de Alpendre,m0452-Conversas de Alpendre,Hyatt-m0452
m0634,Craveiral Farmhouse,m0634-Craveiral Farmhouse,Hyatt-m0634
m0166,Farol Hotel,m0166-Farol Hotel,Hyatt-m0166
m0655,Grand House,m0655-Grand House,Hyatt-m0655
m0636,Hästens Sleep Spa Hotel,m0636-Hästens Sleep Spa Hotel,Hyatt-m0636
m0203,Herdade da Malhadinha Nova,m0203-Herdade da Malhadinha Nova,Hyatt-m0203
m0240,Imani Country House,m0240-Imani Country House,Hyatt-m0240
m0911,Jardins do Porto,m0911-Jardins do Porto,Hyatt-m0911
m0433,L'And Vineyards,m0433-L'And Vineyards,Hyatt-m0433
m0442,Lamego Hotel,m0442-Lamego Hotel,Hyatt-m0442
m0448,Maison Albar Le Monumental Palace,m0448-Maison Albar Le Monumental Palace,Hyatt-m0448
m0191,Martinhal Sagres,m0191-Martinhal Sagres,Hyatt-m0191
m0392,Noah Surf House,m0392-Noah Surf House,Hyatt-m0392
m0445,Octant Douro,m0445-Octant Douro,Hyatt-m0445
m0539,Octant Évora,m0539-Octant Évora,Hyatt-m0539
m0576,Octant Furnas,m0576-Octant Furnas,Hyatt-m0576
m0577,Octant Lousã,m0577-Octant Lousã,Hyatt-m0577
m0578,Octant Ponta Delgada,m0578-Octant Ponta Delgada,Hyatt-m0578
m0467,Octant Santiago,m0467-Octant Santiago,Hyatt-m0467
m0289,Octant Vila Monte,m0289-Octant Vila Monte,Hyatt-m0289
m0654,Pa.te.os,m0654-Pa.te.os,Hyatt-m0654
m0204,PortoBay Teatro,m0204-PortoBay Teatro,Hyatt-m0204
m0639,Praia do Canal Nature Retreat,m0639-Praia do Canal Nature Retreat,Hyatt-m0639
m0399,Quinta dos Murças,m0399-Quinta dos Murças,Hyatt-m0399
m0918,Quinta Nova de Nossa Senhora do Carmo,m0918-Quinta Nova de Nossa Senhora do Carmo,Hyatt-m0918
m0298,Rosa Et Al Townhouse,m0298-Rosa Et Al Townhouse,Hyatt-m0298
m0704,Saboaria,m0704-Saboaria,Hyatt-m0704
m0503,Salvaterra Country House & Spa,m0503-Salvaterra Country House & Spa,Hyatt-m0503
m0580,Santa Barbara Eco Resort,m0580-Santa Barbara Eco Resort,Hyatt-m0580
m0581,Senhora da Rosa,m0581-Senhora da Rosa,Hyatt-m0581
m0504,Spatia Comporta,m0504-Spatia Comporta,Hyatt-m0504
m0305,Sublime Comporta,m0305-Sublime Comporta,Hyatt-m0305
m0902,Terra Rosa Country House & Vineyards,m0902-Terra Rosa Country House & Vineyards,Hyatt-m0902
m0681,The Editory Boulevard Aliados,m0681-The Editory Boulevard Aliados,Hyatt-m0681
m0538,"The Nest, by Cooking & Nature","m0538-The Nest, by Cooking & Nature",Hyatt-m0538
m0685,Three House Hotel,m0685-Three House Hotel,Hyatt-m0685
m0462,Tipografia do Conto,m0462-Tipografia do Conto,Hyatt-m0462
m0231,Vidago Palace,m0231-Vidago Palace,Hyatt-m0231
m0537,Vila Foz Hotel & Spa,m0537-Vila Foz Hotel & Spa,Hyatt-m0537
m0747,Village by Boa,m0747-Village by Boa,Hyatt-m0747
m0579,White Exclusive Suites & Villas,m0579-White Exclusive Suites & Villas,Hyatt-m0579
m0600,Yeotown Madeira,m0600-Yeotown Madeira,Hyatt-m0600
m0498,Bethlen Estates,m0498-Bethlen Estates,Hyatt-m0498
m0211,Copsamare Guesthouses,m0211-Copsamare Guesthouses,Hyatt-m0211
m0679,Hotel Bohinj,m0679-Hotel Bohinj,Hyatt-m0679
m0555,Vila Planinka,m0555-Vila Planinka,Hyatt-m0555
m0189,Alma Pamplona,m0189-Alma Pamplona,Hyatt-m0189
m0306,Ca Na Xica,m0306-Ca Na Xica,Hyatt-m0306
m0415,Can Bordoy,m0415-Can Bordoy,Hyatt-m0415
m0633,Can Mascort Eco Hotel,m0633-Can Mascort Eco Hotel,Hyatt-m0633
m0696,Canfranc Estación,m0696-Canfranc Estación,Hyatt-m0696
m0644,Casa Beatnik Hotel,m0644-Casa Beatnik Hotel,Hyatt-m0644
m0558,Casa Grande,m0558-Casa Grande,Hyatt-m0558
m0164,Castell d'Empordà,m0164-Castell d'Empordà,Hyatt-m0164
m0647,CoolRooms Palacio de Luces,m0647-CoolRooms Palacio de Luces,Hyatt-m0647
m0135,Corral del Rey,m0135-Corral del Rey,Hyatt-m0135
m0249,Cortijo del Marqués,m0249-Cortijo del Marqués,Hyatt-m0249
m0490,Gecko Hotel & Beach Club,m0490-Gecko Hotel & Beach Club,Hyatt-m0490
m0691,Gran Hotel Mas d'en Bruno,m0691-Gran Hotel Mas d'en Bruno,Hyatt-m0691
m0123,Hacienda de San Rafael,m0123-Hacienda de San Rafael,Hyatt-m0123
m0520,Hotel Caserío Aldeallana,m0520-Hotel Caserío Aldeallana,Hyatt-m0520
m0746,Hotel Peralada Wine Spa & Golf,m0746-Hotel Peralada Wine Spa & Golf,Hyatt-m0746
m0147,L'Avenida,m0147-L'Avenida,Hyatt-m0147
m0250,Finca La Bobadilla,m0250-Finca La Bobadilla,Hyatt-m0250
m0729,La Dehesa de Don Pedro,m0729-La Dehesa de Don Pedro,Hyatt-m0729
m0496,Mas de Torrent,m0496-Mas de Torrent,Hyatt-m0496
m0425,Menorca Experimental,m0425-Menorca Experimental,Hyatt-m0425
m0162,Mirabó de Valldemossa,m0162-Mirabó de Valldemossa,Hyatt-m0162
m0506,Montesol Experimental,m0506-Montesol Experimental,Hyatt-m0506
m0458,Noa Boutique Hotel,m0458-Noa Boutique Hotel,Hyatt-m0458
pmidh,Sarena de Muro Resort Mallorca,pmidh-Sarena de Muro Resort Mallorca,Hyatt-pmidh
m0768,Palacio Gran Via,m0768-Palacio Gran Via,Hyatt-m0768
m0585,Palma Riad,m0585-Palma Riad,Hyatt-m0585
m0270,Paraíso de los Pinos,m0270-Paraíso de los Pinos,Hyatt-m0270
m0743,Puro Grand Hotel,m0743-Puro Grand Hotel,Hyatt-m0743
m0725,Hotel Pepe Vieira,m0725-Hotel Pepe Vieira,Hyatt-m0725
m0229,Sa Rota d'en Palerm,m0229-Sa Rota d'en Palerm,Hyatt-m0229
m0673,Santa Maria Briones,m0673-Santa Maria Briones,Hyatt-m0673
m0759,Solo Palacio,m0759-Solo Palacio,Hyatt-m0759
m0632,Teranka,m0632-Teranka,Hyatt-m0632
m0676,Triana House Boutique Hotel,m0676-Triana House Boutique Hotel,Hyatt-m0676
m0717,Villa Magalean Hotel & Spa,m0717-Villa Magalean Hotel & Spa,Hyatt-m0717
m0457,Vivood Landscape Hotel,m0457-Vivood Landscape Hotel,Hyatt-m0457
m0411,Experimental Chalet Verbier,m0411-Experimental Chalet Verbier,Hyatt-m0411
m0480,Hotel Chetzeron,m0480-Hotel Chetzeron,Hyatt-m0480
m0795,Hôtel des Horlogers,m0795-Hôtel des Horlogers,Hyatt-m0795
m0416,La Réserve Genève Hotel & Spa,m0416-La Réserve Genève Hotel & Spa,Hyatt-m0416
m0686,LeCrans,m0686-LeCrans,Hyatt-m0686
m0554,The Chedi Andermatt,m0554-The Chedi Andermatt,Hyatt-m0554
m0420,The Hide Hotel,m0420-The Hide Hotel,Hyatt-m0420
m0362,Valsana Hotel & Apartments,m0362-Valsana Hotel & Apartments,Hyatt-m0362
m0804,Argos in Cappadocia,m0804-Argos in Cappadocia,Hyatt-m0804
m0530,Bodrum Loft,m0530-Bodrum Loft,Hyatt-m0530
m0208,Maçakizi,m0208-Maçakizi,Hyatt-m0208
m0912,Mett Hotel & Beach Resort Bodrum,m0912-Mett Hotel & Beach Resort Bodrum,Hyatt-m0912
m0951,Warehouse By The Stay,m0951-Warehouse By The Stay,Hyatt-m0951
m0279,Villa Mahal,m0279-Villa Mahal,Hyatt-m0279
m0805,Yazz Collective,m0805-Yazz Collective,Hyatt-m0805
m0710,Aller Dorset,m0710-Aller Dorset,Hyatt-m0710
m0277,Artist Residence Brighton,m0277-Artist Residence Brighton,Hyatt-m0277
m0544,Artist Residence Bristol,m0544-Artist Residence Bristol,Hyatt-m0544
m0317,Artist Residence Cornwall,m0317-Artist Residence Cornwall,Hyatt-m0317
m0320,Artist Residence Oxfordshire,m0320-Artist Residence Oxfordshire,Hyatt-m0320
m0778,Ballintaggart Farm,m0778-Ballintaggart Farm,Hyatt-m0778
m0124,Bingham Riverhouse,m0124-Bingham Riverhouse,Hyatt-m0124
m0238,Bovey Castle,m0238-Bovey Castle,Hyatt-m0238
m0730,Boys Hall,m0730-Boys Hall,Hyatt-m0730
m0139,Chewton Glen,m0139-Chewton Glen,Hyatt-m0139
m0812,Cliveden,m0812-Cliveden,Hyatt-m0812
m0595,Coombeshead Farm,m0595-Coombeshead Farm,Hyatt-m0595
m0120,Cowley Manor Experimental,m0120-Cowley Manor Experimental,Hyatt-m0120
m0495,Double Red Duke,m0495-Double Red Duke,Hyatt-m0495
m0110,Driftwood Hotel,m0110-Driftwood Hotel,Hyatt-m0110
m0156,Eckington Manor,m0156-Eckington Manor,Hyatt-m0156
m0431,Elmley Nature Reserve,m0431-Elmley Nature Reserve,Hyatt-m0431
m0114,Escape,m0114-Escape,Hyatt-m0114
m0656,Foresters Hall,m0656-Foresters Hall,Hyatt-m0656
m0736,Fowey Hall,m0736-Fowey Hall,Hyatt-m0736
m0455,Grantley Hall,m0455-Grantley Hall,Hyatt-m0455
m0412,Hampton Manor,m0412-Hampton Manor,Hyatt-m0412
m0367,Linthwaite House,m0367-Linthwaite House,Hyatt-m0367
m0430,Lord Poulett Arms,m0430-Lord Poulett Arms,Hyatt-m0430
m0186,Lucknam Park Hotel & Spa,m0186-Lucknam Park Hotel & Spa,Hyatt-m0186
m0339,Lympstone Manor,m0339-Lympstone Manor,Hyatt-m0339
m0786,Margate House,m0786-Margate House,Hyatt-m0786
m0533,Newhall Mains,m0533-Newhall Mains,Hyatt-m0533
m0258,No 131,m0258-No 131,Hyatt-m0258
m0265,Thyme,m0265-Thyme,Hyatt-m0265
m0721,Tree House Retreats,m0721-Tree House Retreats,Hyatt-m0721
m0131,Tuddenham Mill,m0131-Tuddenham Mill,Hyatt-m0131
m0245,Weeke Barton,m0245-Weeke Barton,Hyatt-m0245
m0617,Wildhive Callow Hall,m0617-Wildhive Callow Hall,Hyatt-m0617
m0702,Yeotown Devon,m0702-Yeotown Devon,Hyatt-m0702
lhrzp,Hyatt Place London Paddington,lhrzp-Hyatt Place London Paddington,Hyatt-lhrzp
m0441,The Bonnie Badger,m0441-The Bonnie Badger,Hyatt-m0441
m0513,Casa Cook El Gouna,m0513-Casa Cook El Gouna,Hyatt-m0513
caict,Hyatt Centric Cairo West,caict-Hyatt Centric Cairo West,Hyatt-caict
m0683,The Chedi El Gouna,m0683-The Chedi El Gouna,Hyatt-m0683
nboxn,Hyatt House Nairobi Westlands,nboxn-Hyatt House Nairobi Westlands,Hyatt-nboxn
nbozn,Hyatt Place Nairobi Westlands,nbozn-Hyatt Place Nairobi Westlands,Hyatt-nbozn
m0262,20 Degres Sud,m0262-20 Degres Sud,Hyatt-m0262
m0515,Lux Grand Baie Resort & Residences,m0515-Lux Grand Baie Resort & Residences,Hyatt-m0515
m0590,Lux Grand Gaube,m0590-Lux Grand Gaube,Hyatt-m0590
m0695,Caravan Agafay by Our Habitas,m0695-Caravan Agafay by Our Habitas,Hyatt-m0695
m0138,Dar One,m0138-Dar One,Hyatt-m0138
m0107,Kasbah du Toubkal,m0107-Kasbah du Toubkal,Hyatt-m0107
m0684,La Fiermontina Ocean,m0684-La Fiermontina Ocean,Hyatt-m0684
m0117,Le Farnatchi,m0117-Le Farnatchi,Hyatt-m0117
m0108,Madada Mogador,m0108-Madada Mogador,Hyatt-m0108
m0689,Olinto Atlas Mountain Retreat,m0689-Olinto Atlas Mountain Retreat,Hyatt-m0689
m0194,Palais Amani,m0194-Palais Amani,Hyatt-m0194
m0168,Riad Azzar,m0168-Riad Azzar,Hyatt-m0168
m0534,Riad Fès,m0534-Riad Fès,Hyatt-m0534
m0183,Riad Siwan,m0183-Riad Siwan,Hyatt-m0183
m0201,Azura Benguerra Island,m0201-Azura Benguerra Island,Hyatt-m0201
m0615,Kisawa Sanctuary,m0615-Kisawa Sanctuary,Hyatt-m0615
m0447,Zannier Omaanda,m0447-Zannier Omaanda,Hyatt-m0447
m0450,Zannier Sonop,m0450-Zannier Sonop,Hyatt-m0450
m0650,Brookdale Estate,m0650-Brookdale Estate,Hyatt-m0650
m0754,Coot Club,m0754-Coot Club,Hyatt-m0754
m0126,Etali Safari Lodge,m0126-Etali Safari Lodge,Hyatt-m0126
m0814,Gorah Elephant Camp,m0814-Gorah Elephant Camp,Hyatt-m0814
m0343,Leeu Estates,m0343-Leeu Estates,Hyatt-m0343
m0646,Leeu House,m0646-Leeu House,Hyatt-m0646
m0819,Madikwe Safari Lodge,m0819-Madikwe Safari Lodge,Hyatt-m0819
m0127,Marataba,m0127-Marataba,Hyatt-m0127
m0155,Schoone Oordt,m0155-Schoone Oordt,Hyatt-m0155
m0357,The Old Rectory,m0357-The Old Rectory,Hyatt-m0357
m0400,The Outpost,m0400-The Outpost,Hyatt-m0400
m0149,Tsala Treetop Lodge,m0149-Tsala Treetop Lodge,Hyatt-m0149
m0553,Aurari Camp,m0553-Aurari Camp,Hyatt-m0553
m0550,Cherero Camp,m0550-Cherero Camp,Hyatt-m0550
m0783,La Tour d'Eole,m0783-La Tour d'Eole,Hyatt-m0783
m0926,Stanley and Livingstone Boutique Hotel,m0926-Stanley and Livingstone Boutique Hotel,Hyatt-m0926
m0762,Victoria Falls River Lodge,m0762-Victoria Falls River Lodge,Hyatt-m0762
m0766,R48 Hotel and Garden,m0766-R48 Hotel and Garden,Hyatt-m0766
rsigh,Grand Hyatt The Red Sea,rsigh-Grand Hyatt The Red Sea,Hyatt-rsigh
m0360,Gangtey Lodge,m0360-Gangtey Lodge,Hyatt-m0360
m0599,Koh Russey Resort,m0599-Koh Russey Resort,Hyatt-m0599
m0423,Shinta Mani Wild,m0423-Shinta Mani Wild,Hyatt-m0423
m0216,Song Saa Private Island,m0216-Song Saa Private Island,Hyatt-m0216
m0669,The Royal Sands Koh Rong,m0669-The Royal Sands Koh Rong,Hyatt-m0669
m0300,Ananda in the Himalayas,m0300-Ananda in the Himalayas,Hyatt-m0300
m0728,Dolkhar,m0728-Dolkhar,Hyatt-m0728
m0375,Jalakara,m0375-Jalakara,Hyatt-m0375
m0299,Rohet Garh,m0299-Rohet Garh,Hyatt-m0299
m0829,Visalam,m0829-Visalam,Hyatt-m0829
blrch,Hyatt Centric Hebbal Bengaluru,blrch-Hyatt Centric Hebbal Bengaluru,Hyatt-blrch
m0454,Kahani Paradise,m0454-Kahani Paradise,Hyatt-m0454
m0130,SwaSwara Wellness,m0130-SwaSwara Wellness,Hyatt-m0130
m0129,Brunton Boatyard,m0129-Brunton Boatyard,Hyatt-m0129
m0471,Le Colonial,m0471-Le Colonial,Hyatt-m0471
m0128,Marari Beach Resort,m0128-Marari Beach Resort,Hyatt-m0128
m0293,Jamtara Wilderness Camp,m0293-Jamtara Wilderness Camp,Hyatt-m0293
m0404,Samode Safari Lodge,m0404-Samode Safari Lodge,Hyatt-m0404
m0304,Palais de Mahe,m0304-Palais de Mahe,Hyatt-m0304
m0713,Kaner Retreat,m0713-Kaner Retreat,Hyatt-m0713
m0821,Mihir Garh,m0821-Mihir Garh,Hyatt-m0821
m0955,The Rohet House,m0955-The Rohet House,Hyatt-m0955
m0407,The Kumaon,m0407-The Kumaon,Hyatt-m0407
m0297,Glenburn Tea Estate,m0297-Glenburn Tea Estate,Hyatt-m0297
m0589,Cap Karoso,m0589-Cap Karoso,Hyatt-m0589
cgkub,Keraton at The Plaza,cgkub-Keraton at The Plaza,Hyatt-cgkub
m0637,La Reserve 1785 Canggu Beach,m0637-La Reserve 1785 Canggu Beach,Hyatt-m0637
m0141,MesaStila,m0141-MesaStila,Hyatt-m0141
m0273,Nihi Sumba,m0273-Nihi Sumba,Hyatt-m0273
m0734,Somewhere Lombok,m0734-Somewhere Lombok,Hyatt-m0734
m0663,The Bohemian,m0663-The Bohemian,Hyatt-m0663
m0319,The Sanchaya,m0319-The Sanchaya,Hyatt-m0319
m0666,The Sanubari,m0666-The Sanubari,Hyatt-m0666
m0797,Villa Tokay,m0797-Villa Tokay,Hyatt-m0797
m0700,Rakudo-An,m0700-Rakudo-An,Hyatt-m0700
m0296,Zaborin,m0296-Zaborin,Hyatt-m0296
m0180,The Apsara Rive Droite,m0180-The Apsara Rive Droite,Hyatt-m0180
kulph,Park Hyatt Kuala Lumpur,kulph-Park Hyatt Kuala Lumpur,Hyatt-kulph
m0826,The Datai Langkawi,m0826-The Datai Langkawi,Hyatt-m0826
m0427,Wa Ale Island Resort,m0427-Wa Ale Island Resort,Hyatt-m0427
m0708,Shinta Mani Mustang,m0708-Shinta Mani Mustang,Hyatt-m0708
m0463,The Pavilions Himalayas,m0463-The Pavilions Himalayas,Hyatt-m0463
m0459,Tiger Tops Karnali Lodge,m0459-Tiger Tops Karnali Lodge,Hyatt-m0459
m0828,Tiger Tops Tharu Lodge,m0828-Tiger Tops Tharu Lodge,Hyatt-m0828
m0396,Camellia Hills,m0396-Camellia Hills,Hyatt-m0396
m0323,Fort Bazaar,m0323-Fort Bazaar,Hyatt-m0323
m0328,Gal Oya Lodge,m0328-Gal Oya Lodge,Hyatt-m0328
m0417,Goatfell,m0417-Goatfell,Hyatt-m0417
m0481,Haritha Villas & Spa,m0481-Haritha Villas & Spa,Hyatt-m0481
m0800,Jetwing Vil Uyana,m0800-Jetwing Vil Uyana,Hyatt-m0800
m0355,Kumu Beach,m0355-Kumu Beach,Hyatt-m0355
m0266,Living Heritage Koslanda,m0266-Living Heritage Koslanda,Hyatt-m0266
m0567,Lunuganga Estate,m0567-Lunuganga Estate,Hyatt-m0567
m0418,Nine Skies,m0418-Nine Skies,Hyatt-m0418
m0324,Santani Wellness Kandy,m0324-Santani Wellness Kandy,Hyatt-m0324
m0206,Adigar's Manor,m0206-Adigar's Manor,Hyatt-m0206
m0205,The Last House,m0205-The Last House,Hyatt-m0205
m0333,Thotalagala,m0333-Thotalagala,Hyatt-m0333
m0283,Tri,m0283-Tri,Hyatt-m0283
m0288,Uga Chena Huts,m0288-Uga Chena Huts,Hyatt-m0288
m0264,Uga Jungle Beach,m0264-Uga Jungle Beach,Hyatt-m0264
m0263,Uga Ulagalla,m0263-Uga Ulagalla,Hyatt-m0263
m0403,Water Garden Sigiriya,m0403-Water Garden Sigiriya,Hyatt-m0403
m0361,Why House,m0361-Why House,Hyatt-m0361
m0671,TreeHouse Villas,m0671-TreeHouse Villas,Hyatt-m0671
m0796,Aleenta Retreat Chiang Mai,m0796-Aleenta Retreat Chiang Mai,Hyatt-m0796
m0176,Rachamankha,m0176-Rachamankha,Hyatt-m0176
m0388,Villa Mahabhirom,m0388-Villa Mahabhirom,Hyatt-m0388
m0792,Pimalai Resort & Spa,m0792-Pimalai Resort & Spa,Hyatt-m0792
m0260,Aava Resort & Spa,m0260-Aava Resort & Spa,Hyatt-m0260
m0789,Cape Nidhra Hotel,m0789-Cape Nidhra Hotel,Hyatt-m0789
m0340,An Lam Retreats Ninh Van Bay,m0340-An Lam Retreats Ninh Van Bay,Hyatt-m0340
m0724,Avana Retreat,m0724-Avana Retreat,Hyatt-m0724
m0391,Azerai Can Tho,m0391-Azerai Can Tho,Hyatt-m0391
m0943,Azerai Ke Ga Bay,m0943-Azerai Ke Ga Bay,Hyatt-m0943
m0928,Zannier Bai San Ho,m0928-Zannier Bai San Ho,Hyatt-m0928
ntgzn,"Hyatt Place Nantong, Xinghu City Plaza","ntgzn-Hyatt Place Nantong, Xinghu City Plaza",Hyatt-ntgzn
csxph,Park Hyatt Changsha,csxph-Park Hyatt Changsha,Hyatt-csxph
uc110,UrCove Guangzhou Canton Tower Exhibition Center ,uc110-UrCove Guangzhou Canton Tower Exhibition Center,Hyatt-uc110
uc108,UrCove Shenzhen Bay Nanyou,uc108-UrCove Shenzhen Bay Nanyou,Hyatt-uc108
wuxub,Yada Xishan Hotel Yixing,wuxub-Yada Xishan Hotel Yixing,Hyatt-wuxub
tpejd,EPISODE Daan Taipei,tpejd-EPISODE Daan Taipei,Hyatt-tpejd
m0153,Longitude 131°,m0153-Longitude 131°,Hyatt-m0153
m0603,Maleny Lodge,m0603-Maleny Lodge,Hyatt-m0603
m0460,Stillwater Seven,m0460-Stillwater Seven,Hyatt-m0460
m0374,28 Degrees Byron Bay,m0374-28 Degrees Byron Bay,Hyatt-m0374
m0424,Blackbird Byron,m0424-Blackbird Byron,Hyatt-m0424
m0243,Paperbark Camp,m0243-Paperbark Camp,Hyatt-m0243
m0159,Pretty Beach House,m0159-Pretty Beach House,Hyatt-m0159
m0214,Spicers Vineyards Estate,m0214-Spicers Vineyards Estate,Hyatt-m0214
m0154,Bamurru Plains,m0154-Bamurru Plains,Hyatt-m0154
m0432,Bullo River Station,m0432-Bullo River Station,Hyatt-m0432
m0428,Elysian Retreat,m0428-Elysian Retreat,Hyatt-m0428
m0788,Essence Peregian Beach,m0788-Essence Peregian Beach,Hyatt-m0788
m0593,Silky Oaks Lodge,m0593-Silky Oaks Lodge,Hyatt-m0593
m0547,Sequoia Lodge,m0547-Sequoia Lodge,Hyatt-m0547
m0160,The Louise,m0160-The Louise,Hyatt-m0160
m0466,Moss Hotel,m0466-Moss Hotel,Hyatt-m0466
m0364,The Corinda Collection,m0364-The Corinda Collection,Hyatt-m0364
m0948,Jean-Michel Cousteau Resort,m0948-Jean-Michel Cousteau Resort,Hyatt-m0948
m0218,Royal Davui Island Resort Fiji,m0218-Royal Davui Island Resort Fiji,Hyatt-m0218
m0215,Vomo Island Fiji,m0215-Vomo Island Fiji,Hyatt-m0215
m0157,Azur Lodge,m0157-Azur Lodge,Hyatt-m0157
m0161,Eagles Nest,m0161-Eagles Nest,Hyatt-m0161
m0742,Ebb Dunedin,m0742-Ebb Dunedin,Hyatt-m0742
m0163,Hapuku Lodge & Tree Houses,m0163-Hapuku Lodge & Tree Houses,Hyatt-m0163
m0169,Huka Lodge,m0169-Huka Lodge,Hyatt-m0169
m0379,Kinloch Manor & Villas,m0379-Kinloch Manor & Villas,Hyatt-m0379
m0384,Mudbrick Vineyard and Restaurant,m0384-Mudbrick Vineyard and Restaurant,Hyatt-m0384
m0461,The Lindis,m0461-The Lindis,Hyatt-m0461
m0368,The Marlborough,m0368-The Marlborough,Hyatt-m0368
m0630,The Mayfair,m0630-The Mayfair,Hyatt-m0630
m0703,Wallingford Homestead,m0703-Wallingford Homestead,Hyatt-m0703
ywgct,Hyatt Centric Winnipeg Downtown,ywgct-Hyatt Centric Winnipeg Downtown,Hyatt-ywgct
tordh,Hotel X Toronto,tordh-Hotel X Toronto,Hyatt-tordh
yqtxt,Hyatt House Thunder Bay,yqtxt-Hyatt House Thunder Bay,Hyatt-yqtxt
torza,Hyatt Place Toronto Airport,torza-Hyatt Place Toronto Airport,Hyatt-torza
m1736,The Scotsman Hotel,m1736-The Scotsman Hotel,Hyatt-m1736
m1449,The Wilfrid,m1449-The Wilfrid,Hyatt-m1449
torzt,TOOR Hotel,torzt-TOOR Hotel,Hyatt-torzt
yulza,Hyatt Place Montreal Airport,yulza-Hyatt Place Montreal Airport,Hyatt-yulza
yxyzw,Hyatt Place Whitehorse,yxyzw-Hyatt Place Whitehorse,Hyatt-yxyzw
m1726,The Merchant,m1726-The Merchant,Hyatt-m1726
m0991,"The Roundtree, Amagansett","m0991-The Roundtree, Amagansett",Hyatt-m0991
m1538,The Surfrider Malibu,m1538-The Surfrider Malibu,Hyatt-m1538
hsvqh,Hyatt Studios Huntsville,hsvqh-Hyatt Studios Huntsville,Hyatt-hsvqh
mobst,Hyatt Studios Mobile / Tillmans Corner,mobst-Hyatt Studios Mobile / Tillmans Corner,Hyatt-mobst
ancjd,The Wildbirch Hotel,ancjd-The Wildbirch Hotel,Hyatt-ancjd
m1413,"Ambiente, a Landscape Hotel","m1413-Ambiente, a Landscape Hotel",Hyatt-m1413
tuszp,Hyatt Place Tucson Airport,tuszp-Hyatt Place Tucson Airport,Hyatt-tuszp
m1082,Under Canvas Grand Canyon,m1082-Under Canvas Grand Canyon,Hyatt-m1082
m1716,Casa Cody,m1716-Casa Cody,Hyatt-m1716
m1664,Dawn Ranch,m1664-Dawn Ranch,Hyatt-m1664
m1146,Gaige House,m1146-Gaige House,Hyatt-m1146
m1781,Holiday House,m1781-Holiday House,Hyatt-m1781
laxcm,Hyatt Centric Delfina Santa Monica,laxcm-Hyatt Centric Delfina Santa Monica,Hyatt-laxcm
fchxn,Hyatt House Fresno / Campus Pointe,fchxn-Hyatt House Fresno / Campus Pointe,Hyatt-fchxn
yvrph,Hyatt Vancouver Downtown Alberni,yvrph-Hyatt Vancouver Downtown Alberni,Hyatt-yvrph
m1075,Sands Hotel & Spa,m1075-Sands Hotel & Spa,Hyatt-m1075
m1709,Sparrows Lodge,m1709-Sparrows Lodge,Hyatt-m1709
m1730,Stilwell Hotel,m1730-Stilwell Hotel,Hyatt-m1730
m1727,The Pearl Hotel,m1727-The Pearl Hotel,Hyatt-m1727
m1700,The Ranch Malibu,m1700-The Ranch Malibu,Hyatt-m1700
m1080,Under Canvas Yosemite,m1080-Under Canvas Yosemite,Hyatt-m1080
cosdh,Cheyenne Mountain Resort,cosdh-Cheyenne Mountain Resort,Hyatt-cosdh
m1670,The Abner,m1670-The Abner,Hyatt-m1670
wasxc,Hyatt House Washington DC / Downtown / Convention Center,wasxc-Hyatt House Washington DC / Downtown / Convention Center,Hyatt-wasxc
m1768,Beach Club at The Boca Raton,m1768-Beach Club at The Boca Raton,Hyatt-m1768
mcozc,Hyatt Place Cape Canaveral,mcozc-Hyatt Place Cape Canaveral,Hyatt-mcozc
m1801,The Rover Miami,m1801-The Rover Miami,Hyatt-m1801
savub,The Digby,savub-The Digby,Hyatt-savub
m1760,Hotel Wailea,m1760-Hotel Wailea,Hyatt-m1760
m1143,Elwood Hotel,m1143-Elwood Hotel,Hyatt-m1143
sdfkk,Hotel Genevieve,sdfkk-Hotel Genevieve,Hyatt-sdfkk
m1734,Hôtel Peter and Paul,m1734-Hôtel Peter and Paul,Hyatt-m1734
msyum,Maison Métier,msyum-Maison Métier,Hyatt-msyum
msyjd,The Barnett,msyjd-The Barnett,Hyatt-msyjd
m1812,The Columns,m1812-The Columns,Hyatt-m1812
m1504,Awol Kennebunkport,m1504-Awol Kennebunkport,Hyatt-m1504
m1533,Blind Tiger Portland Carleton St,m1533-Blind Tiger Portland Carleton St,Hyatt-m1533
m1534,Blind Tiger Portland Danforth St,m1534-Blind Tiger Portland Danforth St,Hyatt-m1534
m1711,Bluebird Ocean Point Inn,m1711-Bluebird Ocean Point Inn,Hyatt-m1711
m1081,Under Canvas Acadia,m1081-Under Canvas Acadia,Hyatt-m1081
m1417,Awol Provincetown,m1417-Awol Provincetown,Hyatt-m1417
m1689,Bluebird Dennisport,m1689-Bluebird Dennisport,Hyatt-m1689
m1649,Salt House Inn,m1649-Salt House Inn,Hyatt-m1649
m1142,Summercamp,m1142-Summercamp,Hyatt-m1142
m1641,The Brant,m1641-The Brant,Hyatt-m1641
m1527,The Coonamessett,m1527-The Coonamessett,Hyatt-m1527
m1825,The Whitney Hotel,m1825-The Whitney Hotel,Hyatt-m1825
m1735,XV Beacon,m1735-XV Beacon,Hyatt-m1735
m1806,The Fields of Michigan,m1806-The Fields of Michigan,Hyatt-m1806
m1793,The Siren,m1793-The Siren,Hyatt-m1793
bilzb,Hyatt Place Billings,bilzb-Hyatt Place Billings,Hyatt-bilzb
bznza,Hyatt Place Bozeman Yellowstone Airport,bznza-Hyatt Place Bozeman Yellowstone Airport,Hyatt-bznza
m1085,Under Canvas Glacier,m1085-Under Canvas Glacier,Hyatt-m1085
m1088,Under Canvas North Yellowstone - Paradise Valley,m1088-Under Canvas North Yellowstone - Paradise Valley,Hyatt-m1088
m1079,Under Canvas West Yellowstone,m1079-Under Canvas West Yellowstone,Hyatt-m1079
lasvp,The Palazzo,lasvp-The Palazzo,Hyatt-lasvp
lasvv,The Venetian,lasvv-The Venetian,Hyatt-lasvv
m1698,The Hotel Portsmouth,m1698-The Hotel Portsmouth,Hyatt-m1698
m1780,Stockton Inn,m1780-Stockton Inn,Hyatt-m1780
m1546,Bluebird Hunter Lodge,m1546-Bluebird Hunter Lodge,Hyatt-m1546
m1662,Camptown,m1662-Camptown,Hyatt-m1662
m1829,Duryea's Sunset Cottages,m1829-Duryea's Sunset Cottages,Hyatt-m1829
nycud,Hotel Seville NoMad,nycud-Hotel Seville NoMad,Hyatt-nycud
albxy,Hyatt House Schenectady / Mohawk Harbor ,albxy-Hyatt House Schenectady / Mohawk Harbor,Hyatt-albxy
nycrt,Hyatt Regency Times Square,nycrt-Hyatt Regency Times Square,Hyatt-nycrt
m1530,The Inns of Aurora,m1530-The Inns of Aurora,Hyatt-m1530
lgajl,The Livingston,lgajl-The Livingston,Hyatt-lgajl
lgapr,The Manner,lgapr-The Manner,Hyatt-lgapr
m1762,The Ranch Hudson Valley,m1762-The Ranch Hudson Valley,Hyatt-m1762
lgase,"The Standard, East Village","lgase-The Standard, East Village",Hyatt-lgase
lgash,"The Standard, High Line","lgash-The Standard, High Line",Hyatt-lgash
m1093,Wylder Windham,m1093-Wylder Windham,Hyatt-m1093
m1292,Wythe Hotel,m1292-Wythe Hotel,Hyatt-m1292
m1298,Block Island Beach House,m1298-Block Island Beach House,Hyatt-m1298
m1288,The Attwater,m1288-The Attwater,Hyatt-m1288
m1297,The Cliffside Inn,m1297-The Cliffside Inn,Hyatt-m1297
m1832,The Ryder Hotel,m1832-The Ryder Hotel,Hyatt-m1832
m1084,Under Canvas Mount Rushmore,m1084-Under Canvas Mount Rushmore,Hyatt-m1084
chacp,Caption by Hyatt Chattanooga Downtown,chacp-Caption by Hyatt Chattanooga Downtown,Hyatt-chacp
bnacp,Caption by Hyatt Downtown Nashville – The Gulch,bnacp-Caption by Hyatt Downtown Nashville – The Gulch,Hyatt-bnacp
m1083,Under Canvas Great Smoky Mountains,m1083-Under Canvas Great Smoky Mountains,Hyatt-m1083
satjf,Fairmount Hotel,satjf-Fairmount Hotel,Hyatt-satjf
satgh,Grand Hyatt San Antonio River Walk,satgh-Grand Hyatt San Antonio River Walk,Hyatt-satgh
m1528,Hotel Herringbone,m1528-Hotel Herringbone,Hyatt-m1528
m1824,Hotel Lucine,m1824-Hotel Lucine,Hyatt-m1824
waczw,Hyatt Place Waco / Downtown,waczw-Hyatt Place Waco / Downtown,Hyatt-waczw
m1737,The Ranch Motel & Leisure Club,m1737-The Ranch Motel & Leisure Club,Hyatt-m1737
sguzz,Springdale Zion Inn,sguzz-Springdale Zion Inn,Hyatt-sguzz
slcgr,The Residences at Grand Hyatt Deer Valley,slcgr-The Residences at Grand Hyatt Deer Valley,Hyatt-slcgr
m1077,ULUM Moab,m1077-ULUM Moab,Hyatt-m1077
m1078,Under Canvas Bryce Canyon,m1078-Under Canvas Bryce Canyon,Hyatt-m1078
m1087,Under Canvas Lake Powell - Grand Staircase,m1087-Under Canvas Lake Powell - Grand Staircase,Hyatt-m1087
m1086,Under Canvas Moab,m1086-Under Canvas Moab,Hyatt-m1086
m1076,Under Canvas Zion,m1076-Under Canvas Zion,Hyatt-m1076
m1660,Awol Stowe,m1660-Awol Stowe,Hyatt-m1660
m1505,Bluebird Cady Hill Lodge,m1505-Bluebird Cady Hill Lodge,Hyatt-m1505
m1690,Bluebird Tälta Lodge,m1690-Bluebird Tälta Lodge,Hyatt-m1690
m1672,Field Guide Lodge,m1672-Field Guide Lodge,Hyatt-m1672
btvdp,Penthouses at Spruce Peak,btvdp-Penthouses at Spruce Peak,Hyatt-btvdp
btvdr,Residences at Spruce Peak,btvdr-Residences at Spruce Peak,Hyatt-btvdr
m1654,Lovango Resort & Beach Club,m1654-Lovango Resort & Beach Club,Hyatt-m1654
choqh,Hyatt Studios Harrisonburg,choqh-Hyatt Studios Harrisonburg,Hyatt-choqh
m1409,Under Canvas Columbia River Gorge,m1409-Under Canvas Columbia River Gorge,Hyatt-m1409
cprzc,Hyatt Place Casper,cprzc-Hyatt Place Casper,Hyatt-cprzc
m1414,Àni Anguilla,m1414-Àni Anguilla,Hyatt-m1414
seaua,Secrets Baby Beach Aruba,seaua-Secrets Baby Beach Aruba,Hyatt-seaua
m1025,Gaia Riverlodge,m1025-Gaia Riverlodge,Hyatt-m1025
m1018,Matachica Resort & Spa,m1018-Matachica Resort & Spa,Hyatt-m1018
pljdh,Placencia Resort,pljdh-Placencia Resort,Hyatt-pljdh
gcmgh,Grand Hyatt Grand Cayman Resort & Spa,gcmgh-Grand Hyatt Grand Cayman Resort & Spa,Hyatt-gcmgh
bp010,Bahia Principe Fantasia Punta Cana,bp010-Bahia Principe Fantasia Punta Cana,Hyatt-bp010
bp009,Bahia Principe Grand Aquamarine,bp009-Bahia Principe Grand Aquamarine,Hyatt-bp009
bp003,Bahia Principe Grand El Portillo,bp003-Bahia Principe Grand El Portillo,Hyatt-bp003
bp012,Bahia Principe Grand La Romana,bp012-Bahia Principe Grand La Romana,Hyatt-bp012
bp007,Bahia Principe Grand Punta Cana,bp007-Bahia Principe Grand Punta Cana,Hyatt-bp007
bp002,Bahia Principe Grand Samana,bp002-Bahia Principe Grand Samana,Hyatt-bp002
bp004,Bahia Principe Grand Turquesa,bp004-Bahia Principe Grand Turquesa,Hyatt-bp004
bp005,Bahia Principe Luxury Ambar,bp005-Bahia Principe Luxury Ambar,Hyatt-bp005
bp011,Bahia Principe Luxury Bouganville,bp011-Bahia Principe Luxury Bouganville,Hyatt-bp011
bp006,Bahia Principe Luxury Esmeralda,bp006-Bahia Principe Luxury Esmeralda,Hyatt-bp006
bp001,Cayo Levantado Resort,bp001-Cayo Levantado Resort,Hyatt-bp001
drepe,Dreams Playa Esmeralda Resort & Spa,drepe-Dreams Playa Esmeralda Resort & Spa,Hyatt-drepe
hyvpc,Hyatt Vivid Punta Cana,hyvpc-Hyatt Vivid Punta Cana,Hyatt-hyvpc
pujjd,Royal Beach Hotel Punta Cana,pujjd-Royal Beach Hotel Punta Cana,Hyatt-pujjd
secpe,Secrets Playa Esmeralda Resort & Spa,secpe-Secrets Playa Esmeralda Resort & Spa,Hyatt-secpe
m1004,Sublime Samana,m1004-Sublime Samana,Hyatt-m1004
geozd,Hyatt Place Guyana Georgetown,geozd-Hyatt Place Guyana Georgetown,Hyatt-geozd
bp014,Bahia Principe Luxury Runaway Bay,bp014-Bahia Principe Luxury Runaway Bay,Hyatt-bp014
drrhm,Dreams Rose Hall Resort & Spa,drrhm-Dreams Rose Hall Resort & Spa,Hyatt-drrhm
m1560,Geejam,m1560-Geejam,Hyatt-m1560
m1567,Kanopi House,m1567-Kanopi House,Hyatt-m1567
m0987,Trident Hotel,m0987-Trident Hotel,Hyatt-m0987
m1003,Sunset Reef St Kitts,m1003-Sunset Reef St Kitts,Hyatt-m1003
m1822,East Winds,m1822-East Winds,Hyatt-m1822
smbsl,Secrets St. Lucia Resort & Spa,smbsl-Secrets St. Lucia Resort & Spa,Hyatt-smbsl
m1613,The Rabot Hotel from Hotel Chocolat,m1613-The Rabot Hotel from Hotel Chocolat,Hyatt-m1613
m1408,Le Martin Boutique Hotel,m1408-Le Martin Boutique Hotel,Hyatt-m1408
m1648,Bahama House,m1648-Bahama House,Hyatt-m1648
m1290,The Island House,m1290-The Island House,Hyatt-m1290
m1038,Ambergris Cay,m1038-Ambergris Cay,Hyatt-m1038
plsaz,Andaz Turks & Caicos Resort at Grace Bay,plsaz-Andaz Turks & Caicos Resort at Grace Bay,Hyatt-plsaz
m1378,Casa de Uco,m1378-Casa de Uco,Hyatt-m1378
m1804,Entre Cielos,m1804-Entre Cielos,Hyatt-m1804
m1462,Finca Adalgisa,m1462-Finca Adalgisa,Hyatt-m1462
m1371,Hotel Pulitzer Buenos Aires,m1371-Hotel Pulitzer Buenos Aires,Hyatt-m1371
m1694,Las Balsas,m1694-Las Balsas,Hyatt-m1694
m1402,Boardwalk Boutique Hotel Aruba,m1402-Boardwalk Boutique Hotel Aruba,Hyatt-m1402
m1652,Janeiro Hotel,m1652-Janeiro Hotel,Hyatt-m1652
m1419,Casa Molle,m1419-Casa Molle,Hyatt-m1419
m1545,Hotel Magnolia Santiago,m1545-Hotel Magnolia Santiago,Hyatt-m1545
m1797,The Singular Santiago,m1797-The Singular Santiago,Hyatt-m1797
m1688,B.O.G. Hotel,m1688-B.O.G. Hotel,Hyatt-m1688
m1387,Casa Legado,m1387-Casa Legado,Hyatt-m1387
m1481,Casa Pestagua,m1481-Casa Pestagua,Hyatt-m1481
m1805,Click Clack Hotel Bogotá,m1805-Click Clack Hotel Bogotá,Hyatt-m1805
m1719,Click Clack Hotel Medellín,m1719-Click Clack Hotel Medellín,Hyatt-m1719
m1562,Hotel Boutique Casona del Colegio,m1562-Hotel Boutique Casona del Colegio,Hyatt-m1562
m0331,Casa Chameleon Las Catalinas,m0331-Casa Chameleon Las Catalinas,Hyatt-m0331
sjozc,Hyatt Place Cariari / Convention Center ,sjozc-Hyatt Place Cariari / Convention Center,Hyatt-sjozc
m1791,Lapa Rios Lodge,m1791-Lapa Rios Lodge,Hyatt-m1791
m1572,Mother Earth Luxury Boutique Hotel,m1572-Mother Earth Luxury Boutique Hotel,Hyatt-m1572
m1800,Pacuare Lodge,m1800-Pacuare Lodge,Hyatt-m1800
m1552,Santarena Hotel at Las Catalinas,m1552-Santarena Hotel at Las Catalinas,Hyatt-m1552
m1470,"Silvestre Nosara, Hotel & Residences","m1470-Silvestre Nosara, Hotel & Residences",Hyatt-m1470
drecc,Dreams Cap Cana Resort & Spa,drecc-Dreams Cap Cana Resort & Spa,Hyatt-drecc
drelr,Dreams La Romana Resort & Spa,drelr-Dreams La Romana Resort & Spa,Hyatt-drelr
seclr,Secrets La Romana Resort & Spa,seclr-Secrets La Romana Resort & Spa,Hyatt-seclr
m1554,Aldea Canzul,m1554-Aldea Canzul,Hyatt-m1554
m0349,Anticavilla Hotel,m0349-Anticavilla Hotel,Hyatt-m0349
bp017,Bahia Principe Grand Coba,bp017-Bahia Principe Grand Coba,Hyatt-bp017
bp024,Bahia Principe Grand Tequila,bp024-Bahia Principe Grand Tequila,Hyatt-bp024
bp015,Bahia Principe Grand Tulum,bp015-Bahia Principe Grand Tulum,Hyatt-bp015
bp018,Bahia Principe Luxury Sian Ka'an,bp018-Bahia Principe Luxury Sian Ka'an,Hyatt-bp018
m0988,Brick Hotel,m0988-Brick Hotel,Hyatt-m0988
m1759,Casa Altata,m1759-Casa Altata,Hyatt-m1759
m1503,Casa Chablé,m1503-Casa Chablé,Hyatt-m1503
m1420,Casa Olivia,m1420-Casa Olivia,Hyatt-m1420
m1421,Casa Polanco Boutique Hotel,m1421-Casa Polanco Boutique Hotel,Hyatt-m1421
m1480,Casa Silencio,m1480-Casa Silencio,Hyatt-m1480
m1776,Casa TO,m1776-Casa TO,Hyatt-m1776
m1809,Casona Roma Norte,m1809-Casona Roma Norte,Hyatt-m1809
m1798,Casona Sforza,m1798-Casona Sforza,Hyatt-m1798
m1374,Chablé Maroma,m1374-Chablé Maroma,Hyatt-m1374
m1718,El Perdido,m1718-El Perdido,Hyatt-m1718
m1665,Encantada Tulum,m1665-Encantada Tulum,Hyatt-m1665
m1512,Hacienda San Angel,m1512-Hacienda San Angel,Hyatt-m1512
m1490,Hotel Bardo Tulum,m1490-Hotel Bardo Tulum,Hyatt-m1490
m1765,Hotel Cigno,m1765-Hotel Cigno,Hyatt-m1765
m1618,Hotel Esencia,m1618-Hotel Esencia,Hyatt-m1618
m1398,Hotel Panamera,m1398-Hotel Panamera,Hyatt-m1398
m1464,Hotel Tiki Tiki Tulum,m1464-Hotel Tiki Tiki Tulum,Hyatt-m1464
qroct,Hyatt Centric Querétaro,qroct-Hyatt Centric Querétaro,Hyatt-qroct
cunza,Hyatt Place Cancun Airport,cunza-Hyatt Place Cancun Airport,Hyatt-cunza
midzm,Hyatt Place Merida / Via Montejo,midzm-Hyatt Place Merida / Via Montejo,Hyatt-midzm
pdszp,Hyatt Place Piedras Negras,pdszp-Hyatt Place Piedras Negras,Hyatt-pdszp
hvpdc,Hyatt Vivid Playa del Carmen,hvpdc-Hyatt Vivid Playa del Carmen,Hyatt-hvpdc
m1787,Kokoro Mio,m1787-Kokoro Mio,Hyatt-m1787
m1467,L'Otel Casa Arca,m1467-L'Otel Casa Arca,Hyatt-m1467
m1571,Lula,m1571-Lula,Hyatt-m1571
m1305,Milam Hotel,m1305-Milam Hotel,Hyatt-m1305
m1833,Mira Earth Studios,m1833-Mira Earth Studios,Hyatt-m1833
m1630,Muaré Tulum,m1630-Muaré Tulum,Hyatt-m1630
m1674,Nest Tulum,m1674-Nest Tulum,Hyatt-m1674
m1524,Nima Local House Hotel,m1524-Nima Local House Hotel,Hyatt-m1524
m1347,Nomade Holbox,m1347-Nomade Holbox,Hyatt-m1347
m1543,Paradero Todos Santos,m1543-Paradero Todos Santos,Hyatt-m1543
mexph,Park Hyatt Mexico City,mexph-Park Hyatt Mexico City,Hyatt-mexph
m1669,Radhoo Tulum,m1669-Radhoo Tulum,Hyatt-m1669
m1287,Ser Casasandra,m1287-Ser Casasandra,Hyatt-m1287
sucun,Sunscape Cancun Resort & Spa,sucun-Sunscape Cancun Resort & Spa,Hyatt-sucun
m1770,Todos Santos Boutique Hotel,m1770-Todos Santos Boutique Hotel,Hyatt-m1770
m1451,Uma Casa,m1451-Uma Casa,Hyatt-m1451
m1454,Una Vida,m1454-Una Vida,Hyatt-m1454
m1453,Volga,m1453-Volga,Hyatt-m1453
zocdm,Zoëtry Casa del Mar Los Cabos,zocdm-Zoëtry Casa del Mar Los Cabos,Hyatt-zocdm
m1715,Yemaya Reefs,m1715-Yemaya Reefs,Hyatt-m1715
m1720,Amarla Boutique Hotel Casco Viejo,m1720-Amarla Boutique Hotel Casco Viejo,Hyatt-m1720
ptyuv,Hotel La Compañía del Valle,ptyuv-Hotel La Compañía del Valle,Hyatt-ptyuv
m1506,Andenia Boutique Hotel,m1506-Andenia Boutique Hotel,Hyatt-m1506
m1764,Villa Barranco,m1764-Villa Barranco,Hyatt-m1764
m1377,Alma Histórica Boutique Hotel,m1377-Alma Histórica Boutique Hotel,Hyatt-m1377
m1344,The Blackpine,m1344-The Blackpine,Hyatt-m1344
m0980,Altstadt Vienna,m0980-Altstadt Vienna,Hyatt-m0980
m1795,Eriro,m1795-Eriro,Hyatt-m1795
m1007,Severin's Alpine Retreat,m1007-Severin's Alpine Retreat,Hyatt-m1007
m1668,The Old School Guesthouse,m1668-The Old School Guesthouse,Hyatt-m1668
m1393,August Antwerp,m1393-August Antwerp,Hyatt-m1393
m1350,Botanic Sanctuary Antwerp,m1350-Botanic Sanctuary Antwerp,Hyatt-m1350
m1521,Hotel Flora,m1521-Hotel Flora,Hyatt-m1521
m1388,Hotel Julien,m1388-Hotel Julien,Hyatt-m1388
assbr,AluaSoul Sunny Beach,assbr-AluaSoul Sunny Beach,Hyatt-assbr
m1460,Dot Sofia,m1460-Dot Sofia,Hyatt-m1460
m1017,D-Resort Šibenik,m1017-D-Resort Šibenik,Hyatt-m1017
m1035,Hotel Excelsior Dubrovnik,m1035-Hotel Excelsior Dubrovnik,Hyatt-m1035
zadrz,Hyatt Regency Zadar,zadrz-Hyatt Regency Zadar,Hyatt-zadrz
m1423,Palace Natali,m1423-Palace Natali,Hyatt-m1423
m1016,Palazzo Rainis,m1016-Palazzo Rainis,Hyatt-m1016
m1008,San Canzian Hotel & Residences,m1008-San Canzian Hotel & Residences,Hyatt-m1008
rjkdh,Sealeven Hotel & Residences,rjkdh-Sealeven Hotel & Residences,Hyatt-rjkdh
tllzt,Hyatt Place Tallinn,tllzt-Hyatt Place Tallinn,Hyatt-tllzt
m1639,Runo Hotel Porvoo,m1639-Runo Hotel Porvoo,Hyatt-m1639
m1557,Experimental Chalet Val d'Isère,m1557-Experimental Chalet Val d'Isère,Hyatt-m1557
reict,Hyatt Centric Reims,reict-Hyatt Centric Reims,Hyatt-reict
m1612,Les Étangs de Corot,m1612-Les Étangs de Corot,Hyatt-m1612
m1343,Mob House,m1343-Mob House,Hyatt-m1343
m1376,Brindos Lac & Chateau,m1376-Brindos Lac & Chateau,Hyatt-m1376
m1625,Château Léognan,m1625-Château Léognan,Hyatt-m1625
m1650,Hôtel Le Garage Biarritz,m1650-Hôtel Le Garage Biarritz,Hyatt-m1650
m1831,Les Hortensias du Lac,m1831-Les Hortensias du Lac,Hyatt-m1831
m1653,Les Sources de Caudalie,m1653-Les Sources de Caudalie,Hyatt-m1653
tlsjt,FirstName Toulouse,tlsjt-FirstName Toulouse,Hyatt-tlsjt
tlsja,FirstName Toulouse Résidence,tlsja-FirstName Toulouse Résidence,Hyatt-tlsja
m1769,Les Sources de Cheverny,m1769-Les Sources de Cheverny,Hyatt-m1769
m1416,Auberge La Coste,m1416-Auberge La Coste,Hyatt-m1416
m1339,Hôtel & Spa Belle Plage,m1339-Hôtel & Spa Belle Plage,Hyatt-m1339
m0985,Ultimate Provence,m0985-Ultimate Provence,Hyatt-m0985
m1692,Communal Hotel Kutaisi,m1692-Communal Hotel Kutaisi,Hyatt-m1692
m1693,Communal Hotel Plekhanovi,m1693-Communal Hotel Plekhanovi,Hyatt-m1693
m1683,Communal Hotel Sololaki,m1683-Communal Hotel Sololaki,Hyatt-m1683
m1684,Communal Hotel Telavi,m1684-Communal Hotel Telavi,Hyatt-m1684
fraum,Brunfels Hotel,fraum-Brunfels Hotel,Hyatt-fraum
m1627,Gorki Apartments,m1627-Gorki Apartments,Hyatt-m1627
m1784,Heidelberg Suites,m1784-Heidelberg Suites,Hyatt-m1784
fraxg,Hyatt House Frankfurt Goetheplatz,fraxg-Hyatt House Frankfurt Goetheplatz,Hyatt-fraxg
m1628,Max Brown Ku'Damm,m1628-Max Brown Ku'Damm,Hyatt-m1628
m1777,Münchner Kindl,m1777-Münchner Kindl,Hyatt-m1777
m1201,Purs Luxury Boutique Hotel,m1201-Purs Luxury Boutique Hotel,Hyatt-m1201
m1141,Sly Berlin,m1141-Sly Berlin,Hyatt-m1141
m1815,Wilmina Suites,m1815-Wilmina Suites,Hyatt-m1815
m1477,Aenaon Villas,m1477-Aenaon Villas,Hyatt-m1477
m1310,Aleró Seaside Skyros Resort,m1310-Aleró Seaside Skyros Resort,Hyatt-m1310
m1313,Aménte Mindful Stay,m1313-Aménte Mindful Stay,Hyatt-m1313
m1501,Astra Suites,m1501-Astra Suites,Hyatt-m1501
m1389,AthensWas,m1389-AthensWas,Hyatt-m1389
m0994,Canaves Ena,m0994-Canaves Ena,Hyatt-m0994
m0997,Canaves Epitome,m0997-Canaves Epitome,Hyatt-m0997
m0999,Canaves Oia Suites,m0999-Canaves Oia Suites,Hyatt-m0999
m1828,Cape Sounio,m1828-Cape Sounio,Hyatt-m1828
m1457,Cielo Villas,m1457-Cielo Villas,Hyatt-m1457
m1478,Contessina Hotel,m1478-Contessina Hotel,Hyatt-m1478
m1499,Contessina Suites & Spa,m1499-Contessina Suites & Spa,Hyatt-m1499
m1685,Deos Mykonos,m1685-Deos Mykonos,Hyatt-m1685
m1019,Eagles Villas,m1019-Eagles Villas,Hyatt-m1019
m1355,Ergon Bakehouse Athens,m1355-Ergon Bakehouse Athens,Hyatt-m1355
m1396,Ergon Beach House Nikiti,m1396-Ergon Beach House Nikiti,Hyatt-m1396
m1390,Ergon House Athens,m1390-Ergon House Athens,Hyatt-m1390
m1510,Erosantorini,m1510-Erosantorini,Hyatt-m1510
m1070,Gundari,m1070-Gundari,Hyatt-m1070
m1465,Iconic Santorini,m1465-Iconic Santorini,Hyatt-m1465
m1568,Kapari Natural Resort,m1568-Kapari Natural Resort,Hyatt-m1568
m1658,King Jason Zante,m1658-King Jason Zante,Hyatt-m1658
m1466,Koia All-Suite Wellbeing Resort,m1466-Koia All-Suite Wellbeing Resort,Hyatt-m1466
m1293,Kyrimai Hotel,m1293-Kyrimai Hotel,Hyatt-m1293
m1695,La Divina,m1695-La Divina,Hyatt-m1695
m1570,Leeda's Village,m1570-Leeda's Village,Hyatt-m1570
m1395,Lesante Cape Resort & Villas,m1395-Lesante Cape Resort & Villas,Hyatt-m1395
m1022,Liostasi,m1022-Liostasi,Hyatt-m1022
m1405,Mona,m1405-Mona,Hyatt-m1405
m1708,Monolithoi,m1708-Monolithoi,Hyatt-m1708
m1437,Myconian Ambassador,m1437-Myconian Ambassador,Hyatt-m1437
m1814,Myconian Sunrise,m1814-Myconian Sunrise,Hyatt-m1814
m1632,Numo Mykonos,m1632-Numo Mykonos,Hyatt-m1632
m1666,On Residence,m1666-On Residence,Hyatt-m1666
m1438,Opsis Villas,m1438-Opsis Villas,Hyatt-m1438
m1676,Parocks Luxury Hotel & Spa,m1676-Parocks Luxury Hotel & Spa,Hyatt-m1676
m1496,Perivolas,m1496-Perivolas,Hyatt-m1496
m1553,Santorini Heights,m1553-Santorini Heights,Hyatt-m1553
m1482,"Shila, Athens","m1482-Shila, Athens",Hyatt-m1482
m1348,The Coast Bill & Coo,m1348-The Coast Bill & Coo,Hyatt-m1348
m1515,The Dolli at Acropolis,m1515-The Dolli at Acropolis,Hyatt-m1515
m1361,The Modernist Athens,m1361-The Modernist Athens,Hyatt-m1361
m1646,The Modernist Thessaloniki,m1646-The Modernist Thessaloniki,Hyatt-m1646
m1701,The Roc Club,m1701-The Roc Club,Hyatt-m1701
m1758,The Wild Hotel,m1758-The Wild Hotel,Hyatt-m1758
m1756,Bagatelle Gardenhouse,m1756-Bagatelle Gardenhouse,Hyatt-m1756
m1811,Hotel Gin Budapest,m1811-Hotel Gin Budapest,Hyatt-m1811
m1687,Hotel Rum Budapest,m1687-Hotel Rum Budapest,Hyatt-m1687
m1356,Exeter Hotel,m1356-Exeter Hotel,Hyatt-m1356
m1616,Highland Base Hotel,m1616-Highland Base Hotel,Hyatt-m1616
m1302,Torfhús Retreat,m1302-Torfhús Retreat,Hyatt-m1302
m1667,The Alex,m1667-The Alex,Hyatt-m1667
m1728,The Mont,m1728-The Mont,Hyatt-m1728
m0984,Wilder Townhouse,m0984-Wilder Townhouse,Hyatt-m0984
m1315,Aethos Monterosa,m1315-Aethos Monterosa,Hyatt-m1315
m1001,Canne Bianche,m1001-Canne Bianche,Hyatt-m1001
m1696,Masseria Palombara,m1696-Masseria Palombara,Hyatt-m1696
m1382,Laqua Countryside,m1382-Laqua Countryside,Hyatt-m1382
m1010,Romeo Napoli,m1010-Romeo Napoli,Hyatt-m1010
m1031,Hotel Palazzo Manfredi,m1031-Hotel Palazzo Manfredi,Hyatt-m1031
m1522,Maalot Roma,m1522-Maalot Roma,Hyatt-m1522
m1655,Martius Private Suites Hotel,m1655-Martius Private Suites Hotel,Hyatt-m1655
m1631,Nerva Boutique Hotel,m1631-Nerva Boutique Hotel,Hyatt-m1631
m1365,Palazzo delle Pietre,m1365-Palazzo delle Pietre,Hyatt-m1365
m1364,Palazzo Ripetta,m1364-Palazzo Ripetta,Hyatt-m1364
m1766,Palazzo Scanderbeg,m1766-Palazzo Scanderbeg,Hyatt-m1766
m1677,Piazza di Spagna 9,m1677-Piazza di Spagna 9,Hyatt-m1677
m1526,Rhinoceros Roma,m1526-Rhinoceros Roma,Hyatt-m1526
m1642,The Fifteen Keys Hotel,m1642-The Fifteen Keys Hotel,Hyatt-m1642
m1643,The First Musica,m1643-The First Musica,Hyatt-m1643
romth,Thompson Rome,romth-Thompson Rome,Hyatt-romth
m1426,Palazzo Durazzo,m1426-Palazzo Durazzo,Hyatt-m1426
m1837,Villa Porto Rapallo,m1837-Villa Porto Rapallo,Hyatt-m1837
m1620,Aethos Milan,m1620-Aethos Milan,Hyatt-m1620
m1789,Casa Brivio,m1789-Casa Brivio,Hyatt-m1789
m1301,Crossing Manzoni,m1301-Crossing Manzoni,Hyatt-m1301
m1027,Galleria Vik,m1027-Galleria Vik,Hyatt-m1027
m1400,Lefay Resort & Spa Lago di Garda,m1400-Lefay Resort & Spa Lago di Garda,Hyatt-m1400
m1020,Magna Pars L'Hotel à Parfum,m1020-Magna Pars L'Hotel à Parfum,Hyatt-m1020
m1000,The Gray,m1000-The Gray,Hyatt-m1000
m1337,Vico Milano,m1337-Vico Milano,Hyatt-m1337
m1056,La Foleia,m1056-La Foleia,Hyatt-m1056
m1838,Le Cattedrali Relais by Laqua Collection,m1838-Le Cattedrali Relais by Laqua Collection,Hyatt-m1838
m1540,Vigne di Fagnano 1709,m1540-Vigne di Fagnano 1709,Hyatt-m1540
m1345,Albero Capovolto,m1345-Albero Capovolto,Hyatt-m1345
m1011,Cascioni Eco Retreat,m1011-Cascioni Eco Retreat,Hyatt-m1011
m1357,Gallicantu Stazzo Retreat,m1357-Gallicantu Stazzo Retreat,Hyatt-m1357
m1424,Le Dune Piscinas,m1424-Le Dune Piscinas,Hyatt-m1424
m1807,Braccialieri,m1807-Braccialieri,Hyatt-m1807
m1732,Elle Dimora di Sicilia,m1732-Elle Dimora di Sicilia,Hyatt-m1732
m1005,Sikelia Luxury Retreat,m1005-Sikelia Luxury Retreat,Hyatt-m1005
m1032,Goldene Rose Karthaus,m1032-Goldene Rose Karthaus,Hyatt-m1032
m0190,Lagació Hotel Mountain Residence,m0190-Lagació Hotel Mountain Residence,Hyatt-m0190
m1383,Lefay Resort & Spa Dolomiti,m1383-Lefay Resort & Spa Dolomiti,Hyatt-m1383
m1547,My Arbor Dolomites,m1547-My Arbor Dolomites,Hyatt-m1547
m1443,Saltus,m1443-Saltus,Hyatt-m1443
bp013,Bahia Principe Grand Jamaica,bp013-Bahia Principe Grand Jamaica,Hyatt-bp013
m1656,Max Brown 7th District,m1656-Max Brown 7th District,Hyatt-m1656
m1786,Monastik Living in Athina,m1786-Monastik Living in Athina,Hyatt-m1786
m1431,Monument,m1431-Monument,Hyatt-m1431
m1014,Panoptis Escape,m1014-Panoptis Escape,Hyatt-m1014
m1352,Casa G Firenze,m1352-Casa G Firenze,Hyatt-m1352
m1353,Casa Newton,m1353-Casa Newton,Hyatt-m1353
m1559,Fontelunga Hotel & Villas,m1559-Fontelunga Hotel & Villas,Hyatt-m1559
m1651,Il Salviatino,m1651-Il Salviatino,Hyatt-m1651
m0499,La Guardia,m0499-La Guardia,Hyatt-m0499
m1635,Riva Lofts,m1635-Riva Lofts,Hyatt-m1635
m1338,This Time Tomorrow in Florence,m1338-This Time Tomorrow in Florence,Hyatt-m1338
m1500,Locanda Palazzone,m1500-Locanda Palazzone,Hyatt-m1500
m1432,Palazzo Petrvs,m1432-Palazzo Petrvs,Hyatt-m1432
m1200,Vocabolo Moscatelli,m1200-Vocabolo Moscatelli,Hyatt-m1200
m1351,Ca Maria Adele,m1351-Ca Maria Adele,Hyatt-m1351
m0989,Ca' Di Dio,m0989-Ca' Di Dio,Hyatt-m0989
m1532,Il Palazzo Experimental,m1532-Il Palazzo Experimental,Hyatt-m1532
m1306,Madama Garden Retreat,m1306-Madama Garden Retreat,Hyatt-m1306
m1495,Palazzina Grassi,m1495-Palazzina Grassi,Hyatt-m1495
m1633,Palazzo Cristo,m1633-Palazzo Cristo,Hyatt-m1633
m1548,Palazzo Venart,m1548-Palazzo Venart,Hyatt-m1548
m1448,The Venice Venice Hotel,m1448-The Venice Venice Hotel,Hyatt-m1448
m1647,Venissa,m1647-Venissa,Hyatt-m1647
m0993,Canal House,m0993-Canal House,Hyatt-m0993
m1761,De Plesman,m1761-De Plesman,Hyatt-m1761
m1021,Eilert Smith,m1021-Eilert Smith,Hyatt-m1021
m1556,Âmago,m1556-Âmago,Hyatt-m1556
lisaz,Andaz Lisbon,lisaz-Andaz Lisbon,Hyatt-lisaz
m1624,Brown's Avenue Hotel,m1624-Brown's Avenue Hotel,Hyatt-m1624
m1422,Charm Nature,m1422-Charm Nature,Hyatt-m1422
m1384,Flora Chiado Apartments,m1384-Flora Chiado Apartments,Hyatt-m1384
m1144,Independente Comporta,m1144-Independente Comporta,Hyatt-m1144
m1697,Memmo Alfama,m1697-Memmo Alfama,Hyatt-m1697
m1629,Montecarmo 12,m1629-Montecarmo 12,Hyatt-m1629
m1782,Monverde Wine Experience Hotel,m1782-Monverde Wine Experience Hotel,Hyatt-m1782
m1574,Octant Praia Verde,m1574-Octant Praia Verde,Hyatt-m1574
m1012,Quinta da Comporta,m1012-Quinta da Comporta,Hyatt-m1012
m1836,Quinta do Barrilário,m1836-Quinta do Barrilário,Hyatt-m1836
m1733,Quinta do Paral,m1733-Quinta do Paral,Hyatt-m1733
m1434,Quinta do Porto Nogueira,m1434-Quinta do Porto Nogueira,Hyatt-m1434
m1634,Raw Culture Bairro Alto,m1634-Raw Culture Bairro Alto,Hyatt-m1634
m1645,The Lisboans,m1645-The Lisboans,Hyatt-m1645
m0996,The Lumiares,m0996-The Lumiares,Hyatt-m0996
m1717,The Pergola Boutique Hotel,m1717-The Pergola Boutique Hotel,Hyatt-m1717
m1447,The Rebello Hotel & Spa,m1447-The Rebello Hotel & Spa,Hyatt-m1447
m0990,The Vintage Hotel & Spa,m0990-The Vintage Hotel & Spa,Hyatt-m0990
m1094,TheVagar Country House,m1094-TheVagar Country House,Hyatt-m1094
m1386,Valverde Hotel,m1386-Valverde Hotel,Hyatt-m1386
m1520,Verdelago Resort,m1520-Verdelago Resort,Hyatt-m1520
m1455,Vermelho Melides,m1455-Vermelho Melides,Hyatt-m1455
m1794,Vinha Boutique Hotel,m1794-Vinha Boutique Hotel,Hyatt-m1794
m1621,AS Boutique Hotel,m1621-AS Boutique Hotel,Hyatt-m1621
m1775,Vila Muhr,m1775-Vila Muhr,Hyatt-m1775
m0372,Akelarre,m0372-Akelarre,Hyatt-m0372
ascoa,AluaSoul Costa Adeje,ascoa-AluaSoul Costa Adeje,Hyatt-ascoa
m1407,Amagatay Menorca,m1407-Amagatay Menorca,Hyatt-m1407
m0981,Arima Hotel & Spa,m0981-Arima Hotel & Spa,Hyatt-m0981
bp022,Bahia Principe Fantasia Tenerife,bp022-Bahia Principe Fantasia Tenerife,Hyatt-bp022
bp021,Bahia Principe Luxury Tenerife,bp021-Bahia Principe Luxury Tenerife,Hyatt-bp021
bp023,Bahia Principe Sunlight Coral Playa,bp023-Bahia Principe Sunlight Coral Playa,Hyatt-bp023
bp020,Bahia Principe Sunlight Costa Adeje,bp020-Bahia Principe Sunlight Costa Adeje,Hyatt-bp020
bp019,Bahia Principe Sunlight San Felipe,bp019-Bahia Principe Sunlight San Felipe,Hyatt-bp019
m1661,Barceló Torre de Madrid,m1661-Barceló Torre de Madrid,Hyatt-m1661
m1403,Boho Club Marbella,m1403-Boho Club Marbella,Hyatt-m1403
m1623,Borneta,m1623-Borneta,Hyatt-m1623
m1722,Cap Menorca,m1722-Cap Menorca,Hyatt-m1722
m1375,Casagrand Luxury Suites,m1375-Casagrand Luxury Suites,Hyatt-m1375
m1808,Castilla Termal Brihuega,m1808-Castilla Termal Brihuega,Hyatt-m1808
m1401,César Lanzarote,m1401-César Lanzarote,Hyatt-m1401
m1663,CoolRooms Atocha,m1663-CoolRooms Atocha,Hyatt-m1663
m1626,CoolRooms Palacio de Villapanés,m1626-CoolRooms Palacio de Villapanés,Hyatt-m1626
m1458,Cristine Bedfor Menorca,m1458-Cristine Bedfor Menorca,Hyatt-m1458
m1558,Faustino Gran,m1558-Faustino Gran,Hyatt-m1558
m1779,Finca Cortesin,m1779-Finca Cortesin,Hyatt-m1779
m1391,Gran Hotel Inglés,m1391-Gran Hotel Inglés,Hyatt-m1391
m0582,Gravina 51,m0582-Gravina 51,Hyatt-m0582
m1381,Hotel Boutique San Diego,m1381-Hotel Boutique San Diego,Hyatt-m1381
m1463,Hotel Castillo Santa Catalina,m1463-Hotel Castillo Santa Catalina,Hyatt-m1463
m1340,Hotel Nafarrola,m1340-Hotel Nafarrola,Hyatt-m1340
m1513,Hotel Pleta de Mar,m1513-Hotel Pleta de Mar,Hyatt-m1513
m1314,Hotel Regina,m1314-Hotel Regina,Hyatt-m1314
m1514,Hotel Rural Morvedra Nou,m1514-Hotel Rural Morvedra Nou,Hyatt-m1514
m1370,Hotel Unico,m1370-Hotel Unico,Hyatt-m1370
m1028,Hotel Urso,m1028-Hotel Urso,Hyatt-m1028
m1821,La Bionda Hotel Begur,m1821-La Bionda Hotel Begur,Hyatt-m1821
m1468,La Casa de los Naranjos,m1468-La Casa de los Naranjos,Hyatt-m1468
m1492,La Fonda Heritage Hotel,m1492-La Fonda Heritage Hotel,Hyatt-m1492
m1427,Marbella Club,m1427-Marbella Club,Hyatt-m1427
m1140,Mett Hotel & Beach Resort Marbella,m1140-Mett Hotel & Beach Resort Marbella,Hyatt-m1140
m1430,Mirador De Dalt Vila,m1430-Mirador De Dalt Vila,Hyatt-m1430
m1145,Ocean Drive Sevilla,m1145-Ocean Drive Sevilla,Hyatt-m1145
m1573,Ocean Drive Talamanca,m1573-Ocean Drive Talamanca,Hyatt-m1573
m1397,Palacio Solecio,m1397-Palacio Solecio,Hyatt-m1397
m1299,Petunia Ibiza,m1299-Petunia Ibiza,Hyatt-m1299
m1363,Portella,m1363-Portella,Hyatt-m1363
m0282,Posada Terra Santa,m0282-Posada Terra Santa,Hyatt-m0282
m1525,Puente Romano Beach Resort,m1525-Puente Romano Beach Resort,Hyatt-m1525
m1637,Royal Hideaway Corales Beach,m1637-Royal Hideaway Corales Beach,Hyatt-m1637
m1638,Royal Hideaway Corales Suites,m1638-Royal Hideaway Corales Suites,Hyatt-m1638
m0675,Seda Club Hotel,m0675-Seda Club Hotel,Hyatt-m0675
m1002,Terra Dominicata,m1002-Terra Dominicata,Hyatt-m1002
m0995,The Principal Madrid,m0995-The Principal Madrid,Hyatt-m0995
ibzsi,"The Standard, Ibiza","ibzsi-The Standard, Ibiza",Hyatt-ibzsi
m1037,Torre del Marqués Hotel Spa & Winery,m1037-Torre del Marqués Hotel Spa & Winery,Hyatt-m1037
m1702,Torre del Remei,m1702-Torre del Remei,Hyatt-m1702
m1539,Torre Vella Fontenille Menorca,m1539-Torre Vella Fontenille Menorca,Hyatt-m1539
m1456,Vestige Son Vell,m1456-Vestige Son Vell,Hyatt-m1456
m1790,Arctic Bath,m1790-Arctic Bath,Hyatt-m1790
gotzg,Hyatt Place Gothenburg Central,gotzg-Hyatt Place Gothenburg Central,Hyatt-gotzg
m1785,The Ark at Eriksberg,m1785-The Ark at Eriksberg,Hyatt-m1785
m1803,Treehotel,m1803-Treehotel,Hyatt-m1803
m1723,Villa Dagmar,m1723-Villa Dagmar,Hyatt-m1723
m1341,7132 Hotel,m1341-7132 Hotel,Hyatt-m1341
m0614,Grace La Margna St Moritz,m0614-Grace La Margna St Moritz,Hyatt-m0614
m1615,Grand Hotel Belvedere,m1615-Grand Hotel Belvedere,Hyatt-m1615
m1023,Le Grand Bellevue,m1023-Le Grand Bellevue,Hyatt-m1023
achjd,Me and All Hotel Flims,achjd-Me and All Hotel Flims,Hyatt-achjd
m1483,The Capra,m1483-The Capra,Hyatt-m1483
m1827,Ahama,m1827-Ahama,Hyatt-m1827
m1091,Bijal,m1091-Bijal,Hyatt-m1091
m1488,Gaia by the Sea,m1488-Gaia by the Sea,Hyatt-m1488
m1199,Scorpios Bodrum,m1199-Scorpios Bodrum,Hyatt-m1199
m1706,The Stay Nisantasi,m1706-The Stay Nisantasi,Hyatt-m1706
m1729,Witt Istanbul Suites,m1729-Witt Istanbul Suites,Hyatt-m1729
m1311,42 Acres,m1311-42 Acres,Hyatt-m1311
m1392,Beadnell Towers & Kitchen,m1392-Beadnell Towers & Kitchen,Hyatt-m1392
m1380,Broadwick Soho,m1380-Broadwick Soho,Hyatt-m1380
m1511,Estelle Manor,m1511-Estelle Manor,Hyatt-m1511
m1312,Grand Hotel Bellevue London,m1312-Grand Hotel Bellevue London,Hyatt-m1312
m1489,Hare & Hounds Newbury,m1489-Hare & Hounds Newbury,Hyatt-m1489
m1707,Holm,m1707-Holm,Hyatt-m1707
m1036,Homewood,m1036-Homewood,Hyatt-m1036
m1614,Hort's Townhouse,m1614-Hort's Townhouse,Hyatt-m1614
lonry,Hyatt Regency London Olympia,lonry-Hyatt Regency London Olympia,Hyatt-lonry
m1368,L'oscar,m1368-L'oscar,Hyatt-m1368
m1523,New Park Manor,m1523-New Park Manor,Hyatt-m1523
m1090,"No.1 by Guesthouse, York","m1090-No.1 by Guesthouse, York",Hyatt-m1090
m1699,"No.124 by Guesthouse, Brighton","m1699-No.124 by Guesthouse, Brighton",Hyatt-m1699
m1675,Oddfellows on the Park,m1675-Oddfellows on the Park,Hyatt-m1675
m1494,One Aldwych,m1494-One Aldwych,Hyatt-m1494
m0586,Rectory Farm,m0586-Rectory Farm,Hyatt-m0586
m1549,Rest + Wild Exmoor,m1549-Rest + Wild Exmoor,Hyatt-m1549
m1550,Rest + Wild Shropshire Hills,m1550-Rest + Wild Shropshire Hills,Hyatt-m1550
m0521,Rothay Manor,m0521-Rothay Manor,Hyatt-m0521
m1303,Stanwell House,m1303-Stanwell House,Hyatt-m1303
m1308,The Beacon,m1308-The Beacon,Hyatt-m1308
m1346,The Bell in Ticehurst,m1346-The Bell in Ticehurst,Hyatt-m1346
m1682,The Canford,m1682-The Canford,Hyatt-m1682
m1485,The Cavendish Hotel at Baslow,m1485-The Cavendish Hotel at Baslow,Hyatt-m1485
m1788,The Coat & Bear,m1788-The Coat & Bear,Hyatt-m1788
m1516,The Feathers Hotel,m1516-The Feathers Hotel,Hyatt-m1516
m1819,The Great Bustard,m1819-The Great Bustard,Hyatt-m1819
m1486,The Nici,m1486-The Nici,Hyatt-m1486
m1564,The Penny Bun,m1564-The Penny Bun,Hyatt-m1564
m1342,The Queen's Arms,m1342-The Queen's Arms,Hyatt-m1342
m1792,The Ropemaker,m1792-The Ropemaker,Hyatt-m1792
m1817,The Royal Forest,m1817-The Royal Forest,Hyatt-m1817
lonsl,"The Standard, London","lonsl-The Standard, London",Hyatt-lonsl
m1565,The Store Oxford,m1565-The Store Oxford,Hyatt-m1565
m1671,The White Horse Dorking,m1671-The White Horse Dorking,Hyatt-m1671
m1452,Tillingham,m1452-Tillingham,Hyatt-m1452
m1704,Watergate Bay Hotel,m1704-Watergate Bay Hotel,Hyatt-m1704
m1542,Wild Thyme & Honey,m1542-Wild Thyme & Honey,Hyatt-m1542
m1659,"Another Place, The Machrie","m1659-Another Place, The Machrie",Hyatt-m1659
m1561,Gleneagles Townhouse,m1561-Gleneagles Townhouse,Hyatt-m1561
m1826,Rusacks St Andrews,m1826-Rusacks St Andrews,Hyatt-m1826
m0992,The Roseate Edinburgh,m0992-The Roseate Edinburgh,Hyatt-m0992
m1034,Grove of Narberth,m1034-Grove of Narberth,Hyatt-m1034
m1285,Harbourmaster Hotel,m1285-Harbourmaster Hotel,Hyatt-m1285
m1428,Mashatu Euphorbia Villas,m1428-Mashatu Euphorbia Villas,Hyatt-m1428
m1502,Anahita Golf & Spa Resort,m1502-Anahita Golf & Spa Resort,Hyatt-m1502
m1300,Lux Belle Mare,m1300-Lux Belle Mare,Hyatt-m1300
m1071,Lux Le Morne,m1071-Lux Le Morne,Hyatt-m1071
m1425,Maradiva Villas Resort & Spa,m1425-Maradiva Villas Resort & Spa,Hyatt-m1425
m1354,Dar Darma,m1354-Dar Darma,Hyatt-m1354
m1459,Dar Zemora,m1459-Dar Zemora,Hyatt-m1459
m1509,El Fenn,m1509-El Fenn,Hyatt-m1509
m1029,Hôtel Sahrai,m1029-Hôtel Sahrai,Hyatt-m1029
m0109,Ksar Char-Bagh,m0109-Ksar Char-Bagh,Hyatt-m0109
m1369,Ksar Fawz & Spa,m1369-Ksar Fawz & Spa,Hyatt-m1369
m1289,Le Jardin des Douars,m1289-Le Jardin des Douars,Hyatt-m1289
m1349,P'tit Habibi,m1349-P'tit Habibi,Hyatt-m1349
m1439,Riad Antara,m1439-Riad Antara,Hyatt-m1439
m1441,Riad de Tarabel,m1441-Riad de Tarabel,Hyatt-m1441
m1678,Riad Due,m1678-Riad Due,Hyatt-m1678
m1713,Riad Jaaneman,m1713-Riad Jaaneman,Hyatt-m1713
m1679,Riad No 37,m1679-Riad No 37,Hyatt-m1679
m1834,Riad Vivre,m1834-Riad Vivre,Hyatt-m1834
m1450,This Time Tomorrow in Marrakech,m1450-This Time Tomorrow in Marrakech,Hyatt-m1450
losrl,Hyatt Regency Lagos Ikeja,losrl-Hyatt Regency Lagos Ikeja,Hyatt-losrl
m1411,7 Koppies Farm,m1411-7 Koppies Farm,Hyatt-m1411
m1757,Ellerman House,m1757-Ellerman House,Hyatt-m1757
m1319,Esiweni Safari Lodge,m1319-Esiweni Safari Lodge,Hyatt-m1319
m1487,Future Found Sanctuary,m1487-Future Found Sanctuary,Hyatt-m1487
m1057,La Clé des Montagnes,m1057-La Clé des Montagnes,Hyatt-m1057
m1429,Mhondoro Safari Lodge,m1429-Mhondoro Safari Lodge,Hyatt-m1429
m1763,Sterrekopje Farm,m1763-Sterrekopje Farm,Hyatt-m1763
m1622,Bawe Island,m1622-Bawe Island,Hyatt-m1622
m1544,Zanzibar White Sand,m1544-Zanzibar White Sand,Hyatt-m1544
lunrl,The Pamodzi Hotel,lunrl-The Pamodzi Hotel,Hyatt-lunrl
m1089,The Norman,m1089-The Norman,Hyatt-m1089
rsiob,Miraval The Red Sea,rsiob-Miraval The Red Sea,Hyatt-rsiob
m1796,Bab Al Shams,m1796-Bab Al Shams,Hyatt-m1796
m0983,Bhutan Spirit Sanctuary,m0983-Bhutan Spirit Sanctuary,Hyatt-m0983
m1410,Navutu Dreams Resort & Wellness Retreat,m1410-Navutu Dreams Resort & Wellness Retreat,Hyatt-m1410
m1399,Viroth's Villa,m1399-Viroth's Villa,Hyatt-m1399
m1435,Raas Devigarh,m1435-Raas Devigarh,Hyatt-m1435
m1307,Coconut Lagoon,m1307-Coconut Lagoon,Hyatt-m1307
m1358,Malabar Escapes: Purity at Lake Vembanad,m1358-Malabar Escapes: Purity at Lake Vembanad,Hyatt-m1358
m1493,Niraamaya Retreats Surya Samudra,m1493-Niraamaya Retreats Surya Samudra,Hyatt-m1493
m1359,The Malabar House,m1359-The Malabar House,Hyatt-m1359
m1691,Coco Shambhala Sindhudurg,m1691-Coco Shambhala Sindhudurg,Hyatt-m1691
ixuza,Hyatt Place Aurangabad Airport,ixuza-Hyatt Place Aurangabad Airport,Hyatt-ixuza
m1731,28 Kothi,m1731-28 Kothi,Hyatt-m1731
m1418,Bujera Fort,m1418-Bujera Fort,Hyatt-m1418
m1830,Mharo Khet,m1830-Mharo Khet,Hyatt-m1830
m1291,Raas Chhatrasagar,m1291-Raas Chhatrasagar,Hyatt-m1291
m1680,Royal Heritage Haveli,m1680-Royal Heritage Haveli,Hyatt-m1680
m1644,Samode Haveli,m1644-Samode Haveli,Hyatt-m1644
m1497,The Johri,m1497-The Johri,Hyatt-m1497
m1517,The Glenburn Penthouse,m1517-The Glenburn Penthouse,Hyatt-m1517
m1072,Alamayah,m1072-Alamayah,Hyatt-m1072
m1015,Desa Hay,m1015-Desa Hay,Hyatt-m1015
m1030,Gdas Bali Health and Wellness Resort,m1030-Gdas Bali Health and Wellness Resort,Hyatt-m1030
m1686,Hidden Hills Villas,m1686-Hidden Hills Villas,Hyatt-m1686
m1491,Kappa Senses Ubud,m1491-Kappa Senses Ubud,Hyatt-m1491
m1304,Mathis Lodge Amed,m1304-Mathis Lodge Amed,Hyatt-m1304
m1294,Nirjhara,m1294-Nirjhara,Hyatt-m1294
m1617,Tampah Hills,m1617-Tampah Hills,Hyatt-m1617
m1385,The Ridge Bali,m1385-The Ridge Bali,Hyatt-m1385
m1823,Arimasansoh Goshobessho,m1823-Arimasansoh Goshobessho,Hyatt-m1823
tyocp,Caption by Hyatt Kabutocho Tokyo,tyocp-Caption by Hyatt Kabutocho Tokyo,Hyatt-tyocp
m1563,Shishi-Iwa House,m1563-Shishi-Iwa House,Hyatt-m1563
m1024,Else Kuala Lumpur,m1024-Else Kuala Lumpur,Hyatt-m1024
kulct,Hyatt Centric City Centre Kuala Lumpur,kulct-Hyatt Centric City Centre Kuala Lumpur,Hyatt-kulct
kulrk,Hyatt Regency Kuala Lumpur at KL MIDTOWN,kulrk-Hyatt Regency Kuala Lumpur at KL MIDTOWN,Hyatt-kulrk
m1721,The Chow Kit,m1721-The Chow Kit,Hyatt-m1721
m1783,The RuMa Hotel and Residences,m1783-The RuMa Hotel and Residences,Hyatt-m1783
m1518,The Nautilus Maldives,m1518-The Nautilus Maldives,Hyatt-m1518
mldsm,"The Standard, Maldives","mldsm-The Standard, Maldives",Hyatt-mldsm
m0302,Nay Palad Hideaway,m0302-Nay Palad Hideaway,Hyatt-m0302
sinss,"The Standard, Singapore","sinss-The Standard, Singapore",Hyatt-sinss
m1412,Aarunya Nature Resort,m1412-Aarunya Nature Resort,Hyatt-m1412
m1092,Galle Fort Hotel,m1092-Galle Fort Hotel,Hyatt-m1092
m1816,Glenross Living,m1816-Glenross Living,Hyatt-m1816
m1767,Halcyon Mawella,m1767-Halcyon Mawella,Hyatt-m1767
m1498,Ishq Colombo,m1498-Ishq Colombo,Hyatt-m1498
m1379,Kurulu Bay,m1379-Kurulu Bay,Hyatt-m1379
m1074,"Malabar Hill, Sri Lanka","m1074-Malabar Hill, Sri Lanka",Hyatt-m1074
m1367,Maniumpathy,m1367-Maniumpathy,Hyatt-m1367
m1433,Paradise Road Tintagel Colombo,m1433-Paradise Road Tintagel Colombo,Hyatt-m1433
m1818,Tekanda Lodge,m1818-Tekanda Lodge,Hyatt-m1818
m1519,Trebartha East the Round House,m1519-Trebartha East the Round House,Hyatt-m1519
m1284,Uga Riva,m1284-Uga Riva,Hyatt-m1284
m1360,Wallawwa,m1360-Wallawwa,Hyatt-m1360
m1009,Cape Kudu Hotel,m1009-Cape Kudu Hotel,Hyatt-m1009
m1802,Marasca Samui,m1802-Marasca Samui,Hyatt-m1802
m1820,The Sarojin,m1820-The Sarojin,Hyatt-m1820
bkkaz,Andaz One Bangkok,bkkaz-Andaz One Bangkok,Hyatt-bkkaz
bkkzk,Hyatt Place Bangkok Sukhumvit 1,bkkzk-Hyatt Place Bangkok Sukhumvit 1,Hyatt-bkkzk
bkkrb,Hyatt Regency Bangkok Suvarnabhumi Airport,bkkrb-Hyatt Regency Bangkok Suvarnabhumi Airport,Hyatt-bkkrb
m1484,The Siam,m1484-The Siam,Hyatt-m1484
bkksb,"The Standard, Bangkok","bkksb-The Standard, Bangkok",Hyatt-bkksb
bkksx,"The StandardX, Bangkok Phra Arthit","bkksx-The StandardX, Bangkok Phra Arthit",Hyatt-bkksx
m1703,Volve Hotel Bangkok,m1703-Volve Hotel Bangkok,Hyatt-m1703
m1673,Hotel Verdigris,m1673-Hotel Verdigris,Hyatt-m1673
m1026,Keemala,m1026-Keemala,Hyatt-m1026
m1406,Paresa,m1406-Paresa,Hyatt-m1406
m1681,Sala Phuket Mai Khao Beach Resort,m1681-Sala Phuket Mai Khao Beach Resort,Hyatt-m1681
m1446,The Racha,m1446-The Racha,Hyatt-m1446
huash,"The Standard, Hua Hin","huash-The Standard, Hua Hin",Hyatt-huash
m1006,Cape Fahn,m1006-Cape Fahn,Hyatt-m1006
m1569,Kerem Luxury Beachfront Villas,m1569-Kerem Luxury Beachfront Villas,Hyatt-m1569
m1362,Samujana Villas,m1362-Samujana Villas,Hyatt-m1362
m1714,An Lam Retreats Saigon River,m1714-An Lam Retreats Saigon River,Hyatt-m1714
vdozh,"Hyatt Place Ha Long Bay, Bai Chay","vdozh-Hyatt Place Ha Long Bay, Bai Chay",Hyatt-vdozh
pqcph,Park Hyatt Phu Quoc,pqcph-Park Hyatt Phu Quoc,Hyatt-pqcph
m1813,The Fleming,m1813-The Fleming,Hyatt-m1813
zuhal,Alila Dong'ao Island Zhuhai,zuhal-Alila Dong'ao Island Zhuhai,Hyatt-zuhal
shaal,Alila Shanghai,shaal-Alila Shanghai,Hyatt-shaal
hrbub,AOLUGUYA,hrbub-AOLUGUYA,Hyatt-hrbub
kmggh,Grand Hyatt Kunming,kmggh-Grand Hyatt Kunming,Hyatt-kmggh
xmnct,Hyatt Centric Ocean Front Xiamen,xmnct-Hyatt Centric Ocean Front Xiamen,Hyatt-xmnct
kmgzs,Hyatt Place Kunming South Railway Station,kmgzs-Hyatt Place Kunming South Railway Station,Hyatt-kmgzs
kvszk,Hyatt Place Kunshan Gaoxin,kvszk-Hyatt Place Kunshan Gaoxin,Hyatt-kvszk
saxzs,Hyatt Place Shaoxing Keqiao,saxzs-Hyatt Place Shaoxing Keqiao,Hyatt-saxzs
txnrh,Hyatt Regency Huangshan Hengjiangwan,txnrh-Hyatt Regency Huangshan Hengjiangwan,Hyatt-txnrh
rizjd,Kapok Rizhao,rizjd-Kapok Rizhao,Hyatt-rizjd
szxjd,Kapok Shenzhen Luohu,szxjd-Kapok Shenzhen Luohu,Hyatt-szxjd
pkxub,Mumian Beijing Daxing International Airport,pkxub-Mumian Beijing Daxing International Airport,Hyatt-pkxub
ctmub,Mumian Chengdu,ctmub-Mumian Chengdu,Hyatt-ctmub
ctdub,Mumian Chengdu Dong'an Lake Resort,ctdub-Mumian Chengdu Dong'an Lake Resort,Hyatt-ctdub
hanub,Mumian Hangzhou,hanub-Mumian Hangzhou,Hyatt-hanub
shaum,Mumian Shanghai Expo,shaum-Mumian Shanghai Expo,Hyatt-shaum
saxub,Mumian Shaoxing,saxub-Mumian Shaoxing,Hyatt-saxub
etijd,The Perennial Tianjin,etijd-The Perennial Tianjin,Hyatt-etijd
shath,Thompson Shanghai Expo,shath-Thompson Shanghai Expo,Hyatt-shath
uc138,UrCove Beijing Tiantan Hospital Advanced Business Park,uc138-UrCove Beijing Tiantan Hospital Advanced Business Park,Hyatt-uc138
uc092,UrCove Beijing Wangjing 798 Art Zone,uc092-UrCove Beijing Wangjing 798 Art Zone,Hyatt-uc092
uc037,UrCove Chongqing Jiefangbei Hongyadong ,uc037-UrCove Chongqing Jiefangbei Hongyadong,Hyatt-uc037
uc139,UrCove Chongqing Yubei,uc139-UrCove Chongqing Yubei,Hyatt-uc139
uc115,UrCove Guangzhou Huadu Baiyun International Airport,uc115-UrCove Guangzhou Huadu Baiyun International Airport,Hyatt-uc115
uc111,UrCove Kashgar Ancient City,uc111-UrCove Kashgar Ancient City,Hyatt-uc111
uc118,UrCove Kashgar Ancient City Kunlun Tower Resort,uc118-UrCove Kashgar Ancient City Kunlun Tower Resort,Hyatt-uc118
uc105,UrCove Lanzhou Xiguan Cross Zhongshan Bridge,uc105-UrCove Lanzhou Xiguan Cross Zhongshan Bridge,Hyatt-uc105
uc083,UrCove Lianyungang Haizhou,uc083-UrCove Lianyungang Haizhou,Hyatt-uc083
uc091,UrCove Nanjing Zhongshan Mountain National Park,uc091-UrCove Nanjing Zhongshan Mountain National Park,Hyatt-uc091
uc099,UrCove Ningbo International Exhibition Center,uc099-UrCove Ningbo International Exhibition Center,Hyatt-uc099
uc117,UrCove Pingtan Tannan Bay,uc117-UrCove Pingtan Tannan Bay,Hyatt-uc117
uc109,UrCove Shanghai Dishui Lake Lin-gang Shuyuan Village,uc109-UrCove Shanghai Dishui Lake Lin-gang Shuyuan Village,Hyatt-uc109
uc089,UrCove Shanghai Pudong Lin-Gang Special Area,uc089-UrCove Shanghai Pudong Lin-Gang Special Area,Hyatt-uc089
uc061,UrCove Shanghai Xuhui West Riverside,uc061-UrCove Shanghai Xuhui West Riverside,Hyatt-uc061
uc129,UrCove Shantou Huanghe Road the Mixc,uc129-UrCove Shantou Huanghe Road the Mixc,Hyatt-uc129
uc122,UrCove Shantou Zhugang New Town,uc122-UrCove Shantou Zhugang New Town,Hyatt-uc122
uc127,UrCove Shenzhen Bay Wanxiang,uc127-UrCove Shenzhen Bay Wanxiang,Hyatt-uc127
uc046,UrCove Shenzhen Nanshan Mixc World,uc046-UrCove Shenzhen Nanshan Mixc World,Hyatt-uc046
uc086,UrCove Suzhou Shantang Street,uc086-UrCove Suzhou Shantang Street,Hyatt-uc086
uc107,UrCove Weifang City Center,uc107-UrCove Weifang City Center,Hyatt-uc107
uc080,UrCove Wuhan Jiefang Avenue Riverside,uc080-UrCove Wuhan Jiefang Avenue Riverside,Hyatt-uc080
uc124,UrCove Xi'an Bell Tower Huimin Street,uc124-UrCove Xi'an Bell Tower Huimin Street,Hyatt-uc124
uc055,UrCove Xi'an Great Tang All Day Mall,uc055-UrCove Xi'an Great Tang All Day Mall,Hyatt-uc055
uc125,UrCove Xishuangbanna Gaozhuang Starlight Night Market,uc125-UrCove Xishuangbanna Gaozhuang Starlight Night Market,Hyatt-uc125
uc113,UrCove Xuchang Angel City,uc113-UrCove Xuchang Angel City,Hyatt-uc113
uc075,UrCove Yangzhou Dongguan Street,uc075-UrCove Yangzhou Dongguan Street,Hyatt-uc075
uc094,UrCove Yinchuan Lanxi Valley Business Plaza,uc094-UrCove Yinchuan Lanxi Valley Business Plaza,Hyatt-uc094
tpera,Hyatt Regency Taoyuan International Airport,tpera-Hyatt Regency Taoyuan International Airport,Hyatt-tpera
m1799,Bask & Stow,m1799-Bask & Stow,Hyatt-m1799
m1286,Bells at Killcare,m1286-Bells at Killcare,Hyatt-m1286
sydcp,Caption by Hyatt Central Sydney,sydcp-Caption by Hyatt Central Sydney,Hyatt-sydcp
m1013,Chalets at Blackheath,m1013-Chalets at Blackheath,Hyatt-m1013
m1710,Osborn House,m1710-Osborn House,Hyatt-m1710
m1295,The Sunseeker,m1295-The Sunseeker,Hyatt-m1295
m1296,Beechmont Estate,m1296-Beechmont Estate,Hyatt-m1296
m1436,Mount Mulligan Lodge,m1436-Mount Mulligan Lodge,Hyatt-m1436
m1440,Orpheus Island,m1440-Orpheus Island,Hyatt-m1440
m1318,Qualia,m1318-Qualia,Hyatt-m1318
m1366,Southern Ocean Lodge,m1366-Southern Ocean Lodge,Hyatt-m1366
m0998,The Islington Hotel,m0998-The Islington Hotel,Hyatt-m0998
melxs,Hyatt House South Melbourne,melxs-Hyatt House South Melbourne,Hyatt-melxs
m1529,Lancemore Milawa,m1529-Lancemore Milawa,Hyatt-m1529
melsx,"The StandardX, Melbourne","melsx-The StandardX, Melbourne",Hyatt-melsx
m1394,United Places Hotel Botanic Gardens,m1394-United Places Hotel Botanic Gardens,Hyatt-m1394
m1404,Likuliku Lagoon Resort,m1404-Likuliku Lagoon Resort,Hyatt-m1404
m1810,Flockhill,m1810-Flockhill,Hyatt-m1810
m1445,The Hotel Britomart,m1445-The Hotel Britomart,Hyatt-m1445
m1835,The Landing Residences,m1835-The Landing Residences,Hyatt-m1835
m1705,Wharekauhau Country Estate,m1705-Wharekauhau Country Estate,Hyatt-m1705
